run_id,condition_id,image_type,degradation,level,enhancement_method,relative_path,sha256,true_label,predicted_label,confidence,correct,probabilities_json
run_20260827T012233Z,clean,clean,clean,none,none,data/flower_photos/daisy/10172379554_b296050f82_n.jpg,9d28fe37d384974429e51febd82380e2ae17aed72dd59fb3ff938fa519bc4cc6,daisy,tulips,0.4619367718696594,False,"{""daisy"": 0.16666334867477417, ""dandelion"": 0.1165601909160614, ""roses"": 0.13784761726856232, ""sunflowers"": 0.11699213832616806, ""tulips"": 0.4619367718696594}"
run_20260827T012233Z,clean,clean,clean,none,none,data/flower_photos/daisy/102841525_bd6628ae3c.jpg,1adc5dbb8ba26a8d3d915ef8dc285241eb4d6e3e31cb2bbdcd04fc655f879c59,daisy,sunflowers,0.6287983655929565,False,"{""daisy"": 0.09708283841609955, ""dandelion"": 0.02246403880417347, ""roses"": 0.1285664290189743, ""sunflowers"": 0.6287983655929565, ""tulips"": 0.1230882778763771}"
run_20260827T012233Z,clean,clean,clean,none,none,data/flower_photos/dandelion/10437652486_aa86c14985.jpg,94273f2a4deee3a4712be2e50b76c5c872d45c6d2a703ff1e7892d35964d4162,dandelion,dandelion,0.5186096429824829,True,"{""daisy"": 0.058216944336891174, ""dandelion"": 0.5186096429824829, ""roses"": 0.097862109541893, ""sunflowers"": 0.12698237597942352, ""tulips"": 0.1983289122581482}"
run_20260827T012233Z,clean,clean,clean,none,none,data/flower_photos/dandelion/10683189_bd6e371b97.jpg,ba15d73ee9d036cc9df4a5e4b7dc9f7e350c481436f3be3ed980f8431abc3c22,dandelion,tulips,0.3903752863407135,False,"{""daisy"": 0.15952496230602264, ""dandelion"": 0.15498988330364227, ""roses"": 0.15260444581508636, ""sunflowers"": 0.14250540733337402, ""tulips"": 0.3903752863407135}"
run_20260827T012233Z,clean,clean,clean,none,none,data/flower_photos/roses/10090824183_d02c613f10_m.jpg,6e42dd14083dcddd8d5db6d9893cca3ca3df9a95bd070d111ac3e2a87322ec90,roses,sunflowers,0.4803941547870636,False,"{""daisy"": 0.04561317339539528, ""dandelion"": 0.01858718879520893, ""roses"": 0.03664540871977806, ""sunflowers"": 0.4803941547870636, ""tulips"": 0.4187600314617157}"
run_20260827T012233Z,clean,clean,clean,none,none,data/flower_photos/roses/10894627425_ec76bbc757_n.jpg,25d5b018c0e6d5b9e86bbfac035c20dc9a17ed32d856fd16d376d92c213bf2f8,roses,dandelion,0.3331272006034851,False,"{""daisy"": 0.10392715036869049, ""dandelion"": 0.3331272006034851, ""roses"": 0.0829780176281929, ""sunflowers"": 0.25959262251853943, ""tulips"": 0.22037504613399506}"
run_20260827T012233Z,clean,clean,clean,none,none,data/flower_photos/sunflowers/10386503264_e05387e1f7_m.jpg,e098ce088c72aca881dffd3477e6b3717ad140f50b75c2f0704385ded683931f,sunflowers,sunflowers,0.4615360498428345,True,"{""daisy"": 0.2888072729110718, ""dandelion"": 0.017978869378566742, ""roses"": 0.13371746242046356, ""sunflowers"": 0.4615360498428345, ""tulips"": 0.09796025604009628}"
run_20260827T012233Z,clean,clean,clean,none,none,data/flower_photos/sunflowers/10386702973_e74a34c806_n.jpg,8fe6056c2366fe078569c42e750b841d9f49f867b3c3aef6b722306d72e30854,sunflowers,tulips,0.3026597797870636,False,"{""daisy"": 0.18215642869472504, ""dandelion"": 0.09846837818622589, ""roses"": 0.14640405774116516, ""sunflowers"": 0.2703113555908203, ""tulips"": 0.3026597797870636}"
run_20260827T012233Z,clean,clean,clean,none,none,data/flower_photos/tulips/10164073235_f29931d91e.jpg,b8b2e5b1105af49e200e73695ec4b57b48fe5846a4f9e353d5ba7386d0acc512,tulips,daisy,0.29853054881095886,False,"{""daisy"": 0.29853054881095886, ""dandelion"": 0.20343519747257233, ""roses"": 0.13518305122852325, ""sunflowers"": 0.18337935209274292, ""tulips"": 0.17947188019752502}"
run_20260827T012233Z,clean,clean,clean,none,none,data/flower_photos/tulips/110147301_ad921e2828.jpg,3bd20b288dd03e4392cf90f1ec82cdb4448315ccc14183accd2abe695f5d04f7,tulips,sunflowers,0.37812116742134094,False,"{""daisy"": 0.1790749877691269, ""dandelion"": 0.11755190044641495, ""roses"": 0.15152400732040405, ""sunflowers"": 0.37812116742134094, ""tulips"": 0.17372798919677734}"
run_20260827T012233Z,low_light__light__degraded,degraded,low_light,light,none,data/flower_photos/daisy/10172379554_b296050f82_n.jpg,9d28fe37d384974429e51febd82380e2ae17aed72dd59fb3ff938fa519bc4cc6,daisy,tulips,0.466782808303833,False,"{""daisy"": 0.19837059080600739, ""dandelion"": 0.10618890076875687, ""roses"": 0.08637363463640213, ""sunflowers"": 0.14228399097919464, ""tulips"": 0.466782808303833}"
run_20260827T012233Z,low_light__light__degraded,degraded,low_light,light,none,data/flower_photos/daisy/102841525_bd6628ae3c.jpg,1adc5dbb8ba26a8d3d915ef8dc285241eb4d6e3e31cb2bbdcd04fc655f879c59,daisy,sunflowers,0.5404525399208069,False,"{""daisy"": 0.16293291747570038, ""dandelion"": 0.06049400568008423, ""roses"": 0.13204187154769897, ""sunflowers"": 0.5404525399208069, ""tulips"": 0.10407860577106476}"
run_20260827T012233Z,low_light__light__degraded,degraded,low_light,light,none,data/flower_photos/dandelion/10437652486_aa86c14985.jpg,94273f2a4deee3a4712be2e50b76c5c872d45c6d2a703ff1e7892d35964d4162,dandelion,dandelion,0.44140347838401794,True,"{""daisy"": 0.035290975123643875, ""dandelion"": 0.44140347838401794, ""roses"": 0.06817928701639175, ""sunflowers"": 0.2542983293533325, ""tulips"": 0.2008279263973236}"
run_20260827T012233Z,low_light__light__degraded,degraded,low_light,light,none,data/flower_photos/dandelion/10683189_bd6e371b97.jpg,ba15d73ee9d036cc9df4a5e4b7dc9f7e350c481436f3be3ed980f8431abc3c22,dandelion,tulips,0.290507972240448,False,"{""daisy"": 0.24117925763130188, ""dandelion"": 0.19198229908943176, ""roses"": 0.14166973531246185, ""sunflowers"": 0.13466066122055054, ""tulips"": 0.290507972240448}"
run_20260827T012233Z,low_light__light__degraded,degraded,low_light,light,none,data/flower_photos/roses/10090824183_d02c613f10_m.jpg,6e42dd14083dcddd8d5db6d9893cca3ca3df9a95bd070d111ac3e2a87322ec90,roses,sunflowers,0.4714650511741638,False,"{""daisy"": 0.0682116374373436, ""dandelion"": 0.017854878678917885, ""roses"": 0.034112002700567245, ""sunflowers"": 0.4714650511741638, ""tulips"": 0.4083564877510071}"
run_20260827T012233Z,low_light__light__degraded,degraded,low_light,light,none,data/flower_photos/roses/10894627425_ec76bbc757_n.jpg,25d5b018c0e6d5b9e86bbfac035c20dc9a17ed32d856fd16d376d92c213bf2f8,roses,dandelion,0.32118937373161316,False,"{""daisy"": 0.12299920618534088, ""dandelion"": 0.32118937373161316, ""roses"": 0.08961145579814911, ""sunflowers"": 0.2699853181838989, ""tulips"": 0.1962147057056427}"
run_20260827T012233Z,low_light__light__degraded,degraded,low_light,light,none,data/flower_photos/sunflowers/10386503264_e05387e1f7_m.jpg,e098ce088c72aca881dffd3477e6b3717ad140f50b75c2f0704385ded683931f,sunflowers,sunflowers,0.5389249920845032,True,"{""daisy"": 0.21329225599765778, ""dandelion"": 0.018435921519994736, ""roses"": 0.12929579615592957, ""sunflowers"": 0.5389249920845032, ""tulips"": 0.10005108267068863}"
run_20260827T012233Z,low_light__light__degraded,degraded,low_light,light,none,data/flower_photos/sunflowers/10386702973_e74a34c806_n.jpg,8fe6056c2366fe078569c42e750b841d9f49f867b3c3aef6b722306d72e30854,sunflowers,tulips,0.3020355701446533,False,"{""daisy"": 0.17425411939620972, ""dandelion"": 0.092534139752388, ""roses"": 0.1460767239332199, ""sunflowers"": 0.28509947657585144, ""tulips"": 0.3020355701446533}"
run_20260827T012233Z,low_light__light__degraded,degraded,low_light,light,none,data/flower_photos/tulips/10164073235_f29931d91e.jpg,b8b2e5b1105af49e200e73695ec4b57b48fe5846a4f9e353d5ba7386d0acc512,tulips,daisy,0.2839561104774475,False,"{""daisy"": 0.2839561104774475, ""dandelion"": 0.20213277637958527, ""roses"": 0.1428796947002411, ""sunflowers"": 0.13966336846351624, ""tulips"": 0.2313680499792099}"
run_20260827T012233Z,low_light__light__degraded,degraded,low_light,light,none,data/flower_photos/tulips/110147301_ad921e2828.jpg,3bd20b288dd03e4392cf90f1ec82cdb4448315ccc14183accd2abe695f5d04f7,tulips,sunflowers,0.4685617685317993,False,"{""daisy"": 0.14014922082424164, ""dandelion"": 0.06812113523483276, ""roses"": 0.14241838455200195, ""sunflowers"": 0.4685617685317993, ""tulips"": 0.18074947595596313}"
run_20260827T012233Z,low_light__light__gamma_correction,enhanced,low_light,light,gamma_correction,data/flower_photos/daisy/10172379554_b296050f82_n.jpg,9d28fe37d384974429e51febd82380e2ae17aed72dd59fb3ff938fa519bc4cc6,daisy,tulips,0.46242910623550415,False,"{""daisy"": 0.15525397658348083, ""dandelion"": 0.11905653029680252, ""roses"": 0.14050576090812683, ""sunflowers"": 0.12275468558073044, ""tulips"": 0.46242910623550415}"
run_20260827T012233Z,low_light__light__gamma_correction,enhanced,low_light,light,gamma_correction,data/flower_photos/daisy/102841525_bd6628ae3c.jpg,1adc5dbb8ba26a8d3d915ef8dc285241eb4d6e3e31cb2bbdcd04fc655f879c59,daisy,sunflowers,0.6327621936798096,False,"{""daisy"": 0.09386073797941208, ""dandelion"": 0.02300681546330452, ""roses"": 0.12465556710958481, ""sunflowers"": 0.6327621936798096, ""tulips"": 0.12571468949317932}"
run_20260827T012233Z,low_light__light__gamma_correction,enhanced,low_light,light,gamma_correction,data/flower_photos/dandelion/10437652486_aa86c14985.jpg,94273f2a4deee3a4712be2e50b76c5c872d45c6d2a703ff1e7892d35964d4162,dandelion,dandelion,0.5275282859802246,True,"{""daisy"": 0.05451825261116028, ""dandelion"": 0.5275282859802246, ""roses"": 0.09753488004207611, ""sunflowers"": 0.11151622980833054, ""tulips"": 0.20890235900878906}"
run_20260827T012233Z,low_light__light__gamma_correction,enhanced,low_light,light,gamma_correction,data/flower_photos/dandelion/10683189_bd6e371b97.jpg,ba15d73ee9d036cc9df4a5e4b7dc9f7e350c481436f3be3ed980f8431abc3c22,dandelion,tulips,0.3649372160434723,False,"{""daisy"": 0.17251114547252655, ""dandelion"": 0.16175532341003418, ""roses"": 0.15352915227413177, ""sunflowers"": 0.14726713299751282, ""tulips"": 0.3649372160434723}"
run_20260827T012233Z,low_light__light__gamma_correction,enhanced,low_light,light,gamma_correction,data/flower_photos/roses/10090824183_d02c613f10_m.jpg,6e42dd14083dcddd8d5db6d9893cca3ca3df9a95bd070d111ac3e2a87322ec90,roses,sunflowers,0.5608651041984558,False,"{""daisy"": 0.04281379282474518, ""dandelion"": 0.020082131028175354, ""roses"": 0.03358514606952667, ""sunflowers"": 0.5608651041984558, ""tulips"": 0.34265390038490295}"
run_20260827T012233Z,low_light__light__gamma_correction,enhanced,low_light,light,gamma_correction,data/flower_photos/roses/10894627425_ec76bbc757_n.jpg,25d5b018c0e6d5b9e86bbfac035c20dc9a17ed32d856fd16d376d92c213bf2f8,roses,dandelion,0.3145864009857178,False,"{""daisy"": 0.09801387786865234, ""dandelion"": 0.3145864009857178, ""roses"": 0.08176733553409576, ""sunflowers"": 0.2732469141483307, ""tulips"": 0.23238548636436462}"
run_20260827T012233Z,low_light__light__gamma_correction,enhanced,low_light,light,gamma_correction,data/flower_photos/sunflowers/10386503264_e05387e1f7_m.jpg,e098ce088c72aca881dffd3477e6b3717ad140f50b75c2f0704385ded683931f,sunflowers,sunflowers,0.46880587935447693,True,"{""daisy"": 0.2825416326522827, ""dandelion"": 0.017883267253637314, ""roses"": 0.13336652517318726, ""sunflowers"": 0.46880587935447693, ""tulips"": 0.09740275889635086}"
run_20260827T012233Z,low_light__light__gamma_correction,enhanced,low_light,light,gamma_correction,data/flower_photos/sunflowers/10386702973_e74a34c806_n.jpg,8fe6056c2366fe078569c42e750b841d9f49f867b3c3aef6b722306d72e30854,sunflowers,tulips,0.3033721148967743,False,"{""daisy"": 0.18060532212257385, ""dandelion"": 0.09357517212629318, ""roses"": 0.14727181196212769, ""sunflowers"": 0.2751756012439728, ""tulips"": 0.3033721148967743}"
run_20260827T012233Z,low_light__light__gamma_correction,enhanced,low_light,light,gamma_correction,data/flower_photos/tulips/10164073235_f29931d91e.jpg,b8b2e5b1105af49e200e73695ec4b57b48fe5846a4f9e353d5ba7386d0acc512,tulips,daisy,0.29334700107574463,False,"{""daisy"": 0.29334700107574463, ""dandelion"": 0.20818057656288147, ""roses"": 0.1356572061777115, ""sunflowers"": 0.18613705039024353, ""tulips"": 0.17667818069458008}"
run_20260827T012233Z,low_light__light__gamma_correction,enhanced,low_light,light,gamma_correction,data/flower_photos/tulips/110147301_ad921e2828.jpg,3bd20b288dd03e4392cf90f1ec82cdb4448315ccc14183accd2abe695f5d04f7,tulips,sunflowers,0.376136839389801,False,"{""daisy"": 0.17832504212856293, ""dandelion"": 0.11879084259271622, ""roses"": 0.15366193652153015, ""sunflowers"": 0.376136839389801, ""tulips"": 0.17308534681797028}"
run_20260827T012233Z,low_light__light__clahe,enhanced,low_light,light,clahe,data/flower_photos/daisy/10172379554_b296050f82_n.jpg,9d28fe37d384974429e51febd82380e2ae17aed72dd59fb3ff938fa519bc4cc6,daisy,tulips,0.4299832284450531,False,"{""daisy"": 0.16743892431259155, ""dandelion"": 0.09031746536493301, ""roses"": 0.09490994364023209, ""sunflowers"": 0.21735051274299622, ""tulips"": 0.4299832284450531}"
run_20260827T012233Z,low_light__light__clahe,enhanced,low_light,light,clahe,data/flower_photos/daisy/102841525_bd6628ae3c.jpg,1adc5dbb8ba26a8d3d915ef8dc285241eb4d6e3e31cb2bbdcd04fc655f879c59,daisy,sunflowers,0.6360543370246887,False,"{""daisy"": 0.08156029134988785, ""dandelion"": 0.03492967411875725, ""roses"": 0.1314944624900818, ""sunflowers"": 0.6360543370246887, ""tulips"": 0.11596127599477768}"
run_20260827T012233Z,low_light__light__clahe,enhanced,low_light,light,clahe,data/flower_photos/dandelion/10437652486_aa86c14985.jpg,94273f2a4deee3a4712be2e50b76c5c872d45c6d2a703ff1e7892d35964d4162,dandelion,sunflowers,0.3198587894439697,False,"{""daisy"": 0.07307777553796768, ""dandelion"": 0.31087052822113037, ""roses"": 0.14712651073932648, ""sunflowers"": 0.3198587894439697, ""tulips"": 0.14906641840934753}"
run_20260827T012233Z,low_light__light__clahe,enhanced,low_light,light,clahe,data/flower_photos/dandelion/10683189_bd6e371b97.jpg,ba15d73ee9d036cc9df4a5e4b7dc9f7e350c481436f3be3ed980f8431abc3c22,dandelion,tulips,0.29969316720962524,False,"{""daisy"": 0.226996049284935, ""dandelion"": 0.19519340991973877, ""roses"": 0.17795734107494354, ""sunflowers"": 0.10016001015901566, ""tulips"": 0.29969316720962524}"
run_20260827T012233Z,low_light__light__clahe,enhanced,low_light,light,clahe,data/flower_photos/roses/10090824183_d02c613f10_m.jpg,6e42dd14083dcddd8d5db6d9893cca3ca3df9a95bd070d111ac3e2a87322ec90,roses,sunflowers,0.4798808991909027,False,"{""daisy"": 0.03816987946629524, ""dandelion"": 0.01979796402156353, ""roses"": 0.037961430847644806, ""sunflowers"": 0.4798808991909027, ""tulips"": 0.4241899251937866}"
run_20260827T012233Z,low_light__light__clahe,enhanced,low_light,light,clahe,data/flower_photos/roses/10894627425_ec76bbc757_n.jpg,25d5b018c0e6d5b9e86bbfac035c20dc9a17ed32d856fd16d376d92c213bf2f8,roses,sunflowers,0.4158366620540619,False,"{""daisy"": 0.060542065650224686, ""dandelion"": 0.31745463609695435, ""roses"": 0.08731969445943832, ""sunflowers"": 0.4158366620540619, ""tulips"": 0.11884700506925583}"
run_20260827T012233Z,low_light__light__clahe,enhanced,low_light,light,clahe,data/flower_photos/sunflowers/10386503264_e05387e1f7_m.jpg,e098ce088c72aca881dffd3477e6b3717ad140f50b75c2f0704385ded683931f,sunflowers,sunflowers,0.5503979325294495,True,"{""daisy"": 0.2472793012857437, ""dandelion"": 0.013964956626296043, ""roses"": 0.11755972355604172, ""sunflowers"": 0.5503979325294495, ""tulips"": 0.07079800963401794}"
run_20260827T012233Z,low_light__light__clahe,enhanced,low_light,light,clahe,data/flower_photos/sunflowers/10386702973_e74a34c806_n.jpg,8fe6056c2366fe078569c42e750b841d9f49f867b3c3aef6b722306d72e30854,sunflowers,tulips,0.31808900833129883,False,"{""daisy"": 0.2188536822795868, ""dandelion"": 0.08748623728752136, ""roses"": 0.14493165910243988, ""sunflowers"": 0.23063939809799194, ""tulips"": 0.31808900833129883}"
run_20260827T012233Z,low_light__light__clahe,enhanced,low_light,light,clahe,data/flower_photos/tulips/10164073235_f29931d91e.jpg,b8b2e5b1105af49e200e73695ec4b57b48fe5846a4f9e353d5ba7386d0acc512,tulips,tulips,0.23480737209320068,True,"{""daisy"": 0.19555294513702393, ""dandelion"": 0.2114962637424469, ""roses"": 0.14836981892585754, ""sunflowers"": 0.20977361500263214, ""tulips"": 0.23480737209320068}"
run_20260827T012233Z,low_light__light__clahe,enhanced,low_light,light,clahe,data/flower_photos/tulips/110147301_ad921e2828.jpg,3bd20b288dd03e4392cf90f1ec82cdb4448315ccc14183accd2abe695f5d04f7,tulips,sunflowers,0.4475227892398834,False,"{""daisy"": 0.12425710260868073, ""dandelion"": 0.06395662575960159, ""roses"": 0.18155831098556519, ""sunflowers"": 0.4475227892398834, ""tulips"": 0.18270516395568848}"
run_20260827T012233Z,low_light__medium__degraded,degraded,low_light,medium,none,data/flower_photos/daisy/10172379554_b296050f82_n.jpg,9d28fe37d384974429e51febd82380e2ae17aed72dd59fb3ff938fa519bc4cc6,daisy,tulips,0.3030664920806885,False,"{""daisy"": 0.2960709035396576, ""dandelion"": 0.04877971485257149, ""roses"": 0.0758344829082489, ""sunflowers"": 0.27624836564064026, ""tulips"": 0.3030664920806885}"
run_20260827T012233Z,low_light__medium__degraded,degraded,low_light,medium,none,data/flower_photos/daisy/102841525_bd6628ae3c.jpg,1adc5dbb8ba26a8d3d915ef8dc285241eb4d6e3e31cb2bbdcd04fc655f879c59,daisy,sunflowers,0.4554479420185089,False,"{""daisy"": 0.20415392518043518, ""dandelion"": 0.0790489986538887, ""roses"": 0.21938695013523102, ""sunflowers"": 0.4554479420185089, ""tulips"": 0.04196210578083992}"
run_20260827T012233Z,low_light__medium__degraded,degraded,low_light,medium,none,data/flower_photos/dandelion/10437652486_aa86c14985.jpg,94273f2a4deee3a4712be2e50b76c5c872d45c6d2a703ff1e7892d35964d4162,dandelion,tulips,0.36921587586402893,False,"{""daisy"": 0.05045287311077118, ""dandelion"": 0.2399490922689438, ""roses"": 0.07600247114896774, ""sunflowers"": 0.26437970995903015, ""tulips"": 0.36921587586402893}"
run_20260827T012233Z,low_light__medium__degraded,degraded,low_light,medium,none,data/flower_photos/dandelion/10683189_bd6e371b97.jpg,ba15d73ee9d036cc9df4a5e4b7dc9f7e350c481436f3be3ed980f8431abc3c22,dandelion,tulips,0.3049146831035614,False,"{""daisy"": 0.2517102360725403, ""dandelion"": 0.1985369771718979, ""roses"": 0.10996219515800476, ""sunflowers"": 0.13487589359283447, ""tulips"": 0.3049146831035614}"
run_20260827T012233Z,low_light__medium__degraded,degraded,low_light,medium,none,data/flower_photos/roses/10090824183_d02c613f10_m.jpg,6e42dd14083dcddd8d5db6d9893cca3ca3df9a95bd070d111ac3e2a87322ec90,roses,sunflowers,0.43713679909706116,False,"{""daisy"": 0.05755026638507843, ""dandelion"": 0.026992734521627426, ""roses"": 0.06501875817775726, ""sunflowers"": 0.43713679909706116, ""tulips"": 0.4133014678955078}"
run_20260827T012233Z,low_light__medium__degraded,degraded,low_light,medium,none,data/flower_photos/roses/10894627425_ec76bbc757_n.jpg,25d5b018c0e6d5b9e86bbfac035c20dc9a17ed32d856fd16d376d92c213bf2f8,roses,sunflowers,0.3007539212703705,False,"{""daisy"": 0.24555179476737976, ""dandelion"": 0.1962668001651764, ""roses"": 0.08979696035385132, ""sunflowers"": 0.3007539212703705, ""tulips"": 0.16763046383857727}"
run_20260827T012233Z,low_light__medium__degraded,degraded,low_light,medium,none,data/flower_photos/sunflowers/10386503264_e05387e1f7_m.jpg,e098ce088c72aca881dffd3477e6b3717ad140f50b75c2f0704385ded683931f,sunflowers,sunflowers,0.681583046913147,True,"{""daisy"": 0.09326552599668503, ""dandelion"": 0.025435639545321465, ""roses"": 0.1147955060005188, ""sunflowers"": 0.681583046913147, ""tulips"": 0.08492030948400497}"
run_20260827T012233Z,low_light__medium__degraded,degraded,low_light,medium,none,data/flower_photos/sunflowers/10386702973_e74a34c806_n.jpg,8fe6056c2366fe078569c42e750b841d9f49f867b3c3aef6b722306d72e30854,sunflowers,tulips,0.3165419399738312,False,"{""daisy"": 0.16630887985229492, ""dandelion"": 0.07911839336156845, ""roses"": 0.13286469876766205, ""sunflowers"": 0.305166095495224, ""tulips"": 0.3165419399738312}"
run_20260827T012233Z,low_light__medium__degraded,degraded,low_light,medium,none,data/flower_photos/tulips/10164073235_f29931d91e.jpg,b8b2e5b1105af49e200e73695ec4b57b48fe5846a4f9e353d5ba7386d0acc512,tulips,dandelion,0.27166077494621277,False,"{""daisy"": 0.20824269950389862, ""dandelion"": 0.27166077494621277, ""roses"": 0.17651155591011047, ""sunflowers"": 0.11594526469707489, ""tulips"": 0.22763964533805847}"
run_20260827T012233Z,low_light__medium__degraded,degraded,low_light,medium,none,data/flower_photos/tulips/110147301_ad921e2828.jpg,3bd20b288dd03e4392cf90f1ec82cdb4448315ccc14183accd2abe695f5d04f7,tulips,sunflowers,0.41842174530029297,False,"{""daisy"": 0.14648869633674622, ""dandelion"": 0.048499491065740585, ""roses"": 0.14021337032318115, ""sunflowers"": 0.41842174530029297, ""tulips"": 0.24637672305107117}"
run_20260827T012233Z,low_light__medium__gamma_correction,enhanced,low_light,medium,gamma_correction,data/flower_photos/daisy/10172379554_b296050f82_n.jpg,9d28fe37d384974429e51febd82380e2ae17aed72dd59fb3ff938fa519bc4cc6,daisy,tulips,0.4082123041152954,False,"{""daisy"": 0.10811275243759155, ""dandelion"": 0.1040213331580162, ""roses"": 0.1873299926519394, ""sunflowers"": 0.19232363998889923, ""tulips"": 0.4082123041152954}"
run_20260827T012233Z,low_light__medium__gamma_correction,enhanced,low_light,medium,gamma_correction,data/flower_photos/daisy/102841525_bd6628ae3c.jpg,1adc5dbb8ba26a8d3d915ef8dc285241eb4d6e3e31cb2bbdcd04fc655f879c59,daisy,sunflowers,0.6202201247215271,False,"{""daisy"": 0.09728553146123886, ""dandelion"": 0.021679911762475967, ""roses"": 0.11650567501783371, ""sunflowers"": 0.6202201247215271, ""tulips"": 0.14430877566337585}"
run_20260827T012233Z,low_light__medium__gamma_correction,enhanced,low_light,medium,gamma_correction,data/flower_photos/dandelion/10437652486_aa86c14985.jpg,94273f2a4deee3a4712be2e50b76c5c872d45c6d2a703ff1e7892d35964d4162,dandelion,dandelion,0.4182119369506836,True,"{""daisy"": 0.04722888767719269, ""dandelion"": 0.4182119369506836, ""roses"": 0.13635368645191193, ""sunflowers"": 0.14316855370998383, ""tulips"": 0.2550368905067444}"
run_20260827T012233Z,low_light__medium__gamma_correction,enhanced,low_light,medium,gamma_correction,data/flower_photos/dandelion/10683189_bd6e371b97.jpg,ba15d73ee9d036cc9df4a5e4b7dc9f7e350c481436f3be3ed980f8431abc3c22,dandelion,tulips,0.30218175053596497,False,"{""daisy"": 0.17063255608081818, ""dandelion"": 0.16485735774040222, ""roses"": 0.1782940924167633, ""sunflowers"": 0.18403427302837372, ""tulips"": 0.30218175053596497}"
run_20260827T012233Z,low_light__medium__gamma_correction,enhanced,low_light,medium,gamma_correction,data/flower_photos/roses/10090824183_d02c613f10_m.jpg,6e42dd14083dcddd8d5db6d9893cca3ca3df9a95bd070d111ac3e2a87322ec90,roses,sunflowers,0.6053798198699951,False,"{""daisy"": 0.06420276314020157, ""dandelion"": 0.029118524864315987, ""roses"": 0.057842787355184555, ""sunflowers"": 0.6053798198699951, ""tulips"": 0.24345609545707703}"
run_20260827T012233Z,low_light__medium__gamma_correction,enhanced,low_light,medium,gamma_correction,data/flower_photos/roses/10894627425_ec76bbc757_n.jpg,25d5b018c0e6d5b9e86bbfac035c20dc9a17ed32d856fd16d376d92c213bf2f8,roses,dandelion,0.3740203082561493,False,"{""daisy"": 0.07711002975702286, ""dandelion"": 0.3740203082561493, ""roses"": 0.07389703392982483, ""sunflowers"": 0.20686191320419312, ""tulips"": 0.2681107521057129}"
run_20260827T012233Z,low_light__medium__gamma_correction,enhanced,low_light,medium,gamma_correction,data/flower_photos/sunflowers/10386503264_e05387e1f7_m.jpg,e098ce088c72aca881dffd3477e6b3717ad140f50b75c2f0704385ded683931f,sunflowers,sunflowers,0.38394060730934143,True,"{""daisy"": 0.319685697555542, ""dandelion"": 0.019851544871926308, ""roses"": 0.1622242033481598, ""sunflowers"": 0.38394060730934143, ""tulips"": 0.11429782956838608}"
run_20260827T012233Z,low_light__medium__gamma_correction,enhanced,low_light,medium,gamma_correction,data/flower_photos/sunflowers/10386702973_e74a34c806_n.jpg,8fe6056c2366fe078569c42e750b841d9f49f867b3c3aef6b722306d72e30854,sunflowers,tulips,0.3098134696483612,False,"{""daisy"": 0.17089666426181793, ""dandelion"": 0.07813380658626556, ""roses"": 0.16589578986167908, ""sunflowers"": 0.27526023983955383, ""tulips"": 0.3098134696483612}"
run_20260827T012233Z,low_light__medium__gamma_correction,enhanced,low_light,medium,gamma_correction,data/flower_photos/tulips/10164073235_f29931d91e.jpg,b8b2e5b1105af49e200e73695ec4b57b48fe5846a4f9e353d5ba7386d0acc512,tulips,daisy,0.2589030861854553,False,"{""daisy"": 0.2589030861854553, ""dandelion"": 0.21092675626277924, ""roses"": 0.15183737874031067, ""sunflowers"": 0.18530462682247162, ""tulips"": 0.19302816689014435}"
run_20260827T012233Z,low_light__medium__gamma_correction,enhanced,low_light,medium,gamma_correction,data/flower_photos/tulips/110147301_ad921e2828.jpg,3bd20b288dd03e4392cf90f1ec82cdb4448315ccc14183accd2abe695f5d04f7,tulips,sunflowers,0.32223576307296753,False,"{""daisy"": 0.16629882156848907, ""dandelion"": 0.1372012495994568, ""roses"": 0.14438296854496002, ""sunflowers"": 0.32223576307296753, ""tulips"": 0.22988110780715942}"
run_20260827T012233Z,low_light__medium__clahe,enhanced,low_light,medium,clahe,data/flower_photos/daisy/10172379554_b296050f82_n.jpg,9d28fe37d384974429e51febd82380e2ae17aed72dd59fb3ff938fa519bc4cc6,daisy,tulips,0.308810293674469,False,"{""daisy"": 0.2940314710140228, ""dandelion"": 0.06409554928541183, ""roses"": 0.07589074224233627, ""sunflowers"": 0.2571719288825989, ""tulips"": 0.308810293674469}"
run_20260827T012233Z,low_light__medium__clahe,enhanced,low_light,medium,clahe,data/flower_photos/daisy/102841525_bd6628ae3c.jpg,1adc5dbb8ba26a8d3d915ef8dc285241eb4d6e3e31cb2bbdcd04fc655f879c59,daisy,sunflowers,0.5275035500526428,False,"{""daisy"": 0.12940248847007751, ""dandelion"": 0.046060360968112946, ""roses"": 0.23246046900749207, ""sunflowers"": 0.5275035500526428, ""tulips"": 0.06457320600748062}"
run_20260827T012233Z,low_light__medium__clahe,enhanced,low_light,medium,clahe,data/flower_photos/dandelion/10437652486_aa86c14985.jpg,94273f2a4deee3a4712be2e50b76c5c872d45c6d2a703ff1e7892d35964d4162,dandelion,sunflowers,0.2804219126701355,False,"{""daisy"": 0.0975528284907341, ""dandelion"": 0.2556132674217224, ""roses"": 0.1250389963388443, ""sunflowers"": 0.2804219126701355, ""tulips"": 0.2413729876279831}"
run_20260827T012233Z,low_light__medium__clahe,enhanced,low_light,medium,clahe,data/flower_photos/dandelion/10683189_bd6e371b97.jpg,ba15d73ee9d036cc9df4a5e4b7dc9f7e350c481436f3be3ed980f8431abc3c22,dandelion,daisy,0.31125348806381226,False,"{""daisy"": 0.31125348806381226, ""dandelion"": 0.15978188812732697, ""roses"": 0.14075829088687897, ""sunflowers"": 0.10468405485153198, ""tulips"": 0.2835223078727722}"
run_20260827T012233Z,low_light__medium__clahe,enhanced,low_light,medium,clahe,data/flower_photos/roses/10090824183_d02c613f10_m.jpg,6e42dd14083dcddd8d5db6d9893cca3ca3df9a95bd070d111ac3e2a87322ec90,roses,sunflowers,0.604904294013977,False,"{""daisy"": 0.056146059185266495, ""dandelion"": 0.02719951793551445, ""roses"": 0.09146137535572052, ""sunflowers"": 0.604904294013977, ""tulips"": 0.22028881311416626}"
run_20260827T012233Z,low_light__medium__clahe,enhanced,low_light,medium,clahe,data/flower_photos/roses/10894627425_ec76bbc757_n.jpg,25d5b018c0e6d5b9e86bbfac035c20dc9a17ed32d856fd16d376d92c213bf2f8,roses,sunflowers,0.3576662242412567,False,"{""daisy"": 0.06636543571949005, ""dandelion"": 0.35396942496299744, ""roses"": 0.11432566493749619, ""sunflowers"": 0.3576662242412567, ""tulips"": 0.10767325758934021}"
run_20260827T012233Z,low_light__medium__clahe,enhanced,low_light,medium,clahe,data/flower_photos/sunflowers/10386503264_e05387e1f7_m.jpg,e098ce088c72aca881dffd3477e6b3717ad140f50b75c2f0704385ded683931f,sunflowers,sunflowers,0.6469306945800781,True,"{""daisy"": 0.14969667792320251, ""dandelion"": 0.014788633212447166, ""roses"": 0.11542326211929321, ""sunflowers"": 0.6469306945800781, ""tulips"": 0.07316068559885025}"
run_20260827T012233Z,low_light__medium__clahe,enhanced,low_light,medium,clahe,data/flower_photos/sunflowers/10386702973_e74a34c806_n.jpg,8fe6056c2366fe078569c42e750b841d9f49f867b3c3aef6b722306d72e30854,sunflowers,sunflowers,0.28473424911499023,True,"{""daisy"": 0.24819378554821014, ""dandelion"": 0.07621990144252777, ""roses"": 0.11605921387672424, ""sunflowers"": 0.28473424911499023, ""tulips"": 0.2747929096221924}"
run_20260827T012233Z,low_light__medium__clahe,enhanced,low_light,medium,clahe,data/flower_photos/tulips/10164073235_f29931d91e.jpg,b8b2e5b1105af49e200e73695ec4b57b48fe5846a4f9e353d5ba7386d0acc512,tulips,tulips,0.27004557847976685,True,"{""daisy"": 0.18235474824905396, ""dandelion"": 0.21978352963924408, ""roses"": 0.16230140626430511, ""sunflowers"": 0.1655147671699524, ""tulips"": 0.27004557847976685}"
run_20260827T012233Z,low_light__medium__clahe,enhanced,low_light,medium,clahe,data/flower_photos/tulips/110147301_ad921e2828.jpg,3bd20b288dd03e4392cf90f1ec82cdb4448315ccc14183accd2abe695f5d04f7,tulips,sunflowers,0.44742029905319214,False,"{""daisy"": 0.10686497390270233, ""dandelion"": 0.04271174594759941, ""roses"": 0.21084272861480713, ""sunflowers"": 0.44742029905319214, ""tulips"": 0.19216029345989227}"
run_20260827T012233Z,low_light__strong__degraded,degraded,low_light,strong,none,data/flower_photos/daisy/10172379554_b296050f82_n.jpg,9d28fe37d384974429e51febd82380e2ae17aed72dd59fb3ff938fa519bc4cc6,daisy,daisy,0.42332878708839417,True,"{""daisy"": 0.42332878708839417, ""dandelion"": 0.02904363162815571, ""roses"": 0.06184672191739082, ""sunflowers"": 0.2372168004512787, ""tulips"": 0.2485640048980713}"
run_20260827T012233Z,low_light__strong__degraded,degraded,low_light,strong,none,data/flower_photos/daisy/102841525_bd6628ae3c.jpg,1adc5dbb8ba26a8d3d915ef8dc285241eb4d6e3e31cb2bbdcd04fc655f879c59,daisy,sunflowers,0.42167651653289795,False,"{""daisy"": 0.3206362724304199, ""dandelion"": 0.0748114213347435, ""roses"": 0.12368438392877579, ""sunflowers"": 0.42167651653289795, ""tulips"": 0.05919148400425911}"
run_20260827T012233Z,low_light__strong__degraded,degraded,low_light,strong,none,data/flower_photos/dandelion/10437652486_aa86c14985.jpg,94273f2a4deee3a4712be2e50b76c5c872d45c6d2a703ff1e7892d35964d4162,dandelion,tulips,0.43077513575553894,False,"{""daisy"": 0.06467878073453903, ""dandelion"": 0.1395210474729538, ""roses"": 0.07528926432132721, ""sunflowers"": 0.2897358536720276, ""tulips"": 0.43077513575553894}"
run_20260827T012233Z,low_light__strong__degraded,degraded,low_light,strong,none,data/flower_photos/dandelion/10683189_bd6e371b97.jpg,ba15d73ee9d036cc9df4a5e4b7dc9f7e350c481436f3be3ed980f8431abc3c22,dandelion,daisy,0.33487197756767273,False,"{""daisy"": 0.33487197756767273, ""dandelion"": 0.2083282321691513, ""roses"": 0.13928629457950592, ""sunflowers"": 0.10557618737220764, ""tulips"": 0.2119373381137848}"
run_20260827T012233Z,low_light__strong__degraded,degraded,low_light,strong,none,data/flower_photos/roses/10090824183_d02c613f10_m.jpg,6e42dd14083dcddd8d5db6d9893cca3ca3df9a95bd070d111ac3e2a87322ec90,roses,sunflowers,0.5200743675231934,False,"{""daisy"": 0.04567674174904823, ""dandelion"": 0.02595360390841961, ""roses"": 0.10900864005088806, ""sunflowers"": 0.5200743675231934, ""tulips"": 0.2992866635322571}"
run_20260827T012233Z,low_light__strong__degraded,degraded,low_light,strong,none,data/flower_photos/roses/10894627425_ec76bbc757_n.jpg,25d5b018c0e6d5b9e86bbfac035c20dc9a17ed32d856fd16d376d92c213bf2f8,roses,daisy,0.2839879095554352,False,"{""daisy"": 0.2839879095554352, ""dandelion"": 0.186470627784729, ""roses"": 0.11529405415058136, ""sunflowers"": 0.20893126726150513, ""tulips"": 0.20531615614891052}"
run_20260827T012233Z,low_light__strong__degraded,degraded,low_light,strong,none,data/flower_photos/sunflowers/10386503264_e05387e1f7_m.jpg,e098ce088c72aca881dffd3477e6b3717ad140f50b75c2f0704385ded683931f,sunflowers,sunflowers,0.7171350121498108,True,"{""daisy"": 0.059009529650211334, ""dandelion"": 0.04325465112924576, ""roses"": 0.12526968121528625, ""sunflowers"": 0.7171350121498108, ""tulips"": 0.05533108860254288}"
run_20260827T012233Z,low_light__strong__degraded,degraded,low_light,strong,none,data/flower_photos/sunflowers/10386702973_e74a34c806_n.jpg,8fe6056c2366fe078569c42e750b841d9f49f867b3c3aef6b722306d72e30854,sunflowers,sunflowers,0.2790195047855377,True,"{""daisy"": 0.1301950365304947, ""dandelion"": 0.11640152335166931, ""roses"": 0.19703233242034912, ""sunflowers"": 0.2790195047855377, ""tulips"": 0.2773515582084656}"
run_20260827T012233Z,low_light__strong__degraded,degraded,low_light,strong,none,data/flower_photos/tulips/10164073235_f29931d91e.jpg,b8b2e5b1105af49e200e73695ec4b57b48fe5846a4f9e353d5ba7386d0acc512,tulips,dandelion,0.3761768341064453,False,"{""daisy"": 0.1919611245393753, ""dandelion"": 0.3761768341064453, ""roses"": 0.14192013442516327, ""sunflowers"": 0.12171398103237152, ""tulips"": 0.1682279407978058}"
run_20260827T012233Z,low_light__strong__degraded,degraded,low_light,strong,none,data/flower_photos/tulips/110147301_ad921e2828.jpg,3bd20b288dd03e4392cf90f1ec82cdb4448315ccc14183accd2abe695f5d04f7,tulips,sunflowers,0.39491456747055054,False,"{""daisy"": 0.12180964648723602, ""dandelion"": 0.03475363925099373, ""roses"": 0.15352857112884521, ""sunflowers"": 0.39491456747055054, ""tulips"": 0.29499348998069763}"
run_20260827T012233Z,low_light__strong__gamma_correction,enhanced,low_light,strong,gamma_correction,data/flower_photos/daisy/10172379554_b296050f82_n.jpg,9d28fe37d384974429e51febd82380e2ae17aed72dd59fb3ff938fa519bc4cc6,daisy,sunflowers,0.5569655299186707,False,"{""daisy"": 0.060486435890197754, ""dandelion"": 0.05356203392148018, ""roses"": 0.08237244188785553, ""sunflowers"": 0.5569655299186707, ""tulips"": 0.24661356210708618}"
run_20260827T012233Z,low_light__strong__gamma_correction,enhanced,low_light,strong,gamma_correction,data/flower_photos/daisy/102841525_bd6628ae3c.jpg,1adc5dbb8ba26a8d3d915ef8dc285241eb4d6e3e31cb2bbdcd04fc655f879c59,daisy,sunflowers,0.7056570053100586,False,"{""daisy"": 0.11705685406923294, ""dandelion"": 0.021040763705968857, ""roses"": 0.06923148036003113, ""sunflowers"": 0.7056570053100586, ""tulips"": 0.08701393753290176}"
run_20260827T012233Z,low_light__strong__gamma_correction,enhanced,low_light,strong,gamma_correction,data/flower_photos/dandelion/10437652486_aa86c14985.jpg,94273f2a4deee3a4712be2e50b76c5c872d45c6d2a703ff1e7892d35964d4162,dandelion,dandelion,0.3945396840572357,True,"{""daisy"": 0.054220739752054214, ""dandelion"": 0.3945396840572357, ""roses"": 0.20218636095523834, ""sunflowers"": 0.10701446235179901, ""tulips"": 0.24203869700431824}"
run_20260827T012233Z,low_light__strong__gamma_correction,enhanced,low_light,strong,gamma_correction,data/flower_photos/dandelion/10683189_bd6e371b97.jpg,ba15d73ee9d036cc9df4a5e4b7dc9f7e350c481436f3be3ed980f8431abc3c22,dandelion,tulips,0.26543161273002625,False,"{""daisy"": 0.2381013184785843, ""dandelion"": 0.2062240093946457, ""roses"": 0.1985030174255371, ""sunflowers"": 0.09173998236656189, ""tulips"": 0.26543161273002625}"
run_20260827T012233Z,low_light__strong__gamma_correction,enhanced,low_light,strong,gamma_correction,data/flower_photos/roses/10090824183_d02c613f10_m.jpg,6e42dd14083dcddd8d5db6d9893cca3ca3df9a95bd070d111ac3e2a87322ec90,roses,sunflowers,0.4781675338745117,False,"{""daisy"": 0.14077270030975342, ""dandelion"": 0.030526338145136833, ""roses"": 0.030619941651821136, ""sunflowers"": 0.4781675338745117, ""tulips"": 0.31991344690322876}"
run_20260827T012233Z,low_light__strong__gamma_correction,enhanced,low_light,strong,gamma_correction,data/flower_photos/roses/10894627425_ec76bbc757_n.jpg,25d5b018c0e6d5b9e86bbfac035c20dc9a17ed32d856fd16d376d92c213bf2f8,roses,sunflowers,0.31245771050453186,False,"{""daisy"": 0.09553855657577515, ""dandelion"": 0.23959365487098694, ""roses"": 0.10170425474643707, ""sunflowers"": 0.31245771050453186, ""tulips"": 0.2507058382034302}"
run_20260827T012233Z,low_light__strong__gamma_correction,enhanced,low_light,strong,gamma_correction,data/flower_photos/sunflowers/10386503264_e05387e1f7_m.jpg,e098ce088c72aca881dffd3477e6b3717ad140f50b75c2f0704385ded683931f,sunflowers,sunflowers,0.5037854313850403,True,"{""daisy"": 0.23943473398685455, ""dandelion"": 0.015929145738482475, ""roses"": 0.14746201038360596, ""sunflowers"": 0.5037854313850403, ""tulips"": 0.093388631939888}"
run_20260827T012233Z,low_light__strong__gamma_correction,enhanced,low_light,strong,gamma_correction,data/flower_photos/sunflowers/10386702973_e74a34c806_n.jpg,8fe6056c2366fe078569c42e750b841d9f49f867b3c3aef6b722306d72e30854,sunflowers,tulips,0.36462315917015076,False,"{""daisy"": 0.20090779662132263, ""dandelion"": 0.06736381351947784, ""roses"": 0.1353861540555954, ""sunflowers"": 0.23171906173229218, ""tulips"": 0.36462315917015076}"
run_20260827T012233Z,low_light__strong__gamma_correction,enhanced,low_light,strong,gamma_correction,data/flower_photos/tulips/10164073235_f29931d91e.jpg,b8b2e5b1105af49e200e73695ec4b57b48fe5846a4f9e353d5ba7386d0acc512,tulips,daisy,0.21300534904003143,False,"{""daisy"": 0.21300534904003143, ""dandelion"": 0.18197788298130035, ""roses"": 0.18754640221595764, ""sunflowers"": 0.2106453776359558, ""tulips"": 0.20682498812675476}"
run_20260827T012233Z,low_light__strong__gamma_correction,enhanced,low_light,strong,gamma_correction,data/flower_photos/tulips/110147301_ad921e2828.jpg,3bd20b288dd03e4392cf90f1ec82cdb4448315ccc14183accd2abe695f5d04f7,tulips,tulips,0.28508806228637695,True,"{""daisy"": 0.15955640375614166, ""dandelion"": 0.13092128932476044, ""roses"": 0.16711610555648804, ""sunflowers"": 0.2573181688785553, ""tulips"": 0.28508806228637695}"
run_20260827T012233Z,low_light__strong__clahe,enhanced,low_light,strong,clahe,data/flower_photos/daisy/10172379554_b296050f82_n.jpg,9d28fe37d384974429e51febd82380e2ae17aed72dd59fb3ff938fa519bc4cc6,daisy,daisy,0.38127538561820984,True,"{""daisy"": 0.38127538561820984, ""dandelion"": 0.030719000846147537, ""roses"": 0.0680592730641365, ""sunflowers"": 0.22624129056930542, ""tulips"": 0.2937050759792328}"
run_20260827T012233Z,low_light__strong__clahe,enhanced,low_light,strong,clahe,data/flower_photos/daisy/102841525_bd6628ae3c.jpg,1adc5dbb8ba26a8d3d915ef8dc285241eb4d6e3e31cb2bbdcd04fc655f879c59,daisy,sunflowers,0.46964019536972046,False,"{""daisy"": 0.26425525546073914, ""dandelion"": 0.05418582260608673, ""roses"": 0.15700484812259674, ""sunflowers"": 0.46964019536972046, ""tulips"": 0.05491381883621216}"
run_20260827T012233Z,low_light__strong__clahe,enhanced,low_light,strong,clahe,data/flower_photos/dandelion/10437652486_aa86c14985.jpg,94273f2a4deee3a4712be2e50b76c5c872d45c6d2a703ff1e7892d35964d4162,dandelion,tulips,0.41974368691444397,False,"{""daisy"": 0.08771025389432907, ""dandelion"": 0.21808892488479614, ""roses"": 0.13056378066539764, ""sunflowers"": 0.14389333128929138, ""tulips"": 0.41974368691444397}"
run_20260827T012233Z,low_light__strong__clahe,enhanced,low_light,strong,clahe,data/flower_photos/dandelion/10683189_bd6e371b97.jpg,ba15d73ee9d036cc9df4a5e4b7dc9f7e350c481436f3be3ed980f8431abc3c22,dandelion,daisy,0.39156925678253174,False,"{""daisy"": 0.39156925678253174, ""dandelion"": 0.16645240783691406, ""roses"": 0.11005562543869019, ""sunflowers"": 0.07284951955080032, ""tulips"": 0.2590731978416443}"
run_20260827T012233Z,low_light__strong__clahe,enhanced,low_light,strong,clahe,data/flower_photos/roses/10090824183_d02c613f10_m.jpg,6e42dd14083dcddd8d5db6d9893cca3ca3df9a95bd070d111ac3e2a87322ec90,roses,sunflowers,0.5378100872039795,False,"{""daisy"": 0.04677775874733925, ""dandelion"": 0.020635398104786873, ""roses"": 0.17466789484024048, ""sunflowers"": 0.5378100872039795, ""tulips"": 0.22010885179042816}"
run_20260827T012233Z,low_light__strong__clahe,enhanced,low_light,strong,clahe,data/flower_photos/roses/10894627425_ec76bbc757_n.jpg,25d5b018c0e6d5b9e86bbfac035c20dc9a17ed32d856fd16d376d92c213bf2f8,roses,sunflowers,0.26216933131217957,False,"{""daisy"": 0.20406672358512878, ""dandelion"": 0.217090904712677, ""roses"": 0.11157591640949249, ""sunflowers"": 0.26216933131217957, ""tulips"": 0.20509715378284454}"
run_20260827T012233Z,low_light__strong__clahe,enhanced,low_light,strong,clahe,data/flower_photos/sunflowers/10386503264_e05387e1f7_m.jpg,e098ce088c72aca881dffd3477e6b3717ad140f50b75c2f0704385ded683931f,sunflowers,sunflowers,0.7269917726516724,True,"{""daisy"": 0.09399326145648956, ""dandelion"": 0.02211855910718441, ""roses"": 0.08336559683084488, ""sunflowers"": 0.7269917726516724, ""tulips"": 0.07353091239929199}"
run_20260827T012233Z,low_light__strong__clahe,enhanced,low_light,strong,clahe,data/flower_photos/sunflowers/10386702973_e74a34c806_n.jpg,8fe6056c2366fe078569c42e750b841d9f49f867b3c3aef6b722306d72e30854,sunflowers,sunflowers,0.2983945906162262,True,"{""daisy"": 0.20674699544906616, ""dandelion"": 0.09193063527345657, ""roses"": 0.14892633259296417, ""sunflowers"": 0.2983945906162262, ""tulips"": 0.2540014684200287}"
run_20260827T012233Z,low_light__strong__clahe,enhanced,low_light,strong,clahe,data/flower_photos/tulips/10164073235_f29931d91e.jpg,b8b2e5b1105af49e200e73695ec4b57b48fe5846a4f9e353d5ba7386d0acc512,tulips,dandelion,0.31462615728378296,False,"{""daisy"": 0.16059072315692902, ""dandelion"": 0.31462615728378296, ""roses"": 0.1740616261959076, ""sunflowers"": 0.12616664171218872, ""tulips"": 0.2245548963546753}"
run_20260827T012233Z,low_light__strong__clahe,enhanced,low_light,strong,clahe,data/flower_photos/tulips/110147301_ad921e2828.jpg,3bd20b288dd03e4392cf90f1ec82cdb4448315ccc14183accd2abe695f5d04f7,tulips,sunflowers,0.3762069344520569,False,"{""daisy"": 0.09323231130838394, ""dandelion"": 0.03248954191803932, ""roses"": 0.1720208078622818, ""sunflowers"": 0.3762069344520569, ""tulips"": 0.32605046033859253}"
run_20260827T012233Z,gaussian_noise__light__degraded,degraded,gaussian_noise,light,none,data/flower_photos/daisy/10172379554_b296050f82_n.jpg,9d28fe37d384974429e51febd82380e2ae17aed72dd59fb3ff938fa519bc4cc6,daisy,tulips,0.3789670169353485,False,"{""daisy"": 0.10504570603370667, ""dandelion"": 0.14657080173492432, ""roses"": 0.2107604742050171, ""sunflowers"": 0.15865600109100342, ""tulips"": 0.3789670169353485}"
run_20260827T012233Z,gaussian_noise__light__degraded,degraded,gaussian_noise,light,none,data/flower_photos/daisy/102841525_bd6628ae3c.jpg,1adc5dbb8ba26a8d3d915ef8dc285241eb4d6e3e31cb2bbdcd04fc655f879c59,daisy,sunflowers,0.5011518001556396,False,"{""daisy"": 0.08192937076091766, ""dandelion"": 0.07015509158372879, ""roses"": 0.2338981032371521, ""sunflowers"": 0.5011518001556396, ""tulips"": 0.11286555230617523}"
run_20260827T012233Z,gaussian_noise__light__degraded,degraded,gaussian_noise,light,none,data/flower_photos/dandelion/10437652486_aa86c14985.jpg,94273f2a4deee3a4712be2e50b76c5c872d45c6d2a703ff1e7892d35964d4162,dandelion,dandelion,0.25958341360092163,True,"{""daisy"": 0.09753613919019699, ""dandelion"": 0.25958341360092163, ""roses"": 0.17587846517562866, ""sunflowers"": 0.2086944878101349, ""tulips"": 0.25830745697021484}"
run_20260827T012233Z,gaussian_noise__light__degraded,degraded,gaussian_noise,light,none,data/flower_photos/dandelion/10683189_bd6e371b97.jpg,ba15d73ee9d036cc9df4a5e4b7dc9f7e350c481436f3be3ed980f8431abc3c22,dandelion,dandelion,0.3517136871814728,True,"{""daisy"": 0.1802782118320465, ""dandelion"": 0.3517136871814728, ""roses"": 0.0973179042339325, ""sunflowers"": 0.145940899848938, ""tulips"": 0.22474928200244904}"
run_20260827T012233Z,gaussian_noise__light__degraded,degraded,gaussian_noise,light,none,data/flower_photos/roses/10090824183_d02c613f10_m.jpg,6e42dd14083dcddd8d5db6d9893cca3ca3df9a95bd070d111ac3e2a87322ec90,roses,sunflowers,0.4888893663883209,False,"{""daisy"": 0.04000746086239815, ""dandelion"": 0.041698750108480453, ""roses"": 0.039620015770196915, ""sunflowers"": 0.4888893663883209, ""tulips"": 0.38978439569473267}"
run_20260827T012233Z,gaussian_noise__light__degraded,degraded,gaussian_noise,light,none,data/flower_photos/roses/10894627425_ec76bbc757_n.jpg,25d5b018c0e6d5b9e86bbfac035c20dc9a17ed32d856fd16d376d92c213bf2f8,roses,dandelion,0.5095495581626892,False,"{""daisy"": 0.11750371009111404, ""dandelion"": 0.5095495581626892, ""roses"": 0.08579013496637344, ""sunflowers"": 0.09425809979438782, ""tulips"": 0.19289854168891907}"
run_20260827T012233Z,gaussian_noise__light__degraded,degraded,gaussian_noise,light,none,data/flower_photos/sunflowers/10386503264_e05387e1f7_m.jpg,e098ce088c72aca881dffd3477e6b3717ad140f50b75c2f0704385ded683931f,sunflowers,sunflowers,0.48670318722724915,True,"{""daisy"": 0.21378451585769653, ""dandelion"": 0.025183765217661858, ""roses"": 0.14044786989688873, ""sunflowers"": 0.48670318722724915, ""tulips"": 0.13388068974018097}"
run_20260827T012233Z,gaussian_noise__light__degraded,degraded,gaussian_noise,light,none,data/flower_photos/sunflowers/10386702973_e74a34c806_n.jpg,8fe6056c2366fe078569c42e750b841d9f49f867b3c3aef6b722306d72e30854,sunflowers,tulips,0.299062043428421,False,"{""daisy"": 0.13388866186141968, ""dandelion"": 0.13952060043811798, ""roses"": 0.19571910798549652, ""sunflowers"": 0.23180954158306122, ""tulips"": 0.299062043428421}"
run_20260827T012233Z,gaussian_noise__light__degraded,degraded,gaussian_noise,light,none,data/flower_photos/tulips/10164073235_f29931d91e.jpg,b8b2e5b1105af49e200e73695ec4b57b48fe5846a4f9e353d5ba7386d0acc512,tulips,roses,0.259328156709671,False,"{""daisy"": 0.1495298147201538, ""dandelion"": 0.24484816193580627, ""roses"": 0.259328156709671, ""sunflowers"": 0.14581884443759918, ""tulips"": 0.2004750818014145}"
run_20260827T012233Z,gaussian_noise__light__degraded,degraded,gaussian_noise,light,none,data/flower_photos/tulips/110147301_ad921e2828.jpg,3bd20b288dd03e4392cf90f1ec82cdb4448315ccc14183accd2abe695f5d04f7,tulips,roses,0.32272347807884216,False,"{""daisy"": 0.26241838932037354, ""dandelion"": 0.06761889904737473, ""roses"": 0.32272347807884216, ""sunflowers"": 0.12702542543411255, ""tulips"": 0.22021380066871643}"
run_20260827T012233Z,gaussian_noise__light__gaussian_filter,enhanced,gaussian_noise,light,gaussian_filter,data/flower_photos/daisy/10172379554_b296050f82_n.jpg,9d28fe37d384974429e51febd82380e2ae17aed72dd59fb3ff938fa519bc4cc6,daisy,tulips,0.6990883946418762,False,"{""daisy"": 0.10632767528295517, ""dandelion"": 0.13277097046375275, ""roses"": 0.021848469972610474, ""sunflowers"": 0.039964478462934494, ""tulips"": 0.6990883946418762}"
run_20260827T012233Z,gaussian_noise__light__gaussian_filter,enhanced,gaussian_noise,light,gaussian_filter,data/flower_photos/daisy/102841525_bd6628ae3c.jpg,1adc5dbb8ba26a8d3d915ef8dc285241eb4d6e3e31cb2bbdcd04fc655f879c59,daisy,sunflowers,0.5139238238334656,False,"{""daisy"": 0.12623213231563568, ""dandelion"": 0.14583098888397217, ""roses"": 0.08628905564546585, ""sunflowers"": 0.5139238238334656, ""tulips"": 0.12772400677204132}"
run_20260827T012233Z,gaussian_noise__light__gaussian_filter,enhanced,gaussian_noise,light,gaussian_filter,data/flower_photos/dandelion/10437652486_aa86c14985.jpg,94273f2a4deee3a4712be2e50b76c5c872d45c6d2a703ff1e7892d35964d4162,dandelion,dandelion,0.3379366397857666,True,"{""daisy"": 0.25425204634666443, ""dandelion"": 0.3379366397857666, ""roses"": 0.046522174030542374, ""sunflowers"": 0.23639510571956635, ""tulips"": 0.12489400058984756}"
run_20260827T012233Z,gaussian_noise__light__gaussian_filter,enhanced,gaussian_noise,light,gaussian_filter,data/flower_photos/dandelion/10683189_bd6e371b97.jpg,ba15d73ee9d036cc9df4a5e4b7dc9f7e350c481436f3be3ed980f8431abc3c22,dandelion,dandelion,0.33802223205566406,True,"{""daisy"": 0.20749621093273163, ""dandelion"": 0.33802223205566406, ""roses"": 0.06418798863887787, ""sunflowers"": 0.16880512237548828, ""tulips"": 0.22148844599723816}"
run_20260827T012233Z,gaussian_noise__light__gaussian_filter,enhanced,gaussian_noise,light,gaussian_filter,data/flower_photos/roses/10090824183_d02c613f10_m.jpg,6e42dd14083dcddd8d5db6d9893cca3ca3df9a95bd070d111ac3e2a87322ec90,roses,sunflowers,0.5679324269294739,False,"{""daisy"": 0.07953569293022156, ""dandelion"": 0.025635097175836563, ""roses"": 0.11719271540641785, ""sunflowers"": 0.5679324269294739, ""tulips"": 0.20970404148101807}"
run_20260827T012233Z,gaussian_noise__light__gaussian_filter,enhanced,gaussian_noise,light,gaussian_filter,data/flower_photos/roses/10894627425_ec76bbc757_n.jpg,25d5b018c0e6d5b9e86bbfac035c20dc9a17ed32d856fd16d376d92c213bf2f8,roses,dandelion,0.5713604092597961,False,"{""daisy"": 0.11908236145973206, ""dandelion"": 0.5713604092597961, ""roses"": 0.03406313806772232, ""sunflowers"": 0.05904092639684677, ""tulips"": 0.21645314991474152}"
run_20260827T012233Z,gaussian_noise__light__gaussian_filter,enhanced,gaussian_noise,light,gaussian_filter,data/flower_photos/sunflowers/10386503264_e05387e1f7_m.jpg,e098ce088c72aca881dffd3477e6b3717ad140f50b75c2f0704385ded683931f,sunflowers,sunflowers,0.5617476105690002,True,"{""daisy"": 0.16616509854793549, ""dandelion"": 0.046736203134059906, ""roses"": 0.1392715722322464, ""sunflowers"": 0.5617476105690002, ""tulips"": 0.08607954531908035}"
run_20260827T012233Z,gaussian_noise__light__gaussian_filter,enhanced,gaussian_noise,light,gaussian_filter,data/flower_photos/sunflowers/10386702973_e74a34c806_n.jpg,8fe6056c2366fe078569c42e750b841d9f49f867b3c3aef6b722306d72e30854,sunflowers,sunflowers,0.2925385534763336,True,"{""daisy"": 0.20363490283489227, ""dandelion"": 0.22382615506649017, ""roses"": 0.044603027403354645, ""sunflowers"": 0.2925385534763336, ""tulips"": 0.2353973686695099}"
run_20260827T012233Z,gaussian_noise__light__gaussian_filter,enhanced,gaussian_noise,light,gaussian_filter,data/flower_photos/tulips/10164073235_f29931d91e.jpg,b8b2e5b1105af49e200e73695ec4b57b48fe5846a4f9e353d5ba7386d0acc512,tulips,daisy,0.2837221622467041,False,"{""daisy"": 0.2837221622467041, ""dandelion"": 0.2836402356624603, ""roses"": 0.09599446505308151, ""sunflowers"": 0.10245221108198166, ""tulips"": 0.2341909408569336}"
run_20260827T012233Z,gaussian_noise__light__gaussian_filter,enhanced,gaussian_noise,light,gaussian_filter,data/flower_photos/tulips/110147301_ad921e2828.jpg,3bd20b288dd03e4392cf90f1ec82cdb4448315ccc14183accd2abe695f5d04f7,tulips,dandelion,0.29753297567367554,False,"{""daisy"": 0.15108561515808105, ""dandelion"": 0.29753297567367554, ""roses"": 0.15201348066329956, ""sunflowers"": 0.27816087007522583, ""tulips"": 0.12120701372623444}"
run_20260827T012233Z,gaussian_noise__light__bilateral_filter,enhanced,gaussian_noise,light,bilateral_filter,data/flower_photos/daisy/10172379554_b296050f82_n.jpg,9d28fe37d384974429e51febd82380e2ae17aed72dd59fb3ff938fa519bc4cc6,daisy,tulips,0.4458463490009308,False,"{""daisy"": 0.08884532749652863, ""dandelion"": 0.19418923556804657, ""roses"": 0.08572561293840408, ""sunflowers"": 0.18539342284202576, ""tulips"": 0.4458463490009308}"
run_20260827T012233Z,gaussian_noise__light__bilateral_filter,enhanced,gaussian_noise,light,bilateral_filter,data/flower_photos/daisy/102841525_bd6628ae3c.jpg,1adc5dbb8ba26a8d3d915ef8dc285241eb4d6e3e31cb2bbdcd04fc655f879c59,daisy,sunflowers,0.6786864399909973,False,"{""daisy"": 0.06854471564292908, ""dandelion"": 0.03431591019034386, ""roses"": 0.14243760704994202, ""sunflowers"": 0.6786864399909973, ""tulips"": 0.07601524889469147}"
run_20260827T012233Z,gaussian_noise__light__bilateral_filter,enhanced,gaussian_noise,light,bilateral_filter,data/flower_photos/dandelion/10437652486_aa86c14985.jpg,94273f2a4deee3a4712be2e50b76c5c872d45c6d2a703ff1e7892d35964d4162,dandelion,dandelion,0.6277395486831665,True,"{""daisy"": 0.10670923441648483, ""dandelion"": 0.6277395486831665, ""roses"": 0.05364123359322548, ""sunflowers"": 0.08931577205657959, ""tulips"": 0.12259426712989807}"
run_20260827T012233Z,gaussian_noise__light__bilateral_filter,enhanced,gaussian_noise,light,bilateral_filter,data/flower_photos/dandelion/10683189_bd6e371b97.jpg,ba15d73ee9d036cc9df4a5e4b7dc9f7e350c481436f3be3ed980f8431abc3c22,dandelion,tulips,0.38439902663230896,False,"{""daisy"": 0.10641372948884964, ""dandelion"": 0.128923237323761, ""roses"": 0.13101434707641602, ""sunflowers"": 0.24924969673156738, ""tulips"": 0.38439902663230896}"
run_20260827T012233Z,gaussian_noise__light__bilateral_filter,enhanced,gaussian_noise,light,bilateral_filter,data/flower_photos/roses/10090824183_d02c613f10_m.jpg,6e42dd14083dcddd8d5db6d9893cca3ca3df9a95bd070d111ac3e2a87322ec90,roses,sunflowers,0.5014955401420593,False,"{""daisy"": 0.053394149988889694, ""dandelion"": 0.032706331461668015, ""roses"": 0.07952650636434555, ""sunflowers"": 0.5014955401420593, ""tulips"": 0.3328774571418762}"
run_20260827T012233Z,gaussian_noise__light__bilateral_filter,enhanced,gaussian_noise,light,bilateral_filter,data/flower_photos/roses/10894627425_ec76bbc757_n.jpg,25d5b018c0e6d5b9e86bbfac035c20dc9a17ed32d856fd16d376d92c213bf2f8,roses,dandelion,0.3404405117034912,False,"{""daisy"": 0.1330915093421936, ""dandelion"": 0.3404405117034912, ""roses"": 0.17405255138874054, ""sunflowers"": 0.17080830037593842, ""tulips"": 0.18160714209079742}"
run_20260827T012233Z,gaussian_noise__light__bilateral_filter,enhanced,gaussian_noise,light,bilateral_filter,data/flower_photos/sunflowers/10386503264_e05387e1f7_m.jpg,e098ce088c72aca881dffd3477e6b3717ad140f50b75c2f0704385ded683931f,sunflowers,sunflowers,0.6178279519081116,True,"{""daisy"": 0.12048449367284775, ""dandelion"": 0.025728315114974976, ""roses"": 0.16432812809944153, ""sunflowers"": 0.6178279519081116, ""tulips"": 0.07163111120462418}"
run_20260827T012233Z,gaussian_noise__light__bilateral_filter,enhanced,gaussian_noise,light,bilateral_filter,data/flower_photos/sunflowers/10386702973_e74a34c806_n.jpg,8fe6056c2366fe078569c42e750b841d9f49f867b3c3aef6b722306d72e30854,sunflowers,sunflowers,0.44542229175567627,True,"{""daisy"": 0.09801822155714035, ""dandelion"": 0.15416963398456573, ""roses"": 0.20781292021274567, ""sunflowers"": 0.44542229175567627, ""tulips"": 0.09457692503929138}"
run_20260827T012233Z,gaussian_noise__light__bilateral_filter,enhanced,gaussian_noise,light,bilateral_filter,data/flower_photos/tulips/10164073235_f29931d91e.jpg,b8b2e5b1105af49e200e73695ec4b57b48fe5846a4f9e353d5ba7386d0acc512,tulips,dandelion,0.3614083230495453,False,"{""daisy"": 0.1992780715227127, ""dandelion"": 0.3614083230495453, ""roses"": 0.18141913414001465, ""sunflowers"": 0.13806810975074768, ""tulips"": 0.11982636153697968}"
run_20260827T012233Z,gaussian_noise__light__bilateral_filter,enhanced,gaussian_noise,light,bilateral_filter,data/flower_photos/tulips/110147301_ad921e2828.jpg,3bd20b288dd03e4392cf90f1ec82cdb4448315ccc14183accd2abe695f5d04f7,tulips,sunflowers,0.25983572006225586,False,"{""daisy"": 0.19850409030914307, ""dandelion"": 0.12371677160263062, ""roses"": 0.22922280430793762, ""sunflowers"": 0.25983572006225586, ""tulips"": 0.18872055411338806}"
run_20260827T012233Z,gaussian_noise__medium__degraded,degraded,gaussian_noise,medium,none,data/flower_photos/daisy/10172379554_b296050f82_n.jpg,9d28fe37d384974429e51febd82380e2ae17aed72dd59fb3ff938fa519bc4cc6,daisy,tulips,0.45334622263908386,False,"{""daisy"": 0.0509275458753109, ""dandelion"": 0.09312322735786438, ""roses"": 0.2578884959220886, ""sunflowers"": 0.14471445977687836, ""tulips"": 0.45334622263908386}"
run_20260827T012233Z,gaussian_noise__medium__degraded,degraded,gaussian_noise,medium,none,data/flower_photos/daisy/102841525_bd6628ae3c.jpg,1adc5dbb8ba26a8d3d915ef8dc285241eb4d6e3e31cb2bbdcd04fc655f879c59,daisy,roses,0.4535543918609619,False,"{""daisy"": 0.02593686245381832, ""dandelion"": 0.15514546632766724, ""roses"": 0.4535543918609619, ""sunflowers"": 0.2541223466396332, ""tulips"": 0.1112409383058548}"
run_20260827T012233Z,gaussian_noise__medium__degraded,degraded,gaussian_noise,medium,none,data/flower_photos/dandelion/10437652486_aa86c14985.jpg,94273f2a4deee3a4712be2e50b76c5c872d45c6d2a703ff1e7892d35964d4162,dandelion,sunflowers,0.4972871243953705,False,"{""daisy"": 0.13167770206928253, ""dandelion"": 0.13653172552585602, ""roses"": 0.05168036371469498, ""sunflowers"": 0.4972871243953705, ""tulips"": 0.18282312154769897}"
run_20260827T012233Z,gaussian_noise__medium__degraded,degraded,gaussian_noise,medium,none,data/flower_photos/dandelion/10683189_bd6e371b97.jpg,ba15d73ee9d036cc9df4a5e4b7dc9f7e350c481436f3be3ed980f8431abc3c22,dandelion,dandelion,0.7152489423751831,True,"{""daisy"": 0.10956352204084396, ""dandelion"": 0.7152489423751831, ""roses"": 0.046246666461229324, ""sunflowers"": 0.05100596696138382, ""tulips"": 0.0779348760843277}"
run_20260827T012233Z,gaussian_noise__medium__degraded,degraded,gaussian_noise,medium,none,data/flower_photos/roses/10090824183_d02c613f10_m.jpg,6e42dd14083dcddd8d5db6d9893cca3ca3df9a95bd070d111ac3e2a87322ec90,roses,sunflowers,0.3967881202697754,False,"{""daisy"": 0.06649506092071533, ""dandelion"": 0.07759254425764084, ""roses"": 0.09708748757839203, ""sunflowers"": 0.3967881202697754, ""tulips"": 0.36203673481941223}"
run_20260827T012233Z,gaussian_noise__medium__degraded,degraded,gaussian_noise,medium,none,data/flower_photos/roses/10894627425_ec76bbc757_n.jpg,25d5b018c0e6d5b9e86bbfac035c20dc9a17ed32d856fd16d376d92c213bf2f8,roses,dandelion,0.4809912145137787,False,"{""daisy"": 0.3171862065792084, ""dandelion"": 0.4809912145137787, ""roses"": 0.0582963190972805, ""sunflowers"": 0.030877506360411644, ""tulips"": 0.11264877021312714}"
run_20260827T012233Z,gaussian_noise__medium__degraded,degraded,gaussian_noise,medium,none,data/flower_photos/sunflowers/10386503264_e05387e1f7_m.jpg,e098ce088c72aca881dffd3477e6b3717ad140f50b75c2f0704385ded683931f,sunflowers,sunflowers,0.4885996878147125,True,"{""daisy"": 0.13915102183818817, ""dandelion"": 0.13036657869815826, ""roses"": 0.17934389412403107, ""sunflowers"": 0.4885996878147125, ""tulips"": 0.06253884732723236}"
run_20260827T012233Z,gaussian_noise__medium__degraded,degraded,gaussian_noise,medium,none,data/flower_photos/sunflowers/10386702973_e74a34c806_n.jpg,8fe6056c2366fe078569c42e750b841d9f49f867b3c3aef6b722306d72e30854,sunflowers,sunflowers,0.29444438219070435,True,"{""daisy"": 0.06034892797470093, ""dandelion"": 0.2674156725406647, ""roses"": 0.1624966263771057, ""sunflowers"": 0.29444438219070435, ""tulips"": 0.21529439091682434}"
run_20260827T012233Z,gaussian_noise__medium__degraded,degraded,gaussian_noise,medium,none,data/flower_photos/tulips/10164073235_f29931d91e.jpg,b8b2e5b1105af49e200e73695ec4b57b48fe5846a4f9e353d5ba7386d0acc512,tulips,tulips,0.3183434009552002,True,"{""daisy"": 0.1018361747264862, ""dandelion"": 0.2590114176273346, ""roses"": 0.23091796040534973, ""sunflowers"": 0.08989101648330688, ""tulips"": 0.3183434009552002}"
run_20260827T012233Z,gaussian_noise__medium__degraded,degraded,gaussian_noise,medium,none,data/flower_photos/tulips/110147301_ad921e2828.jpg,3bd20b288dd03e4392cf90f1ec82cdb4448315ccc14183accd2abe695f5d04f7,tulips,daisy,0.2351355105638504,False,"{""daisy"": 0.2351355105638504, ""dandelion"": 0.20233452320098877, ""roses"": 0.22162848711013794, ""sunflowers"": 0.2081696093082428, ""tulips"": 0.1327318400144577}"
run_20260827T012233Z,gaussian_noise__medium__gaussian_filter,enhanced,gaussian_noise,medium,gaussian_filter,data/flower_photos/daisy/10172379554_b296050f82_n.jpg,9d28fe37d384974429e51febd82380e2ae17aed72dd59fb3ff938fa519bc4cc6,daisy,tulips,0.569119393825531,False,"{""daisy"": 0.16418048739433289, ""dandelion"": 0.1554570198059082, ""roses"": 0.03330898657441139, ""sunflowers"": 0.07793416827917099, ""tulips"": 0.569119393825531}"
run_20260827T012233Z,gaussian_noise__medium__gaussian_filter,enhanced,gaussian_noise,medium,gaussian_filter,data/flower_photos/daisy/102841525_bd6628ae3c.jpg,1adc5dbb8ba26a8d3d915ef8dc285241eb4d6e3e31cb2bbdcd04fc655f879c59,daisy,sunflowers,0.4782307744026184,False,"{""daisy"": 0.1384679228067398, ""dandelion"": 0.14724919199943542, ""roses"": 0.0743662491440773, ""sunflowers"": 0.4782307744026184, ""tulips"": 0.16168583929538727}"
run_20260827T012233Z,gaussian_noise__medium__gaussian_filter,enhanced,gaussian_noise,medium,gaussian_filter,data/flower_photos/dandelion/10437652486_aa86c14985.jpg,94273f2a4deee3a4712be2e50b76c5c872d45c6d2a703ff1e7892d35964d4162,dandelion,sunflowers,0.3813520073890686,False,"{""daisy"": 0.16301710903644562, ""dandelion"": 0.13516980409622192, ""roses"": 0.06674185395240784, ""sunflowers"": 0.3813520073890686, ""tulips"": 0.25371918082237244}"
run_20260827T012233Z,gaussian_noise__medium__gaussian_filter,enhanced,gaussian_noise,medium,gaussian_filter,data/flower_photos/dandelion/10683189_bd6e371b97.jpg,ba15d73ee9d036cc9df4a5e4b7dc9f7e350c481436f3be3ed980f8431abc3c22,dandelion,dandelion,0.37194308638572693,True,"{""daisy"": 0.33209705352783203, ""dandelion"": 0.37194308638572693, ""roses"": 0.02705981954932213, ""sunflowers"": 0.1267845630645752, ""tulips"": 0.142115518450737}"
run_20260827T012233Z,gaussian_noise__medium__gaussian_filter,enhanced,gaussian_noise,medium,gaussian_filter,data/flower_photos/roses/10090824183_d02c613f10_m.jpg,6e42dd14083dcddd8d5db6d9893cca3ca3df9a95bd070d111ac3e2a87322ec90,roses,sunflowers,0.7240293025970459,False,"{""daisy"": 0.046404238790273666, ""dandelion"": 0.044696543365716934, ""roses"": 0.08585581183433533, ""sunflowers"": 0.7240293025970459, ""tulips"": 0.09901415556669235}"
run_20260827T012233Z,gaussian_noise__medium__gaussian_filter,enhanced,gaussian_noise,medium,gaussian_filter,data/flower_photos/roses/10894627425_ec76bbc757_n.jpg,25d5b018c0e6d5b9e86bbfac035c20dc9a17ed32d856fd16d376d92c213bf2f8,roses,tulips,0.3646363615989685,False,"{""daisy"": 0.21327610313892365, ""dandelion"": 0.32310062646865845, ""roses"": 0.06766941398382187, ""sunflowers"": 0.031317561864852905, ""tulips"": 0.3646363615989685}"
run_20260827T012233Z,gaussian_noise__medium__gaussian_filter,enhanced,gaussian_noise,medium,gaussian_filter,data/flower_photos/sunflowers/10386503264_e05387e1f7_m.jpg,e098ce088c72aca881dffd3477e6b3717ad140f50b75c2f0704385ded683931f,sunflowers,sunflowers,0.5668103098869324,True,"{""daisy"": 0.1604023277759552, ""dandelion"": 0.06029136851429939, ""roses"": 0.10424714535474777, ""sunflowers"": 0.5668103098869324, ""tulips"": 0.10824888199567795}"
run_20260827T012233Z,gaussian_noise__medium__gaussian_filter,enhanced,gaussian_noise,medium,gaussian_filter,data/flower_photos/sunflowers/10386702973_e74a34c806_n.jpg,8fe6056c2366fe078569c42e750b841d9f49f867b3c3aef6b722306d72e30854,sunflowers,dandelion,0.3575260639190674,False,"{""daisy"": 0.09240952879190445, ""dandelion"": 0.3575260639190674, ""roses"": 0.05601746216416359, ""sunflowers"": 0.14166972041130066, ""tulips"": 0.3523772060871124}"
run_20260827T012233Z,gaussian_noise__medium__gaussian_filter,enhanced,gaussian_noise,medium,gaussian_filter,data/flower_photos/tulips/10164073235_f29931d91e.jpg,b8b2e5b1105af49e200e73695ec4b57b48fe5846a4f9e353d5ba7386d0acc512,tulips,tulips,0.4237353503704071,True,"{""daisy"": 0.24057012796401978, ""dandelion"": 0.1549084484577179, ""roses"": 0.12631043791770935, ""sunflowers"": 0.054475657641887665, ""tulips"": 0.4237353503704071}"
run_20260827T012233Z,gaussian_noise__medium__gaussian_filter,enhanced,gaussian_noise,medium,gaussian_filter,data/flower_photos/tulips/110147301_ad921e2828.jpg,3bd20b288dd03e4392cf90f1ec82cdb4448315ccc14183accd2abe695f5d04f7,tulips,sunflowers,0.2957647144794464,False,"{""daisy"": 0.19888125360012054, ""dandelion"": 0.15355461835861206, ""roses"": 0.18974879384040833, ""sunflowers"": 0.2957647144794464, ""tulips"": 0.16205058991909027}"
run_20260827T012233Z,gaussian_noise__medium__bilateral_filter,enhanced,gaussian_noise,medium,bilateral_filter,data/flower_photos/daisy/10172379554_b296050f82_n.jpg,9d28fe37d384974429e51febd82380e2ae17aed72dd59fb3ff938fa519bc4cc6,daisy,tulips,0.4338368773460388,False,"{""daisy"": 0.04482433572411537, ""dandelion"": 0.2208704948425293, ""roses"": 0.21684148907661438, ""sunflowers"": 0.08362683653831482, ""tulips"": 0.4338368773460388}"
run_20260827T012233Z,gaussian_noise__medium__bilateral_filter,enhanced,gaussian_noise,medium,bilateral_filter,data/flower_photos/daisy/102841525_bd6628ae3c.jpg,1adc5dbb8ba26a8d3d915ef8dc285241eb4d6e3e31cb2bbdcd04fc655f879c59,daisy,sunflowers,0.3386748135089874,False,"{""daisy"": 0.05062920227646828, ""dandelion"": 0.15222522616386414, ""roses"": 0.30265092849731445, ""sunflowers"": 0.3386748135089874, ""tulips"": 0.1558198183774948}"
run_20260827T012233Z,gaussian_noise__medium__bilateral_filter,enhanced,gaussian_noise,medium,bilateral_filter,data/flower_photos/dandelion/10437652486_aa86c14985.jpg,94273f2a4deee3a4712be2e50b76c5c872d45c6d2a703ff1e7892d35964d4162,dandelion,dandelion,0.8252661228179932,True,"{""daisy"": 0.04370306804776192, ""dandelion"": 0.8252661228179932, ""roses"": 0.027385873720049858, ""sunflowers"": 0.05877656862139702, ""tulips"": 0.04486841335892677}"
run_20260827T012233Z,gaussian_noise__medium__bilateral_filter,enhanced,gaussian_noise,medium,bilateral_filter,data/flower_photos/dandelion/10683189_bd6e371b97.jpg,ba15d73ee9d036cc9df4a5e4b7dc9f7e350c481436f3be3ed980f8431abc3c22,dandelion,tulips,0.34575721621513367,False,"{""daisy"": 0.20747092366218567, ""dandelion"": 0.29121658205986023, ""roses"": 0.06978179514408112, ""sunflowers"": 0.08577350527048111, ""tulips"": 0.34575721621513367}"
run_20260827T012233Z,gaussian_noise__medium__bilateral_filter,enhanced,gaussian_noise,medium,bilateral_filter,data/flower_photos/roses/10090824183_d02c613f10_m.jpg,6e42dd14083dcddd8d5db6d9893cca3ca3df9a95bd070d111ac3e2a87322ec90,roses,tulips,0.4171609878540039,False,"{""daisy"": 0.06592851132154465, ""dandelion"": 0.0769909992814064, ""roses"": 0.09048289805650711, ""sunflowers"": 0.34943658113479614, ""tulips"": 0.4171609878540039}"
run_20260827T012233Z,gaussian_noise__medium__bilateral_filter,enhanced,gaussian_noise,medium,bilateral_filter,data/flower_photos/roses/10894627425_ec76bbc757_n.jpg,25d5b018c0e6d5b9e86bbfac035c20dc9a17ed32d856fd16d376d92c213bf2f8,roses,dandelion,0.581256628036499,False,"{""daisy"": 0.13519053161144257, ""dandelion"": 0.581256628036499, ""roses"": 0.13792537152767181, ""sunflowers"": 0.06867693364620209, ""tulips"": 0.0769505426287651}"
run_20260827T012233Z,gaussian_noise__medium__bilateral_filter,enhanced,gaussian_noise,medium,bilateral_filter,data/flower_photos/sunflowers/10386503264_e05387e1f7_m.jpg,e098ce088c72aca881dffd3477e6b3717ad140f50b75c2f0704385ded683931f,sunflowers,sunflowers,0.5925770401954651,True,"{""daisy"": 0.08348796516656876, ""dandelion"": 0.05836574733257294, ""roses"": 0.19169335067272186, ""sunflowers"": 0.5925770401954651, ""tulips"": 0.07387594133615494}"
run_20260827T012233Z,gaussian_noise__medium__bilateral_filter,enhanced,gaussian_noise,medium,bilateral_filter,data/flower_photos/sunflowers/10386702973_e74a34c806_n.jpg,8fe6056c2366fe078569c42e750b841d9f49f867b3c3aef6b722306d72e30854,sunflowers,roses,0.3163916766643524,False,"{""daisy"": 0.05848298594355583, ""dandelion"": 0.1974547952413559, ""roses"": 0.3163916766643524, ""sunflowers"": 0.24598319828510284, ""tulips"": 0.18168731033802032}"
run_20260827T012233Z,gaussian_noise__medium__bilateral_filter,enhanced,gaussian_noise,medium,bilateral_filter,data/flower_photos/tulips/10164073235_f29931d91e.jpg,b8b2e5b1105af49e200e73695ec4b57b48fe5846a4f9e353d5ba7386d0acc512,tulips,roses,0.30405014753341675,False,"{""daisy"": 0.17381414771080017, ""dandelion"": 0.25209155678749084, ""roses"": 0.30405014753341675, ""sunflowers"": 0.12007080018520355, ""tulips"": 0.14997336268424988}"
run_20260827T012233Z,gaussian_noise__medium__bilateral_filter,enhanced,gaussian_noise,medium,bilateral_filter,data/flower_photos/tulips/110147301_ad921e2828.jpg,3bd20b288dd03e4392cf90f1ec82cdb4448315ccc14183accd2abe695f5d04f7,tulips,roses,0.29869917035102844,False,"{""daisy"": 0.2229260802268982, ""dandelion"": 0.1731862872838974, ""roses"": 0.29869917035102844, ""sunflowers"": 0.1759614795446396, ""tulips"": 0.12922699749469757}"
run_20260827T012233Z,gaussian_noise__strong__degraded,degraded,gaussian_noise,strong,none,data/flower_photos/daisy/10172379554_b296050f82_n.jpg,9d28fe37d384974429e51febd82380e2ae17aed72dd59fb3ff938fa519bc4cc6,daisy,sunflowers,0.3646511137485504,False,"{""daisy"": 0.07408233731985092, ""dandelion"": 0.15470950305461884, ""roses"": 0.1311529576778412, ""sunflowers"": 0.3646511137485504, ""tulips"": 0.27540409564971924}"
run_20260827T012233Z,gaussian_noise__strong__degraded,degraded,gaussian_noise,strong,none,data/flower_photos/daisy/102841525_bd6628ae3c.jpg,1adc5dbb8ba26a8d3d915ef8dc285241eb4d6e3e31cb2bbdcd04fc655f879c59,daisy,roses,0.47124674916267395,False,"{""daisy"": 0.18311338126659393, ""dandelion"": 0.15974898636341095, ""roses"": 0.47124674916267395, ""sunflowers"": 0.09802602976560593, ""tulips"": 0.08786481618881226}"
run_20260827T012233Z,gaussian_noise__strong__degraded,degraded,gaussian_noise,strong,none,data/flower_photos/dandelion/10437652486_aa86c14985.jpg,94273f2a4deee3a4712be2e50b76c5c872d45c6d2a703ff1e7892d35964d4162,dandelion,sunflowers,0.5796535611152649,False,"{""daisy"": 0.07826352119445801, ""dandelion"": 0.06108739972114563, ""roses"": 0.08860144764184952, ""sunflowers"": 0.5796535611152649, ""tulips"": 0.19239412248134613}"
run_20260827T012233Z,gaussian_noise__strong__degraded,degraded,gaussian_noise,strong,none,data/flower_photos/dandelion/10683189_bd6e371b97.jpg,ba15d73ee9d036cc9df4a5e4b7dc9f7e350c481436f3be3ed980f8431abc3c22,dandelion,dandelion,0.6196432113647461,True,"{""daisy"": 0.09712597727775574, ""dandelion"": 0.6196432113647461, ""roses"": 0.043040186166763306, ""sunflowers"": 0.15414761006832123, ""tulips"": 0.08604308217763901}"
run_20260827T012233Z,gaussian_noise__strong__degraded,degraded,gaussian_noise,strong,none,data/flower_photos/roses/10090824183_d02c613f10_m.jpg,6e42dd14083dcddd8d5db6d9893cca3ca3df9a95bd070d111ac3e2a87322ec90,roses,sunflowers,0.4634980857372284,False,"{""daisy"": 0.040915243327617645, ""dandelion"": 0.3201650381088257, ""roses"": 0.09021902829408646, ""sunflowers"": 0.4634980857372284, ""tulips"": 0.08520259708166122}"
run_20260827T012233Z,gaussian_noise__strong__degraded,degraded,gaussian_noise,strong,none,data/flower_photos/roses/10894627425_ec76bbc757_n.jpg,25d5b018c0e6d5b9e86bbfac035c20dc9a17ed32d856fd16d376d92c213bf2f8,roses,sunflowers,0.435808926820755,False,"{""daisy"": 0.0285703893750906, ""dandelion"": 0.28927651047706604, ""roses"": 0.09422892332077026, ""sunflowers"": 0.435808926820755, ""tulips"": 0.15211522579193115}"
run_20260827T012233Z,gaussian_noise__strong__degraded,degraded,gaussian_noise,strong,none,data/flower_photos/sunflowers/10386503264_e05387e1f7_m.jpg,e098ce088c72aca881dffd3477e6b3717ad140f50b75c2f0704385ded683931f,sunflowers,sunflowers,0.4598522484302521,True,"{""daisy"": 0.03134164586663246, ""dandelion"": 0.2969496548175812, ""roses"": 0.14724789559841156, ""sunflowers"": 0.4598522484302521, ""tulips"": 0.0646086111664772}"
run_20260827T012233Z,gaussian_noise__strong__degraded,degraded,gaussian_noise,strong,none,data/flower_photos/sunflowers/10386702973_e74a34c806_n.jpg,8fe6056c2366fe078569c42e750b841d9f49f867b3c3aef6b722306d72e30854,sunflowers,sunflowers,0.4340343475341797,True,"{""daisy"": 0.037907835096120834, ""dandelion"": 0.19952884316444397, ""roses"": 0.07463935017585754, ""sunflowers"": 0.4340343475341797, ""tulips"": 0.2538895308971405}"
run_20260827T012233Z,gaussian_noise__strong__degraded,degraded,gaussian_noise,strong,none,data/flower_photos/tulips/10164073235_f29931d91e.jpg,b8b2e5b1105af49e200e73695ec4b57b48fe5846a4f9e353d5ba7386d0acc512,tulips,tulips,0.34139272570610046,True,"{""daisy"": 0.04468732327222824, ""dandelion"": 0.27335089445114136, ""roses"": 0.1090698167681694, ""sunflowers"": 0.23149919509887695, ""tulips"": 0.34139272570610046}"
run_20260827T012233Z,gaussian_noise__strong__degraded,degraded,gaussian_noise,strong,none,data/flower_photos/tulips/110147301_ad921e2828.jpg,3bd20b288dd03e4392cf90f1ec82cdb4448315ccc14183accd2abe695f5d04f7,tulips,sunflowers,0.388152152299881,False,"{""daisy"": 0.09177549183368683, ""dandelion"": 0.11974233388900757, ""roses"": 0.13861018419265747, ""sunflowers"": 0.388152152299881, ""tulips"": 0.26171988248825073}"
run_20260827T012233Z,gaussian_noise__strong__gaussian_filter,enhanced,gaussian_noise,strong,gaussian_filter,data/flower_photos/daisy/10172379554_b296050f82_n.jpg,9d28fe37d384974429e51febd82380e2ae17aed72dd59fb3ff938fa519bc4cc6,daisy,tulips,0.338155061006546,False,"{""daisy"": 0.3059246838092804, ""dandelion"": 0.15461508929729462, ""roses"": 0.05619632452726364, ""sunflowers"": 0.14510877430438995, ""tulips"": 0.338155061006546}"
run_20260827T012233Z,gaussian_noise__strong__gaussian_filter,enhanced,gaussian_noise,strong,gaussian_filter,data/flower_photos/daisy/102841525_bd6628ae3c.jpg,1adc5dbb8ba26a8d3d915ef8dc285241eb4d6e3e31cb2bbdcd04fc655f879c59,daisy,sunflowers,0.3303300738334656,False,"{""daisy"": 0.15750344097614288, ""dandelion"": 0.23659180104732513, ""roses"": 0.1481098234653473, ""sunflowers"": 0.3303300738334656, ""tulips"": 0.1274648755788803}"
run_20260827T012233Z,gaussian_noise__strong__gaussian_filter,enhanced,gaussian_noise,strong,gaussian_filter,data/flower_photos/dandelion/10437652486_aa86c14985.jpg,94273f2a4deee3a4712be2e50b76c5c872d45c6d2a703ff1e7892d35964d4162,dandelion,sunflowers,0.34535932540893555,False,"{""daisy"": 0.27913326025009155, ""dandelion"": 0.20174849033355713, ""roses"": 0.08230419456958771, ""sunflowers"": 0.34535932540893555, ""tulips"": 0.09145468473434448}"
run_20260827T012233Z,gaussian_noise__strong__gaussian_filter,enhanced,gaussian_noise,strong,gaussian_filter,data/flower_photos/dandelion/10683189_bd6e371b97.jpg,ba15d73ee9d036cc9df4a5e4b7dc9f7e350c481436f3be3ed980f8431abc3c22,dandelion,dandelion,0.4031491279602051,True,"{""daisy"": 0.2965025007724762, ""dandelion"": 0.4031491279602051, ""roses"": 0.022512290626764297, ""sunflowers"": 0.1033087968826294, ""tulips"": 0.17452724277973175}"
run_20260827T012233Z,gaussian_noise__strong__gaussian_filter,enhanced,gaussian_noise,strong,gaussian_filter,data/flower_photos/roses/10090824183_d02c613f10_m.jpg,6e42dd14083dcddd8d5db6d9893cca3ca3df9a95bd070d111ac3e2a87322ec90,roses,sunflowers,0.6690322756767273,False,"{""daisy"": 0.025657016783952713, ""dandelion"": 0.06452194601297379, ""roses"": 0.16292931139469147, ""sunflowers"": 0.6690322756767273, ""tulips"": 0.07785950601100922}"
run_20260827T012233Z,gaussian_noise__strong__gaussian_filter,enhanced,gaussian_noise,strong,gaussian_filter,data/flower_photos/roses/10894627425_ec76bbc757_n.jpg,25d5b018c0e6d5b9e86bbfac035c20dc9a17ed32d856fd16d376d92c213bf2f8,roses,tulips,0.3380441665649414,False,"{""daisy"": 0.23528608679771423, ""dandelion"": 0.2404371052980423, ""roses"": 0.12760789692401886, ""sunflowers"": 0.058624666184186935, ""tulips"": 0.3380441665649414}"
run_20260827T012233Z,gaussian_noise__strong__gaussian_filter,enhanced,gaussian_noise,strong,gaussian_filter,data/flower_photos/sunflowers/10386503264_e05387e1f7_m.jpg,e098ce088c72aca881dffd3477e6b3717ad140f50b75c2f0704385ded683931f,sunflowers,sunflowers,0.6818122863769531,True,"{""daisy"": 0.043473076075315475, ""dandelion"": 0.1374942809343338, ""roses"": 0.09810793399810791, ""sunflowers"": 0.6818122863769531, ""tulips"": 0.039112355560064316}"
run_20260827T012233Z,gaussian_noise__strong__gaussian_filter,enhanced,gaussian_noise,strong,gaussian_filter,data/flower_photos/sunflowers/10386702973_e74a34c806_n.jpg,8fe6056c2366fe078569c42e750b841d9f49f867b3c3aef6b722306d72e30854,sunflowers,dandelion,0.46446141600608826,False,"{""daisy"": 0.10198380798101425, ""dandelion"": 0.46446141600608826, ""roses"": 0.041999466717243195, ""sunflowers"": 0.12409262359142303, ""tulips"": 0.26746270060539246}"
run_20260827T012233Z,gaussian_noise__strong__gaussian_filter,enhanced,gaussian_noise,strong,gaussian_filter,data/flower_photos/tulips/10164073235_f29931d91e.jpg,b8b2e5b1105af49e200e73695ec4b57b48fe5846a4f9e353d5ba7386d0acc512,tulips,tulips,0.5479353666305542,True,"{""daisy"": 0.1428471803665161, ""dandelion"": 0.11565417796373367, ""roses"": 0.09511924535036087, ""sunflowers"": 0.09844397753477097, ""tulips"": 0.5479353666305542}"
run_20260827T012233Z,gaussian_noise__strong__gaussian_filter,enhanced,gaussian_noise,strong,gaussian_filter,data/flower_photos/tulips/110147301_ad921e2828.jpg,3bd20b288dd03e4392cf90f1ec82cdb4448315ccc14183accd2abe695f5d04f7,tulips,sunflowers,0.35272401571273804,False,"{""daisy"": 0.1389792263507843, ""dandelion"": 0.17306949198246002, ""roses"": 0.15098805725574493, ""sunflowers"": 0.35272401571273804, ""tulips"": 0.1842392086982727}"
run_20260827T012233Z,gaussian_noise__strong__bilateral_filter,enhanced,gaussian_noise,strong,bilateral_filter,data/flower_photos/daisy/10172379554_b296050f82_n.jpg,9d28fe37d384974429e51febd82380e2ae17aed72dd59fb3ff938fa519bc4cc6,daisy,tulips,0.45070379972457886,False,"{""daisy"": 0.045070353895425797, ""dandelion"": 0.27613380551338196, ""roses"": 0.12873324751853943, ""sunflowers"": 0.09935881942510605, ""tulips"": 0.45070379972457886}"
run_20260827T012233Z,gaussian_noise__strong__bilateral_filter,enhanced,gaussian_noise,strong,bilateral_filter,data/flower_photos/daisy/102841525_bd6628ae3c.jpg,1adc5dbb8ba26a8d3d915ef8dc285241eb4d6e3e31cb2bbdcd04fc655f879c59,daisy,roses,0.49854928255081177,False,"{""daisy"": 0.023281343281269073, ""dandelion"": 0.38601982593536377, ""roses"": 0.49854928255081177, ""sunflowers"": 0.030211951583623886, ""tulips"": 0.06193753704428673}"
run_20260827T012233Z,gaussian_noise__strong__bilateral_filter,enhanced,gaussian_noise,strong,bilateral_filter,data/flower_photos/dandelion/10437652486_aa86c14985.jpg,94273f2a4deee3a4712be2e50b76c5c872d45c6d2a703ff1e7892d35964d4162,dandelion,sunflowers,0.4309544563293457,False,"{""daisy"": 0.12489370256662369, ""dandelion"": 0.2628251612186432, ""roses"": 0.10820132493972778, ""sunflowers"": 0.4309544563293457, ""tulips"": 0.07312539219856262}"
run_20260827T012233Z,gaussian_noise__strong__bilateral_filter,enhanced,gaussian_noise,strong,bilateral_filter,data/flower_photos/dandelion/10683189_bd6e371b97.jpg,ba15d73ee9d036cc9df4a5e4b7dc9f7e350c481436f3be3ed980f8431abc3c22,dandelion,dandelion,0.4427073299884796,True,"{""daisy"": 0.16978411376476288, ""dandelion"": 0.4427073299884796, ""roses"": 0.07447174191474915, ""sunflowers"": 0.1202775239944458, ""tulips"": 0.19275924563407898}"
run_20260827T012233Z,gaussian_noise__strong__bilateral_filter,enhanced,gaussian_noise,strong,bilateral_filter,data/flower_photos/roses/10090824183_d02c613f10_m.jpg,6e42dd14083dcddd8d5db6d9893cca3ca3df9a95bd070d111ac3e2a87322ec90,roses,dandelion,0.6234280467033386,False,"{""daisy"": 0.04586026817560196, ""dandelion"": 0.6234280467033386, ""roses"": 0.12290196865797043, ""sunflowers"": 0.12005533277988434, ""tulips"": 0.08775442093610764}"
run_20260827T012233Z,gaussian_noise__strong__bilateral_filter,enhanced,gaussian_noise,strong,bilateral_filter,data/flower_photos/roses/10894627425_ec76bbc757_n.jpg,25d5b018c0e6d5b9e86bbfac035c20dc9a17ed32d856fd16d376d92c213bf2f8,roses,dandelion,0.6337699294090271,False,"{""daisy"": 0.07624501734972, ""dandelion"": 0.6337699294090271, ""roses"": 0.149130180478096, ""sunflowers"": 0.08985695242881775, ""tulips"": 0.050997938960790634}"
run_20260827T012233Z,gaussian_noise__strong__bilateral_filter,enhanced,gaussian_noise,strong,bilateral_filter,data/flower_photos/sunflowers/10386503264_e05387e1f7_m.jpg,e098ce088c72aca881dffd3477e6b3717ad140f50b75c2f0704385ded683931f,sunflowers,sunflowers,0.5156152844429016,True,"{""daisy"": 0.03302731737494469, ""dandelion"": 0.20434367656707764, ""roses"": 0.18106606602668762, ""sunflowers"": 0.5156152844429016, ""tulips"": 0.06594762951135635}"
run_20260827T012233Z,gaussian_noise__strong__bilateral_filter,enhanced,gaussian_noise,strong,bilateral_filter,data/flower_photos/sunflowers/10386702973_e74a34c806_n.jpg,8fe6056c2366fe078569c42e750b841d9f49f867b3c3aef6b722306d72e30854,sunflowers,sunflowers,0.35233059525489807,True,"{""daisy"": 0.027577221393585205, ""dandelion"": 0.2976635992527008, ""roses"": 0.18663953244686127, ""sunflowers"": 0.35233059525489807, ""tulips"": 0.13578914105892181}"
run_20260827T012233Z,gaussian_noise__strong__bilateral_filter,enhanced,gaussian_noise,strong,bilateral_filter,data/flower_photos/tulips/10164073235_f29931d91e.jpg,b8b2e5b1105af49e200e73695ec4b57b48fe5846a4f9e353d5ba7386d0acc512,tulips,roses,0.3928699195384979,False,"{""daisy"": 0.05179138854146004, ""dandelion"": 0.26778391003608704, ""roses"": 0.3928699195384979, ""sunflowers"": 0.10216367989778519, ""tulips"": 0.18539106845855713}"
run_20260827T012233Z,gaussian_noise__strong__bilateral_filter,enhanced,gaussian_noise,strong,bilateral_filter,data/flower_photos/tulips/110147301_ad921e2828.jpg,3bd20b288dd03e4392cf90f1ec82cdb4448315ccc14183accd2abe695f5d04f7,tulips,dandelion,0.3681188225746155,False,"{""daisy"": 0.06557292491197586, ""dandelion"": 0.3681188225746155, ""roses"": 0.16423003375530243, ""sunflowers"": 0.30934515595436096, ""tulips"": 0.09273307770490646}"
run_20260827T012233Z,salt_pepper__light__degraded,degraded,salt_pepper,light,none,data/flower_photos/daisy/10172379554_b296050f82_n.jpg,9d28fe37d384974429e51febd82380e2ae17aed72dd59fb3ff938fa519bc4cc6,daisy,daisy,0.32366639375686646,True,"{""daisy"": 0.32366639375686646, ""dandelion"": 0.15346288681030273, ""roses"": 0.055204879492521286, ""sunflowers"": 0.2331613004207611, ""tulips"": 0.2345045655965805}"
run_20260827T012233Z,salt_pepper__light__degraded,degraded,salt_pepper,light,none,data/flower_photos/daisy/102841525_bd6628ae3c.jpg,1adc5dbb8ba26a8d3d915ef8dc285241eb4d6e3e31cb2bbdcd04fc655f879c59,daisy,sunflowers,0.5395366549491882,False,"{""daisy"": 0.07020972669124603, ""dandelion"": 0.06473368406295776, ""roses"": 0.17998017370700836, ""sunflowers"": 0.5395366549491882, ""tulips"": 0.1455397605895996}"
run_20260827T012233Z,salt_pepper__light__degraded,degraded,salt_pepper,light,none,data/flower_photos/dandelion/10437652486_aa86c14985.jpg,94273f2a4deee3a4712be2e50b76c5c872d45c6d2a703ff1e7892d35964d4162,dandelion,sunflowers,0.414945513010025,False,"{""daisy"": 0.07399941980838776, ""dandelion"": 0.18529808521270752, ""roses"": 0.1403225213289261, ""sunflowers"": 0.414945513010025, ""tulips"": 0.18543453514575958}"
run_20260827T012233Z,salt_pepper__light__degraded,degraded,salt_pepper,light,none,data/flower_photos/dandelion/10683189_bd6e371b97.jpg,ba15d73ee9d036cc9df4a5e4b7dc9f7e350c481436f3be3ed980f8431abc3c22,dandelion,tulips,0.41027170419692993,False,"{""daisy"": 0.20612238347530365, ""dandelion"": 0.18499697744846344, ""roses"": 0.0776578038930893, ""sunflowers"": 0.12095114588737488, ""tulips"": 0.41027170419692993}"
run_20260827T012233Z,salt_pepper__light__degraded,degraded,salt_pepper,light,none,data/flower_photos/roses/10090824183_d02c613f10_m.jpg,6e42dd14083dcddd8d5db6d9893cca3ca3df9a95bd070d111ac3e2a87322ec90,roses,tulips,0.4927794337272644,False,"{""daisy"": 0.04449138790369034, ""dandelion"": 0.015698309987783432, ""roses"": 0.03862924873828888, ""sunflowers"": 0.40840163826942444, ""tulips"": 0.4927794337272644}"
run_20260827T012233Z,salt_pepper__light__degraded,degraded,salt_pepper,light,none,data/flower_photos/roses/10894627425_ec76bbc757_n.jpg,25d5b018c0e6d5b9e86bbfac035c20dc9a17ed32d856fd16d376d92c213bf2f8,roses,dandelion,0.3329430818557739,False,"{""daisy"": 0.1614569127559662, ""dandelion"": 0.3329430818557739, ""roses"": 0.04565870016813278, ""sunflowers"": 0.1874486356973648, ""tulips"": 0.2724927067756653}"
run_20260827T012233Z,salt_pepper__light__degraded,degraded,salt_pepper,light,none,data/flower_photos/sunflowers/10386503264_e05387e1f7_m.jpg,e098ce088c72aca881dffd3477e6b3717ad140f50b75c2f0704385ded683931f,sunflowers,sunflowers,0.6359472870826721,True,"{""daisy"": 0.10177412629127502, ""dandelion"": 0.02565476857125759, ""roses"": 0.1703547239303589, ""sunflowers"": 0.6359472870826721, ""tulips"": 0.06626901775598526}"
run_20260827T012233Z,salt_pepper__light__degraded,degraded,salt_pepper,light,none,data/flower_photos/sunflowers/10386702973_e74a34c806_n.jpg,8fe6056c2366fe078569c42e750b841d9f49f867b3c3aef6b722306d72e30854,sunflowers,tulips,0.3430977463722229,False,"{""daisy"": 0.13330860435962677, ""dandelion"": 0.07595222443342209, ""roses"": 0.19728799164295197, ""sunflowers"": 0.25035345554351807, ""tulips"": 0.3430977463722229}"
run_20260827T012233Z,salt_pepper__light__degraded,degraded,salt_pepper,light,none,data/flower_photos/tulips/10164073235_f29931d91e.jpg,b8b2e5b1105af49e200e73695ec4b57b48fe5846a4f9e353d5ba7386d0acc512,tulips,dandelion,0.28456032276153564,False,"{""daisy"": 0.22521209716796875, ""dandelion"": 0.28456032276153564, ""roses"": 0.2381475865840912, ""sunflowers"": 0.18281090259552002, ""tulips"": 0.06926912814378738}"
run_20260827T012233Z,salt_pepper__light__degraded,degraded,salt_pepper,light,none,data/flower_photos/tulips/110147301_ad921e2828.jpg,3bd20b288dd03e4392cf90f1ec82cdb4448315ccc14183accd2abe695f5d04f7,tulips,sunflowers,0.5887497663497925,False,"{""daisy"": 0.2580525875091553, ""dandelion"": 0.025278780609369278, ""roses"": 0.05416106432676315, ""sunflowers"": 0.5887497663497925, ""tulips"": 0.07375787198543549}"
run_20260827T012233Z,salt_pepper__light__median_filter,enhanced,salt_pepper,light,median_filter,data/flower_photos/daisy/10172379554_b296050f82_n.jpg,9d28fe37d384974429e51febd82380e2ae17aed72dd59fb3ff938fa519bc4cc6,daisy,roses,0.28253811597824097,False,"{""daisy"": 0.1329811066389084, ""dandelion"": 0.25048157572746277, ""roses"": 0.28253811597824097, ""sunflowers"": 0.1351242959499359, ""tulips"": 0.19887493550777435}"
run_20260827T012233Z,salt_pepper__light__median_filter,enhanced,salt_pepper,light,median_filter,data/flower_photos/daisy/102841525_bd6628ae3c.jpg,1adc5dbb8ba26a8d3d915ef8dc285241eb4d6e3e31cb2bbdcd04fc655f879c59,daisy,sunflowers,0.5537158846855164,False,"{""daisy"": 0.1003081426024437, ""dandelion"": 0.047505851835012436, ""roses"": 0.16658733785152435, ""sunflowers"": 0.5537158846855164, ""tulips"": 0.13188277184963226}"
run_20260827T012233Z,salt_pepper__light__median_filter,enhanced,salt_pepper,light,median_filter,data/flower_photos/dandelion/10437652486_aa86c14985.jpg,94273f2a4deee3a4712be2e50b76c5c872d45c6d2a703ff1e7892d35964d4162,dandelion,daisy,0.32242605090141296,False,"{""daisy"": 0.32242605090141296, ""dandelion"": 0.27991145849227905, ""roses"": 0.09888539463281631, ""sunflowers"": 0.24769118428230286, ""tulips"": 0.05108598992228508}"
run_20260827T012233Z,salt_pepper__light__median_filter,enhanced,salt_pepper,light,median_filter,data/flower_photos/dandelion/10683189_bd6e371b97.jpg,ba15d73ee9d036cc9df4a5e4b7dc9f7e350c481436f3be3ed980f8431abc3c22,dandelion,tulips,0.3123609125614166,False,"{""daisy"": 0.10091394931077957, ""dandelion"": 0.23479512333869934, ""roses"": 0.1774357110261917, ""sunflowers"": 0.17449434101581573, ""tulips"": 0.3123609125614166}"
run_20260827T012233Z,salt_pepper__light__median_filter,enhanced,salt_pepper,light,median_filter,data/flower_photos/roses/10090824183_d02c613f10_m.jpg,6e42dd14083dcddd8d5db6d9893cca3ca3df9a95bd070d111ac3e2a87322ec90,roses,sunflowers,0.5709228515625,False,"{""daisy"": 0.07926414161920547, ""dandelion"": 0.03062950260937214, ""roses"": 0.13137662410736084, ""sunflowers"": 0.5709228515625, ""tulips"": 0.1878068745136261}"
run_20260827T012233Z,salt_pepper__light__median_filter,enhanced,salt_pepper,light,median_filter,data/flower_photos/roses/10894627425_ec76bbc757_n.jpg,25d5b018c0e6d5b9e86bbfac035c20dc9a17ed32d856fd16d376d92c213bf2f8,roses,dandelion,0.3440946042537689,False,"{""daisy"": 0.20973488688468933, ""dandelion"": 0.3440946042537689, ""roses"": 0.14560487866401672, ""sunflowers"": 0.21696490049362183, ""tulips"": 0.0836007371544838}"
run_20260827T012233Z,salt_pepper__light__median_filter,enhanced,salt_pepper,light,median_filter,data/flower_photos/sunflowers/10386503264_e05387e1f7_m.jpg,e098ce088c72aca881dffd3477e6b3717ad140f50b75c2f0704385ded683931f,sunflowers,sunflowers,0.7811528444290161,True,"{""daisy"": 0.051237042993307114, ""dandelion"": 0.03631475567817688, ""roses"": 0.10853338986635208, ""sunflowers"": 0.7811528444290161, ""tulips"": 0.022762063890695572}"
run_20260827T012233Z,salt_pepper__light__median_filter,enhanced,salt_pepper,light,median_filter,data/flower_photos/sunflowers/10386702973_e74a34c806_n.jpg,8fe6056c2366fe078569c42e750b841d9f49f867b3c3aef6b722306d72e30854,sunflowers,sunflowers,0.32426872849464417,True,"{""daisy"": 0.13827481865882874, ""dandelion"": 0.2127254456281662, ""roses"": 0.27340155839920044, ""sunflowers"": 0.32426872849464417, ""tulips"": 0.05132947862148285}"
run_20260827T012233Z,salt_pepper__light__median_filter,enhanced,salt_pepper,light,median_filter,data/flower_photos/tulips/10164073235_f29931d91e.jpg,b8b2e5b1105af49e200e73695ec4b57b48fe5846a4f9e353d5ba7386d0acc512,tulips,dandelion,0.44119885563850403,False,"{""daisy"": 0.1644209623336792, ""dandelion"": 0.44119885563850403, ""roses"": 0.17660768330097198, ""sunflowers"": 0.13248851895332336, ""tulips"": 0.08528401702642441}"
run_20260827T012233Z,salt_pepper__light__median_filter,enhanced,salt_pepper,light,median_filter,data/flower_photos/tulips/110147301_ad921e2828.jpg,3bd20b288dd03e4392cf90f1ec82cdb4448315ccc14183accd2abe695f5d04f7,tulips,sunflowers,0.29403603076934814,False,"{""daisy"": 0.12349963188171387, ""dandelion"": 0.28495490550994873, ""roses"": 0.13378329575061798, ""sunflowers"": 0.29403603076934814, ""tulips"": 0.16372618079185486}"
run_20260827T012233Z,salt_pepper__light__gaussian_filter,enhanced,salt_pepper,light,gaussian_filter,data/flower_photos/daisy/10172379554_b296050f82_n.jpg,9d28fe37d384974429e51febd82380e2ae17aed72dd59fb3ff938fa519bc4cc6,daisy,tulips,0.6370148658752441,False,"{""daisy"": 0.07960294187068939, ""dandelion"": 0.12486033886671066, ""roses"": 0.062085770070552826, ""sunflowers"": 0.09643606841564178, ""tulips"": 0.6370148658752441}"
run_20260827T012233Z,salt_pepper__light__gaussian_filter,enhanced,salt_pepper,light,gaussian_filter,data/flower_photos/daisy/102841525_bd6628ae3c.jpg,1adc5dbb8ba26a8d3d915ef8dc285241eb4d6e3e31cb2bbdcd04fc655f879c59,daisy,sunflowers,0.44766536355018616,False,"{""daisy"": 0.11976998299360275, ""dandelion"": 0.1716417819261551, ""roses"": 0.08828624337911606, ""sunflowers"": 0.44766536355018616, ""tulips"": 0.17263668775558472}"
run_20260827T012233Z,salt_pepper__light__gaussian_filter,enhanced,salt_pepper,light,gaussian_filter,data/flower_photos/dandelion/10437652486_aa86c14985.jpg,94273f2a4deee3a4712be2e50b76c5c872d45c6d2a703ff1e7892d35964d4162,dandelion,dandelion,0.47677600383758545,True,"{""daisy"": 0.1873115599155426, ""dandelion"": 0.47677600383758545, ""roses"": 0.024123415350914, ""sunflowers"": 0.08078747987747192, ""tulips"": 0.23100146651268005}"
run_20260827T012233Z,salt_pepper__light__gaussian_filter,enhanced,salt_pepper,light,gaussian_filter,data/flower_photos/dandelion/10683189_bd6e371b97.jpg,ba15d73ee9d036cc9df4a5e4b7dc9f7e350c481436f3be3ed980f8431abc3c22,dandelion,daisy,0.33380910754203796,False,"{""daisy"": 0.33380910754203796, ""dandelion"": 0.2124953269958496, ""roses"": 0.05389156937599182, ""sunflowers"": 0.08487568795681, ""tulips"": 0.3149283826351166}"
run_20260827T012233Z,salt_pepper__light__gaussian_filter,enhanced,salt_pepper,light,gaussian_filter,data/flower_photos/roses/10090824183_d02c613f10_m.jpg,6e42dd14083dcddd8d5db6d9893cca3ca3df9a95bd070d111ac3e2a87322ec90,roses,sunflowers,0.42492303252220154,False,"{""daisy"": 0.06584937125444412, ""dandelion"": 0.06230774521827698, ""roses"": 0.14575651288032532, ""sunflowers"": 0.42492303252220154, ""tulips"": 0.30116337537765503}"
run_20260827T012233Z,salt_pepper__light__gaussian_filter,enhanced,salt_pepper,light,gaussian_filter,data/flower_photos/roses/10894627425_ec76bbc757_n.jpg,25d5b018c0e6d5b9e86bbfac035c20dc9a17ed32d856fd16d376d92c213bf2f8,roses,dandelion,0.530092716217041,False,"{""daisy"": 0.2157336324453354, ""dandelion"": 0.530092716217041, ""roses"": 0.03000098466873169, ""sunflowers"": 0.03500392287969589, ""tulips"": 0.18916873633861542}"
run_20260827T012233Z,salt_pepper__light__gaussian_filter,enhanced,salt_pepper,light,gaussian_filter,data/flower_photos/sunflowers/10386503264_e05387e1f7_m.jpg,e098ce088c72aca881dffd3477e6b3717ad140f50b75c2f0704385ded683931f,sunflowers,sunflowers,0.5936285853385925,True,"{""daisy"": 0.15300436317920685, ""dandelion"": 0.04783618450164795, ""roses"": 0.14691539108753204, ""sunflowers"": 0.5936285853385925, ""tulips"": 0.058615416288375854}"
run_20260827T012233Z,salt_pepper__light__gaussian_filter,enhanced,salt_pepper,light,gaussian_filter,data/flower_photos/sunflowers/10386702973_e74a34c806_n.jpg,8fe6056c2366fe078569c42e750b841d9f49f867b3c3aef6b722306d72e30854,sunflowers,tulips,0.3228153586387634,False,"{""daisy"": 0.20887590944766998, ""dandelion"": 0.21694357693195343, ""roses"": 0.05926941707730293, ""sunflowers"": 0.19209575653076172, ""tulips"": 0.3228153586387634}"
run_20260827T012233Z,salt_pepper__light__gaussian_filter,enhanced,salt_pepper,light,gaussian_filter,data/flower_photos/tulips/10164073235_f29931d91e.jpg,b8b2e5b1105af49e200e73695ec4b57b48fe5846a4f9e353d5ba7386d0acc512,tulips,daisy,0.505920946598053,False,"{""daisy"": 0.505920946598053, ""dandelion"": 0.25451937317848206, ""roses"": 0.0778798907995224, ""sunflowers"": 0.04329945519566536, ""tulips"": 0.11838037520647049}"
run_20260827T012233Z,salt_pepper__light__gaussian_filter,enhanced,salt_pepper,light,gaussian_filter,data/flower_photos/tulips/110147301_ad921e2828.jpg,3bd20b288dd03e4392cf90f1ec82cdb4448315ccc14183accd2abe695f5d04f7,tulips,daisy,0.5995323061943054,False,"{""daisy"": 0.5995323061943054, ""dandelion"": 0.11399350315332413, ""roses"": 0.06187991425395012, ""sunflowers"": 0.18960879743099213, ""tulips"": 0.0349854938685894}"
run_20260827T012233Z,salt_pepper__medium__degraded,degraded,salt_pepper,medium,none,data/flower_photos/daisy/10172379554_b296050f82_n.jpg,9d28fe37d384974429e51febd82380e2ae17aed72dd59fb3ff938fa519bc4cc6,daisy,tulips,0.45801815390586853,False,"{""daisy"": 0.21661537885665894, ""dandelion"": 0.15287508070468903, ""roses"": 0.027659788727760315, ""sunflowers"": 0.1448315680027008, ""tulips"": 0.45801815390586853}"
run_20260827T012233Z,salt_pepper__medium__degraded,degraded,salt_pepper,medium,none,data/flower_photos/daisy/102841525_bd6628ae3c.jpg,1adc5dbb8ba26a8d3d915ef8dc285241eb4d6e3e31cb2bbdcd04fc655f879c59,daisy,sunflowers,0.5050675272941589,False,"{""daisy"": 0.0581984668970108, ""dandelion"": 0.11089689284563065, ""roses"": 0.15529170632362366, ""sunflowers"": 0.5050675272941589, ""tulips"": 0.17054542899131775}"
run_20260827T012233Z,salt_pepper__medium__degraded,degraded,salt_pepper,medium,none,data/flower_photos/dandelion/10437652486_aa86c14985.jpg,94273f2a4deee3a4712be2e50b76c5c872d45c6d2a703ff1e7892d35964d4162,dandelion,sunflowers,0.3143203556537628,False,"{""daisy"": 0.0545123852789402, ""dandelion"": 0.31186190247535706, ""roses"": 0.15403078496456146, ""sunflowers"": 0.3143203556537628, ""tulips"": 0.16527456045150757}"
run_20260827T012233Z,salt_pepper__medium__degraded,degraded,salt_pepper,medium,none,data/flower_photos/dandelion/10683189_bd6e371b97.jpg,ba15d73ee9d036cc9df4a5e4b7dc9f7e350c481436f3be3ed980f8431abc3c22,dandelion,tulips,0.4642007052898407,False,"{""daisy"": 0.171430766582489, ""dandelion"": 0.12175691872835159, ""roses"": 0.11165793985128403, ""sunflowers"": 0.13095374405384064, ""tulips"": 0.4642007052898407}"
run_20260827T012233Z,salt_pepper__medium__degraded,degraded,salt_pepper,medium,none,data/flower_photos/roses/10090824183_d02c613f10_m.jpg,6e42dd14083dcddd8d5db6d9893cca3ca3df9a95bd070d111ac3e2a87322ec90,roses,tulips,0.6050820350646973,False,"{""daisy"": 0.03433088958263397, ""dandelion"": 0.02056054212152958, ""roses"": 0.050675731152296066, ""sunflowers"": 0.28935086727142334, ""tulips"": 0.6050820350646973}"
run_20260827T012233Z,salt_pepper__medium__degraded,degraded,salt_pepper,medium,none,data/flower_photos/roses/10894627425_ec76bbc757_n.jpg,25d5b018c0e6d5b9e86bbfac035c20dc9a17ed32d856fd16d376d92c213bf2f8,roses,dandelion,0.3702995777130127,False,"{""daisy"": 0.1467968374490738, ""dandelion"": 0.3702995777130127, ""roses"": 0.07872463762760162, ""sunflowers"": 0.15991593897342682, ""tulips"": 0.24426309764385223}"
run_20260827T012233Z,salt_pepper__medium__degraded,degraded,salt_pepper,medium,none,data/flower_photos/sunflowers/10386503264_e05387e1f7_m.jpg,e098ce088c72aca881dffd3477e6b3717ad140f50b75c2f0704385ded683931f,sunflowers,sunflowers,0.543597936630249,True,"{""daisy"": 0.12075430154800415, ""dandelion"": 0.030087238177657127, ""roses"": 0.19001784920692444, ""sunflowers"": 0.543597936630249, ""tulips"": 0.11554266512393951}"
run_20260827T012233Z,salt_pepper__medium__degraded,degraded,salt_pepper,medium,none,data/flower_photos/sunflowers/10386702973_e74a34c806_n.jpg,8fe6056c2366fe078569c42e750b841d9f49f867b3c3aef6b722306d72e30854,sunflowers,daisy,0.2562579810619354,False,"{""daisy"": 0.2562579810619354, ""dandelion"": 0.11349368095397949, ""roses"": 0.1635650396347046, ""sunflowers"": 0.21365304291248322, ""tulips"": 0.2530302405357361}"
run_20260827T012233Z,salt_pepper__medium__degraded,degraded,salt_pepper,medium,none,data/flower_photos/tulips/10164073235_f29931d91e.jpg,b8b2e5b1105af49e200e73695ec4b57b48fe5846a4f9e353d5ba7386d0acc512,tulips,dandelion,0.3474327325820923,False,"{""daisy"": 0.20068848133087158, ""dandelion"": 0.3474327325820923, ""roses"": 0.25189709663391113, ""sunflowers"": 0.12314063310623169, ""tulips"": 0.07684101909399033}"
run_20260827T012233Z,salt_pepper__medium__degraded,degraded,salt_pepper,medium,none,data/flower_photos/tulips/110147301_ad921e2828.jpg,3bd20b288dd03e4392cf90f1ec82cdb4448315ccc14183accd2abe695f5d04f7,tulips,daisy,0.4763234853744507,False,"{""daisy"": 0.4763234853744507, ""dandelion"": 0.04601966217160225, ""roses"": 0.06424408406019211, ""sunflowers"": 0.3182094097137451, ""tulips"": 0.09520337730646133}"
run_20260827T012233Z,salt_pepper__medium__median_filter,enhanced,salt_pepper,medium,median_filter,data/flower_photos/daisy/10172379554_b296050f82_n.jpg,9d28fe37d384974429e51febd82380e2ae17aed72dd59fb3ff938fa519bc4cc6,daisy,roses,0.2907032370567322,False,"{""daisy"": 0.11884941905736923, ""dandelion"": 0.2587619423866272, ""roses"": 0.2907032370567322, ""sunflowers"": 0.13061898946762085, ""tulips"": 0.2010665088891983}"
run_20260827T012233Z,salt_pepper__medium__median_filter,enhanced,salt_pepper,medium,median_filter,data/flower_photos/daisy/102841525_bd6628ae3c.jpg,1adc5dbb8ba26a8d3d915ef8dc285241eb4d6e3e31cb2bbdcd04fc655f879c59,daisy,sunflowers,0.5430827736854553,False,"{""daisy"": 0.10318931192159653, ""dandelion"": 0.054204825311899185, ""roses"": 0.1718062162399292, ""sunflowers"": 0.5430827736854553, ""tulips"": 0.12771688401699066}"
run_20260827T012233Z,salt_pepper__medium__median_filter,enhanced,salt_pepper,medium,median_filter,data/flower_photos/dandelion/10437652486_aa86c14985.jpg,94273f2a4deee3a4712be2e50b76c5c872d45c6d2a703ff1e7892d35964d4162,dandelion,dandelion,0.3056616187095642,True,"{""daisy"": 0.2309412956237793, ""dandelion"": 0.3056616187095642, ""roses"": 0.09146306663751602, ""sunflowers"": 0.2966461777687073, ""tulips"": 0.0752878189086914}"
run_20260827T012233Z,salt_pepper__medium__median_filter,enhanced,salt_pepper,medium,median_filter,data/flower_photos/dandelion/10683189_bd6e371b97.jpg,ba15d73ee9d036cc9df4a5e4b7dc9f7e350c481436f3be3ed980f8431abc3c22,dandelion,tulips,0.3276190459728241,False,"{""daisy"": 0.09367307275533676, ""dandelion"": 0.1921846717596054, ""roses"": 0.21730318665504456, ""sunflowers"": 0.16922007501125336, ""tulips"": 0.3276190459728241}"
run_20260827T012233Z,salt_pepper__medium__median_filter,enhanced,salt_pepper,medium,median_filter,data/flower_photos/roses/10090824183_d02c613f10_m.jpg,6e42dd14083dcddd8d5db6d9893cca3ca3df9a95bd070d111ac3e2a87322ec90,roses,sunflowers,0.5792229175567627,False,"{""daisy"": 0.07378070056438446, ""dandelion"": 0.02954363264143467, ""roses"": 0.14010491967201233, ""sunflowers"": 0.5792229175567627, ""tulips"": 0.17734786868095398}"
run_20260827T012233Z,salt_pepper__medium__median_filter,enhanced,salt_pepper,medium,median_filter,data/flower_photos/roses/10894627425_ec76bbc757_n.jpg,25d5b018c0e6d5b9e86bbfac035c20dc9a17ed32d856fd16d376d92c213bf2f8,roses,dandelion,0.3846814036369324,False,"{""daisy"": 0.1703135222196579, ""dandelion"": 0.3846814036369324, ""roses"": 0.16622838377952576, ""sunflowers"": 0.18602310121059418, ""tulips"": 0.09275362640619278}"
run_20260827T012233Z,salt_pepper__medium__median_filter,enhanced,salt_pepper,medium,median_filter,data/flower_photos/sunflowers/10386503264_e05387e1f7_m.jpg,e098ce088c72aca881dffd3477e6b3717ad140f50b75c2f0704385ded683931f,sunflowers,sunflowers,0.7692434787750244,True,"{""daisy"": 0.061763886362314224, ""dandelion"": 0.035763464868068695, ""roses"": 0.11233864724636078, ""sunflowers"": 0.7692434787750244, ""tulips"": 0.020890554413199425}"
run_20260827T012233Z,salt_pepper__medium__median_filter,enhanced,salt_pepper,medium,median_filter,data/flower_photos/sunflowers/10386702973_e74a34c806_n.jpg,8fe6056c2366fe078569c42e750b841d9f49f867b3c3aef6b722306d72e30854,sunflowers,sunflowers,0.32438716292381287,True,"{""daisy"": 0.13252921402454376, ""dandelion"": 0.19306378066539764, ""roses"": 0.3058554530143738, ""sunflowers"": 0.32438716292381287, ""tulips"": 0.044164400547742844}"
run_20260827T012233Z,salt_pepper__medium__median_filter,enhanced,salt_pepper,medium,median_filter,data/flower_photos/tulips/10164073235_f29931d91e.jpg,b8b2e5b1105af49e200e73695ec4b57b48fe5846a4f9e353d5ba7386d0acc512,tulips,dandelion,0.4267117977142334,False,"{""daisy"": 0.17424070835113525, ""dandelion"": 0.4267117977142334, ""roses"": 0.1735984981060028, ""sunflowers"": 0.12866997718811035, ""tulips"": 0.09677895903587341}"
run_20260827T012233Z,salt_pepper__medium__median_filter,enhanced,salt_pepper,medium,median_filter,data/flower_photos/tulips/110147301_ad921e2828.jpg,3bd20b288dd03e4392cf90f1ec82cdb4448315ccc14183accd2abe695f5d04f7,tulips,sunflowers,0.27695462107658386,False,"{""daisy"": 0.1438276469707489, ""dandelion"": 0.2557455599308014, ""roses"": 0.14110980927944183, ""sunflowers"": 0.27695462107658386, ""tulips"": 0.18236230313777924}"
run_20260827T012233Z,salt_pepper__medium__gaussian_filter,enhanced,salt_pepper,medium,gaussian_filter,data/flower_photos/daisy/10172379554_b296050f82_n.jpg,9d28fe37d384974429e51febd82380e2ae17aed72dd59fb3ff938fa519bc4cc6,daisy,tulips,0.6806312799453735,False,"{""daisy"": 0.06515215337276459, ""dandelion"": 0.18154487013816833, ""roses"": 0.017568912357091904, ""sunflowers"": 0.055102717131376266, ""tulips"": 0.6806312799453735}"
run_20260827T012233Z,salt_pepper__medium__gaussian_filter,enhanced,salt_pepper,medium,gaussian_filter,data/flower_photos/daisy/102841525_bd6628ae3c.jpg,1adc5dbb8ba26a8d3d915ef8dc285241eb4d6e3e31cb2bbdcd04fc655f879c59,daisy,dandelion,0.3802831172943115,False,"{""daisy"": 0.05984269455075264, ""dandelion"": 0.3802831172943115, ""roses"": 0.09464725106954575, ""sunflowers"": 0.2937248945236206, ""tulips"": 0.17150209844112396}"
run_20260827T012233Z,salt_pepper__medium__gaussian_filter,enhanced,salt_pepper,medium,gaussian_filter,data/flower_photos/dandelion/10437652486_aa86c14985.jpg,94273f2a4deee3a4712be2e50b76c5c872d45c6d2a703ff1e7892d35964d4162,dandelion,dandelion,0.4039883613586426,True,"{""daisy"": 0.2627386152744293, ""dandelion"": 0.4039883613586426, ""roses"": 0.04388465732336044, ""sunflowers"": 0.18628522753715515, ""tulips"": 0.1031031385064125}"
run_20260827T012233Z,salt_pepper__medium__gaussian_filter,enhanced,salt_pepper,medium,gaussian_filter,data/flower_photos/dandelion/10683189_bd6e371b97.jpg,ba15d73ee9d036cc9df4a5e4b7dc9f7e350c481436f3be3ed980f8431abc3c22,dandelion,tulips,0.48349592089653015,False,"{""daisy"": 0.25926512479782104, ""dandelion"": 0.0948302298784256, ""roses"": 0.0550810731947422, ""sunflowers"": 0.10732772201299667, ""tulips"": 0.48349592089653015}"
run_20260827T012233Z,salt_pepper__medium__gaussian_filter,enhanced,salt_pepper,medium,gaussian_filter,data/flower_photos/roses/10090824183_d02c613f10_m.jpg,6e42dd14083dcddd8d5db6d9893cca3ca3df9a95bd070d111ac3e2a87322ec90,roses,sunflowers,0.45528945326805115,False,"{""daisy"": 0.055466875433921814, ""dandelion"": 0.0743250697851181, ""roses"": 0.15182210505008698, ""sunflowers"": 0.45528945326805115, ""tulips"": 0.26309657096862793}"
run_20260827T012233Z,salt_pepper__medium__gaussian_filter,enhanced,salt_pepper,medium,gaussian_filter,data/flower_photos/roses/10894627425_ec76bbc757_n.jpg,25d5b018c0e6d5b9e86bbfac035c20dc9a17ed32d856fd16d376d92c213bf2f8,roses,dandelion,0.4716273248195648,False,"{""daisy"": 0.19628402590751648, ""dandelion"": 0.4716273248195648, ""roses"": 0.025864677503705025, ""sunflowers"": 0.03046570159494877, ""tulips"": 0.2757582366466522}"
run_20260827T012233Z,salt_pepper__medium__gaussian_filter,enhanced,salt_pepper,medium,gaussian_filter,data/flower_photos/sunflowers/10386503264_e05387e1f7_m.jpg,e098ce088c72aca881dffd3477e6b3717ad140f50b75c2f0704385ded683931f,sunflowers,sunflowers,0.5214340686798096,True,"{""daisy"": 0.1589682251214981, ""dandelion"": 0.058153193444013596, ""roses"": 0.1865590214729309, ""sunflowers"": 0.5214340686798096, ""tulips"": 0.07488545775413513}"
run_20260827T012233Z,salt_pepper__medium__gaussian_filter,enhanced,salt_pepper,medium,gaussian_filter,data/flower_photos/sunflowers/10386702973_e74a34c806_n.jpg,8fe6056c2366fe078569c42e750b841d9f49f867b3c3aef6b722306d72e30854,sunflowers,daisy,0.3915284276008606,False,"{""daisy"": 0.3915284276008606, ""dandelion"": 0.11619633436203003, ""roses"": 0.0430963896214962, ""sunflowers"": 0.2588377892971039, ""tulips"": 0.19034110009670258}"
run_20260827T012233Z,salt_pepper__medium__gaussian_filter,enhanced,salt_pepper,medium,gaussian_filter,data/flower_photos/tulips/10164073235_f29931d91e.jpg,b8b2e5b1105af49e200e73695ec4b57b48fe5846a4f9e353d5ba7386d0acc512,tulips,dandelion,0.4809154272079468,False,"{""daisy"": 0.2642534673213959, ""dandelion"": 0.4809154272079468, ""roses"": 0.10955081135034561, ""sunflowers"": 0.059162549674510956, ""tulips"": 0.08611766993999481}"
run_20260827T012233Z,salt_pepper__medium__gaussian_filter,enhanced,salt_pepper,medium,gaussian_filter,data/flower_photos/tulips/110147301_ad921e2828.jpg,3bd20b288dd03e4392cf90f1ec82cdb4448315ccc14183accd2abe695f5d04f7,tulips,daisy,0.5149638652801514,False,"{""daisy"": 0.5149638652801514, ""dandelion"": 0.11145663261413574, ""roses"": 0.07593772560358047, ""sunflowers"": 0.20648500323295593, ""tulips"": 0.09115675836801529}"
run_20260827T012233Z,salt_pepper__strong__degraded,degraded,salt_pepper,strong,none,data/flower_photos/daisy/10172379554_b296050f82_n.jpg,9d28fe37d384974429e51febd82380e2ae17aed72dd59fb3ff938fa519bc4cc6,daisy,tulips,0.5068721771240234,False,"{""daisy"": 0.10114185512065887, ""dandelion"": 0.12790189683437347, ""roses"": 0.03832835331559181, ""sunflowers"": 0.2257557064294815, ""tulips"": 0.5068721771240234}"
run_20260827T012233Z,salt_pepper__strong__degraded,degraded,salt_pepper,strong,none,data/flower_photos/daisy/102841525_bd6628ae3c.jpg,1adc5dbb8ba26a8d3d915ef8dc285241eb4d6e3e31cb2bbdcd04fc655f879c59,daisy,sunflowers,0.3222959339618683,False,"{""daisy"": 0.1952880322933197, ""dandelion"": 0.13263559341430664, ""roses"": 0.14627037942409515, ""sunflowers"": 0.3222959339618683, ""tulips"": 0.20350995659828186}"
run_20260827T012233Z,salt_pepper__strong__degraded,degraded,salt_pepper,strong,none,data/flower_photos/dandelion/10437652486_aa86c14985.jpg,94273f2a4deee3a4712be2e50b76c5c872d45c6d2a703ff1e7892d35964d4162,dandelion,sunflowers,0.5272770524024963,False,"{""daisy"": 0.12717773020267487, ""dandelion"": 0.15047051012516022, ""roses"": 0.09229084849357605, ""sunflowers"": 0.5272770524024963, ""tulips"": 0.10278381407260895}"
run_20260827T012233Z,salt_pepper__strong__degraded,degraded,salt_pepper,strong,none,data/flower_photos/dandelion/10683189_bd6e371b97.jpg,ba15d73ee9d036cc9df4a5e4b7dc9f7e350c481436f3be3ed980f8431abc3c22,dandelion,tulips,0.3824274241924286,False,"{""daisy"": 0.37955451011657715, ""dandelion"": 0.10130315274000168, ""roses"": 0.05796682462096214, ""sunflowers"": 0.07874815911054611, ""tulips"": 0.3824274241924286}"
run_20260827T012233Z,salt_pepper__strong__degraded,degraded,salt_pepper,strong,none,data/flower_photos/roses/10090824183_d02c613f10_m.jpg,6e42dd14083dcddd8d5db6d9893cca3ca3df9a95bd070d111ac3e2a87322ec90,roses,tulips,0.6830010414123535,False,"{""daisy"": 0.04973326623439789, ""dandelion"": 0.016564521938562393, ""roses"": 0.05555401369929314, ""sunflowers"": 0.19514721632003784, ""tulips"": 0.6830010414123535}"
run_20260827T012233Z,salt_pepper__strong__degraded,degraded,salt_pepper,strong,none,data/flower_photos/roses/10894627425_ec76bbc757_n.jpg,25d5b018c0e6d5b9e86bbfac035c20dc9a17ed32d856fd16d376d92c213bf2f8,roses,dandelion,0.37736523151397705,False,"{""daisy"": 0.27932223677635193, ""dandelion"": 0.37736523151397705, ""roses"": 0.03353679180145264, ""sunflowers"": 0.15598084032535553, ""tulips"": 0.15379486978054047}"
run_20260827T012233Z,salt_pepper__strong__degraded,degraded,salt_pepper,strong,none,data/flower_photos/sunflowers/10386503264_e05387e1f7_m.jpg,e098ce088c72aca881dffd3477e6b3717ad140f50b75c2f0704385ded683931f,sunflowers,sunflowers,0.38152799010276794,True,"{""daisy"": 0.1531989574432373, ""dandelion"": 0.12350760400295258, ""roses"": 0.2034568339586258, ""sunflowers"": 0.38152799010276794, ""tulips"": 0.138308584690094}"
run_20260827T012233Z,salt_pepper__strong__degraded,degraded,salt_pepper,strong,none,data/flower_photos/sunflowers/10386702973_e74a34c806_n.jpg,8fe6056c2366fe078569c42e750b841d9f49f867b3c3aef6b722306d72e30854,sunflowers,daisy,0.33136796951293945,False,"{""daisy"": 0.33136796951293945, ""dandelion"": 0.09381735324859619, ""roses"": 0.10172737389802933, ""sunflowers"": 0.23968569934368134, ""tulips"": 0.2334015965461731}"
run_20260827T012233Z,salt_pepper__strong__degraded,degraded,salt_pepper,strong,none,data/flower_photos/tulips/10164073235_f29931d91e.jpg,b8b2e5b1105af49e200e73695ec4b57b48fe5846a4f9e353d5ba7386d0acc512,tulips,dandelion,0.3199746012687683,False,"{""daisy"": 0.1601463407278061, ""dandelion"": 0.3199746012687683, ""roses"": 0.19814632833003998, ""sunflowers"": 0.18853457272052765, ""tulips"": 0.13319817185401917}"
run_20260827T012233Z,salt_pepper__strong__degraded,degraded,salt_pepper,strong,none,data/flower_photos/tulips/110147301_ad921e2828.jpg,3bd20b288dd03e4392cf90f1ec82cdb4448315ccc14183accd2abe695f5d04f7,tulips,sunflowers,0.36226460337638855,False,"{""daisy"": 0.36136937141418457, ""dandelion"": 0.05979106202721596, ""roses"": 0.09030892699956894, ""sunflowers"": 0.36226460337638855, ""tulips"": 0.12626607716083527}"
run_20260827T012233Z,salt_pepper__strong__median_filter,enhanced,salt_pepper,strong,median_filter,data/flower_photos/daisy/10172379554_b296050f82_n.jpg,9d28fe37d384974429e51febd82380e2ae17aed72dd59fb3ff938fa519bc4cc6,daisy,dandelion,0.2951968312263489,False,"{""daisy"": 0.08837427943944931, ""dandelion"": 0.2951968312263489, ""roses"": 0.27172181010246277, ""sunflowers"": 0.1256718635559082, ""tulips"": 0.21903519332408905}"
run_20260827T012233Z,salt_pepper__strong__median_filter,enhanced,salt_pepper,strong,median_filter,data/flower_photos/daisy/102841525_bd6628ae3c.jpg,1adc5dbb8ba26a8d3d915ef8dc285241eb4d6e3e31cb2bbdcd04fc655f879c59,daisy,sunflowers,0.5402026176452637,False,"{""daisy"": 0.07513769716024399, ""dandelion"": 0.062494147568941116, ""roses"": 0.19122809171676636, ""sunflowers"": 0.5402026176452637, ""tulips"": 0.1309373527765274}"
run_20260827T012233Z,salt_pepper__strong__median_filter,enhanced,salt_pepper,strong,median_filter,data/flower_photos/dandelion/10437652486_aa86c14985.jpg,94273f2a4deee3a4712be2e50b76c5c872d45c6d2a703ff1e7892d35964d4162,dandelion,dandelion,0.35065704584121704,True,"{""daisy"": 0.23902712762355804, ""dandelion"": 0.35065704584121704, ""roses"": 0.12916678190231323, ""sunflowers"": 0.22310911118984222, ""tulips"": 0.05803991109132767}"
run_20260827T012233Z,salt_pepper__strong__median_filter,enhanced,salt_pepper,strong,median_filter,data/flower_photos/dandelion/10683189_bd6e371b97.jpg,ba15d73ee9d036cc9df4a5e4b7dc9f7e350c481436f3be3ed980f8431abc3c22,dandelion,tulips,0.3486694097518921,False,"{""daisy"": 0.10953660309314728, ""dandelion"": 0.21804364025592804, ""roses"": 0.1550559103488922, ""sunflowers"": 0.16869451105594635, ""tulips"": 0.3486694097518921}"
run_20260827T012233Z,salt_pepper__strong__median_filter,enhanced,salt_pepper,strong,median_filter,data/flower_photos/roses/10090824183_d02c613f10_m.jpg,6e42dd14083dcddd8d5db6d9893cca3ca3df9a95bd070d111ac3e2a87322ec90,roses,sunflowers,0.5889254808425903,False,"{""daisy"": 0.06547779589891434, ""dandelion"": 0.03131745383143425, ""roses"": 0.14158499240875244, ""sunflowers"": 0.5889254808425903, ""tulips"": 0.17269428074359894}"
run_20260827T012233Z,salt_pepper__strong__median_filter,enhanced,salt_pepper,strong,median_filter,data/flower_photos/roses/10894627425_ec76bbc757_n.jpg,25d5b018c0e6d5b9e86bbfac035c20dc9a17ed32d856fd16d376d92c213bf2f8,roses,dandelion,0.4085468649864197,False,"{""daisy"": 0.1526087075471878, ""dandelion"": 0.4085468649864197, ""roses"": 0.1722690761089325, ""sunflowers"": 0.1902369260787964, ""tulips"": 0.07633839547634125}"
run_20260827T012233Z,salt_pepper__strong__median_filter,enhanced,salt_pepper,strong,median_filter,data/flower_photos/sunflowers/10386503264_e05387e1f7_m.jpg,e098ce088c72aca881dffd3477e6b3717ad140f50b75c2f0704385ded683931f,sunflowers,sunflowers,0.7599543333053589,True,"{""daisy"": 0.05833137780427933, ""dandelion"": 0.03469141200184822, ""roses"": 0.12350597977638245, ""sunflowers"": 0.7599543333053589, ""tulips"": 0.023516908288002014}"
run_20260827T012233Z,salt_pepper__strong__median_filter,enhanced,salt_pepper,strong,median_filter,data/flower_photos/sunflowers/10386702973_e74a34c806_n.jpg,8fe6056c2366fe078569c42e750b841d9f49f867b3c3aef6b722306d72e30854,sunflowers,roses,0.30305391550064087,False,"{""daisy"": 0.11517754197120667, ""dandelion"": 0.2596883475780487, ""roses"": 0.30305391550064087, ""sunflowers"": 0.26980504393577576, ""tulips"": 0.052275143563747406}"
run_20260827T012233Z,salt_pepper__strong__median_filter,enhanced,salt_pepper,strong,median_filter,data/flower_photos/tulips/10164073235_f29931d91e.jpg,b8b2e5b1105af49e200e73695ec4b57b48fe5846a4f9e353d5ba7386d0acc512,tulips,dandelion,0.4495714604854584,False,"{""daisy"": 0.17995861172676086, ""dandelion"": 0.4495714604854584, ""roses"": 0.18708062171936035, ""sunflowers"": 0.09963248670101166, ""tulips"": 0.08375689387321472}"
run_20260827T012233Z,salt_pepper__strong__median_filter,enhanced,salt_pepper,strong,median_filter,data/flower_photos/tulips/110147301_ad921e2828.jpg,3bd20b288dd03e4392cf90f1ec82cdb4448315ccc14183accd2abe695f5d04f7,tulips,dandelion,0.31668221950531006,False,"{""daisy"": 0.13043154776096344, ""dandelion"": 0.31668221950531006, ""roses"": 0.1874322146177292, ""sunflowers"": 0.2172917127609253, ""tulips"": 0.1481623351573944}"
run_20260827T012233Z,salt_pepper__strong__gaussian_filter,enhanced,salt_pepper,strong,gaussian_filter,data/flower_photos/daisy/10172379554_b296050f82_n.jpg,9d28fe37d384974429e51febd82380e2ae17aed72dd59fb3ff938fa519bc4cc6,daisy,tulips,0.7430474162101746,False,"{""daisy"": 0.06410887092351913, ""dandelion"": 0.07567448914051056, ""roses"": 0.03284376487135887, ""sunflowers"": 0.0843254029750824, ""tulips"": 0.7430474162101746}"
run_20260827T012233Z,salt_pepper__strong__gaussian_filter,enhanced,salt_pepper,strong,gaussian_filter,data/flower_photos/daisy/102841525_bd6628ae3c.jpg,1adc5dbb8ba26a8d3d915ef8dc285241eb4d6e3e31cb2bbdcd04fc655f879c59,daisy,dandelion,0.46936365962028503,False,"{""daisy"": 0.023545561358332634, ""dandelion"": 0.46936365962028503, ""roses"": 0.07461978495121002, ""sunflowers"": 0.29477235674858093, ""tulips"": 0.1376987248659134}"
run_20260827T012233Z,salt_pepper__strong__gaussian_filter,enhanced,salt_pepper,strong,gaussian_filter,data/flower_photos/dandelion/10437652486_aa86c14985.jpg,94273f2a4deee3a4712be2e50b76c5c872d45c6d2a703ff1e7892d35964d4162,dandelion,dandelion,0.38935697078704834,True,"{""daisy"": 0.16181476414203644, ""dandelion"": 0.38935697078704834, ""roses"": 0.09213210642337799, ""sunflowers"": 0.26460203528404236, ""tulips"": 0.09209410101175308}"
run_20260827T012233Z,salt_pepper__strong__gaussian_filter,enhanced,salt_pepper,strong,gaussian_filter,data/flower_photos/dandelion/10683189_bd6e371b97.jpg,ba15d73ee9d036cc9df4a5e4b7dc9f7e350c481436f3be3ed980f8431abc3c22,dandelion,dandelion,0.3824326992034912,True,"{""daisy"": 0.21353687345981598, ""dandelion"": 0.3824326992034912, ""roses"": 0.07357855886220932, ""sunflowers"": 0.05263969302177429, ""tulips"": 0.2778122127056122}"
run_20260827T012233Z,salt_pepper__strong__gaussian_filter,enhanced,salt_pepper,strong,gaussian_filter,data/flower_photos/roses/10090824183_d02c613f10_m.jpg,6e42dd14083dcddd8d5db6d9893cca3ca3df9a95bd070d111ac3e2a87322ec90,roses,sunflowers,0.5919936299324036,False,"{""daisy"": 0.035876382142305374, ""dandelion"": 0.0848522037267685, ""roses"": 0.09890468418598175, ""sunflowers"": 0.5919936299324036, ""tulips"": 0.1883731335401535}"
run_20260827T012233Z,salt_pepper__strong__gaussian_filter,enhanced,salt_pepper,strong,gaussian_filter,data/flower_photos/roses/10894627425_ec76bbc757_n.jpg,25d5b018c0e6d5b9e86bbfac035c20dc9a17ed32d856fd16d376d92c213bf2f8,roses,dandelion,0.3885537385940552,False,"{""daisy"": 0.14239540696144104, ""dandelion"": 0.3885537385940552, ""roses"": 0.10728496313095093, ""sunflowers"": 0.06025300920009613, ""tulips"": 0.30151283740997314}"
run_20260827T012233Z,salt_pepper__strong__gaussian_filter,enhanced,salt_pepper,strong,gaussian_filter,data/flower_photos/sunflowers/10386503264_e05387e1f7_m.jpg,e098ce088c72aca881dffd3477e6b3717ad140f50b75c2f0704385ded683931f,sunflowers,sunflowers,0.5387179851531982,True,"{""daisy"": 0.056636273860931396, ""dandelion"": 0.18517382442951202, ""roses"": 0.15279124677181244, ""sunflowers"": 0.5387179851531982, ""tulips"": 0.06668064743280411}"
run_20260827T012233Z,salt_pepper__strong__gaussian_filter,enhanced,salt_pepper,strong,gaussian_filter,data/flower_photos/sunflowers/10386702973_e74a34c806_n.jpg,8fe6056c2366fe078569c42e750b841d9f49f867b3c3aef6b722306d72e30854,sunflowers,sunflowers,0.32841071486473083,True,"{""daisy"": 0.20691628754138947, ""dandelion"": 0.1476026475429535, ""roses"": 0.08650915324687958, ""sunflowers"": 0.32841071486473083, ""tulips"": 0.23056118190288544}"
run_20260827T012233Z,salt_pepper__strong__gaussian_filter,enhanced,salt_pepper,strong,gaussian_filter,data/flower_photos/tulips/10164073235_f29931d91e.jpg,b8b2e5b1105af49e200e73695ec4b57b48fe5846a4f9e353d5ba7386d0acc512,tulips,tulips,0.47817325592041016,True,"{""daisy"": 0.12102699279785156, ""dandelion"": 0.15969742834568024, ""roses"": 0.1334981620311737, ""sunflowers"": 0.10760417580604553, ""tulips"": 0.47817325592041016}"
run_20260827T012233Z,salt_pepper__strong__gaussian_filter,enhanced,salt_pepper,strong,gaussian_filter,data/flower_photos/tulips/110147301_ad921e2828.jpg,3bd20b288dd03e4392cf90f1ec82cdb4448315ccc14183accd2abe695f5d04f7,tulips,dandelion,0.3714565932750702,False,"{""daisy"": 0.11296224594116211, ""dandelion"": 0.3714565932750702, ""roses"": 0.22205258905887604, ""sunflowers"": 0.2064521312713623, ""tulips"": 0.08707645535469055}"
run_20260827T012233Z,gaussian_blur__light__degraded,degraded,gaussian_blur,light,none,data/flower_photos/daisy/10172379554_b296050f82_n.jpg,9d28fe37d384974429e51febd82380e2ae17aed72dd59fb3ff938fa519bc4cc6,daisy,tulips,0.69820237159729,False,"{""daisy"": 0.12136948853731155, ""dandelion"": 0.08903021365404129, ""roses"": 0.029993733391165733, ""sunflowers"": 0.06140422448515892, ""tulips"": 0.69820237159729}"
run_20260827T012233Z,gaussian_blur__light__degraded,degraded,gaussian_blur,light,none,data/flower_photos/daisy/102841525_bd6628ae3c.jpg,1adc5dbb8ba26a8d3d915ef8dc285241eb4d6e3e31cb2bbdcd04fc655f879c59,daisy,sunflowers,0.49717965722084045,False,"{""daisy"": 0.1829233169555664, ""dandelion"": 0.0603741817176342, ""roses"": 0.07733529806137085, ""sunflowers"": 0.49717965722084045, ""tulips"": 0.18218758702278137}"
run_20260827T012233Z,gaussian_blur__light__degraded,degraded,gaussian_blur,light,none,data/flower_photos/dandelion/10437652486_aa86c14985.jpg,94273f2a4deee3a4712be2e50b76c5c872d45c6d2a703ff1e7892d35964d4162,dandelion,dandelion,0.4257349371910095,True,"{""daisy"": 0.14409945905208588, ""dandelion"": 0.4257349371910095, ""roses"": 0.06944549083709717, ""sunflowers"": 0.17740245163440704, ""tulips"": 0.18331760168075562}"
run_20260827T012233Z,gaussian_blur__light__degraded,degraded,gaussian_blur,light,none,data/flower_photos/dandelion/10683189_bd6e371b97.jpg,ba15d73ee9d036cc9df4a5e4b7dc9f7e350c481436f3be3ed980f8431abc3c22,dandelion,tulips,0.4102868437767029,False,"{""daisy"": 0.2489454299211502, ""dandelion"": 0.16576558351516724, ""roses"": 0.07236804068088531, ""sunflowers"": 0.10263416916131973, ""tulips"": 0.4102868437767029}"
run_20260827T012233Z,gaussian_blur__light__degraded,degraded,gaussian_blur,light,none,data/flower_photos/roses/10090824183_d02c613f10_m.jpg,6e42dd14083dcddd8d5db6d9893cca3ca3df9a95bd070d111ac3e2a87322ec90,roses,sunflowers,0.4652406871318817,False,"{""daisy"": 0.05151912942528725, ""dandelion"": 0.028399033471941948, ""roses"": 0.06794382631778717, ""sunflowers"": 0.4652406871318817, ""tulips"": 0.3868972659111023}"
run_20260827T012233Z,gaussian_blur__light__degraded,degraded,gaussian_blur,light,none,data/flower_photos/roses/10894627425_ec76bbc757_n.jpg,25d5b018c0e6d5b9e86bbfac035c20dc9a17ed32d856fd16d376d92c213bf2f8,roses,dandelion,0.4395853579044342,False,"{""daisy"": 0.13226722180843353, ""dandelion"": 0.4395853579044342, ""roses"": 0.020670870319008827, ""sunflowers"": 0.06220458820462227, ""tulips"": 0.345272034406662}"
run_20260827T012233Z,gaussian_blur__light__degraded,degraded,gaussian_blur,light,none,data/flower_photos/sunflowers/10386503264_e05387e1f7_m.jpg,e098ce088c72aca881dffd3477e6b3717ad140f50b75c2f0704385ded683931f,sunflowers,sunflowers,0.5586844086647034,True,"{""daisy"": 0.20269837975502014, ""dandelion"": 0.031740494072437286, ""roses"": 0.1280212551355362, ""sunflowers"": 0.5586844086647034, ""tulips"": 0.07885554432868958}"
run_20260827T012233Z,gaussian_blur__light__degraded,degraded,gaussian_blur,light,none,data/flower_photos/sunflowers/10386702973_e74a34c806_n.jpg,8fe6056c2366fe078569c42e750b841d9f49f867b3c3aef6b722306d72e30854,sunflowers,tulips,0.3458077609539032,False,"{""daisy"": 0.15915349125862122, ""dandelion"": 0.09617418050765991, ""roses"": 0.05776846408843994, ""sunflowers"": 0.3410961329936981, ""tulips"": 0.3458077609539032}"
run_20260827T012233Z,gaussian_blur__light__degraded,degraded,gaussian_blur,light,none,data/flower_photos/tulips/10164073235_f29931d91e.jpg,b8b2e5b1105af49e200e73695ec4b57b48fe5846a4f9e353d5ba7386d0acc512,tulips,tulips,0.316590279340744,True,"{""daisy"": 0.3046671748161316, ""dandelion"": 0.15953251719474792, ""roses"": 0.10237899422645569, ""sunflowers"": 0.1168309822678566, ""tulips"": 0.316590279340744}"
run_20260827T012233Z,gaussian_blur__light__degraded,degraded,gaussian_blur,light,none,data/flower_photos/tulips/110147301_ad921e2828.jpg,3bd20b288dd03e4392cf90f1ec82cdb4448315ccc14183accd2abe695f5d04f7,tulips,daisy,0.27186349034309387,False,"{""daisy"": 0.27186349034309387, ""dandelion"": 0.22656315565109253, ""roses"": 0.11414358019828796, ""sunflowers"": 0.223051518201828, ""tulips"": 0.16437824070453644}"
run_20260827T012233Z,gaussian_blur__light__unsharp_mask,enhanced,gaussian_blur,light,unsharp_mask,data/flower_photos/daisy/10172379554_b296050f82_n.jpg,9d28fe37d384974429e51febd82380e2ae17aed72dd59fb3ff938fa519bc4cc6,daisy,tulips,0.5756658315658569,False,"{""daisy"": 0.19386713206768036, ""dandelion"": 0.1054164469242096, ""roses"": 0.046950142830610275, ""sunflowers"": 0.07810039818286896, ""tulips"": 0.5756658315658569}"
run_20260827T012233Z,gaussian_blur__light__unsharp_mask,enhanced,gaussian_blur,light,unsharp_mask,data/flower_photos/daisy/102841525_bd6628ae3c.jpg,1adc5dbb8ba26a8d3d915ef8dc285241eb4d6e3e31cb2bbdcd04fc655f879c59,daisy,sunflowers,0.5277870893478394,False,"{""daisy"": 0.18633310496807098, ""dandelion"": 0.04994230717420578, ""roses"": 0.07455258071422577, ""sunflowers"": 0.5277870893478394, ""tulips"": 0.16138491034507751}"
run_20260827T012233Z,gaussian_blur__light__unsharp_mask,enhanced,gaussian_blur,light,unsharp_mask,data/flower_photos/dandelion/10437652486_aa86c14985.jpg,94273f2a4deee3a4712be2e50b76c5c872d45c6d2a703ff1e7892d35964d4162,dandelion,dandelion,0.4970804750919342,True,"{""daisy"": 0.12229406088590622, ""dandelion"": 0.4970804750919342, ""roses"": 0.0572289414703846, ""sunflowers"": 0.17740151286125183, ""tulips"": 0.14599506556987762}"
run_20260827T012233Z,gaussian_blur__light__unsharp_mask,enhanced,gaussian_blur,light,unsharp_mask,data/flower_photos/dandelion/10683189_bd6e371b97.jpg,ba15d73ee9d036cc9df4a5e4b7dc9f7e350c481436f3be3ed980f8431abc3c22,dandelion,daisy,0.3761281669139862,False,"{""daisy"": 0.3761281669139862, ""dandelion"": 0.15333066880702972, ""roses"": 0.039687998592853546, ""sunflowers"": 0.08937609195709229, ""tulips"": 0.34147709608078003}"
run_20260827T012233Z,gaussian_blur__light__unsharp_mask,enhanced,gaussian_blur,light,unsharp_mask,data/flower_photos/roses/10090824183_d02c613f10_m.jpg,6e42dd14083dcddd8d5db6d9893cca3ca3df9a95bd070d111ac3e2a87322ec90,roses,tulips,0.5915220379829407,False,"{""daisy"": 0.05058229714632034, ""dandelion"": 0.020224304869771004, ""roses"": 0.04558423161506653, ""sunflowers"": 0.2920871376991272, ""tulips"": 0.5915220379829407}"
run_20260827T012233Z,gaussian_blur__light__unsharp_mask,enhanced,gaussian_blur,light,unsharp_mask,data/flower_photos/roses/10894627425_ec76bbc757_n.jpg,25d5b018c0e6d5b9e86bbfac035c20dc9a17ed32d856fd16d376d92c213bf2f8,roses,tulips,0.4925580322742462,False,"{""daisy"": 0.07791110873222351, ""dandelion"": 0.2747872769832611, ""roses"": 0.011960364878177643, ""sunflowers"": 0.14278317987918854, ""tulips"": 0.4925580322742462}"
run_20260827T012233Z,gaussian_blur__light__unsharp_mask,enhanced,gaussian_blur,light,unsharp_mask,data/flower_photos/sunflowers/10386503264_e05387e1f7_m.jpg,e098ce088c72aca881dffd3477e6b3717ad140f50b75c2f0704385ded683931f,sunflowers,sunflowers,0.6021524667739868,True,"{""daisy"": 0.2143678367137909, ""dandelion"": 0.02694295346736908, ""roses"": 0.09344540536403656, ""sunflowers"": 0.6021524667739868, ""tulips"": 0.06309136748313904}"
run_20260827T012233Z,gaussian_blur__light__unsharp_mask,enhanced,gaussian_blur,light,unsharp_mask,data/flower_photos/sunflowers/10386702973_e74a34c806_n.jpg,8fe6056c2366fe078569c42e750b841d9f49f867b3c3aef6b722306d72e30854,sunflowers,tulips,0.3805925250053406,False,"{""daisy"": 0.16073757410049438, ""dandelion"": 0.05910547077655792, ""roses"": 0.05721027031540871, ""sunflowers"": 0.34235408902168274, ""tulips"": 0.3805925250053406}"
run_20260827T012233Z,gaussian_blur__light__unsharp_mask,enhanced,gaussian_blur,light,unsharp_mask,data/flower_photos/tulips/10164073235_f29931d91e.jpg,b8b2e5b1105af49e200e73695ec4b57b48fe5846a4f9e353d5ba7386d0acc512,tulips,tulips,0.44574427604675293,True,"{""daisy"": 0.1504969298839569, ""dandelion"": 0.20906394720077515, ""roses"": 0.044712260365486145, ""sunflowers"": 0.14998258650302887, ""tulips"": 0.44574427604675293}"
run_20260827T012233Z,gaussian_blur__light__unsharp_mask,enhanced,gaussian_blur,light,unsharp_mask,data/flower_photos/tulips/110147301_ad921e2828.jpg,3bd20b288dd03e4392cf90f1ec82cdb4448315ccc14183accd2abe695f5d04f7,tulips,tulips,0.2762719392776489,True,"{""daisy"": 0.18939492106437683, ""dandelion"": 0.1914495825767517, ""roses"": 0.09740476310253143, ""sunflowers"": 0.2454788088798523, ""tulips"": 0.2762719392776489}"
run_20260827T012233Z,gaussian_blur__light__sharpening,enhanced,gaussian_blur,light,sharpening,data/flower_photos/daisy/10172379554_b296050f82_n.jpg,9d28fe37d384974429e51febd82380e2ae17aed72dd59fb3ff938fa519bc4cc6,daisy,tulips,0.6077096462249756,False,"{""daisy"": 0.17381501197814941, ""dandelion"": 0.11573989689350128, ""roses"": 0.04212503507733345, ""sunflowers"": 0.06061043217778206, ""tulips"": 0.6077096462249756}"
run_20260827T012233Z,gaussian_blur__light__sharpening,enhanced,gaussian_blur,light,sharpening,data/flower_photos/daisy/102841525_bd6628ae3c.jpg,1adc5dbb8ba26a8d3d915ef8dc285241eb4d6e3e31cb2bbdcd04fc655f879c59,daisy,sunflowers,0.5001463294029236,False,"{""daisy"": 0.193296417593956, ""dandelion"": 0.04830237850546837, ""roses"": 0.07761634886264801, ""sunflowers"": 0.5001463294029236, ""tulips"": 0.1806386113166809}"
run_20260827T012233Z,gaussian_blur__light__sharpening,enhanced,gaussian_blur,light,sharpening,data/flower_photos/dandelion/10437652486_aa86c14985.jpg,94273f2a4deee3a4712be2e50b76c5c872d45c6d2a703ff1e7892d35964d4162,dandelion,dandelion,0.5273122787475586,True,"{""daisy"": 0.09172274172306061, ""dandelion"": 0.5273122787475586, ""roses"": 0.05401726812124252, ""sunflowers"": 0.13476388156414032, ""tulips"": 0.19218385219573975}"
run_20260827T012233Z,gaussian_blur__light__sharpening,enhanced,gaussian_blur,light,sharpening,data/flower_photos/dandelion/10683189_bd6e371b97.jpg,ba15d73ee9d036cc9df4a5e4b7dc9f7e350c481436f3be3ed980f8431abc3c22,dandelion,tulips,0.374546617269516,False,"{""daisy"": 0.28819239139556885, ""dandelion"": 0.1607254296541214, ""roses"": 0.062407609075307846, ""sunflowers"": 0.11412804573774338, ""tulips"": 0.374546617269516}"
run_20260827T012233Z,gaussian_blur__light__sharpening,enhanced,gaussian_blur,light,sharpening,data/flower_photos/roses/10090824183_d02c613f10_m.jpg,6e42dd14083dcddd8d5db6d9893cca3ca3df9a95bd070d111ac3e2a87322ec90,roses,tulips,0.4836445152759552,False,"{""daisy"": 0.04889608919620514, ""dandelion"": 0.02344258688390255, ""roses"": 0.04427235946059227, ""sunflowers"": 0.3997444808483124, ""tulips"": 0.4836445152759552}"
run_20260827T012233Z,gaussian_blur__light__sharpening,enhanced,gaussian_blur,light,sharpening,data/flower_photos/roses/10894627425_ec76bbc757_n.jpg,25d5b018c0e6d5b9e86bbfac035c20dc9a17ed32d856fd16d376d92c213bf2f8,roses,dandelion,0.41234296560287476,False,"{""daisy"": 0.10135914385318756, ""dandelion"": 0.41234296560287476, ""roses"": 0.011054174974560738, ""sunflowers"": 0.09334205836057663, ""tulips"": 0.38190165162086487}"
run_20260827T012233Z,gaussian_blur__light__sharpening,enhanced,gaussian_blur,light,sharpening,data/flower_photos/sunflowers/10386503264_e05387e1f7_m.jpg,e098ce088c72aca881dffd3477e6b3717ad140f50b75c2f0704385ded683931f,sunflowers,sunflowers,0.552858829498291,True,"{""daisy"": 0.23327070474624634, ""dandelion"": 0.02550150640308857, ""roses"": 0.11311142146587372, ""sunflowers"": 0.552858829498291, ""tulips"": 0.07525758445262909}"
run_20260827T012233Z,gaussian_blur__light__sharpening,enhanced,gaussian_blur,light,sharpening,data/flower_photos/sunflowers/10386702973_e74a34c806_n.jpg,8fe6056c2366fe078569c42e750b841d9f49f867b3c3aef6b722306d72e30854,sunflowers,tulips,0.3709365427494049,False,"{""daisy"": 0.17377331852912903, ""dandelion"": 0.0668288916349411, ""roses"": 0.07609840482473373, ""sunflowers"": 0.3123628497123718, ""tulips"": 0.3709365427494049}"
run_20260827T012233Z,gaussian_blur__light__sharpening,enhanced,gaussian_blur,light,sharpening,data/flower_photos/tulips/10164073235_f29931d91e.jpg,b8b2e5b1105af49e200e73695ec4b57b48fe5846a4f9e353d5ba7386d0acc512,tulips,tulips,0.37340518832206726,True,"{""daisy"": 0.2037467360496521, ""dandelion"": 0.21360130608081818, ""roses"": 0.0642075166106224, ""sunflowers"": 0.14503923058509827, ""tulips"": 0.37340518832206726}"
run_20260827T012233Z,gaussian_blur__light__sharpening,enhanced,gaussian_blur,light,sharpening,data/flower_photos/tulips/110147301_ad921e2828.jpg,3bd20b288dd03e4392cf90f1ec82cdb4448315ccc14183accd2abe695f5d04f7,tulips,sunflowers,0.275397926568985,False,"{""daisy"": 0.1902025192975998, ""dandelion"": 0.18259762227535248, ""roses"": 0.13302719593048096, ""sunflowers"": 0.275397926568985, ""tulips"": 0.2187747061252594}"
run_20260827T012233Z,gaussian_blur__medium__degraded,degraded,gaussian_blur,medium,none,data/flower_photos/daisy/10172379554_b296050f82_n.jpg,9d28fe37d384974429e51febd82380e2ae17aed72dd59fb3ff938fa519bc4cc6,daisy,tulips,0.7542935609817505,False,"{""daisy"": 0.12592385709285736, ""dandelion"": 0.06667955964803696, ""roses"": 0.020718690007925034, ""sunflowers"": 0.03238422051072121, ""tulips"": 0.7542935609817505}"
run_20260827T012233Z,gaussian_blur__medium__degraded,degraded,gaussian_blur,medium,none,data/flower_photos/daisy/102841525_bd6628ae3c.jpg,1adc5dbb8ba26a8d3d915ef8dc285241eb4d6e3e31cb2bbdcd04fc655f879c59,daisy,sunflowers,0.45115914940834045,False,"{""daisy"": 0.1435195654630661, ""dandelion"": 0.10501064360141754, ""roses"": 0.1170232817530632, ""sunflowers"": 0.45115914940834045, ""tulips"": 0.18328729271888733}"
run_20260827T012233Z,gaussian_blur__medium__degraded,degraded,gaussian_blur,medium,none,data/flower_photos/dandelion/10437652486_aa86c14985.jpg,94273f2a4deee3a4712be2e50b76c5c872d45c6d2a703ff1e7892d35964d4162,dandelion,dandelion,0.32119399309158325,True,"{""daisy"": 0.2062087059020996, ""dandelion"": 0.32119399309158325, ""roses"": 0.07465768605470657, ""sunflowers"": 0.2697297930717468, ""tulips"": 0.12820981442928314}"
run_20260827T012233Z,gaussian_blur__medium__degraded,degraded,gaussian_blur,medium,none,data/flower_photos/dandelion/10683189_bd6e371b97.jpg,ba15d73ee9d036cc9df4a5e4b7dc9f7e350c481436f3be3ed980f8431abc3c22,dandelion,dandelion,0.34105515480041504,True,"{""daisy"": 0.16572332382202148, ""dandelion"": 0.34105515480041504, ""roses"": 0.06920839846134186, ""sunflowers"": 0.18949222564697266, ""tulips"": 0.23452089726924896}"
run_20260827T012233Z,gaussian_blur__medium__degraded,degraded,gaussian_blur,medium,none,data/flower_photos/roses/10090824183_d02c613f10_m.jpg,6e42dd14083dcddd8d5db6d9893cca3ca3df9a95bd070d111ac3e2a87322ec90,roses,sunflowers,0.4449642300605774,False,"{""daisy"": 0.07482921332120895, ""dandelion"": 0.02585788257420063, ""roses"": 0.11876583099365234, ""sunflowers"": 0.4449642300605774, ""tulips"": 0.33558282256126404}"
run_20260827T012233Z,gaussian_blur__medium__degraded,degraded,gaussian_blur,medium,none,data/flower_photos/roses/10894627425_ec76bbc757_n.jpg,25d5b018c0e6d5b9e86bbfac035c20dc9a17ed32d856fd16d376d92c213bf2f8,roses,tulips,0.3563598692417145,False,"{""daisy"": 0.13355089724063873, ""dandelion"": 0.35137996077537537, ""roses"": 0.033704888075590134, ""sunflowers"": 0.12500441074371338, ""tulips"": 0.3563598692417145}"
run_20260827T012233Z,gaussian_blur__medium__degraded,degraded,gaussian_blur,medium,none,data/flower_photos/sunflowers/10386503264_e05387e1f7_m.jpg,e098ce088c72aca881dffd3477e6b3717ad140f50b75c2f0704385ded683931f,sunflowers,sunflowers,0.5324352979660034,True,"{""daisy"": 0.13958513736724854, ""dandelion"": 0.05920951068401337, ""roses"": 0.19421318173408508, ""sunflowers"": 0.5324352979660034, ""tulips"": 0.0745568498969078}"
run_20260827T012233Z,gaussian_blur__medium__degraded,degraded,gaussian_blur,medium,none,data/flower_photos/sunflowers/10386702973_e74a34c806_n.jpg,8fe6056c2366fe078569c42e750b841d9f49f867b3c3aef6b722306d72e30854,sunflowers,sunflowers,0.4015823006629944,True,"{""daisy"": 0.21087239682674408, ""dandelion"": 0.11693211644887924, ""roses"": 0.05682327598333359, ""sunflowers"": 0.4015823006629944, ""tulips"": 0.21378988027572632}"
run_20260827T012233Z,gaussian_blur__medium__degraded,degraded,gaussian_blur,medium,none,data/flower_photos/tulips/10164073235_f29931d91e.jpg,b8b2e5b1105af49e200e73695ec4b57b48fe5846a4f9e353d5ba7386d0acc512,tulips,tulips,0.3681330978870392,True,"{""daisy"": 0.24688073992729187, ""dandelion"": 0.20079419016838074, ""roses"": 0.06570255011320114, ""sunflowers"": 0.11848938465118408, ""tulips"": 0.3681330978870392}"
run_20260827T012233Z,gaussian_blur__medium__degraded,degraded,gaussian_blur,medium,none,data/flower_photos/tulips/110147301_ad921e2828.jpg,3bd20b288dd03e4392cf90f1ec82cdb4448315ccc14183accd2abe695f5d04f7,tulips,dandelion,0.2795022428035736,False,"{""daisy"": 0.24513980746269226, ""dandelion"": 0.2795022428035736, ""roses"": 0.08006975799798965, ""sunflowers"": 0.23003695905208588, ""tulips"": 0.1652512103319168}"
run_20260827T012233Z,gaussian_blur__medium__unsharp_mask,enhanced,gaussian_blur,medium,unsharp_mask,data/flower_photos/daisy/10172379554_b296050f82_n.jpg,9d28fe37d384974429e51febd82380e2ae17aed72dd59fb3ff938fa519bc4cc6,daisy,tulips,0.7441582083702087,False,"{""daisy"": 0.1276002824306488, ""dandelion"": 0.07394212484359741, ""roses"": 0.019649427384138107, ""sunflowers"": 0.03464997559785843, ""tulips"": 0.7441582083702087}"
run_20260827T012233Z,gaussian_blur__medium__unsharp_mask,enhanced,gaussian_blur,medium,unsharp_mask,data/flower_photos/daisy/102841525_bd6628ae3c.jpg,1adc5dbb8ba26a8d3d915ef8dc285241eb4d6e3e31cb2bbdcd04fc655f879c59,daisy,sunflowers,0.4583844244480133,False,"{""daisy"": 0.20340250432491302, ""dandelion"": 0.09537863731384277, ""roses"": 0.09383661299943924, ""sunflowers"": 0.4583844244480133, ""tulips"": 0.14899782836437225}"
run_20260827T012233Z,gaussian_blur__medium__unsharp_mask,enhanced,gaussian_blur,medium,unsharp_mask,data/flower_photos/dandelion/10437652486_aa86c14985.jpg,94273f2a4deee3a4712be2e50b76c5c872d45c6d2a703ff1e7892d35964d4162,dandelion,dandelion,0.3118179738521576,True,"{""daisy"": 0.18710564076900482, ""dandelion"": 0.3118179738521576, ""roses"": 0.076962411403656, ""sunflowers"": 0.28645825386047363, ""tulips"": 0.13765573501586914}"
run_20260827T012233Z,gaussian_blur__medium__unsharp_mask,enhanced,gaussian_blur,medium,unsharp_mask,data/flower_photos/dandelion/10683189_bd6e371b97.jpg,ba15d73ee9d036cc9df4a5e4b7dc9f7e350c481436f3be3ed980f8431abc3c22,dandelion,dandelion,0.28709402680397034,True,"{""daisy"": 0.1803329437971115, ""dandelion"": 0.28709402680397034, ""roses"": 0.09001855552196503, ""sunflowers"": 0.1654568761587143, ""tulips"": 0.2770977020263672}"
run_20260827T012233Z,gaussian_blur__medium__unsharp_mask,enhanced,gaussian_blur,medium,unsharp_mask,data/flower_photos/roses/10090824183_d02c613f10_m.jpg,6e42dd14083dcddd8d5db6d9893cca3ca3df9a95bd070d111ac3e2a87322ec90,roses,sunflowers,0.4180625081062317,False,"{""daisy"": 0.08593791723251343, ""dandelion"": 0.03507469594478607, ""roses"": 0.10813218355178833, ""sunflowers"": 0.4180625081062317, ""tulips"": 0.3527927100658417}"
run_20260827T012233Z,gaussian_blur__medium__unsharp_mask,enhanced,gaussian_blur,medium,unsharp_mask,data/flower_photos/roses/10894627425_ec76bbc757_n.jpg,25d5b018c0e6d5b9e86bbfac035c20dc9a17ed32d856fd16d376d92c213bf2f8,roses,dandelion,0.37235015630722046,False,"{""daisy"": 0.11596344411373138, ""dandelion"": 0.37235015630722046, ""roses"": 0.03111964277923107, ""sunflowers"": 0.11527067422866821, ""tulips"": 0.3652961552143097}"
run_20260827T012233Z,gaussian_blur__medium__unsharp_mask,enhanced,gaussian_blur,medium,unsharp_mask,data/flower_photos/sunflowers/10386503264_e05387e1f7_m.jpg,e098ce088c72aca881dffd3477e6b3717ad140f50b75c2f0704385ded683931f,sunflowers,sunflowers,0.5462560057640076,True,"{""daisy"": 0.16140928864479065, ""dandelion"": 0.0490342378616333, ""roses"": 0.163380429148674, ""sunflowers"": 0.5462560057640076, ""tulips"": 0.07992006093263626}"
run_20260827T012233Z,gaussian_blur__medium__unsharp_mask,enhanced,gaussian_blur,medium,unsharp_mask,data/flower_photos/sunflowers/10386702973_e74a34c806_n.jpg,8fe6056c2366fe078569c42e750b841d9f49f867b3c3aef6b722306d72e30854,sunflowers,sunflowers,0.41020217537879944,True,"{""daisy"": 0.18941594660282135, ""dandelion"": 0.1114247515797615, ""roses"": 0.0527690052986145, ""sunflowers"": 0.41020217537879944, ""tulips"": 0.2361880987882614}"
run_20260827T012233Z,gaussian_blur__medium__unsharp_mask,enhanced,gaussian_blur,medium,unsharp_mask,data/flower_photos/tulips/10164073235_f29931d91e.jpg,b8b2e5b1105af49e200e73695ec4b57b48fe5846a4f9e353d5ba7386d0acc512,tulips,tulips,0.4016006886959076,True,"{""daisy"": 0.23987120389938354, ""dandelion"": 0.1743018925189972, ""roses"": 0.06551746279001236, ""sunflowers"": 0.11870868504047394, ""tulips"": 0.4016006886959076}"
run_20260827T012233Z,gaussian_blur__medium__unsharp_mask,enhanced,gaussian_blur,medium,unsharp_mask,data/flower_photos/tulips/110147301_ad921e2828.jpg,3bd20b288dd03e4392cf90f1ec82cdb4448315ccc14183accd2abe695f5d04f7,tulips,dandelion,0.32273393869400024,False,"{""daisy"": 0.249912291765213, ""dandelion"": 0.32273393869400024, ""roses"": 0.07508337497711182, ""sunflowers"": 0.20406614243984222, ""tulips"": 0.1482042819261551}"
run_20260827T012233Z,gaussian_blur__medium__sharpening,enhanced,gaussian_blur,medium,sharpening,data/flower_photos/daisy/10172379554_b296050f82_n.jpg,9d28fe37d384974429e51febd82380e2ae17aed72dd59fb3ff938fa519bc4cc6,daisy,tulips,0.7479493618011475,False,"{""daisy"": 0.12295212596654892, ""dandelion"": 0.0722595751285553, ""roses"": 0.020042404532432556, ""sunflowers"": 0.03679651767015457, ""tulips"": 0.7479493618011475}"
run_20260827T012233Z,gaussian_blur__medium__sharpening,enhanced,gaussian_blur,medium,sharpening,data/flower_photos/daisy/102841525_bd6628ae3c.jpg,1adc5dbb8ba26a8d3d915ef8dc285241eb4d6e3e31cb2bbdcd04fc655f879c59,daisy,sunflowers,0.4560575783252716,False,"{""daisy"": 0.21960513293743134, ""dandelion"": 0.09317691624164581, ""roses"": 0.0926235020160675, ""sunflowers"": 0.4560575783252716, ""tulips"": 0.13853691518306732}"
run_20260827T012233Z,gaussian_blur__medium__sharpening,enhanced,gaussian_blur,medium,sharpening,data/flower_photos/dandelion/10437652486_aa86c14985.jpg,94273f2a4deee3a4712be2e50b76c5c872d45c6d2a703ff1e7892d35964d4162,dandelion,dandelion,0.33047014474868774,True,"{""daisy"": 0.17619018256664276, ""dandelion"": 0.33047014474868774, ""roses"": 0.07476844638586044, ""sunflowers"": 0.29216018319129944, ""tulips"": 0.12641100585460663}"
run_20260827T012233Z,gaussian_blur__medium__sharpening,enhanced,gaussian_blur,medium,sharpening,data/flower_photos/dandelion/10683189_bd6e371b97.jpg,ba15d73ee9d036cc9df4a5e4b7dc9f7e350c481436f3be3ed980f8431abc3c22,dandelion,tulips,0.28448307514190674,False,"{""daisy"": 0.1855253130197525, ""dandelion"": 0.2745203673839569, ""roses"": 0.0950389951467514, ""sunflowers"": 0.16043224930763245, ""tulips"": 0.28448307514190674}"
run_20260827T012233Z,gaussian_blur__medium__sharpening,enhanced,gaussian_blur,medium,sharpening,data/flower_photos/roses/10090824183_d02c613f10_m.jpg,6e42dd14083dcddd8d5db6d9893cca3ca3df9a95bd070d111ac3e2a87322ec90,roses,sunflowers,0.39830732345581055,False,"{""daisy"": 0.09550195187330246, ""dandelion"": 0.0366596095263958, ""roses"": 0.1077539473772049, ""sunflowers"": 0.39830732345581055, ""tulips"": 0.3617771863937378}"
run_20260827T012233Z,gaussian_blur__medium__sharpening,enhanced,gaussian_blur,medium,sharpening,data/flower_photos/roses/10894627425_ec76bbc757_n.jpg,25d5b018c0e6d5b9e86bbfac035c20dc9a17ed32d856fd16d376d92c213bf2f8,roses,dandelion,0.3864366412162781,False,"{""daisy"": 0.12202086299657822, ""dandelion"": 0.3864366412162781, ""roses"": 0.03066617250442505, ""sunflowers"": 0.1141931489109993, ""tulips"": 0.34668320417404175}"
run_20260827T012233Z,gaussian_blur__medium__sharpening,enhanced,gaussian_blur,medium,sharpening,data/flower_photos/sunflowers/10386503264_e05387e1f7_m.jpg,e098ce088c72aca881dffd3477e6b3717ad140f50b75c2f0704385ded683931f,sunflowers,sunflowers,0.5476927161216736,True,"{""daisy"": 0.16479477286338806, ""dandelion"": 0.046417295932769775, ""roses"": 0.1607961803674698, ""sunflowers"": 0.5476927161216736, ""tulips"": 0.0802990198135376}"
run_20260827T012233Z,gaussian_blur__medium__sharpening,enhanced,gaussian_blur,medium,sharpening,data/flower_photos/sunflowers/10386702973_e74a34c806_n.jpg,8fe6056c2366fe078569c42e750b841d9f49f867b3c3aef6b722306d72e30854,sunflowers,sunflowers,0.3975847363471985,True,"{""daisy"": 0.18774381279945374, ""dandelion"": 0.11481036245822906, ""roses"": 0.052228815853595734, ""sunflowers"": 0.3975847363471985, ""tulips"": 0.2476322203874588}"
run_20260827T012233Z,gaussian_blur__medium__sharpening,enhanced,gaussian_blur,medium,sharpening,data/flower_photos/tulips/10164073235_f29931d91e.jpg,b8b2e5b1105af49e200e73695ec4b57b48fe5846a4f9e353d5ba7386d0acc512,tulips,tulips,0.38492047786712646,True,"{""daisy"": 0.2528785467147827, ""dandelion"": 0.17480412125587463, ""roses"": 0.06840617209672928, ""sunflowers"": 0.11899072676897049, ""tulips"": 0.38492047786712646}"
run_20260827T012233Z,gaussian_blur__medium__sharpening,enhanced,gaussian_blur,medium,sharpening,data/flower_photos/tulips/110147301_ad921e2828.jpg,3bd20b288dd03e4392cf90f1ec82cdb4448315ccc14183accd2abe695f5d04f7,tulips,dandelion,0.31833088397979736,False,"{""daisy"": 0.26004758477211, ""dandelion"": 0.31833088397979736, ""roses"": 0.07388889044523239, ""sunflowers"": 0.2125360071659088, ""tulips"": 0.13519662618637085}"
run_20260827T012233Z,gaussian_blur__strong__degraded,degraded,gaussian_blur,strong,none,data/flower_photos/daisy/10172379554_b296050f82_n.jpg,9d28fe37d384974429e51febd82380e2ae17aed72dd59fb3ff938fa519bc4cc6,daisy,tulips,0.6708803176879883,False,"{""daisy"": 0.13352704048156738, ""dandelion"": 0.07797136157751083, ""roses"": 0.05190545320510864, ""sunflowers"": 0.06571581214666367, ""tulips"": 0.6708803176879883}"
run_20260827T012233Z,gaussian_blur__strong__degraded,degraded,gaussian_blur,strong,none,data/flower_photos/daisy/102841525_bd6628ae3c.jpg,1adc5dbb8ba26a8d3d915ef8dc285241eb4d6e3e31cb2bbdcd04fc655f879c59,daisy,tulips,0.3763260543346405,False,"{""daisy"": 0.0413910448551178, ""dandelion"": 0.1683206856250763, ""roses"": 0.09709054976701736, ""sunflowers"": 0.31687167286872864, ""tulips"": 0.3763260543346405}"
run_20260827T012233Z,gaussian_blur__strong__degraded,degraded,gaussian_blur,strong,none,data/flower_photos/dandelion/10437652486_aa86c14985.jpg,94273f2a4deee3a4712be2e50b76c5c872d45c6d2a703ff1e7892d35964d4162,dandelion,daisy,0.4700000584125519,False,"{""daisy"": 0.4700000584125519, ""dandelion"": 0.3329486548900604, ""roses"": 0.07187245786190033, ""sunflowers"": 0.10346206277608871, ""tulips"": 0.021716702729463577}"
run_20260827T012233Z,gaussian_blur__strong__degraded,degraded,gaussian_blur,strong,none,data/flower_photos/dandelion/10683189_bd6e371b97.jpg,ba15d73ee9d036cc9df4a5e4b7dc9f7e350c481436f3be3ed980f8431abc3c22,dandelion,dandelion,0.375430166721344,True,"{""daisy"": 0.09585123509168625, ""dandelion"": 0.375430166721344, ""roses"": 0.04918470233678818, ""sunflowers"": 0.22916100919246674, ""tulips"": 0.25037282705307007}"
run_20260827T012233Z,gaussian_blur__strong__degraded,degraded,gaussian_blur,strong,none,data/flower_photos/roses/10090824183_d02c613f10_m.jpg,6e42dd14083dcddd8d5db6d9893cca3ca3df9a95bd070d111ac3e2a87322ec90,roses,sunflowers,0.5429156422615051,False,"{""daisy"": 0.08599445223808289, ""dandelion"": 0.028749506920576096, ""roses"": 0.16875679790973663, ""sunflowers"": 0.5429156422615051, ""tulips"": 0.17358359694480896}"
run_20260827T012233Z,gaussian_blur__strong__degraded,degraded,gaussian_blur,strong,none,data/flower_photos/roses/10894627425_ec76bbc757_n.jpg,25d5b018c0e6d5b9e86bbfac035c20dc9a17ed32d856fd16d376d92c213bf2f8,roses,daisy,0.4044284522533417,False,"{""daisy"": 0.4044284522533417, ""dandelion"": 0.2032015323638916, ""roses"": 0.04949682205915451, ""sunflowers"": 0.10981032252311707, ""tulips"": 0.23306292295455933}"
run_20260827T012233Z,gaussian_blur__strong__degraded,degraded,gaussian_blur,strong,none,data/flower_photos/sunflowers/10386503264_e05387e1f7_m.jpg,e098ce088c72aca881dffd3477e6b3717ad140f50b75c2f0704385ded683931f,sunflowers,sunflowers,0.7661660313606262,True,"{""daisy"": 0.02278280444443226, ""dandelion"": 0.08303045481443405, ""roses"": 0.09398011118173599, ""sunflowers"": 0.7661660313606262, ""tulips"": 0.034040551632642746}"
run_20260827T012233Z,gaussian_blur__strong__degraded,degraded,gaussian_blur,strong,none,data/flower_photos/sunflowers/10386702973_e74a34c806_n.jpg,8fe6056c2366fe078569c42e750b841d9f49f867b3c3aef6b722306d72e30854,sunflowers,dandelion,0.5132665038108826,False,"{""daisy"": 0.15788939595222473, ""dandelion"": 0.5132665038108826, ""roses"": 0.03467284142971039, ""sunflowers"": 0.21202440559864044, ""tulips"": 0.08214689046144485}"
run_20260827T012233Z,gaussian_blur__strong__degraded,degraded,gaussian_blur,strong,none,data/flower_photos/tulips/10164073235_f29931d91e.jpg,b8b2e5b1105af49e200e73695ec4b57b48fe5846a4f9e353d5ba7386d0acc512,tulips,tulips,0.3746308386325836,True,"{""daisy"": 0.18904508650302887, ""dandelion"": 0.21453188359737396, ""roses"": 0.09378872066736221, ""sunflowers"": 0.12800344824790955, ""tulips"": 0.3746308386325836}"
run_20260827T012233Z,gaussian_blur__strong__degraded,degraded,gaussian_blur,strong,none,data/flower_photos/tulips/110147301_ad921e2828.jpg,3bd20b288dd03e4392cf90f1ec82cdb4448315ccc14183accd2abe695f5d04f7,tulips,daisy,0.2945815622806549,False,"{""daisy"": 0.2945815622806549, ""dandelion"": 0.1752697229385376, ""roses"": 0.10063030570745468, ""sunflowers"": 0.22011399269104004, ""tulips"": 0.20940439403057098}"
run_20260827T012233Z,gaussian_blur__strong__unsharp_mask,enhanced,gaussian_blur,strong,unsharp_mask,data/flower_photos/daisy/10172379554_b296050f82_n.jpg,9d28fe37d384974429e51febd82380e2ae17aed72dd59fb3ff938fa519bc4cc6,daisy,tulips,0.4321804642677307,False,"{""daisy"": 0.30566319823265076, ""dandelion"": 0.10395147651433945, ""roses"": 0.06451447308063507, ""sunflowers"": 0.09369036555290222, ""tulips"": 0.4321804642677307}"
run_20260827T012233Z,gaussian_blur__strong__unsharp_mask,enhanced,gaussian_blur,strong,unsharp_mask,data/flower_photos/daisy/102841525_bd6628ae3c.jpg,1adc5dbb8ba26a8d3d915ef8dc285241eb4d6e3e31cb2bbdcd04fc655f879c59,daisy,tulips,0.32848966121673584,False,"{""daisy"": 0.04619504138827324, ""dandelion"": 0.2124243676662445, ""roses"": 0.1047157272696495, ""sunflowers"": 0.3081752359867096, ""tulips"": 0.32848966121673584}"
run_20260827T012233Z,gaussian_blur__strong__unsharp_mask,enhanced,gaussian_blur,strong,unsharp_mask,data/flower_photos/dandelion/10437652486_aa86c14985.jpg,94273f2a4deee3a4712be2e50b76c5c872d45c6d2a703ff1e7892d35964d4162,dandelion,daisy,0.4916467070579529,False,"{""daisy"": 0.4916467070579529, ""dandelion"": 0.34584489464759827, ""roses"": 0.05680748447775841, ""sunflowers"": 0.09315840154886246, ""tulips"": 0.01254248432815075}"
run_20260827T012233Z,gaussian_blur__strong__unsharp_mask,enhanced,gaussian_blur,strong,unsharp_mask,data/flower_photos/dandelion/10683189_bd6e371b97.jpg,ba15d73ee9d036cc9df4a5e4b7dc9f7e350c481436f3be3ed980f8431abc3c22,dandelion,sunflowers,0.2707619071006775,False,"{""daisy"": 0.11663147062063217, ""dandelion"": 0.26891982555389404, ""roses"": 0.12088406831026077, ""sunflowers"": 0.2707619071006775, ""tulips"": 0.22280271351337433}"
run_20260827T012233Z,gaussian_blur__strong__unsharp_mask,enhanced,gaussian_blur,strong,unsharp_mask,data/flower_photos/roses/10090824183_d02c613f10_m.jpg,6e42dd14083dcddd8d5db6d9893cca3ca3df9a95bd070d111ac3e2a87322ec90,roses,sunflowers,0.38694584369659424,False,"{""daisy"": 0.13361380994319916, ""dandelion"": 0.039727091789245605, ""roses"": 0.1179027184844017, ""sunflowers"": 0.38694584369659424, ""tulips"": 0.3218104839324951}"
run_20260827T012233Z,gaussian_blur__strong__unsharp_mask,enhanced,gaussian_blur,strong,unsharp_mask,data/flower_photos/roses/10894627425_ec76bbc757_n.jpg,25d5b018c0e6d5b9e86bbfac035c20dc9a17ed32d856fd16d376d92c213bf2f8,roses,daisy,0.3605605661869049,False,"{""daisy"": 0.3605605661869049, ""dandelion"": 0.2727659046649933, ""roses"": 0.036732692271471024, ""sunflowers"": 0.16534672677516937, ""tulips"": 0.1645941138267517}"
run_20260827T012233Z,gaussian_blur__strong__unsharp_mask,enhanced,gaussian_blur,strong,unsharp_mask,data/flower_photos/sunflowers/10386503264_e05387e1f7_m.jpg,e098ce088c72aca881dffd3477e6b3717ad140f50b75c2f0704385ded683931f,sunflowers,sunflowers,0.610151469707489,True,"{""daisy"": 0.08212737739086151, ""dandelion"": 0.05642760917544365, ""roses"": 0.17041730880737305, ""sunflowers"": 0.610151469707489, ""tulips"": 0.08087613433599472}"
run_20260827T012233Z,gaussian_blur__strong__unsharp_mask,enhanced,gaussian_blur,strong,unsharp_mask,data/flower_photos/sunflowers/10386702973_e74a34c806_n.jpg,8fe6056c2366fe078569c42e750b841d9f49f867b3c3aef6b722306d72e30854,sunflowers,daisy,0.335479736328125,False,"{""daisy"": 0.335479736328125, ""dandelion"": 0.29512855410575867, ""roses"": 0.035130392760038376, ""sunflowers"": 0.20372289419174194, ""tulips"": 0.13053837418556213}"
run_20260827T012233Z,gaussian_blur__strong__unsharp_mask,enhanced,gaussian_blur,strong,unsharp_mask,data/flower_photos/tulips/10164073235_f29931d91e.jpg,b8b2e5b1105af49e200e73695ec4b57b48fe5846a4f9e353d5ba7386d0acc512,tulips,dandelion,0.3040369153022766,False,"{""daisy"": 0.2535152733325958, ""dandelion"": 0.3040369153022766, ""roses"": 0.09459896385669708, ""sunflowers"": 0.1735621988773346, ""tulips"": 0.17428670823574066}"
run_20260827T012233Z,gaussian_blur__strong__unsharp_mask,enhanced,gaussian_blur,strong,unsharp_mask,data/flower_photos/tulips/110147301_ad921e2828.jpg,3bd20b288dd03e4392cf90f1ec82cdb4448315ccc14183accd2abe695f5d04f7,tulips,daisy,0.24534361064434052,False,"{""daisy"": 0.24534361064434052, ""dandelion"": 0.2440228909254074, ""roses"": 0.07175979018211365, ""sunflowers"": 0.2031734585762024, ""tulips"": 0.23570027947425842}"
run_20260827T012233Z,gaussian_blur__strong__sharpening,enhanced,gaussian_blur,strong,sharpening,data/flower_photos/daisy/10172379554_b296050f82_n.jpg,9d28fe37d384974429e51febd82380e2ae17aed72dd59fb3ff938fa519bc4cc6,daisy,tulips,0.4625930190086365,False,"{""daisy"": 0.28957757353782654, ""dandelion"": 0.09019392728805542, ""roses"": 0.08114559203386307, ""sunflowers"": 0.07648992538452148, ""tulips"": 0.4625930190086365}"
run_20260827T012233Z,gaussian_blur__strong__sharpening,enhanced,gaussian_blur,strong,sharpening,data/flower_photos/daisy/102841525_bd6628ae3c.jpg,1adc5dbb8ba26a8d3d915ef8dc285241eb4d6e3e31cb2bbdcd04fc655f879c59,daisy,sunflowers,0.382241427898407,False,"{""daisy"": 0.04294295236468315, ""dandelion"": 0.1957497000694275, ""roses"": 0.1166653037071228, ""sunflowers"": 0.382241427898407, ""tulips"": 0.2624005377292633}"
run_20260827T012233Z,gaussian_blur__strong__sharpening,enhanced,gaussian_blur,strong,sharpening,data/flower_photos/dandelion/10437652486_aa86c14985.jpg,94273f2a4deee3a4712be2e50b76c5c872d45c6d2a703ff1e7892d35964d4162,dandelion,dandelion,0.4268606901168823,True,"{""daisy"": 0.40790238976478577, ""dandelion"": 0.4268606901168823, ""roses"": 0.04880779609084129, ""sunflowers"": 0.10367842763662338, ""tulips"": 0.012750686146318913}"
run_20260827T012233Z,gaussian_blur__strong__sharpening,enhanced,gaussian_blur,strong,sharpening,data/flower_photos/dandelion/10683189_bd6e371b97.jpg,ba15d73ee9d036cc9df4a5e4b7dc9f7e350c481436f3be3ed980f8431abc3c22,dandelion,dandelion,0.3169154226779938,True,"{""daisy"": 0.11519315838813782, ""dandelion"": 0.3169154226779938, ""roses"": 0.07756548374891281, ""sunflowers"": 0.2877638339996338, ""tulips"": 0.2025621086359024}"
run_20260827T012233Z,gaussian_blur__strong__sharpening,enhanced,gaussian_blur,strong,sharpening,data/flower_photos/roses/10090824183_d02c613f10_m.jpg,6e42dd14083dcddd8d5db6d9893cca3ca3df9a95bd070d111ac3e2a87322ec90,roses,sunflowers,0.4834003746509552,False,"{""daisy"": 0.12073281407356262, ""dandelion"": 0.0385463610291481, ""roses"": 0.14423035085201263, ""sunflowers"": 0.4834003746509552, ""tulips"": 0.21309007704257965}"
run_20260827T012233Z,gaussian_blur__strong__sharpening,enhanced,gaussian_blur,strong,sharpening,data/flower_photos/roses/10894627425_ec76bbc757_n.jpg,25d5b018c0e6d5b9e86bbfac035c20dc9a17ed32d856fd16d376d92c213bf2f8,roses,daisy,0.4492964744567871,False,"{""daisy"": 0.4492964744567871, ""dandelion"": 0.21883149445056915, ""roses"": 0.053411442786455154, ""sunflowers"": 0.16365358233451843, ""tulips"": 0.11480700224637985}"
run_20260827T012233Z,gaussian_blur__strong__sharpening,enhanced,gaussian_blur,strong,sharpening,data/flower_photos/sunflowers/10386503264_e05387e1f7_m.jpg,e098ce088c72aca881dffd3477e6b3717ad140f50b75c2f0704385ded683931f,sunflowers,sunflowers,0.6730701327323914,True,"{""daisy"": 0.058280833065509796, ""dandelion"": 0.07415536791086197, ""roses"": 0.12891413271427155, ""sunflowers"": 0.6730701327323914, ""tulips"": 0.06557948887348175}"
run_20260827T012233Z,gaussian_blur__strong__sharpening,enhanced,gaussian_blur,strong,sharpening,data/flower_photos/sunflowers/10386702973_e74a34c806_n.jpg,8fe6056c2366fe078569c42e750b841d9f49f867b3c3aef6b722306d72e30854,sunflowers,dandelion,0.41838231682777405,False,"{""daisy"": 0.2226632833480835, ""dandelion"": 0.41838231682777405, ""roses"": 0.03806561604142189, ""sunflowers"": 0.21817874908447266, ""tulips"": 0.10271003097295761}"
run_20260827T012233Z,gaussian_blur__strong__sharpening,enhanced,gaussian_blur,strong,sharpening,data/flower_photos/tulips/10164073235_f29931d91e.jpg,b8b2e5b1105af49e200e73695ec4b57b48fe5846a4f9e353d5ba7386d0acc512,tulips,daisy,0.27035847306251526,False,"{""daisy"": 0.27035847306251526, ""dandelion"": 0.2556990683078766, ""roses"": 0.10787707567214966, ""sunflowers"": 0.17619454860687256, ""tulips"": 0.18987080454826355}"
run_20260827T012233Z,gaussian_blur__strong__sharpening,enhanced,gaussian_blur,strong,sharpening,data/flower_photos/tulips/110147301_ad921e2828.jpg,3bd20b288dd03e4392cf90f1ec82cdb4448315ccc14183accd2abe695f5d04f7,tulips,daisy,0.25021108984947205,False,"{""daisy"": 0.25021108984947205, ""dandelion"": 0.2327382117509842, ""roses"": 0.08833831548690796, ""sunflowers"": 0.22126929461956024, ""tulips"": 0.20744308829307556}"
run_20260827T012233Z,color_cast__light__degraded,degraded,color_cast,light,none,data/flower_photos/daisy/10172379554_b296050f82_n.jpg,9d28fe37d384974429e51febd82380e2ae17aed72dd59fb3ff938fa519bc4cc6,daisy,tulips,0.46860799193382263,False,"{""daisy"": 0.166753351688385, ""dandelion"": 0.09227705001831055, ""roses"": 0.1415865570306778, ""sunflowers"": 0.13077504932880402, ""tulips"": 0.46860799193382263}"
run_20260827T012233Z,color_cast__light__degraded,degraded,color_cast,light,none,data/flower_photos/daisy/102841525_bd6628ae3c.jpg,1adc5dbb8ba26a8d3d915ef8dc285241eb4d6e3e31cb2bbdcd04fc655f879c59,daisy,sunflowers,0.6182167530059814,False,"{""daisy"": 0.10666222125291824, ""dandelion"": 0.02412305772304535, ""roses"": 0.13015422224998474, ""sunflowers"": 0.6182167530059814, ""tulips"": 0.12084368616342545}"
run_20260827T012233Z,color_cast__light__degraded,degraded,color_cast,light,none,data/flower_photos/dandelion/10437652486_aa86c14985.jpg,94273f2a4deee3a4712be2e50b76c5c872d45c6d2a703ff1e7892d35964d4162,dandelion,dandelion,0.501894474029541,True,"{""daisy"": 0.07131621986627579, ""dandelion"": 0.501894474029541, ""roses"": 0.09858466684818268, ""sunflowers"": 0.16450078785419464, ""tulips"": 0.1637038141489029}"
run_20260827T012233Z,color_cast__light__degraded,degraded,color_cast,light,none,data/flower_photos/dandelion/10683189_bd6e371b97.jpg,ba15d73ee9d036cc9df4a5e4b7dc9f7e350c481436f3be3ed980f8431abc3c22,dandelion,tulips,0.40747517347335815,False,"{""daisy"": 0.16204111278057098, ""dandelion"": 0.14733238518238068, ""roses"": 0.1365620195865631, ""sunflowers"": 0.14658933877944946, ""tulips"": 0.40747517347335815}"
run_20260827T012233Z,color_cast__light__degraded,degraded,color_cast,light,none,data/flower_photos/roses/10090824183_d02c613f10_m.jpg,6e42dd14083dcddd8d5db6d9893cca3ca3df9a95bd070d111ac3e2a87322ec90,roses,sunflowers,0.46583792567253113,False,"{""daisy"": 0.047322630882263184, ""dandelion"": 0.01840830408036709, ""roses"": 0.035026147961616516, ""sunflowers"": 0.46583792567253113, ""tulips"": 0.4334050714969635}"
run_20260827T012233Z,color_cast__light__degraded,degraded,color_cast,light,none,data/flower_photos/roses/10894627425_ec76bbc757_n.jpg,25d5b018c0e6d5b9e86bbfac035c20dc9a17ed32d856fd16d376d92c213bf2f8,roses,dandelion,0.32084882259368896,False,"{""daisy"": 0.10796893388032913, ""dandelion"": 0.32084882259368896, ""roses"": 0.07362755388021469, ""sunflowers"": 0.2777091860771179, ""tulips"": 0.2198454588651657}"
run_20260827T012233Z,color_cast__light__degraded,degraded,color_cast,light,none,data/flower_photos/sunflowers/10386503264_e05387e1f7_m.jpg,e098ce088c72aca881dffd3477e6b3717ad140f50b75c2f0704385ded683931f,sunflowers,sunflowers,0.4594409465789795,True,"{""daisy"": 0.29118284583091736, ""dandelion"": 0.017918381839990616, ""roses"": 0.13259297609329224, ""sunflowers"": 0.4594409465789795, ""tulips"": 0.0988648384809494}"
run_20260827T012233Z,color_cast__light__degraded,degraded,color_cast,light,none,data/flower_photos/sunflowers/10386702973_e74a34c806_n.jpg,8fe6056c2366fe078569c42e750b841d9f49f867b3c3aef6b722306d72e30854,sunflowers,tulips,0.29452693462371826,False,"{""daisy"": 0.18381723761558533, ""dandelion"": 0.09630107134580612, ""roses"": 0.14088812470436096, ""sunflowers"": 0.28446662425994873, ""tulips"": 0.29452693462371826}"
run_20260827T012233Z,color_cast__light__degraded,degraded,color_cast,light,none,data/flower_photos/tulips/10164073235_f29931d91e.jpg,b8b2e5b1105af49e200e73695ec4b57b48fe5846a4f9e353d5ba7386d0acc512,tulips,daisy,0.310661256313324,False,"{""daisy"": 0.310661256313324, ""dandelion"": 0.19613327085971832, ""roses"": 0.13087207078933716, ""sunflowers"": 0.17440518736839294, ""tulips"": 0.1879281997680664}"
run_20260827T012233Z,color_cast__light__degraded,degraded,color_cast,light,none,data/flower_photos/tulips/110147301_ad921e2828.jpg,3bd20b288dd03e4392cf90f1ec82cdb4448315ccc14183accd2abe695f5d04f7,tulips,sunflowers,0.4504531919956207,False,"{""daisy"": 0.15926258265972137, ""dandelion"": 0.09764258563518524, ""roses"": 0.13799062371253967, ""sunflowers"": 0.4504531919956207, ""tulips"": 0.15465094149112701}"
run_20260827T012233Z,color_cast__light__rgb_balance,enhanced,color_cast,light,rgb_balance,data/flower_photos/daisy/10172379554_b296050f82_n.jpg,9d28fe37d384974429e51febd82380e2ae17aed72dd59fb3ff938fa519bc4cc6,daisy,tulips,0.47008606791496277,False,"{""daisy"": 0.1532212346792221, ""dandelion"": 0.11311355233192444, ""roses"": 0.14445655047893524, ""sunflowers"": 0.11912255734205246, ""tulips"": 0.47008606791496277}"
run_20260827T012233Z,color_cast__light__rgb_balance,enhanced,color_cast,light,rgb_balance,data/flower_photos/daisy/102841525_bd6628ae3c.jpg,1adc5dbb8ba26a8d3d915ef8dc285241eb4d6e3e31cb2bbdcd04fc655f879c59,daisy,sunflowers,0.5722225308418274,False,"{""daisy"": 0.10328707098960876, ""dandelion"": 0.025758691132068634, ""roses"": 0.11898022890090942, ""sunflowers"": 0.5722225308418274, ""tulips"": 0.17975148558616638}"
run_20260827T012233Z,color_cast__light__rgb_balance,enhanced,color_cast,light,rgb_balance,data/flower_photos/dandelion/10437652486_aa86c14985.jpg,94273f2a4deee3a4712be2e50b76c5c872d45c6d2a703ff1e7892d35964d4162,dandelion,dandelion,0.36870720982551575,True,"{""daisy"": 0.21953973174095154, ""dandelion"": 0.36870720982551575, ""roses"": 0.08313100039958954, ""sunflowers"": 0.09152591973543167, ""tulips"": 0.23709611594676971}"
run_20260827T012233Z,color_cast__light__rgb_balance,enhanced,color_cast,light,rgb_balance,data/flower_photos/dandelion/10683189_bd6e371b97.jpg,ba15d73ee9d036cc9df4a5e4b7dc9f7e350c481436f3be3ed980f8431abc3c22,dandelion,tulips,0.3249621093273163,False,"{""daisy"": 0.17975790798664093, ""dandelion"": 0.14682424068450928, ""roses"": 0.23134520649909973, ""sunflowers"": 0.11711059510707855, ""tulips"": 0.3249621093273163}"
run_20260827T012233Z,color_cast__light__rgb_balance,enhanced,color_cast,light,rgb_balance,data/flower_photos/roses/10090824183_d02c613f10_m.jpg,6e42dd14083dcddd8d5db6d9893cca3ca3df9a95bd070d111ac3e2a87322ec90,roses,sunflowers,0.5031344890594482,False,"{""daisy"": 0.05856584757566452, ""dandelion"": 0.02138582058250904, ""roses"": 0.04152321070432663, ""sunflowers"": 0.5031344890594482, ""tulips"": 0.3753906786441803}"
run_20260827T012233Z,color_cast__light__rgb_balance,enhanced,color_cast,light,rgb_balance,data/flower_photos/roses/10894627425_ec76bbc757_n.jpg,25d5b018c0e6d5b9e86bbfac035c20dc9a17ed32d856fd16d376d92c213bf2f8,roses,dandelion,0.2964451014995575,False,"{""daisy"": 0.11327921599149704, ""dandelion"": 0.2964451014995575, ""roses"": 0.10510028153657913, ""sunflowers"": 0.27541738748550415, ""tulips"": 0.20975807309150696}"
run_20260827T012233Z,color_cast__light__rgb_balance,enhanced,color_cast,light,rgb_balance,data/flower_photos/sunflowers/10386503264_e05387e1f7_m.jpg,e098ce088c72aca881dffd3477e6b3717ad140f50b75c2f0704385ded683931f,sunflowers,sunflowers,0.4519685208797455,True,"{""daisy"": 0.2839236557483673, ""dandelion"": 0.018282072618603706, ""roses"": 0.14201460778713226, ""sunflowers"": 0.4519685208797455, ""tulips"": 0.10381107777357101}"
run_20260827T012233Z,color_cast__light__rgb_balance,enhanced,color_cast,light,rgb_balance,data/flower_photos/sunflowers/10386702973_e74a34c806_n.jpg,8fe6056c2366fe078569c42e750b841d9f49f867b3c3aef6b722306d72e30854,sunflowers,tulips,0.3026531934738159,False,"{""daisy"": 0.19387207925319672, ""dandelion"": 0.09112469851970673, ""roses"": 0.1192212626338005, ""sunflowers"": 0.2931288480758667, ""tulips"": 0.3026531934738159}"
run_20260827T012233Z,color_cast__light__rgb_balance,enhanced,color_cast,light,rgb_balance,data/flower_photos/tulips/10164073235_f29931d91e.jpg,b8b2e5b1105af49e200e73695ec4b57b48fe5846a4f9e353d5ba7386d0acc512,tulips,daisy,0.2519294023513794,False,"{""daisy"": 0.2519294023513794, ""dandelion"": 0.24111546576023102, ""roses"": 0.17489184439182281, ""sunflowers"": 0.13685809075832367, ""tulips"": 0.19520516693592072}"
run_20260827T012233Z,color_cast__light__rgb_balance,enhanced,color_cast,light,rgb_balance,data/flower_photos/tulips/110147301_ad921e2828.jpg,3bd20b288dd03e4392cf90f1ec82cdb4448315ccc14183accd2abe695f5d04f7,tulips,tulips,0.4334455132484436,True,"{""daisy"": 0.13286125659942627, ""dandelion"": 0.1815781146287918, ""roses"": 0.13571828603744507, ""sunflowers"": 0.11639678478240967, ""tulips"": 0.4334455132484436}"
run_20260827T012233Z,color_cast__light__hsv_correction,enhanced,color_cast,light,hsv_correction,data/flower_photos/daisy/10172379554_b296050f82_n.jpg,9d28fe37d384974429e51febd82380e2ae17aed72dd59fb3ff938fa519bc4cc6,daisy,tulips,0.3614155054092407,False,"{""daisy"": 0.12426667660474777, ""dandelion"": 0.1017385795712471, ""roses"": 0.15810498595237732, ""sunflowers"": 0.2544742524623871, ""tulips"": 0.3614155054092407}"
run_20260827T012233Z,color_cast__light__hsv_correction,enhanced,color_cast,light,hsv_correction,data/flower_photos/daisy/102841525_bd6628ae3c.jpg,1adc5dbb8ba26a8d3d915ef8dc285241eb4d6e3e31cb2bbdcd04fc655f879c59,daisy,sunflowers,0.7078112363815308,False,"{""daisy"": 0.06933898478746414, ""dandelion"": 0.016662882640957832, ""roses"": 0.09470205008983612, ""sunflowers"": 0.7078112363815308, ""tulips"": 0.1114848330616951}"
run_20260827T012233Z,color_cast__light__hsv_correction,enhanced,color_cast,light,hsv_correction,data/flower_photos/dandelion/10437652486_aa86c14985.jpg,94273f2a4deee3a4712be2e50b76c5c872d45c6d2a703ff1e7892d35964d4162,dandelion,dandelion,0.3220224380493164,True,"{""daisy"": 0.06781786680221558, ""dandelion"": 0.3220224380493164, ""roses"": 0.12086085230112076, ""sunflowers"": 0.25856685638427734, ""tulips"": 0.23073193430900574}"
run_20260827T012233Z,color_cast__light__hsv_correction,enhanced,color_cast,light,hsv_correction,data/flower_photos/dandelion/10683189_bd6e371b97.jpg,ba15d73ee9d036cc9df4a5e4b7dc9f7e350c481436f3be3ed980f8431abc3c22,dandelion,tulips,0.49507802724838257,False,"{""daisy"": 0.12475995719432831, ""dandelion"": 0.11194008588790894, ""roses"": 0.12434583157300949, ""sunflowers"": 0.1438761055469513, ""tulips"": 0.49507802724838257}"
run_20260827T012233Z,color_cast__light__hsv_correction,enhanced,color_cast,light,hsv_correction,data/flower_photos/roses/10090824183_d02c613f10_m.jpg,6e42dd14083dcddd8d5db6d9893cca3ca3df9a95bd070d111ac3e2a87322ec90,roses,tulips,0.5174946784973145,False,"{""daisy"": 0.04109704867005348, ""dandelion"": 0.024206330999732018, ""roses"": 0.04326535016298294, ""sunflowers"": 0.37393656373023987, ""tulips"": 0.5174946784973145}"
run_20260827T012233Z,color_cast__light__hsv_correction,enhanced,color_cast,light,hsv_correction,data/flower_photos/roses/10894627425_ec76bbc757_n.jpg,25d5b018c0e6d5b9e86bbfac035c20dc9a17ed32d856fd16d376d92c213bf2f8,roses,dandelion,0.3187844753265381,False,"{""daisy"": 0.08106067776679993, ""dandelion"": 0.3187844753265381, ""roses"": 0.07549647241830826, ""sunflowers"": 0.26300668716430664, ""tulips"": 0.2616516947746277}"
run_20260827T012233Z,color_cast__light__hsv_correction,enhanced,color_cast,light,hsv_correction,data/flower_photos/sunflowers/10386503264_e05387e1f7_m.jpg,e098ce088c72aca881dffd3477e6b3717ad140f50b75c2f0704385ded683931f,sunflowers,sunflowers,0.4055599570274353,True,"{""daisy"": 0.24968095123767853, ""dandelion"": 0.022297119721770287, ""roses"": 0.19154730439186096, ""sunflowers"": 0.4055599570274353, ""tulips"": 0.13091464340686798}"
run_20260827T012233Z,color_cast__light__hsv_correction,enhanced,color_cast,light,hsv_correction,data/flower_photos/sunflowers/10386702973_e74a34c806_n.jpg,8fe6056c2366fe078569c42e750b841d9f49f867b3c3aef6b722306d72e30854,sunflowers,tulips,0.30608999729156494,False,"{""daisy"": 0.1915879249572754, ""dandelion"": 0.08968844264745712, ""roses"": 0.1320246160030365, ""sunflowers"": 0.28060904145240784, ""tulips"": 0.30608999729156494}"
run_20260827T012233Z,color_cast__light__hsv_correction,enhanced,color_cast,light,hsv_correction,data/flower_photos/tulips/10164073235_f29931d91e.jpg,b8b2e5b1105af49e200e73695ec4b57b48fe5846a4f9e353d5ba7386d0acc512,tulips,daisy,0.25580763816833496,False,"{""daisy"": 0.25580763816833496, ""dandelion"": 0.21481944620609283, ""roses"": 0.12630900740623474, ""sunflowers"": 0.1982518881559372, ""tulips"": 0.20481202006340027}"
run_20260827T012233Z,color_cast__light__hsv_correction,enhanced,color_cast,light,hsv_correction,data/flower_photos/tulips/110147301_ad921e2828.jpg,3bd20b288dd03e4392cf90f1ec82cdb4448315ccc14183accd2abe695f5d04f7,tulips,sunflowers,0.46655547618865967,False,"{""daisy"": 0.07132706046104431, ""dandelion"": 0.09252145141363144, ""roses"": 0.11991960555315018, ""sunflowers"": 0.46655547618865967, ""tulips"": 0.2496764361858368}"
run_20260827T012233Z,color_cast__light__lab_correction,enhanced,color_cast,light,lab_correction,data/flower_photos/daisy/10172379554_b296050f82_n.jpg,9d28fe37d384974429e51febd82380e2ae17aed72dd59fb3ff938fa519bc4cc6,daisy,tulips,0.4918758273124695,False,"{""daisy"": 0.1276790350675583, ""dandelion"": 0.08899001032114029, ""roses"": 0.14059104025363922, ""sunflowers"": 0.1508641242980957, ""tulips"": 0.4918758273124695}"
run_20260827T012233Z,color_cast__light__lab_correction,enhanced,color_cast,light,lab_correction,data/flower_photos/daisy/102841525_bd6628ae3c.jpg,1adc5dbb8ba26a8d3d915ef8dc285241eb4d6e3e31cb2bbdcd04fc655f879c59,daisy,sunflowers,0.6017823815345764,False,"{""daisy"": 0.11019378900527954, ""dandelion"": 0.02852204442024231, ""roses"": 0.13419762253761292, ""sunflowers"": 0.6017823815345764, ""tulips"": 0.1253042221069336}"
run_20260827T012233Z,color_cast__light__lab_correction,enhanced,color_cast,light,lab_correction,data/flower_photos/dandelion/10437652486_aa86c14985.jpg,94273f2a4deee3a4712be2e50b76c5c872d45c6d2a703ff1e7892d35964d4162,dandelion,dandelion,0.40528199076652527,True,"{""daisy"": 0.06437042355537415, ""dandelion"": 0.40528199076652527, ""roses"": 0.11931286007165909, ""sunflowers"": 0.17271602153778076, ""tulips"": 0.23831868171691895}"
run_20260827T012233Z,color_cast__light__lab_correction,enhanced,color_cast,light,lab_correction,data/flower_photos/dandelion/10683189_bd6e371b97.jpg,ba15d73ee9d036cc9df4a5e4b7dc9f7e350c481436f3be3ed980f8431abc3c22,dandelion,tulips,0.34887826442718506,False,"{""daisy"": 0.17457105219364166, ""dandelion"": 0.17966017127037048, ""roses"": 0.14444194734096527, ""sunflowers"": 0.1524486094713211, ""tulips"": 0.34887826442718506}"
run_20260827T012233Z,color_cast__light__lab_correction,enhanced,color_cast,light,lab_correction,data/flower_photos/roses/10090824183_d02c613f10_m.jpg,6e42dd14083dcddd8d5db6d9893cca3ca3df9a95bd070d111ac3e2a87322ec90,roses,sunflowers,0.5059144496917725,False,"{""daisy"": 0.06231298670172691, ""dandelion"": 0.018692005425691605, ""roses"": 0.038735296577215195, ""sunflowers"": 0.5059144496917725, ""tulips"": 0.3743452727794647}"
run_20260827T012233Z,color_cast__light__lab_correction,enhanced,color_cast,light,lab_correction,data/flower_photos/roses/10894627425_ec76bbc757_n.jpg,25d5b018c0e6d5b9e86bbfac035c20dc9a17ed32d856fd16d376d92c213bf2f8,roses,sunflowers,0.3175182640552521,False,"{""daisy"": 0.09989430755376816, ""dandelion"": 0.24842099845409393, ""roses"": 0.088683120906353, ""sunflowers"": 0.3175182640552521, ""tulips"": 0.2454833835363388}"
run_20260827T012233Z,color_cast__light__lab_correction,enhanced,color_cast,light,lab_correction,data/flower_photos/sunflowers/10386503264_e05387e1f7_m.jpg,e098ce088c72aca881dffd3477e6b3717ad140f50b75c2f0704385ded683931f,sunflowers,sunflowers,0.45940637588500977,True,"{""daisy"": 0.22978755831718445, ""dandelion"": 0.021572502329945564, ""roses"": 0.14855259656906128, ""sunflowers"": 0.45940637588500977, ""tulips"": 0.1406809389591217}"
run_20260827T012233Z,color_cast__light__lab_correction,enhanced,color_cast,light,lab_correction,data/flower_photos/sunflowers/10386702973_e74a34c806_n.jpg,8fe6056c2366fe078569c42e750b841d9f49f867b3c3aef6b722306d72e30854,sunflowers,sunflowers,0.3578266203403473,True,"{""daisy"": 0.1664925366640091, ""dandelion"": 0.09916981309652328, ""roses"": 0.14540715515613556, ""sunflowers"": 0.3578266203403473, ""tulips"": 0.2311038374900818}"
run_20260827T012233Z,color_cast__light__lab_correction,enhanced,color_cast,light,lab_correction,data/flower_photos/tulips/10164073235_f29931d91e.jpg,b8b2e5b1105af49e200e73695ec4b57b48fe5846a4f9e353d5ba7386d0acc512,tulips,daisy,0.22351807355880737,False,"{""daisy"": 0.22351807355880737, ""dandelion"": 0.21384640038013458, ""roses"": 0.1478804349899292, ""sunflowers"": 0.1955801397562027, ""tulips"": 0.21917501091957092}"
run_20260827T012233Z,color_cast__light__lab_correction,enhanced,color_cast,light,lab_correction,data/flower_photos/tulips/110147301_ad921e2828.jpg,3bd20b288dd03e4392cf90f1ec82cdb4448315ccc14183accd2abe695f5d04f7,tulips,sunflowers,0.4587438702583313,False,"{""daisy"": 0.1628587394952774, ""dandelion"": 0.06320361793041229, ""roses"": 0.13322296738624573, ""sunflowers"": 0.4587438702583313, ""tulips"": 0.18197079002857208}"
run_20260827T012233Z,color_cast__medium__degraded,degraded,color_cast,medium,none,data/flower_photos/daisy/10172379554_b296050f82_n.jpg,9d28fe37d384974429e51febd82380e2ae17aed72dd59fb3ff938fa519bc4cc6,daisy,tulips,0.3706585168838501,False,"{""daisy"": 0.18072263896465302, ""dandelion"": 0.08641113340854645, ""roses"": 0.1643349677324295, ""sunflowers"": 0.19787271320819855, ""tulips"": 0.3706585168838501}"
run_20260827T012233Z,color_cast__medium__degraded,degraded,color_cast,medium,none,data/flower_photos/daisy/102841525_bd6628ae3c.jpg,1adc5dbb8ba26a8d3d915ef8dc285241eb4d6e3e31cb2bbdcd04fc655f879c59,daisy,sunflowers,0.6440367698669434,False,"{""daisy"": 0.07818049937486649, ""dandelion"": 0.02445385418832302, ""roses"": 0.10234928131103516, ""sunflowers"": 0.6440367698669434, ""tulips"": 0.15097956359386444}"
run_20260827T012233Z,color_cast__medium__degraded,degraded,color_cast,medium,none,data/flower_photos/dandelion/10437652486_aa86c14985.jpg,94273f2a4deee3a4712be2e50b76c5c872d45c6d2a703ff1e7892d35964d4162,dandelion,dandelion,0.36253446340560913,True,"{""daisy"": 0.10145814716815948, ""dandelion"": 0.36253446340560913, ""roses"": 0.10016155987977982, ""sunflowers"": 0.29842644929885864, ""tulips"": 0.13741940259933472}"
run_20260827T012233Z,color_cast__medium__degraded,degraded,color_cast,medium,none,data/flower_photos/dandelion/10683189_bd6e371b97.jpg,ba15d73ee9d036cc9df4a5e4b7dc9f7e350c481436f3be3ed980f8431abc3c22,dandelion,tulips,0.4143674969673157,False,"{""daisy"": 0.15131159126758575, ""dandelion"": 0.15365731716156006, ""roses"": 0.11467750370502472, ""sunflowers"": 0.16598600149154663, ""tulips"": 0.4143674969673157}"
run_20260827T012233Z,color_cast__medium__degraded,degraded,color_cast,medium,none,data/flower_photos/roses/10090824183_d02c613f10_m.jpg,6e42dd14083dcddd8d5db6d9893cca3ca3df9a95bd070d111ac3e2a87322ec90,roses,tulips,0.4521474242210388,False,"{""daisy"": 0.0632045716047287, ""dandelion"": 0.020933257415890694, ""roses"": 0.03536804020404816, ""sunflowers"": 0.4283466041088104, ""tulips"": 0.4521474242210388}"
run_20260827T012233Z,color_cast__medium__degraded,degraded,color_cast,medium,none,data/flower_photos/roses/10894627425_ec76bbc757_n.jpg,25d5b018c0e6d5b9e86bbfac035c20dc9a17ed32d856fd16d376d92c213bf2f8,roses,dandelion,0.31699874997138977,False,"{""daisy"": 0.1295391470193863, ""dandelion"": 0.31699874997138977, ""roses"": 0.0661710873246193, ""sunflowers"": 0.27620458602905273, ""tulips"": 0.2110864669084549}"
run_20260827T012233Z,color_cast__medium__degraded,degraded,color_cast,medium,none,data/flower_photos/sunflowers/10386503264_e05387e1f7_m.jpg,e098ce088c72aca881dffd3477e6b3717ad140f50b75c2f0704385ded683931f,sunflowers,sunflowers,0.4510113000869751,True,"{""daisy"": 0.29855504631996155, ""dandelion"": 0.017548082396388054, ""roses"": 0.1364586502313614, ""sunflowers"": 0.4510113000869751, ""tulips"": 0.09642697870731354}"
run_20260827T012233Z,color_cast__medium__degraded,degraded,color_cast,medium,none,data/flower_photos/sunflowers/10386702973_e74a34c806_n.jpg,8fe6056c2366fe078569c42e750b841d9f49f867b3c3aef6b722306d72e30854,sunflowers,sunflowers,0.29868757724761963,True,"{""daisy"": 0.1988663226366043, ""dandelion"": 0.0952271893620491, ""roses"": 0.12987229228019714, ""sunflowers"": 0.29868757724761963, ""tulips"": 0.2773467004299164}"
run_20260827T012233Z,color_cast__medium__degraded,degraded,color_cast,medium,none,data/flower_photos/tulips/10164073235_f29931d91e.jpg,b8b2e5b1105af49e200e73695ec4b57b48fe5846a4f9e353d5ba7386d0acc512,tulips,daisy,0.31376928091049194,False,"{""daisy"": 0.31376928091049194, ""dandelion"": 0.19540880620479584, ""roses"": 0.12150835990905762, ""sunflowers"": 0.14679527282714844, ""tulips"": 0.2225182205438614}"
run_20260827T012233Z,color_cast__medium__degraded,degraded,color_cast,medium,none,data/flower_photos/tulips/110147301_ad921e2828.jpg,3bd20b288dd03e4392cf90f1ec82cdb4448315ccc14183accd2abe695f5d04f7,tulips,sunflowers,0.5272056460380554,False,"{""daisy"": 0.13239720463752747, ""dandelion"": 0.08199045807123184, ""roses"": 0.11444032192230225, ""sunflowers"": 0.5272056460380554, ""tulips"": 0.1439664512872696}"
run_20260827T012233Z,color_cast__medium__rgb_balance,enhanced,color_cast,medium,rgb_balance,data/flower_photos/daisy/10172379554_b296050f82_n.jpg,9d28fe37d384974429e51febd82380e2ae17aed72dd59fb3ff938fa519bc4cc6,daisy,tulips,0.46062925457954407,False,"{""daisy"": 0.14604555070400238, ""dandelion"": 0.11753883212804794, ""roses"": 0.1532721370458603, ""sunflowers"": 0.12251418828964233, ""tulips"": 0.46062925457954407}"
run_20260827T012233Z,color_cast__medium__rgb_balance,enhanced,color_cast,medium,rgb_balance,data/flower_photos/daisy/102841525_bd6628ae3c.jpg,1adc5dbb8ba26a8d3d915ef8dc285241eb4d6e3e31cb2bbdcd04fc655f879c59,daisy,sunflowers,0.5659966468811035,False,"{""daisy"": 0.09086043387651443, ""dandelion"": 0.02689802087843418, ""roses"": 0.11981167644262314, ""sunflowers"": 0.5659966468811035, ""tulips"": 0.19643326103687286}"
run_20260827T012233Z,color_cast__medium__rgb_balance,enhanced,color_cast,medium,rgb_balance,data/flower_photos/dandelion/10437652486_aa86c14985.jpg,94273f2a4deee3a4712be2e50b76c5c872d45c6d2a703ff1e7892d35964d4162,dandelion,dandelion,0.3846495747566223,True,"{""daisy"": 0.1926284283399582, ""dandelion"": 0.3846495747566223, ""roses"": 0.09345635771751404, ""sunflowers"": 0.08388267457485199, ""tulips"": 0.24538297951221466}"
run_20260827T012233Z,color_cast__medium__rgb_balance,enhanced,color_cast,medium,rgb_balance,data/flower_photos/dandelion/10683189_bd6e371b97.jpg,ba15d73ee9d036cc9df4a5e4b7dc9f7e350c481436f3be3ed980f8431abc3c22,dandelion,tulips,0.324327677488327,False,"{""daisy"": 0.1806294023990631, ""dandelion"": 0.148107647895813, ""roses"": 0.22820818424224854, ""sunflowers"": 0.11872705072164536, ""tulips"": 0.324327677488327}"
run_20260827T012233Z,color_cast__medium__rgb_balance,enhanced,color_cast,medium,rgb_balance,data/flower_photos/roses/10090824183_d02c613f10_m.jpg,6e42dd14083dcddd8d5db6d9893cca3ca3df9a95bd070d111ac3e2a87322ec90,roses,sunflowers,0.5059283971786499,False,"{""daisy"": 0.06075817719101906, ""dandelion"": 0.02218678593635559, ""roses"": 0.044809985905885696, ""sunflowers"": 0.5059283971786499, ""tulips"": 0.3663165867328644}"
run_20260827T012233Z,color_cast__medium__rgb_balance,enhanced,color_cast,medium,rgb_balance,data/flower_photos/roses/10894627425_ec76bbc757_n.jpg,25d5b018c0e6d5b9e86bbfac035c20dc9a17ed32d856fd16d376d92c213bf2f8,roses,dandelion,0.2849407196044922,False,"{""daisy"": 0.09835434705018997, ""dandelion"": 0.2849407196044922, ""roses"": 0.12255310267210007, ""sunflowers"": 0.2842050790786743, ""tulips"": 0.20994679629802704}"
run_20260827T012233Z,color_cast__medium__rgb_balance,enhanced,color_cast,medium,rgb_balance,data/flower_photos/sunflowers/10386503264_e05387e1f7_m.jpg,e098ce088c72aca881dffd3477e6b3717ad140f50b75c2f0704385ded683931f,sunflowers,sunflowers,0.4522978961467743,True,"{""daisy"": 0.28132355213165283, ""dandelion"": 0.0181735809892416, ""roses"": 0.1447124183177948, ""sunflowers"": 0.4522978961467743, ""tulips"": 0.1034926250576973}"
run_20260827T012233Z,color_cast__medium__rgb_balance,enhanced,color_cast,medium,rgb_balance,data/flower_photos/sunflowers/10386702973_e74a34c806_n.jpg,8fe6056c2366fe078569c42e750b841d9f49f867b3c3aef6b722306d72e30854,sunflowers,tulips,0.3039530813694,False,"{""daisy"": 0.19620808959007263, ""dandelion"": 0.09347440302371979, ""roses"": 0.12242420762777328, ""sunflowers"": 0.28394028544425964, ""tulips"": 0.3039530813694}"
run_20260827T012233Z,color_cast__medium__rgb_balance,enhanced,color_cast,medium,rgb_balance,data/flower_photos/tulips/10164073235_f29931d91e.jpg,b8b2e5b1105af49e200e73695ec4b57b48fe5846a4f9e353d5ba7386d0acc512,tulips,dandelion,0.2471432089805603,False,"{""daisy"": 0.2423875480890274, ""dandelion"": 0.2471432089805603, ""roses"": 0.17548036575317383, ""sunflowers"": 0.14067865908145905, ""tulips"": 0.19431030750274658}"
run_20260827T012233Z,color_cast__medium__rgb_balance,enhanced,color_cast,medium,rgb_balance,data/flower_photos/tulips/110147301_ad921e2828.jpg,3bd20b288dd03e4392cf90f1ec82cdb4448315ccc14183accd2abe695f5d04f7,tulips,tulips,0.45858311653137207,True,"{""daisy"": 0.13042917847633362, ""dandelion"": 0.18222306668758392, ""roses"": 0.12234949320554733, ""sunflowers"": 0.10641513764858246, ""tulips"": 0.45858311653137207}"
run_20260827T012233Z,color_cast__medium__hsv_correction,enhanced,color_cast,medium,hsv_correction,data/flower_photos/daisy/10172379554_b296050f82_n.jpg,9d28fe37d384974429e51febd82380e2ae17aed72dd59fb3ff938fa519bc4cc6,daisy,sunflowers,0.4092976152896881,False,"{""daisy"": 0.1375676542520523, ""dandelion"": 0.0665166974067688, ""roses"": 0.1445234715938568, ""sunflowers"": 0.4092976152896881, ""tulips"": 0.24209456145763397}"
run_20260827T012233Z,color_cast__medium__hsv_correction,enhanced,color_cast,medium,hsv_correction,data/flower_photos/daisy/102841525_bd6628ae3c.jpg,1adc5dbb8ba26a8d3d915ef8dc285241eb4d6e3e31cb2bbdcd04fc655f879c59,daisy,sunflowers,0.7326294779777527,False,"{""daisy"": 0.04783254489302635, ""dandelion"": 0.016488734632730484, ""roses"": 0.08435774594545364, ""sunflowers"": 0.7326294779777527, ""tulips"": 0.11869151145219803}"
run_20260827T012233Z,color_cast__medium__hsv_correction,enhanced,color_cast,medium,hsv_correction,data/flower_photos/dandelion/10437652486_aa86c14985.jpg,94273f2a4deee3a4712be2e50b76c5c872d45c6d2a703ff1e7892d35964d4162,dandelion,dandelion,0.35618406534194946,True,"{""daisy"": 0.08681070804595947, ""dandelion"": 0.35618406534194946, ""roses"": 0.10747256875038147, ""sunflowers"": 0.27984264492988586, ""tulips"": 0.16969002783298492}"
run_20260827T012233Z,color_cast__medium__hsv_correction,enhanced,color_cast,medium,hsv_correction,data/flower_photos/dandelion/10683189_bd6e371b97.jpg,ba15d73ee9d036cc9df4a5e4b7dc9f7e350c481436f3be3ed980f8431abc3c22,dandelion,tulips,0.4770452082157135,False,"{""daisy"": 0.12613286077976227, ""dandelion"": 0.12062612175941467, ""roses"": 0.08331941068172455, ""sunflowers"": 0.192876398563385, ""tulips"": 0.4770452082157135}"
run_20260827T012233Z,color_cast__medium__hsv_correction,enhanced,color_cast,medium,hsv_correction,data/flower_photos/roses/10090824183_d02c613f10_m.jpg,6e42dd14083dcddd8d5db6d9893cca3ca3df9a95bd070d111ac3e2a87322ec90,roses,tulips,0.5551753640174866,False,"{""daisy"": 0.050310052931308746, ""dandelion"": 0.027373500168323517, ""roses"": 0.03964889794588089, ""sunflowers"": 0.3274920880794525, ""tulips"": 0.5551753640174866}"
run_20260827T012233Z,color_cast__medium__hsv_correction,enhanced,color_cast,medium,hsv_correction,data/flower_photos/roses/10894627425_ec76bbc757_n.jpg,25d5b018c0e6d5b9e86bbfac035c20dc9a17ed32d856fd16d376d92c213bf2f8,roses,dandelion,0.3159089982509613,False,"{""daisy"": 0.1271829903125763, ""dandelion"": 0.3159089982509613, ""roses"": 0.06949292868375778, ""sunflowers"": 0.27263903617858887, ""tulips"": 0.21477597951889038}"
run_20260827T012233Z,color_cast__medium__hsv_correction,enhanced,color_cast,medium,hsv_correction,data/flower_photos/sunflowers/10386503264_e05387e1f7_m.jpg,e098ce088c72aca881dffd3477e6b3717ad140f50b75c2f0704385ded683931f,sunflowers,sunflowers,0.41182243824005127,True,"{""daisy"": 0.2633327841758728, ""dandelion"": 0.02051941305398941, ""roses"": 0.1854836344718933, ""sunflowers"": 0.41182243824005127, ""tulips"": 0.1188417449593544}"
run_20260827T012233Z,color_cast__medium__hsv_correction,enhanced,color_cast,medium,hsv_correction,data/flower_photos/sunflowers/10386702973_e74a34c806_n.jpg,8fe6056c2366fe078569c42e750b841d9f49f867b3c3aef6b722306d72e30854,sunflowers,sunflowers,0.2902587652206421,True,"{""daisy"": 0.20775330066680908, ""dandelion"": 0.08837486803531647, ""roses"": 0.12522271275520325, ""sunflowers"": 0.2902587652206421, ""tulips"": 0.2883904278278351}"
run_20260827T012233Z,color_cast__medium__hsv_correction,enhanced,color_cast,medium,hsv_correction,data/flower_photos/tulips/10164073235_f29931d91e.jpg,b8b2e5b1105af49e200e73695ec4b57b48fe5846a4f9e353d5ba7386d0acc512,tulips,daisy,0.2616945803165436,False,"{""daisy"": 0.2616945803165436, ""dandelion"": 0.20213986933231354, ""roses"": 0.12255994230508804, ""sunflowers"": 0.17792047560214996, ""tulips"": 0.23568511009216309}"
run_20260827T012233Z,color_cast__medium__hsv_correction,enhanced,color_cast,medium,hsv_correction,data/flower_photos/tulips/110147301_ad921e2828.jpg,3bd20b288dd03e4392cf90f1ec82cdb4448315ccc14183accd2abe695f5d04f7,tulips,sunflowers,0.4619136154651642,False,"{""daisy"": 0.0804683119058609, ""dandelion"": 0.09883163869380951, ""roses"": 0.13335922360420227, ""sunflowers"": 0.4619136154651642, ""tulips"": 0.22542718052864075}"
run_20260827T012233Z,color_cast__medium__lab_correction,enhanced,color_cast,medium,lab_correction,data/flower_photos/daisy/10172379554_b296050f82_n.jpg,9d28fe37d384974429e51febd82380e2ae17aed72dd59fb3ff938fa519bc4cc6,daisy,tulips,0.4112967252731323,False,"{""daisy"": 0.13686639070510864, ""dandelion"": 0.07723409682512283, ""roses"": 0.15729504823684692, ""sunflowers"": 0.21730779111385345, ""tulips"": 0.4112967252731323}"
run_20260827T012233Z,color_cast__medium__lab_correction,enhanced,color_cast,medium,lab_correction,data/flower_photos/daisy/102841525_bd6628ae3c.jpg,1adc5dbb8ba26a8d3d915ef8dc285241eb4d6e3e31cb2bbdcd04fc655f879c59,daisy,sunflowers,0.6265783309936523,False,"{""daisy"": 0.08130946755409241, ""dandelion"": 0.038861729204654694, ""roses"": 0.1283842772245407, ""sunflowers"": 0.6265783309936523, ""tulips"": 0.1248662918806076}"
run_20260827T012233Z,color_cast__medium__lab_correction,enhanced,color_cast,medium,lab_correction,data/flower_photos/dandelion/10437652486_aa86c14985.jpg,94273f2a4deee3a4712be2e50b76c5c872d45c6d2a703ff1e7892d35964d4162,dandelion,dandelion,0.39578986167907715,True,"{""daisy"": 0.08379054814577103, ""dandelion"": 0.39578986167907715, ""roses"": 0.08779261261224747, ""sunflowers"": 0.2667195796966553, ""tulips"": 0.1659073680639267}"
run_20260827T012233Z,color_cast__medium__lab_correction,enhanced,color_cast,medium,lab_correction,data/flower_photos/dandelion/10683189_bd6e371b97.jpg,ba15d73ee9d036cc9df4a5e4b7dc9f7e350c481436f3be3ed980f8431abc3c22,dandelion,tulips,0.33135896921157837,False,"{""daisy"": 0.18055562674999237, ""dandelion"": 0.18229518830776215, ""roses"": 0.12280075252056122, ""sunflowers"": 0.1829894781112671, ""tulips"": 0.33135896921157837}"
run_20260827T012233Z,color_cast__medium__lab_correction,enhanced,color_cast,medium,lab_correction,data/flower_photos/roses/10090824183_d02c613f10_m.jpg,6e42dd14083dcddd8d5db6d9893cca3ca3df9a95bd070d111ac3e2a87322ec90,roses,sunflowers,0.46386823058128357,False,"{""daisy"": 0.07503445446491241, ""dandelion"": 0.02136489376425743, ""roses"": 0.035666558891534805, ""sunflowers"": 0.46386823058128357, ""tulips"": 0.4040658473968506}"
run_20260827T012233Z,color_cast__medium__lab_correction,enhanced,color_cast,medium,lab_correction,data/flower_photos/roses/10894627425_ec76bbc757_n.jpg,25d5b018c0e6d5b9e86bbfac035c20dc9a17ed32d856fd16d376d92c213bf2f8,roses,sunflowers,0.32077983021736145,False,"{""daisy"": 0.10912349075078964, ""dandelion"": 0.2504716217517853, ""roses"": 0.0791262611746788, ""sunflowers"": 0.32077983021736145, ""tulips"": 0.24049879610538483}"
run_20260827T012233Z,color_cast__medium__lab_correction,enhanced,color_cast,medium,lab_correction,data/flower_photos/sunflowers/10386503264_e05387e1f7_m.jpg,e098ce088c72aca881dffd3477e6b3717ad140f50b75c2f0704385ded683931f,sunflowers,sunflowers,0.4675574004650116,True,"{""daisy"": 0.22906619310379028, ""dandelion"": 0.01988363452255726, ""roses"": 0.14729058742523193, ""sunflowers"": 0.4675574004650116, ""tulips"": 0.1362021565437317}"
run_20260827T012233Z,color_cast__medium__lab_correction,enhanced,color_cast,medium,lab_correction,data/flower_photos/sunflowers/10386702973_e74a34c806_n.jpg,8fe6056c2366fe078569c42e750b841d9f49f867b3c3aef6b722306d72e30854,sunflowers,sunflowers,0.3589772582054138,True,"{""daisy"": 0.1870928704738617, ""dandelion"": 0.09947537630796432, ""roses"": 0.12862898409366608, ""sunflowers"": 0.3589772582054138, ""tulips"": 0.2258254736661911}"
run_20260827T012233Z,color_cast__medium__lab_correction,enhanced,color_cast,medium,lab_correction,data/flower_photos/tulips/10164073235_f29931d91e.jpg,b8b2e5b1105af49e200e73695ec4b57b48fe5846a4f9e353d5ba7386d0acc512,tulips,tulips,0.24467939138412476,True,"{""daisy"": 0.2191222906112671, ""dandelion"": 0.22481918334960938, ""roses"": 0.13040775060653687, ""sunflowers"": 0.18097136914730072, ""tulips"": 0.24467939138412476}"
run_20260827T012233Z,color_cast__medium__lab_correction,enhanced,color_cast,medium,lab_correction,data/flower_photos/tulips/110147301_ad921e2828.jpg,3bd20b288dd03e4392cf90f1ec82cdb4448315ccc14183accd2abe695f5d04f7,tulips,sunflowers,0.5432205200195312,False,"{""daisy"": 0.12733449041843414, ""dandelion"": 0.0652201920747757, ""roses"": 0.10289351642131805, ""sunflowers"": 0.5432205200195312, ""tulips"": 0.16133132576942444}"
run_20260827T012233Z,color_cast__strong__degraded,degraded,color_cast,strong,none,data/flower_photos/daisy/10172379554_b296050f82_n.jpg,9d28fe37d384974429e51febd82380e2ae17aed72dd59fb3ff938fa519bc4cc6,daisy,tulips,0.2738942801952362,False,"{""daisy"": 0.21743018925189972, ""dandelion"": 0.06683582067489624, ""roses"": 0.19381380081176758, ""sunflowers"": 0.2480260133743286, ""tulips"": 0.2738942801952362}"
run_20260827T012233Z,color_cast__strong__degraded,degraded,color_cast,strong,none,data/flower_photos/daisy/102841525_bd6628ae3c.jpg,1adc5dbb8ba26a8d3d915ef8dc285241eb4d6e3e31cb2bbdcd04fc655f879c59,daisy,sunflowers,0.6565116047859192,False,"{""daisy"": 0.053889065980911255, ""dandelion"": 0.07067713886499405, ""roses"": 0.09226438403129578, ""sunflowers"": 0.6565116047859192, ""tulips"": 0.12665781378746033}"
run_20260827T012233Z,color_cast__strong__degraded,degraded,color_cast,strong,none,data/flower_photos/dandelion/10437652486_aa86c14985.jpg,94273f2a4deee3a4712be2e50b76c5c872d45c6d2a703ff1e7892d35964d4162,dandelion,sunflowers,0.3684920072555542,False,"{""daisy"": 0.12406337261199951, ""dandelion"": 0.24993403255939484, ""roses"": 0.06711135804653168, ""sunflowers"": 0.3684920072555542, ""tulips"": 0.190399169921875}"
run_20260827T012233Z,color_cast__strong__degraded,degraded,color_cast,strong,none,data/flower_photos/dandelion/10683189_bd6e371b97.jpg,ba15d73ee9d036cc9df4a5e4b7dc9f7e350c481436f3be3ed980f8431abc3c22,dandelion,tulips,0.42351600527763367,False,"{""daisy"": 0.13916632533073425, ""dandelion"": 0.151449054479599, ""roses"": 0.09895063191652298, ""sunflowers"": 0.18691794574260712, ""tulips"": 0.42351600527763367}"
run_20260827T012233Z,color_cast__strong__degraded,degraded,color_cast,strong,none,data/flower_photos/roses/10090824183_d02c613f10_m.jpg,6e42dd14083dcddd8d5db6d9893cca3ca3df9a95bd070d111ac3e2a87322ec90,roses,sunflowers,0.463948130607605,False,"{""daisy"": 0.07625813782215118, ""dandelion"": 0.025417257100343704, ""roses"": 0.030934564769268036, ""sunflowers"": 0.463948130607605, ""tulips"": 0.4034419655799866}"
run_20260827T012233Z,color_cast__strong__degraded,degraded,color_cast,strong,none,data/flower_photos/roses/10894627425_ec76bbc757_n.jpg,25d5b018c0e6d5b9e86bbfac035c20dc9a17ed32d856fd16d376d92c213bf2f8,roses,dandelion,0.3450218737125397,False,"{""daisy"": 0.16718459129333496, ""dandelion"": 0.3450218737125397, ""roses"": 0.06344864517450333, ""sunflowers"": 0.2693530023097992, ""tulips"": 0.15499180555343628}"
run_20260827T012233Z,color_cast__strong__degraded,degraded,color_cast,strong,none,data/flower_photos/sunflowers/10386503264_e05387e1f7_m.jpg,e098ce088c72aca881dffd3477e6b3717ad140f50b75c2f0704385ded683931f,sunflowers,sunflowers,0.4622630476951599,True,"{""daisy"": 0.28989723324775696, ""dandelion"": 0.017272040247917175, ""roses"": 0.14010056853294373, ""sunflowers"": 0.4622630476951599, ""tulips"": 0.09046714007854462}"
run_20260827T012233Z,color_cast__strong__degraded,degraded,color_cast,strong,none,data/flower_photos/sunflowers/10386702973_e74a34c806_n.jpg,8fe6056c2366fe078569c42e750b841d9f49f867b3c3aef6b722306d72e30854,sunflowers,sunflowers,0.2865661084651947,True,"{""daisy"": 0.22922438383102417, ""dandelion"": 0.09659111499786377, ""roses"": 0.112956203520298, ""sunflowers"": 0.2865661084651947, ""tulips"": 0.27466222643852234}"
run_20260827T012233Z,color_cast__strong__degraded,degraded,color_cast,strong,none,data/flower_photos/tulips/10164073235_f29931d91e.jpg,b8b2e5b1105af49e200e73695ec4b57b48fe5846a4f9e353d5ba7386d0acc512,tulips,daisy,0.29128336906433105,False,"{""daisy"": 0.29128336906433105, ""dandelion"": 0.15560854971408844, ""roses"": 0.12968693673610687, ""sunflowers"": 0.15248645842075348, ""tulips"": 0.27093473076820374}"
run_20260827T012233Z,color_cast__strong__degraded,degraded,color_cast,strong,none,data/flower_photos/tulips/110147301_ad921e2828.jpg,3bd20b288dd03e4392cf90f1ec82cdb4448315ccc14183accd2abe695f5d04f7,tulips,sunflowers,0.5340917110443115,False,"{""daisy"": 0.1387573629617691, ""dandelion"": 0.07867083698511124, ""roses"": 0.09897644072771072, ""sunflowers"": 0.5340917110443115, ""tulips"": 0.14950373768806458}"
run_20260827T012233Z,color_cast__strong__rgb_balance,enhanced,color_cast,strong,rgb_balance,data/flower_photos/daisy/10172379554_b296050f82_n.jpg,9d28fe37d384974429e51febd82380e2ae17aed72dd59fb3ff938fa519bc4cc6,daisy,tulips,0.38611048460006714,False,"{""daisy"": 0.14676164090633392, ""dandelion"": 0.12370187044143677, ""roses"": 0.18348217010498047, ""sunflowers"": 0.1599438190460205, ""tulips"": 0.38611048460006714}"
run_20260827T012233Z,color_cast__strong__rgb_balance,enhanced,color_cast,strong,rgb_balance,data/flower_photos/daisy/102841525_bd6628ae3c.jpg,1adc5dbb8ba26a8d3d915ef8dc285241eb4d6e3e31cb2bbdcd04fc655f879c59,daisy,sunflowers,0.5546994805335999,False,"{""daisy"": 0.08124735951423645, ""dandelion"": 0.02488565444946289, ""roses"": 0.13568049669265747, ""sunflowers"": 0.5546994805335999, ""tulips"": 0.20348694920539856}"
run_20260827T012233Z,color_cast__strong__rgb_balance,enhanced,color_cast,strong,rgb_balance,data/flower_photos/dandelion/10437652486_aa86c14985.jpg,94273f2a4deee3a4712be2e50b76c5c872d45c6d2a703ff1e7892d35964d4162,dandelion,dandelion,0.42444634437561035,True,"{""daisy"": 0.12632817029953003, ""dandelion"": 0.42444634437561035, ""roses"": 0.11193469166755676, ""sunflowers"": 0.05920528247952461, ""tulips"": 0.27808550000190735}"
run_20260827T012233Z,color_cast__strong__rgb_balance,enhanced,color_cast,strong,rgb_balance,data/flower_photos/dandelion/10683189_bd6e371b97.jpg,ba15d73ee9d036cc9df4a5e4b7dc9f7e350c481436f3be3ed980f8431abc3c22,dandelion,tulips,0.33312785625457764,False,"{""daisy"": 0.17799954116344452, ""dandelion"": 0.13841776549816132, ""roses"": 0.219284325838089, ""sunflowers"": 0.13117052614688873, ""tulips"": 0.33312785625457764}"
run_20260827T012233Z,color_cast__strong__rgb_balance,enhanced,color_cast,strong,rgb_balance,data/flower_photos/roses/10090824183_d02c613f10_m.jpg,6e42dd14083dcddd8d5db6d9893cca3ca3df9a95bd070d111ac3e2a87322ec90,roses,sunflowers,0.5392980575561523,False,"{""daisy"": 0.06498686969280243, ""dandelion"": 0.022404201328754425, ""roses"": 0.04668066278100014, ""sunflowers"": 0.5392980575561523, ""tulips"": 0.3266301453113556}"
run_20260827T012233Z,color_cast__strong__rgb_balance,enhanced,color_cast,strong,rgb_balance,data/flower_photos/roses/10894627425_ec76bbc757_n.jpg,25d5b018c0e6d5b9e86bbfac035c20dc9a17ed32d856fd16d376d92c213bf2f8,roses,dandelion,0.2996532618999481,False,"{""daisy"": 0.09185923635959625, ""dandelion"": 0.2996532618999481, ""roses"": 0.1212218850851059, ""sunflowers"": 0.28553470969200134, ""tulips"": 0.2017309069633484}"
run_20260827T012233Z,color_cast__strong__rgb_balance,enhanced,color_cast,strong,rgb_balance,data/flower_photos/sunflowers/10386503264_e05387e1f7_m.jpg,e098ce088c72aca881dffd3477e6b3717ad140f50b75c2f0704385ded683931f,sunflowers,sunflowers,0.45639967918395996,True,"{""daisy"": 0.27592700719833374, ""dandelion"": 0.01690581813454628, ""roses"": 0.15140531957149506, ""sunflowers"": 0.45639967918395996, ""tulips"": 0.0993620976805687}"
run_20260827T012233Z,color_cast__strong__rgb_balance,enhanced,color_cast,strong,rgb_balance,data/flower_photos/sunflowers/10386702973_e74a34c806_n.jpg,8fe6056c2366fe078569c42e750b841d9f49f867b3c3aef6b722306d72e30854,sunflowers,tulips,0.3045165538787842,False,"{""daisy"": 0.1896113008260727, ""dandelion"": 0.09367939829826355, ""roses"": 0.13180887699127197, ""sunflowers"": 0.28038379549980164, ""tulips"": 0.3045165538787842}"
run_20260827T012233Z,color_cast__strong__rgb_balance,enhanced,color_cast,strong,rgb_balance,data/flower_photos/tulips/10164073235_f29931d91e.jpg,b8b2e5b1105af49e200e73695ec4b57b48fe5846a4f9e353d5ba7386d0acc512,tulips,dandelion,0.25745275616645813,False,"{""daisy"": 0.23350881040096283, ""dandelion"": 0.25745275616645813, ""roses"": 0.1692565232515335, ""sunflowers"": 0.14443348348140717, ""tulips"": 0.19534844160079956}"
run_20260827T012233Z,color_cast__strong__rgb_balance,enhanced,color_cast,strong,rgb_balance,data/flower_photos/tulips/110147301_ad921e2828.jpg,3bd20b288dd03e4392cf90f1ec82cdb4448315ccc14183accd2abe695f5d04f7,tulips,tulips,0.43385049700737,True,"{""daisy"": 0.13653448224067688, ""dandelion"": 0.201943501830101, ""roses"": 0.12170106172561646, ""sunflowers"": 0.10597047954797745, ""tulips"": 0.43385049700737}"
run_20260827T012233Z,color_cast__strong__hsv_correction,enhanced,color_cast,strong,hsv_correction,data/flower_photos/daisy/10172379554_b296050f82_n.jpg,9d28fe37d384974429e51febd82380e2ae17aed72dd59fb3ff938fa519bc4cc6,daisy,sunflowers,0.4095991551876068,False,"{""daisy"": 0.23894265294075012, ""dandelion"": 0.06333401799201965, ""roses"": 0.13832680881023407, ""sunflowers"": 0.4095991551876068, ""tulips"": 0.14979739487171173}"
run_20260827T012233Z,color_cast__strong__hsv_correction,enhanced,color_cast,strong,hsv_correction,data/flower_photos/daisy/102841525_bd6628ae3c.jpg,1adc5dbb8ba26a8d3d915ef8dc285241eb4d6e3e31cb2bbdcd04fc655f879c59,daisy,sunflowers,0.7765440940856934,False,"{""daisy"": 0.023360561579465866, ""dandelion"": 0.03417487069964409, ""roses"": 0.06921075284481049, ""sunflowers"": 0.7765440940856934, ""tulips"": 0.09670968353748322}"
run_20260827T012233Z,color_cast__strong__hsv_correction,enhanced,color_cast,strong,hsv_correction,data/flower_photos/dandelion/10437652486_aa86c14985.jpg,94273f2a4deee3a4712be2e50b76c5c872d45c6d2a703ff1e7892d35964d4162,dandelion,tulips,0.3011074960231781,False,"{""daisy"": 0.13639746606349945, ""dandelion"": 0.2839205265045166, ""roses"": 0.07318130135536194, ""sunflowers"": 0.20539319515228271, ""tulips"": 0.3011074960231781}"
run_20260827T012233Z,color_cast__strong__hsv_correction,enhanced,color_cast,strong,hsv_correction,data/flower_photos/dandelion/10683189_bd6e371b97.jpg,ba15d73ee9d036cc9df4a5e4b7dc9f7e350c481436f3be3ed980f8431abc3c22,dandelion,tulips,0.39029744267463684,False,"{""daisy"": 0.14376842975616455, ""dandelion"": 0.1445893794298172, ""roses"": 0.07048730552196503, ""sunflowers"": 0.25085750222206116, ""tulips"": 0.39029744267463684}"
run_20260827T012233Z,color_cast__strong__hsv_correction,enhanced,color_cast,strong,hsv_correction,data/flower_photos/roses/10090824183_d02c613f10_m.jpg,6e42dd14083dcddd8d5db6d9893cca3ca3df9a95bd070d111ac3e2a87322ec90,roses,tulips,0.46737295389175415,False,"{""daisy"": 0.05474739521741867, ""dandelion"": 0.039916880428791046, ""roses"": 0.031323473900556564, ""sunflowers"": 0.4066392481327057, ""tulips"": 0.46737295389175415}"
run_20260827T012233Z,color_cast__strong__hsv_correction,enhanced,color_cast,strong,hsv_correction,data/flower_photos/roses/10894627425_ec76bbc757_n.jpg,25d5b018c0e6d5b9e86bbfac035c20dc9a17ed32d856fd16d376d92c213bf2f8,roses,dandelion,0.36013063788414,False,"{""daisy"": 0.1621709018945694, ""dandelion"": 0.36013063788414, ""roses"": 0.07057734578847885, ""sunflowers"": 0.2407313883304596, ""tulips"": 0.16638965904712677}"
run_20260827T012233Z,color_cast__strong__hsv_correction,enhanced,color_cast,strong,hsv_correction,data/flower_photos/sunflowers/10386503264_e05387e1f7_m.jpg,e098ce088c72aca881dffd3477e6b3717ad140f50b75c2f0704385ded683931f,sunflowers,sunflowers,0.49225932359695435,True,"{""daisy"": 0.21965354681015015, ""dandelion"": 0.021852906793355942, ""roses"": 0.1509624570608139, ""sunflowers"": 0.49225932359695435, ""tulips"": 0.11527171730995178}"
run_20260827T012233Z,color_cast__strong__hsv_correction,enhanced,color_cast,strong,hsv_correction,data/flower_photos/sunflowers/10386702973_e74a34c806_n.jpg,8fe6056c2366fe078569c42e750b841d9f49f867b3c3aef6b722306d72e30854,sunflowers,tulips,0.28129616379737854,False,"{""daisy"": 0.23747316002845764, ""dandelion"": 0.0926932692527771, ""roses"": 0.10772695392370224, ""sunflowers"": 0.28081053495407104, ""tulips"": 0.28129616379737854}"
run_20260827T012233Z,color_cast__strong__hsv_correction,enhanced,color_cast,strong,hsv_correction,data/flower_photos/tulips/10164073235_f29931d91e.jpg,b8b2e5b1105af49e200e73695ec4b57b48fe5846a4f9e353d5ba7386d0acc512,tulips,tulips,0.2781316041946411,True,"{""daisy"": 0.2654505670070648, ""dandelion"": 0.16601605713367462, ""roses"": 0.11633187532424927, ""sunflowers"": 0.17406994104385376, ""tulips"": 0.2781316041946411}"
run_20260827T012233Z,color_cast__strong__hsv_correction,enhanced,color_cast,strong,hsv_correction,data/flower_photos/tulips/110147301_ad921e2828.jpg,3bd20b288dd03e4392cf90f1ec82cdb4448315ccc14183accd2abe695f5d04f7,tulips,sunflowers,0.5066558122634888,False,"{""daisy"": 0.0953705683350563, ""dandelion"": 0.0738547295331955, ""roses"": 0.1286066472530365, ""sunflowers"": 0.5066558122634888, ""tulips"": 0.1955122947692871}"
run_20260827T012233Z,color_cast__strong__lab_correction,enhanced,color_cast,strong,lab_correction,data/flower_photos/daisy/10172379554_b296050f82_n.jpg,9d28fe37d384974429e51febd82380e2ae17aed72dd59fb3ff938fa519bc4cc6,daisy,sunflowers,0.3410698175430298,False,"{""daisy"": 0.17118918895721436, ""dandelion"": 0.06270484626293182, ""roses"": 0.15940067172050476, ""sunflowers"": 0.3410698175430298, ""tulips"": 0.2656354308128357}"
run_20260827T012233Z,color_cast__strong__lab_correction,enhanced,color_cast,strong,lab_correction,data/flower_photos/daisy/102841525_bd6628ae3c.jpg,1adc5dbb8ba26a8d3d915ef8dc285241eb4d6e3e31cb2bbdcd04fc655f879c59,daisy,sunflowers,0.6315182447433472,False,"{""daisy"": 0.039841797202825546, ""dandelion"": 0.0891479104757309, ""roses"": 0.1377893090248108, ""sunflowers"": 0.6315182447433472, ""tulips"": 0.1017027348279953}"
run_20260827T012233Z,color_cast__strong__lab_correction,enhanced,color_cast,strong,lab_correction,data/flower_photos/dandelion/10437652486_aa86c14985.jpg,94273f2a4deee3a4712be2e50b76c5c872d45c6d2a703ff1e7892d35964d4162,dandelion,dandelion,0.36680305004119873,True,"{""daisy"": 0.10931054502725601, ""dandelion"": 0.36680305004119873, ""roses"": 0.10321425646543503, ""sunflowers"": 0.25383785367012024, ""tulips"": 0.1668342798948288}"
run_20260827T012233Z,color_cast__strong__lab_correction,enhanced,color_cast,strong,lab_correction,data/flower_photos/dandelion/10683189_bd6e371b97.jpg,ba15d73ee9d036cc9df4a5e4b7dc9f7e350c481436f3be3ed980f8431abc3c22,dandelion,tulips,0.26535558700561523,False,"{""daisy"": 0.19107860326766968, ""dandelion"": 0.1925709843635559, ""roses"": 0.12169495224952698, ""sunflowers"": 0.2292998880147934, ""tulips"": 0.26535558700561523}"
run_20260827T012233Z,color_cast__strong__lab_correction,enhanced,color_cast,strong,lab_correction,data/flower_photos/roses/10090824183_d02c613f10_m.jpg,6e42dd14083dcddd8d5db6d9893cca3ca3df9a95bd070d111ac3e2a87322ec90,roses,sunflowers,0.4362770617008209,False,"{""daisy"": 0.09219622611999512, ""dandelion"": 0.027653250843286514, ""roses"": 0.026005910709500313, ""sunflowers"": 0.4362770617008209, ""tulips"": 0.4178675413131714}"
run_20260827T012233Z,color_cast__strong__lab_correction,enhanced,color_cast,strong,lab_correction,data/flower_photos/roses/10894627425_ec76bbc757_n.jpg,25d5b018c0e6d5b9e86bbfac035c20dc9a17ed32d856fd16d376d92c213bf2f8,roses,sunflowers,0.3214297890663147,False,"{""daisy"": 0.1139962300658226, ""dandelion"": 0.26334086060523987, ""roses"": 0.08997274190187454, ""sunflowers"": 0.3214297890663147, ""tulips"": 0.2112603336572647}"
run_20260827T012233Z,color_cast__strong__lab_correction,enhanced,color_cast,strong,lab_correction,data/flower_photos/sunflowers/10386503264_e05387e1f7_m.jpg,e098ce088c72aca881dffd3477e6b3717ad140f50b75c2f0704385ded683931f,sunflowers,sunflowers,0.4956721067428589,True,"{""daisy"": 0.21128340065479279, ""dandelion"": 0.019735272973775864, ""roses"": 0.15191349387168884, ""sunflowers"": 0.4956721067428589, ""tulips"": 0.12139569967985153}"
run_20260827T012233Z,color_cast__strong__lab_correction,enhanced,color_cast,strong,lab_correction,data/flower_photos/sunflowers/10386702973_e74a34c806_n.jpg,8fe6056c2366fe078569c42e750b841d9f49f867b3c3aef6b722306d72e30854,sunflowers,sunflowers,0.3229354918003082,True,"{""daisy"": 0.23030225932598114, ""dandelion"": 0.09595369547605515, ""roses"": 0.1020718440413475, ""sunflowers"": 0.3229354918003082, ""tulips"": 0.2487366795539856}"
run_20260827T012233Z,color_cast__strong__lab_correction,enhanced,color_cast,strong,lab_correction,data/flower_photos/tulips/10164073235_f29931d91e.jpg,b8b2e5b1105af49e200e73695ec4b57b48fe5846a4f9e353d5ba7386d0acc512,tulips,tulips,0.2629873752593994,True,"{""daisy"": 0.18276026844978333, ""dandelion"": 0.20026962459087372, ""roses"": 0.14921334385871887, ""sunflowers"": 0.20476937294006348, ""tulips"": 0.2629873752593994}"
run_20260827T012233Z,color_cast__strong__lab_correction,enhanced,color_cast,strong,lab_correction,data/flower_photos/tulips/110147301_ad921e2828.jpg,3bd20b288dd03e4392cf90f1ec82cdb4448315ccc14183accd2abe695f5d04f7,tulips,sunflowers,0.5718570947647095,False,"{""daisy"": 0.09928470104932785, ""dandelion"": 0.07391419261693954, ""roses"": 0.08960454165935516, ""sunflowers"": 0.5718570947647095, ""tulips"": 0.16533951461315155}"
