path,relative_path,label,width,height,aspect_ratio,mode,original_format,original_mode,exif_orientation,sha256,bytes,decode_status,duplicate_group
data/flower_photos/daisy/100080576_f52e8ee070_n.jpg,data/flower_photos/daisy/100080576_f52e8ee070_n.jpg,daisy,320,263,1.2167300380228137,RGB,JPEG,RGB,,7f9de25827f56d28a5240aa0f5901799c259b41db36b3fa69d7cb1240e2ac67a,26797,ok,
data/flower_photos/daisy/10140303196_b88d3d6cec.jpg,data/flower_photos/daisy/10140303196_b88d3d6cec.jpg,daisy,500,313,1.597444089456869,RGB,JPEG,RGB,,42241bfdb0ffeb1012d1899d4c44bcfd823d98302edd99cccfcc1c9b699d080f,117247,ok,
data/flower_photos/daisy/10172379554_b296050f82_n.jpg,data/flower_photos/daisy/10172379554_b296050f82_n.jpg,daisy,320,215,1.4883720930232558,RGB,JPEG,RGB,,9d28fe37d384974429e51febd82380e2ae17aed72dd59fb3ff938fa519bc4cc6,36410,ok,
data/flower_photos/daisy/10172567486_2748826a8b.jpg,data/flower_photos/daisy/10172567486_2748826a8b.jpg,daisy,500,333,1.5015015015015014,RGB,JPEG,RGB,,4876ee5dac4f015dfe8eacc7d01271a67331ab1b48a4aabbd57228df9225ad2d,102862,ok,
data/flower_photos/daisy/10172636503_21bededa75_n.jpg,data/flower_photos/daisy/10172636503_21bededa75_n.jpg,daisy,320,250,1.28,RGB,JPEG,RGB,,a27cde28ec220e2d6ee1c94f4ddfeddc0c618049223b13b007197aec46d0d078,27419,ok,
data/flower_photos/daisy/102841525_bd6628ae3c.jpg,data/flower_photos/daisy/102841525_bd6628ae3c.jpg,daisy,500,400,1.25,RGB,JPEG,RGB,,1adc5dbb8ba26a8d3d915ef8dc285241eb4d6e3e31cb2bbdcd04fc655f879c59,132803,ok,
data/flower_photos/daisy/1031799732_e7f4008c03.jpg,data/flower_photos/daisy/1031799732_e7f4008c03.jpg,daisy,500,375,1.3333333333333333,RGB,JPEG,RGB,,ba718b80bf7616a152ba2bb43afceb8cb99edfab0706e07c777cd0c04a1c9827,102618,ok,
data/flower_photos/daisy/10391248763_1d16681106_n.jpg,data/flower_photos/daisy/10391248763_1d16681106_n.jpg,daisy,320,224,1.4285714285714286,RGB,JPEG,RGB,,68922bcdf1a0ff3dbdb21f63ef2a2c92159cd3d98d5dc5126e806d797d135f9c,51688,ok,
data/flower_photos/daisy/10437754174_22ec990b77_m.jpg,data/flower_photos/daisy/10437754174_22ec990b77_m.jpg,daisy,171,240,0.7125,RGB,JPEG,RGB,,34a53427637c8ee788d9909a5f842cfc09091754a6a664bd1514cc930fdf12e3,13946,ok,
data/flower_photos/daisy/10437770546_8bb6f7bdd3_m.jpg,data/flower_photos/daisy/10437770546_8bb6f7bdd3_m.jpg,daisy,240,240,1.0,RGB,JPEG,RGB,,032dafa74410af26bba4c25fad16d69b49cf6e2666ec17fbe70410d57f72544d,13518,ok,
data/flower_photos/daisy/10437929963_bc13eebe0c.jpg,data/flower_photos/daisy/10437929963_bc13eebe0c.jpg,daisy,500,320,1.5625,RGB,JPEG,RGB,,fc93c5da3aac42323db54d1e0403b96b4503bb1fff73fe48cf035b8d94a1cf83,84219,ok,
data/flower_photos/daisy/10466290366_cc72e33532.jpg,data/flower_photos/daisy/10466290366_cc72e33532.jpg,daisy,500,333,1.5015015015015014,RGB,JPEG,RGB,,4134e654ebbd57a724529d53df593f54e0f9352e94d6660a785645aa47631a77,172328,ok,
data/flower_photos/daisy/10466558316_a7198b87e2.jpg,data/flower_photos/daisy/10466558316_a7198b87e2.jpg,daisy,500,333,1.5015015015015014,RGB,JPEG,RGB,,87d67ca9a1e6f0c723f3d80c8444de10f48cca34485c143ed841ddbe60f4ec8a,129584,ok,
data/flower_photos/daisy/10555749515_13a12a026e.jpg,data/flower_photos/daisy/10555749515_13a12a026e.jpg,daisy,500,331,1.5105740181268883,RGB,JPEG,RGB,,660c383561d2f802cadb57a52537d59e556e522729253370bbf8565668ed0d91,86878,ok,
data/flower_photos/daisy/10555815624_dc211569b0.jpg,data/flower_photos/daisy/10555815624_dc211569b0.jpg,daisy,500,320,1.5625,RGB,JPEG,RGB,,bb25058e94bd3e6bc5317ed8b477831738ec59ecf9d2cc085779ea9e131b6f45,93133,ok,
data/flower_photos/daisy/10555826524_423eb8bf71_n.jpg,data/flower_photos/daisy/10555826524_423eb8bf71_n.jpg,daisy,320,219,1.461187214611872,RGB,JPEG,RGB,,827aeaad06b287c4c8eddcd41e060eccc24247e6c08353d1eb2826d3be42581d,59028,ok,
data/flower_photos/daisy/10559679065_50d2b16f6d.jpg,data/flower_photos/daisy/10559679065_50d2b16f6d.jpg,daisy,500,281,1.7793594306049823,RGB,JPEG,RGB,,5a887a0dc941ab03c67c62ae63d8a1d5ef35ba386db5c3d9e4662385a220e20f,100584,ok,
data/flower_photos/daisy/105806915_a9c13e2106_n.jpg,data/flower_photos/daisy/105806915_a9c13e2106_n.jpg,daisy,320,213,1.5023474178403755,RGB,JPEG,RGB,,7e332643ba7b28be64c19ce9614be7050aba660608bef890cd7cf6c9fe14978e,25620,ok,
data/flower_photos/daisy/10712722853_5632165b04.jpg,data/flower_photos/daisy/10712722853_5632165b04.jpg,daisy,500,333,1.5015015015015014,RGB,JPEG,RGB,,9897f99e7657651da53e91c11b0c115204772017082c0c314d604196592e9cbd,63389,ok,
data/flower_photos/daisy/107592979_aaa9cdfe78_m.jpg,data/flower_photos/daisy/107592979_aaa9cdfe78_m.jpg,daisy,240,240,1.0,RGB,JPEG,RGB,,c7ab4c17028b15d9b3348aa46f752d80f72cafaea06491aa7a425956c6d17286,31691,ok,
data/flower_photos/daisy/10770585085_4742b9dac3_n.jpg,data/flower_photos/daisy/10770585085_4742b9dac3_n.jpg,daisy,320,213,1.5023474178403755,RGB,JPEG,RGB,,d67f32d1d532400b6fae8f41969c40ca2a98c9f03a6a03bdb2298b2875af8d79,33679,ok,
data/flower_photos/daisy/10841136265_af473efc60.jpg,data/flower_photos/daisy/10841136265_af473efc60.jpg,daisy,500,333,1.5015015015015014,RGB,JPEG,RGB,,21e23d6c5b98c9322af7f08ef72ada4e67cdad460300b74689ae2472a528ab11,62144,ok,
data/flower_photos/daisy/10993710036_2033222c91.jpg,data/flower_photos/daisy/10993710036_2033222c91.jpg,daisy,500,333,1.5015015015015014,RGB,JPEG,RGB,,ed79c7229a56353b0c35660ecea78f62b1dd39077b936ff1465c0685f1adad6f,170415,ok,
data/flower_photos/daisy/10993818044_4c19b86c82.jpg,data/flower_photos/daisy/10993818044_4c19b86c82.jpg,daisy,500,333,1.5015015015015014,RGB,JPEG,RGB,,02f0d147b8ba43329d4bae9108d6395126b67e1e8fd3018d2582f3aaa002d910,165918,ok,
data/flower_photos/daisy/10994032453_ac7f8d9e2e.jpg,data/flower_photos/daisy/10994032453_ac7f8d9e2e.jpg,daisy,500,333,1.5015015015015014,RGB,JPEG,RGB,,650fa826fd0345452c36e9132b7f040974add8e8fb14af1b3af2f043ab5b2455,165761,ok,
data/flower_photos/daisy/11023214096_b5b39fab08.jpg,data/flower_photos/daisy/11023214096_b5b39fab08.jpg,daisy,500,333,1.5015015015015014,RGB,JPEG,RGB,,1ff107c12c34077f1e4989de0285910934e30502f93b85bdd66f216be53eea2f,77494,ok,
data/flower_photos/daisy/11023272144_fce94401f2_m.jpg,data/flower_photos/daisy/11023272144_fce94401f2_m.jpg,daisy,159,240,0.6625,RGB,JPEG,RGB,,9e2c32cd02fe9a6e420cf0a6e1522e3b964fa739b46043b77b725759416c334d,17301,ok,
data/flower_photos/daisy/11023277956_8980d53169_m.jpg,data/flower_photos/daisy/11023277956_8980d53169_m.jpg,daisy,159,240,0.6625,RGB,JPEG,RGB,,7269b5a4667b944cbe5a35784b711b98fbb1655e7ab5e6df439e054150097cad,22046,ok,
data/flower_photos/daisy/11124324295_503f3a0804.jpg,data/flower_photos/daisy/11124324295_503f3a0804.jpg,daisy,500,309,1.6181229773462784,RGB,JPEG,RGB,,57368d245f2afa49bec0f8d6c3bc89b032418dd57cf003a9e3324a199c73ed1e,115327,ok,
data/flower_photos/daisy/1140299375_3aa7024466.jpg,data/flower_photos/daisy/1140299375_3aa7024466.jpg,daisy,500,334,1.4970059880239521,RGB,JPEG,RGB,,a97a16f21c5ea9dcb932e1b82fd24e39449512c11023c20a18a9679c06ed3251,120825,ok,
data/flower_photos/daisy/11439894966_dca877f0cd.jpg,data/flower_photos/daisy/11439894966_dca877f0cd.jpg,daisy,500,335,1.492537313432836,RGB,JPEG,RGB,,c8f155e6e75fb008ada59a6d642eed5894cbc174acfd7e9313a08e5e2561c0d8,151955,ok,
data/flower_photos/daisy/1150395827_6f94a5c6e4_n.jpg,data/flower_photos/daisy/1150395827_6f94a5c6e4_n.jpg,daisy,320,240,1.3333333333333333,RGB,JPEG,RGB,,604a0ed0ac6df7efc06e1721e3059ec0201f734c0de5691931920007e59e1336,36060,ok,
data/flower_photos/daisy/11642632_1e7627a2cc.jpg,data/flower_photos/daisy/11642632_1e7627a2cc.jpg,daisy,500,333,1.5015015015015014,RGB,JPEG,RGB,,efd482e0376b33a04f711c0b714548072d7e0e496edcdd30c4625f3f30a9c747,15225,ok,
data/flower_photos/daisy/11834945233_a53b7a92ac_m.jpg,data/flower_photos/daisy/11834945233_a53b7a92ac_m.jpg,daisy,193,240,0.8041666666666667,RGB,JPEG,RGB,,2e2aacb16bd2221997d9cb9ffc60715fd6c6b0b90e9dde0c3859ea8c7e3cffba,21481,ok,
data/flower_photos/daisy/11870378973_2ec1919f12.jpg,data/flower_photos/daisy/11870378973_2ec1919f12.jpg,daisy,500,332,1.5060240963855422,RGB,JPEG,RGB,,67e3b06f044df4170c2f30eeab4bc4a1f37dbcd211dac189b08514bb4f3bb765,92760,ok,
data/flower_photos/daisy/11891885265_ccefec7284_n.jpg,data/flower_photos/daisy/11891885265_ccefec7284_n.jpg,daisy,320,213,1.5023474178403755,RGB,JPEG,RGB,,9963cb44dd748b9f646708d687d29c2961583a28186ed401c8540f6cb59a7eb2,21335,ok,
data/flower_photos/daisy/12193032636_b50ae7db35_n.jpg,data/flower_photos/daisy/12193032636_b50ae7db35_n.jpg,daisy,320,212,1.509433962264151,RGB,JPEG,RGB,,9219235d651773aa8d67ee553564a4d531a1911547f88d07e77b18633251c7fc,36211,ok,
data/flower_photos/daisy/12348343085_d4c396e5b5_m.jpg,data/flower_photos/daisy/12348343085_d4c396e5b5_m.jpg,daisy,240,221,1.085972850678733,RGB,JPEG,RGB,,b99d46a3a39f96aa655bc18dc76a3e2315ff9133358f60f717f6b47e2a0965d4,21978,ok,
data/flower_photos/daisy/12585131704_0f64b17059_m.jpg,data/flower_photos/daisy/12585131704_0f64b17059_m.jpg,daisy,207,240,0.8625,RGB,JPEG,RGB,,b9159c6e8146c22eaf369443beda97ea85071af5ed55b1713999b72672405d7f,17851,ok,
data/flower_photos/daisy/12601254324_3cb62c254a_m.jpg,data/flower_photos/daisy/12601254324_3cb62c254a_m.jpg,daisy,240,240,1.0,RGB,JPEG,RGB,,14b8ba32bc7bdba73d32a3226c9efdb47445f4d2ae8737478dd59d8b1be37f6f,18229,ok,
data/flower_photos/daisy/1265350143_6e2b276ec9.jpg,data/flower_photos/daisy/1265350143_6e2b276ec9.jpg,daisy,500,375,1.3333333333333333,RGB,JPEG,RGB,,99db300c8408e89e22ca48238033ab44e02b4d0aa3d85ff6dc6e5fb64e766923,95511,ok,
data/flower_photos/daisy/12701063955_4840594ea6_n.jpg,data/flower_photos/daisy/12701063955_4840594ea6_n.jpg,daisy,320,240,1.3333333333333333,RGB,JPEG,RGB,,1f85a29a5c669d601a925abb0a1f9afbd587adee5bf280b1b5ebefebac6ef945,65337,ok,
data/flower_photos/daisy/1285423653_18926dc2c8_n.jpg,data/flower_photos/daisy/1285423653_18926dc2c8_n.jpg,daisy,320,240,1.3333333333333333,RGB,JPEG,RGB,,d885541afdbff7ac7b556900530cbc66689f3aad4ce7cc3d6195365e8e232704,31315,ok,
data/flower_photos/daisy/1286274236_1d7ac84efb_n.jpg,data/flower_photos/daisy/1286274236_1d7ac84efb_n.jpg,daisy,320,240,1.3333333333333333,RGB,JPEG,RGB,,41f37a50288bf3e5abba9b6f9b5579b3d8dfddf554850df58442ade0820caaaf,21379,ok,
data/flower_photos/daisy/12891819633_e4c82b51e8.jpg,data/flower_photos/daisy/12891819633_e4c82b51e8.jpg,daisy,500,333,1.5015015015015014,RGB,JPEG,RGB,,684bda85035d72709f651e6c6635d9679f42d25c354f18ba051c1b5982895d0b,65655,ok,
data/flower_photos/daisy/1299501272_59d9da5510_n.jpg,data/flower_photos/daisy/1299501272_59d9da5510_n.jpg,daisy,320,240,1.3333333333333333,RGB,JPEG,RGB,,09260b35c2853ac82b5405f49ff9b0028898da5dc94663b0dba31a89a3fd9560,35253,ok,
data/flower_photos/daisy/1306119996_ab8ae14d72_n.jpg,data/flower_photos/daisy/1306119996_ab8ae14d72_n.jpg,daisy,320,240,1.3333333333333333,RGB,JPEG,RGB,,57862a972cd8650e32d8261463ce42aef4df87a8ea55e2d7021c55856cda55f6,24463,ok,
data/flower_photos/daisy/1314069875_da8dc023c6_m.jpg,data/flower_photos/daisy/1314069875_da8dc023c6_m.jpg,daisy,240,223,1.0762331838565022,RGB,JPEG,RGB,,bd6101064e13c68c181be45fdff42ae311af5f0045a590ffea55d160b2eeadf4,21838,ok,
data/flower_photos/daisy/1342002397_9503c97b49.jpg,data/flower_photos/daisy/1342002397_9503c97b49.jpg,daisy,500,375,1.3333333333333333,RGB,JPEG,RGB,,454d73eb7fafbae6936193ff1c090c515be4568571a7a41b08f33bf4307476e3,99367,ok,
data/flower_photos/daisy/134372449_0f7166d96c_n.jpg,data/flower_photos/daisy/134372449_0f7166d96c_n.jpg,daisy,320,240,1.3333333333333333,RGB,JPEG,RGB,,f7b6c816a070925979cdc74d8abf71c3d267f7de0985504c36724082fcfb059c,97416,ok,
data/flower_photos/daisy/134409839_71069a95d1_m.jpg,data/flower_photos/daisy/134409839_71069a95d1_m.jpg,daisy,240,222,1.0810810810810811,RGB,JPEG,RGB,,57a71973404aa8c9aa4949830c2417c750c6075e168483424068d707c758f851,31422,ok,
data/flower_photos/daisy/1344985627_c3115e2d71_n.jpg,data/flower_photos/daisy/1344985627_c3115e2d71_n.jpg,daisy,320,240,1.3333333333333333,RGB,JPEG,RGB,,28a4c428e676e55de5d1bcff486278c6c2978860266bf47f54ea8305ccc9cec8,26666,ok,
data/flower_photos/daisy/13491959645_2cd9df44d6_n.jpg,data/flower_photos/daisy/13491959645_2cd9df44d6_n.jpg,daisy,320,221,1.4479638009049773,RGB,JPEG,RGB,,76413f2b747c3e8364e0f85352331cb895ee96c5b18b94522cff451e3c65908c,16729,ok,
data/flower_photos/daisy/1354396826_2868631432_m.jpg,data/flower_photos/daisy/1354396826_2868631432_m.jpg,daisy,180,240,0.75,RGB,JPEG,RGB,,69a3916a68f73b864f497e08f3d5b5cab9a424e77bfc557d460b150139cceb8c,23987,ok,
data/flower_photos/daisy/1355787476_32e9f2a30b.jpg,data/flower_photos/daisy/1355787476_32e9f2a30b.jpg,daisy,500,375,1.3333333333333333,RGB,JPEG,RGB,,f5530a39560f53b58f26676901836c6d243825d25d21749ce022e2d909efac98,62754,ok,
data/flower_photos/daisy/13583238844_573df2de8e_m.jpg,data/flower_photos/daisy/13583238844_573df2de8e_m.jpg,daisy,185,240,0.7708333333333334,RGB,JPEG,RGB,,eac9bc96f40e179bf04c60e7f87039e5eac04309c365a925dfc8012079398e60,20510,ok,
data/flower_photos/daisy/1374193928_a52320eafa.jpg,data/flower_photos/daisy/1374193928_a52320eafa.jpg,daisy,500,375,1.3333333333333333,RGB,JPEG,RGB,,7da3d78f1a5a896f66cdc4b19524e84825ae692ea8353602d031b0b698f11aee,102676,ok,
data/flower_photos/daisy/13826249325_f61cb15f86_n.jpg,data/flower_photos/daisy/13826249325_f61cb15f86_n.jpg,daisy,320,240,1.3333333333333333,RGB,JPEG,RGB,,00a8943f2fae6e3c4e64de2609ee25224c21ab0017396630622889f2f62dd510,34180,ok,
data/flower_photos/daisy/13901930939_a7733c03f0_n.jpg,data/flower_photos/daisy/13901930939_a7733c03f0_n.jpg,daisy,320,221,1.4479638009049773,RGB,JPEG,RGB,,156587ac6c8d01bc4857f1651183ba116bcb07d91b84d4df45676d80a3886d49,20752,ok,
data/flower_photos/daisy/1392131677_116ec04751.jpg,data/flower_photos/daisy/1392131677_116ec04751.jpg,daisy,500,375,1.3333333333333333,RGB,JPEG,RGB,,f9ce620c64a2b74136ec087f55ca46ffb8566f11b9efe889c7c63e01e2ad58a3,83038,ok,
data/flower_photos/daisy/1392946544_115acbb2d9.jpg,data/flower_photos/daisy/1392946544_115acbb2d9.jpg,daisy,500,375,1.3333333333333333,RGB,JPEG,RGB,,0bb80e4c51e14c3e1fafe3df12cbf7f94b634b48190bad8792b01496e0f4e613,135766,ok,
data/flower_photos/daisy/13953307149_f8de6a768c_m.jpg,data/flower_photos/daisy/13953307149_f8de6a768c_m.jpg,daisy,238,240,0.9916666666666667,RGB,JPEG,RGB,,97dd6fb7c61d2f5d09bdc7ed858c67d36046d753a83fc4c39489bf191f36c5a2,21726,ok,
data/flower_photos/daisy/1396526833_fb867165be_n.jpg,data/flower_photos/daisy/1396526833_fb867165be_n.jpg,daisy,320,240,1.3333333333333333,RGB,JPEG,RGB,,73d8ca5c2cc1cd948495cf0c6a5450d89e9556106f640998cc2872315e9324f9,37409,ok,
data/flower_photos/daisy/13977181862_f8237b6b52.jpg,data/flower_photos/daisy/13977181862_f8237b6b52.jpg,daisy,500,313,1.597444089456869,RGB,JPEG,RGB,,7298f53d1769c9ca41287fb14c9f60763861aaa9f0f166799bbbb4c52f3fc744,34316,ok,
data/flower_photos/daisy/14021430525_e06baf93a9.jpg,data/flower_photos/daisy/14021430525_e06baf93a9.jpg,daisy,500,333,1.5015015015015014,RGB,JPEG,RGB,,a730d0f51fd2275580a31e4d8a6d7f23b49c831d71eed585bb93a0325ac40215,60369,ok,
data/flower_photos/daisy/14073784469_ffb12f3387_n.jpg,data/flower_photos/daisy/14073784469_ffb12f3387_n.jpg,daisy,320,240,1.3333333333333333,RGB,JPEG,RGB,,129adec4948e37d2ca78dcd49a550daebd026dfe84f7d55f1b371a9a444a8528,39917,ok,
data/flower_photos/daisy/14087947408_9779257411_n.jpg,data/flower_photos/daisy/14087947408_9779257411_n.jpg,daisy,320,277,1.1552346570397112,RGB,JPEG,RGB,,170129c88ba119b09e3ff847d0c1cb0afaff0a89706924f3dca3f9094b783bca,41404,ok,
data/flower_photos/daisy/14088053307_1a13a0bf91_n.jpg,data/flower_photos/daisy/14088053307_1a13a0bf91_n.jpg,daisy,320,240,1.3333333333333333,RGB,JPEG,RGB,,80fed52c77b9cbd708ff16ea1c98247baba9e01bd3870bde75aef1b0087a4c20,58724,ok,
data/flower_photos/daisy/14114116486_0bb6649bc1_m.jpg,data/flower_photos/daisy/14114116486_0bb6649bc1_m.jpg,daisy,159,240,0.6625,RGB,JPEG,RGB,,ca983bc452eae7271e0fa377d581d1eeaa88d20a626f786e080e390c6a5fe19f,29523,ok,
data/flower_photos/daisy/14147016029_8d3cf2414e.jpg,data/flower_photos/daisy/14147016029_8d3cf2414e.jpg,daisy,500,335,1.492537313432836,RGB,JPEG,RGB,,dee6d91180e9b664305d8133231c8670f3db7c15a3199a5f716b8642ccdf89c1,108350,ok,
data/flower_photos/daisy/14163875973_467224aaf5_m.jpg,data/flower_photos/daisy/14163875973_467224aaf5_m.jpg,daisy,159,240,0.6625,RGB,JPEG,RGB,,55a7d0d3783b2943de053e0ae504c6d65252b4ab19c6153bb3dacc0270d73a1d,18639,ok,
data/flower_photos/daisy/14167534527_781ceb1b7a_n.jpg,data/flower_photos/daisy/14167534527_781ceb1b7a_n.jpg,daisy,320,240,1.3333333333333333,RGB,JPEG,RGB,,2aa2f678a6542c4e07d353ebd8525779fb6be984d62ebf28faae2312cde9b0e0,29644,ok,
data/flower_photos/daisy/14167543177_cd36b54ac6_n.jpg,data/flower_photos/daisy/14167543177_cd36b54ac6_n.jpg,daisy,320,240,1.3333333333333333,RGB,JPEG,RGB,,de985a007b820441a41377b4f14d2e8a3d9a66c303fb3c9527ef3420c4b34814,30617,ok,
data/flower_photos/daisy/14219214466_3ca6104eae_m.jpg,data/flower_photos/daisy/14219214466_3ca6104eae_m.jpg,daisy,180,240,0.75,RGB,JPEG,RGB,,880032f94c187508b4a5470b0955bac655f90743d5a51cb7fbb0f8adab411cfb,14258,ok,
data/flower_photos/daisy/14221836990_90374e6b34.jpg,data/flower_photos/daisy/14221836990_90374e6b34.jpg,daisy,500,331,1.5105740181268883,RGB,JPEG,RGB,,7eeb3e3e8445f7ee320841150019f67bd4f4cfee6db02272d1e2084c98077c73,64139,ok,
data/flower_photos/daisy/14221848160_7f0a37c395.jpg,data/flower_photos/daisy/14221848160_7f0a37c395.jpg,daisy,500,331,1.5105740181268883,RGB,JPEG,RGB,,8cd58a5875c268a2f98eae3782b39eebdae2817aaa2e5802efc2dff75a801222,117064,ok,
data/flower_photos/daisy/14245834619_153624f836.jpg,data/flower_photos/daisy/14245834619_153624f836.jpg,daisy,500,333,1.5015015015015014,RGB,JPEG,RGB,,4c4500fba9d61a5a4adcbf70d9113f18496b4e30e1d0bfdc878f5281450bd4ed,20253,ok,
data/flower_photos/daisy/14264136211_9531fbc144.jpg,data/flower_photos/daisy/14264136211_9531fbc144.jpg,daisy,500,281,1.7793594306049823,RGB,JPEG,RGB,,32b0b9aaf6b530022e1b7b9e6ceb0493d6f63d7df7020e4ae52d5153acea20a0,44369,ok,
data/flower_photos/daisy/14272874304_47c0a46f5a.jpg,data/flower_photos/daisy/14272874304_47c0a46f5a.jpg,daisy,500,335,1.492537313432836,RGB,JPEG,RGB,,c4cc012f6060abfc1b5c133fd2f0bfda99d6fe92699a74d0c8beea66836cb5aa,119329,ok,
data/flower_photos/daisy/14307766919_fac3c37a6b_m.jpg,data/flower_photos/daisy/14307766919_fac3c37a6b_m.jpg,daisy,158,240,0.6583333333333333,RGB,JPEG,RGB,,60f0db0c175f8a97f9d8b8931cd24595e7d41e20412702f3c5a41f4b9dbbbc9c,17454,ok,
data/flower_photos/daisy/14330343061_99478302d4_m.jpg,data/flower_photos/daisy/14330343061_99478302d4_m.jpg,daisy,200,240,0.8333333333333334,RGB,JPEG,RGB,,31de74e3ad5ccb69ba2239ad67ba80dcafd7edb8a52340952f4cd3c5cc0db739,27535,ok,
data/flower_photos/daisy/14332947164_9b13513c71_m.jpg,data/flower_photos/daisy/14332947164_9b13513c71_m.jpg,daisy,231,240,0.9625,RGB,JPEG,RGB,,79345e0cc5959b570afe7b10c951b273efc4955fe25b0c3c4f71abccff99a3c6,29384,ok,
data/flower_photos/daisy/14333681205_a07c9f1752_m.jpg,data/flower_photos/daisy/14333681205_a07c9f1752_m.jpg,daisy,187,240,0.7791666666666667,RGB,JPEG,RGB,,4233d5caac558c2948f541ecc6ea9c91bf7676fa0a966f593e96f5fa8bf098f7,25400,ok,
data/flower_photos/daisy/14350958832_29bdd3a254.jpg,data/flower_photos/daisy/14350958832_29bdd3a254.jpg,daisy,500,333,1.5015015015015014,RGB,JPEG,RGB,,8860100671b897490f5dca36bb7c6437a295506fa96dfaa2e69f4a3f1a01033e,45995,ok,
data/flower_photos/daisy/14354051035_1037b30421_n.jpg,data/flower_photos/daisy/14354051035_1037b30421_n.jpg,daisy,320,240,1.3333333333333333,RGB,JPEG,RGB,,bd4fe0c2fe9a0bd456747009d64ca97dffb8e74d270b4aa46f3cf52b4ed849fc,35883,ok,
data/flower_photos/daisy/14372713423_61e2daae88.jpg,data/flower_photos/daisy/14372713423_61e2daae88.jpg,daisy,500,333,1.5015015015015014,RGB,JPEG,RGB,,5e30a46cf938ee102602aefe41c0f5000247ead1792df63ee05e231c5c5d8a5b,51728,ok,
data/flower_photos/daisy/14399435971_ea5868c792.jpg,data/flower_photos/daisy/14399435971_ea5868c792.jpg,daisy,500,281,1.7793594306049823,RGB,JPEG,RGB,,a27c0b696715e1266445df0c021b91982b6623c005475ae800dcc1572ca36958,33668,ok,
data/flower_photos/daisy/14402451388_56545a374a_n.jpg,data/flower_photos/daisy/14402451388_56545a374a_n.jpg,daisy,320,213,1.5023474178403755,RGB,JPEG,RGB,,74488a9806a6b44b881ef112b67b0634491d86296cb789bcc8f126ee231cfeb0,45997,ok,
data/flower_photos/daisy/144076848_57e1d662e3_m.jpg,data/flower_photos/daisy/144076848_57e1d662e3_m.jpg,daisy,199,240,0.8291666666666667,RGB,JPEG,RGB,,1e5906597e0a2aace8376086df065baa9af1d621442364a4ece2a074215fe46e,28737,ok,
data/flower_photos/daisy/144099102_bf63a41e4f_n.jpg,data/flower_photos/daisy/144099102_bf63a41e4f_n.jpg,daisy,320,240,1.3333333333333333,RGB,JPEG,RGB,,5954cd411525e1464be6de5f03fabdb38b0b99811f5af89c4e6e4d08aa969e47,57568,ok,
data/flower_photos/daisy/1441939151_b271408c8d_n.jpg,data/flower_photos/daisy/1441939151_b271408c8d_n.jpg,daisy,320,213,1.5023474178403755,RGB,JPEG,RGB,,8980c634d623fd28c15f5a99647c275f3276c98d01fbde4067f744d5550a8cd5,19064,ok,
data/flower_photos/daisy/14421389519_d5fd353eb4.jpg,data/flower_photos/daisy/14421389519_d5fd353eb4.jpg,daisy,500,333,1.5015015015015014,RGB,JPEG,RGB,,b8cde33eaaec67100b52d7f94b7a3f678342360257f580cc50253042006ec0d6,39408,ok,
data/flower_photos/daisy/144603918_b9de002f60_m.jpg,data/flower_photos/daisy/144603918_b9de002f60_m.jpg,daisy,212,240,0.8833333333333333,RGB,JPEG,RGB,,d5482b4c8bd9130304ede99f36c09bce54a279bc1cd5ac35231dd81fe768d222,18390,ok,
data/flower_photos/daisy/14471433500_cdaa22e3ea_m.jpg,data/flower_photos/daisy/14471433500_cdaa22e3ea_m.jpg,daisy,240,240,1.0,RGB,JPEG,RGB,,f6470ed4854ba780477d24202758cffcc8d00b7fc1506b8fb67316898230c8a7,41728,ok,
data/flower_photos/daisy/14485782498_fb342ec301.jpg,data/flower_photos/daisy/14485782498_fb342ec301.jpg,daisy,500,334,1.4970059880239521,RGB,JPEG,RGB,,b34fd961e8639b11f111e48aba4578ef5390b26d6b27804f5d41668915457e79,36056,ok,
data/flower_photos/daisy/14507818175_05219b051c_m.jpg,data/flower_photos/daisy/14507818175_05219b051c_m.jpg,daisy,240,240,1.0,RGB,JPEG,RGB,,ddbc80a266bbf50de76099281be641dcca86a16f356daee4b70ef68a0f11235b,15365,ok,
data/flower_photos/daisy/14523675369_97c31d0b5b.jpg,data/flower_photos/daisy/14523675369_97c31d0b5b.jpg,daisy,500,333,1.5015015015015014,RGB,JPEG,RGB,,dcf69539bd43744c5228d9c04207c8d93a111233ea4a89b65f3bb406505e600e,79226,ok,
data/flower_photos/daisy/14551098743_2842e7a004_n.jpg,data/flower_photos/daisy/14551098743_2842e7a004_n.jpg,daisy,320,224,1.4285714285714286,RGB,JPEG,RGB,,0bedc7fb6b6e8386af344ce1278f903ae318e326244f75bc76c3125a470c8e7b,43643,ok,
data/flower_photos/daisy/14554906452_35f066ffe9_n.jpg,data/flower_photos/daisy/14554906452_35f066ffe9_n.jpg,daisy,320,236,1.3559322033898304,RGB,JPEG,RGB,,bdfeb5230e6239d25d7f693c098c05a80c31e0d8fb0a2cea74b47659b8fa891e,58433,ok,
data/flower_photos/daisy/14564545365_1f1d267bf1_n.jpg,data/flower_photos/daisy/14564545365_1f1d267bf1_n.jpg,daisy,320,231,1.3852813852813852,RGB,JPEG,RGB,,f60bddc64c13c5d05e669c434a641df55addcc7a12558bade02c02f1a9ca9e81,29020,ok,
data/flower_photos/daisy/14569895116_32f0dcb0f9.jpg,data/flower_photos/daisy/14569895116_32f0dcb0f9.jpg,daisy,500,333,1.5015015015015014,RGB,JPEG,RGB,,62a29cc578edcbdaa24c84763eee61476b6e40d027012c27104b62f625083959,37794,ok,
data/flower_photos/daisy/14591326135_930703dbed_m.jpg,data/flower_photos/daisy/14591326135_930703dbed_m.jpg,daisy,239,240,0.9958333333333333,RGB,JPEG,RGB,,5660310e408700029338d81f888e21cd9cad2ed53497321fb398e9d40e744508,22075,ok,
data/flower_photos/daisy/14600779226_7bbc288d40_m.jpg,data/flower_photos/daisy/14600779226_7bbc288d40_m.jpg,daisy,158,240,0.6583333333333333,RGB,JPEG,RGB,,2de7cc31a44ec2600d523a5ce776f19b603ba75b83568d35d9214562ea371800,25725,ok,
data/flower_photos/daisy/14613443462_d4ed356201.jpg,data/flower_photos/daisy/14613443462_d4ed356201.jpg,daisy,500,290,1.7241379310344827,RGB,JPEG,RGB,,21df8f4039914fddf3d888a891cd19e29fe369d87384cf3df6150d440f98ebb4,47919,ok,
data/flower_photos/daisy/14621687774_ec52811acd_n.jpg,data/flower_photos/daisy/14621687774_ec52811acd_n.jpg,daisy,320,278,1.1510791366906474,RGB,JPEG,RGB,,3f34f687086187b3024d74841b971dc71cc89d2907aa5824455fc387758e7657,38895,ok,
data/flower_photos/daisy/14674743211_f68b13f6d9.jpg,data/flower_photos/daisy/14674743211_f68b13f6d9.jpg,daisy,500,333,1.5015015015015014,RGB,JPEG,RGB,,7e40f77dbdf462f816d9edcdf8b2420d918d0af13831d535c13d665b7d21ab25,112559,ok,
data/flower_photos/daisy/14698531521_0c2f0c6539.jpg,data/flower_photos/daisy/14698531521_0c2f0c6539.jpg,daisy,500,333,1.5015015015015014,RGB,JPEG,RGB,,9c23604b0542cfd507bd0c9b2d53942ad11dfaf6ce0d7822e011485285e9c92a,103453,ok,
data/flower_photos/daisy/147068564_32bb4350cc.jpg,data/flower_photos/daisy/147068564_32bb4350cc.jpg,daisy,500,375,1.3333333333333333,RGB,JPEG,RGB,,63e21e0c7e43c5b350f630777485b1d19fa05a892a43aded710439aaf99d2b4d,45964,ok,
data/flower_photos/daisy/14707111433_cce08ee007.jpg,data/flower_photos/daisy/14707111433_cce08ee007.jpg,daisy,500,332,1.5060240963855422,RGB,JPEG,RGB,,be9367f92e75194ab2c8ff63d4a43404def47a38df3ae59897c0c3a9202ee9a2,79780,ok,
data/flower_photos/daisy/14716799982_ed6d626a66.jpg,data/flower_photos/daisy/14716799982_ed6d626a66.jpg,daisy,500,281,1.7793594306049823,RGB,JPEG,RGB,,1e66906e69222be94477d89d6d8bb85b1a56c6cb4e24a009e00909279fbc7694,31517,ok,
data/flower_photos/daisy/14816364517_2423021484_m.jpg,data/flower_photos/daisy/14816364517_2423021484_m.jpg,daisy,180,240,0.75,RGB,JPEG,RGB,,a84417e52d6e4a40725a56eea493bebbdbb27a67ee933bc4733a03168c7254fe,20089,ok,
data/flower_photos/daisy/14866200659_6462c723cb_m.jpg,data/flower_photos/daisy/14866200659_6462c723cb_m.jpg,daisy,180,240,0.75,RGB,JPEG,RGB,,6f16c78a8e4dee05b8134e4cd5c0bc8a8e33bc431f4805ee4629b4ccce335bb3,19217,ok,
data/flower_photos/daisy/14907815010_bff495449f.jpg,data/flower_photos/daisy/14907815010_bff495449f.jpg,daisy,500,333,1.5015015015015014,RGB,JPEG,RGB,,7bc1c519f281142ec93ef35232441146575397cd40ef32ad8271b755db9710d1,144980,ok,
data/flower_photos/daisy/14921511479_7b0a647795.jpg,data/flower_photos/daisy/14921511479_7b0a647795.jpg,daisy,500,281,1.7793594306049823,RGB,JPEG,RGB,,2e1c0935e8b3fd3b6780e79925d14a1098e7afbeedb0e6cb635974c1802687dd,18047,ok,
data/flower_photos/daisy/15029936576_8d6f96c72c_n.jpg,data/flower_photos/daisy/15029936576_8d6f96c72c_n.jpg,daisy,320,240,1.3333333333333333,RGB,JPEG,RGB,,a670ccf1ecd5406b51c83889164d38593b73e20eb4db88b3ff9beafd0159b88d,26816,ok,
data/flower_photos/daisy/15207766_fc2f1d692c_n.jpg,data/flower_photos/daisy/15207766_fc2f1d692c_n.jpg,daisy,320,215,1.4883720930232558,RGB,JPEG,RGB,,b8343cfba87f359b06ad3b5e2a2449a0e5e199c108236d3807178d68e87c328f,26221,ok,
data/flower_photos/daisy/15306268004_4680ba95e1.jpg,data/flower_photos/daisy/15306268004_4680ba95e1.jpg,daisy,500,333,1.5015015015015014,RGB,JPEG,RGB,,b616f5073c61ca6aeaed118e9baab5030d04946b483bfc13316e2706794b2f8c,64286,ok,
data/flower_photos/daisy/153210866_03cc9f2f36.jpg,data/flower_photos/daisy/153210866_03cc9f2f36.jpg,daisy,500,375,1.3333333333333333,RGB,JPEG,RGB,,0f046ea19cf3375117ef8e4b63802496be44625ee42e40e12802b008da58ecc2,105569,ok,
data/flower_photos/daisy/15327813273_06cdf42210.jpg,data/flower_photos/daisy/15327813273_06cdf42210.jpg,daisy,500,333,1.5015015015015014,RGB,JPEG,RGB,,3c70a6c7785e63617f61f107cbb4b4884530ac39e261d6be37aafb3ab5a705a9,50105,ok,
data/flower_photos/daisy/154332674_453cea64f4.jpg,data/flower_photos/daisy/154332674_453cea64f4.jpg,daisy,500,442,1.1312217194570136,RGB,JPEG,RGB,,4201717b400e4ab9d6e6fc6591b05d1b5928240da4b781e594d3a144ae3f7140,134669,ok,
data/flower_photos/daisy/15760153042_a2a90e9da5_m.jpg,data/flower_photos/daisy/15760153042_a2a90e9da5_m.jpg,daisy,240,240,1.0,RGB,JPEG,RGB,,c71804fc35b3b786410c037ec51d26f696931845d369feca500db311b125eac8,24577,ok,
data/flower_photos/daisy/15760811380_4d686c892b_n.jpg,data/flower_photos/daisy/15760811380_4d686c892b_n.jpg,daisy,320,213,1.5023474178403755,RGB,JPEG,RGB,,5450cf0e3dca7a2a3c63aefdfe3b2951cd569fda538bfbde710c691d61ed7bc4,11522,ok,
data/flower_photos/daisy/15784493690_b1858cdb2b_n.jpg,data/flower_photos/daisy/15784493690_b1858cdb2b_n.jpg,daisy,320,240,1.3333333333333333,RGB,JPEG,RGB,,1fa43f192224817a245cd8df601b989e98baeec3c08a40327185d9e0d4e3abbb,35112,ok,
data/flower_photos/daisy/15813862117_dedcd1c56f_m.jpg,data/flower_photos/daisy/15813862117_dedcd1c56f_m.jpg,daisy,180,240,0.75,RGB,JPEG,RGB,,46a4ee169cc0d0e68d480c818ae0f8373c0331d19190e0446ac5a7164203a4d9,12856,ok,
data/flower_photos/daisy/15853110333_229c439e7f.jpg,data/flower_photos/daisy/15853110333_229c439e7f.jpg,daisy,500,333,1.5015015015015014,RGB,JPEG,RGB,,d319a30f45d09c1d1923118ab281f2d9ca5f9d7d421a6d1b409fc6e0fd3af988,58449,ok,
data/flower_photos/daisy/158869618_f1a6704236_n.jpg,data/flower_photos/daisy/158869618_f1a6704236_n.jpg,daisy,320,265,1.2075471698113207,RGB,JPEG,RGB,,b9dd80b239a3644cbd87a54769728bc7e8f0d715e83b34d875aed7676d651e09,36784,ok,
data/flower_photos/daisy/16020253176_60f2a6a5ca_n.jpg,data/flower_photos/daisy/16020253176_60f2a6a5ca_n.jpg,daisy,320,213,1.5023474178403755,RGB,JPEG,RGB,,9b6b212a228e4f2d574ad66c104762cd8edab010e6722e5dafcb82ba67bdd6a6,15036,ok,
data/flower_photos/daisy/16025261368_911703a536_n.jpg,data/flower_photos/daisy/16025261368_911703a536_n.jpg,daisy,320,240,1.3333333333333333,RGB,JPEG,RGB,,f44ad5dd03df42828b1aa0541f1c4fc6b1071feae7b5e8ff9ce2bd1225a249eb,35212,ok,
data/flower_photos/daisy/16121105382_b96251e506_m.jpg,data/flower_photos/daisy/16121105382_b96251e506_m.jpg,daisy,159,240,0.6625,RGB,JPEG,RGB,,f0522281604e11c4b688e783f34d599bbe5a87e57a49a64aa5d76c6f31a56ad4,13371,ok,
data/flower_photos/daisy/16161045294_70c76ce846_n.jpg,data/flower_photos/daisy/16161045294_70c76ce846_n.jpg,daisy,320,213,1.5023474178403755,RGB,JPEG,RGB,,eacdcd96453137e521faa70ca6be09056e8ab7ea355dd2811c453431271887b2,25380,ok,
data/flower_photos/daisy/162362896_99c7d851c8_n.jpg,data/flower_photos/daisy/162362896_99c7d851c8_n.jpg,daisy,320,256,1.25,RGB,JPEG,RGB,,7a437b32a7114ccabb939267417246ac9b2ca1ee6b920a0e8e148581beac0c85,34156,ok,
data/flower_photos/daisy/162362897_1d21b70621_m.jpg,data/flower_photos/daisy/162362897_1d21b70621_m.jpg,daisy,221,240,0.9208333333333333,RGB,JPEG,RGB,,e620d7c972784ffb4208c165033e5324629f62957ab9ac183de13daf5a309670,20286,ok,
data/flower_photos/daisy/16291797949_a1b1b7c2bd_n.jpg,data/flower_photos/daisy/16291797949_a1b1b7c2bd_n.jpg,daisy,320,213,1.5023474178403755,RGB,JPEG,RGB,,7bea400e1d35662c003c08f1b8766e0b73ffea1a8484a5a0618d258834dff0bf,23613,ok,
data/flower_photos/daisy/16360180712_b72695928c_n.jpg,data/flower_photos/daisy/16360180712_b72695928c_n.jpg,daisy,320,240,1.3333333333333333,RGB,JPEG,RGB,,2bd9365076578dc02cd6da85ea24996cef7ae866596a2456614bc87feb1a1fb8,30952,ok,
data/flower_photos/daisy/163978992_8128b49d3e_n.jpg,data/flower_photos/daisy/163978992_8128b49d3e_n.jpg,daisy,320,257,1.245136186770428,RGB,JPEG,RGB,,51d88c1257f414a8f07b25f0c29a221cc77d4f6404c3a4f52b41671dccc0760e,31788,ok,
data/flower_photos/daisy/16401288243_36112bd52f_m.jpg,data/flower_photos/daisy/16401288243_36112bd52f_m.jpg,daisy,240,240,1.0,RGB,JPEG,RGB,,2c31a7874843806fec5a6579785890818377d8de46c581285aed30f1f790fe55,56239,ok,
data/flower_photos/daisy/16482676953_5296227d40_n.jpg,data/flower_photos/daisy/16482676953_5296227d40_n.jpg,daisy,320,239,1.3389121338912133,RGB,JPEG,RGB,,d4e146e3ab19262445101e08c030810869497661cae2f3e06b2901ecc283ce98,31186,ok,
data/flower_photos/daisy/16492248512_61a57dfec1_m.jpg,data/flower_photos/daisy/16492248512_61a57dfec1_m.jpg,daisy,182,240,0.7583333333333333,RGB,JPEG,RGB,,2d787e6c3aacac60f59e17a871f2830295c8d4fce30348f30ddfec6b55ce4226,11613,ok,
data/flower_photos/daisy/16527403771_2391f137c4_n.jpg,data/flower_photos/daisy/16527403771_2391f137c4_n.jpg,daisy,320,213,1.5023474178403755,RGB,JPEG,RGB,,3d80eace93fb155dfa2c54cb3771d8bfb21e96e543242aa95ecf4efcff5a866e,19069,ok,
data/flower_photos/daisy/1656856503_447e5b0f03.jpg,data/flower_photos/daisy/1656856503_447e5b0f03.jpg,daisy,500,374,1.3368983957219251,RGB,JPEG,RGB,,d7e855dd507e3947799b39b5d93b6d0f9a6914c4222475e332298518a4d112b9,113826,ok,
data/flower_photos/daisy/16737503507_431768a927.jpg,data/flower_photos/daisy/16737503507_431768a927.jpg,daisy,500,333,1.5015015015015014,RGB,JPEG,RGB,,2ef1e6fe6b1cf644c4bc30dcb3544d52936a1e09bd19e538d85f93b5f19c2a6c,39225,ok,
data/flower_photos/daisy/16819071290_471d99e166_m.jpg,data/flower_photos/daisy/16819071290_471d99e166_m.jpg,daisy,180,240,0.75,RGB,JPEG,RGB,,34fe5843ba74ac47d0e034ec63886cdb1ea43d9db2458b63e69606ae855e6080,18195,ok,
data/flower_photos/daisy/16833748795_b681b2839f_n.jpg,data/flower_photos/daisy/16833748795_b681b2839f_n.jpg,daisy,320,240,1.3333333333333333,RGB,JPEG,RGB,,ad9541a005f1304431d47aee3f7f5ea6a0b4e3cc13b7c09d5f6a12725116cd82,30721,ok,
data/flower_photos/daisy/169371301_d9b91a2a42.jpg,data/flower_photos/daisy/169371301_d9b91a2a42.jpg,daisy,500,375,1.3333333333333333,RGB,JPEG,RGB,,c068c367e1db7521b39edbdee3d019f933ddcefb8c25f7c81131282bd301699a,185301,ok,
data/flower_photos/daisy/17027891179_3edc08f4f6.jpg,data/flower_photos/daisy/17027891179_3edc08f4f6.jpg,daisy,500,333,1.5015015015015014,RGB,JPEG,RGB,,b771ea4a76948846d5442e233abadd187e10346a94c8b5f65c17175f190e3226,55782,ok,
data/flower_photos/daisy/17101762155_2577a28395.jpg,data/flower_photos/daisy/17101762155_2577a28395.jpg,daisy,500,333,1.5015015015015014,RGB,JPEG,RGB,,9e9b84f90e4df86c35b8dc21a5fd50dd361b1b9345d6130224b4f83c71198171,108921,ok,
data/flower_photos/daisy/171972704_389cf7a953.jpg,data/flower_photos/daisy/171972704_389cf7a953.jpg,daisy,350,232,1.5086206896551724,RGB,JPEG,RGB,,70b3854ba709a04964451160f458e003ac8d5cdbb09334d8de8b1f8e8494ecba,20425,ok,
data/flower_photos/daisy/17249393016_093e915012_n.jpg,data/flower_photos/daisy/17249393016_093e915012_n.jpg,daisy,320,213,1.5023474178403755,RGB,JPEG,RGB,,a9a7ba24f1551eb0ea6c199f36622561d5ad66319c17d4df024b975f3e2eca1a,50842,ok,
data/flower_photos/daisy/172882635_4cc7b86731_m.jpg,data/flower_photos/daisy/172882635_4cc7b86731_m.jpg,daisy,240,214,1.1214953271028036,RGB,JPEG,RGB,,6a92c233423f9598e38c03f4cf310c8b0edfaa40cdfd02ffaa1f268635064e80,20466,ok,
data/flower_photos/daisy/172967318_c596d082cc.jpg,data/flower_photos/daisy/172967318_c596d082cc.jpg,daisy,500,333,1.5015015015015014,RGB,JPEG,RGB,,38232ba7f57dbb9c099f1de9c1219b73c02a011f8d0116a932940f9353eae3fd,58663,ok,
data/flower_photos/daisy/173350276_02817aa8d5.jpg,data/flower_photos/daisy/173350276_02817aa8d5.jpg,daisy,500,411,1.2165450121654502,RGB,JPEG,RGB,,38d9387e92846b06cc21cc3bfb2179fe59d471a4686680e6c22dac77a8937d4d,137291,ok,
data/flower_photos/daisy/17357636476_1953c07aa4_n.jpg,data/flower_photos/daisy/17357636476_1953c07aa4_n.jpg,daisy,320,213,1.5023474178403755,RGB,JPEG,RGB,,b0968dde8d052431687d7d11cdcba42397071e1fa6f3ec5cdddf394ead9d23fc,30292,ok,
data/flower_photos/daisy/174131220_c853df1287.jpg,data/flower_photos/daisy/174131220_c853df1287.jpg,daisy,500,333,1.5015015015015014,RGB,JPEG,RGB,,2db7dd991cfcb407137fc5706b71644ff18e6928b039344742aeab4dce24a8ce,79324,ok,
data/flower_photos/daisy/175106495_53ebdef092_n.jpg,data/flower_photos/daisy/175106495_53ebdef092_n.jpg,daisy,320,240,1.3333333333333333,RGB,JPEG,RGB,,fbc83478166343d663814c0b90750333855749b55fa2c52a594d0f14f25e893a,40094,ok,
data/flower_photos/daisy/176375506_201859bb92_m.jpg,data/flower_photos/daisy/176375506_201859bb92_m.jpg,daisy,180,240,0.75,RGB,JPEG,RGB,,a3b7dfc32d81dca70688e4c665dfb1408db2e39135d5624f05823c513e3f1168,19187,ok,
data/flower_photos/daisy/18023717391_e2c9089e10.jpg,data/flower_photos/daisy/18023717391_e2c9089e10.jpg,daisy,500,333,1.5015015015015014,RGB,JPEG,RGB,,ca448babeacbb24831c1cfdba1cb04824e3d6bed1bd4d68b1f71189ae309cbcd,62069,ok,
data/flower_photos/daisy/181007802_7cab5ee78e_n.jpg,data/flower_photos/daisy/181007802_7cab5ee78e_n.jpg,daisy,320,240,1.3333333333333333,RGB,JPEG,RGB,,d94c4aff3a79aa5ab01d3c9de3c8a26ebc2d93ea487fd4ccedd32cae6bc0cbc7,57251,ok,
data/flower_photos/daisy/18195689904_46619b7e16_n.jpg,data/flower_photos/daisy/18195689904_46619b7e16_n.jpg,daisy,320,213,1.5023474178403755,RGB,JPEG,RGB,,fb02257ca99a1b2171ae7a778749622b097ea49e4624656fc2dacbbbd7d29964,23673,ok,
data/flower_photos/daisy/18203367608_07a04e98a4_n.jpg,data/flower_photos/daisy/18203367608_07a04e98a4_n.jpg,daisy,320,240,1.3333333333333333,RGB,JPEG,RGB,,2f58163fd4cebbe376be26987ba71904561283d284aedc8c5721e4859b7fe0cd,21765,ok,
data/flower_photos/daisy/18354545086_693ea7bc2a.jpg,data/flower_photos/daisy/18354545086_693ea7bc2a.jpg,daisy,500,333,1.5015015015015014,RGB,JPEG,RGB,,1a0b9328bb07d8f4cb2d2da3be33a83710bb25cfc6aa84e49b77a608bd31b1a1,69786,ok,
data/flower_photos/daisy/18400014056_2e4c601ed5.jpg,data/flower_photos/daisy/18400014056_2e4c601ed5.jpg,daisy,500,277,1.8050541516245486,RGB,JPEG,RGB,,4f5c769e6ce5c24a94a0bcb876c478e4162f0921ac02f9cb32c46a1b9b780b26,81544,ok,
data/flower_photos/daisy/18442919723_d1251d3e14_n.jpg,data/flower_photos/daisy/18442919723_d1251d3e14_n.jpg,daisy,320,236,1.3559322033898304,RGB,JPEG,RGB,,50866d244c68f39346d8fd1566912aa0151c4718025414f38f291fa9e82dcf3f,27767,ok,
data/flower_photos/daisy/18474740346_ffdaa18032.jpg,data/flower_photos/daisy/18474740346_ffdaa18032.jpg,daisy,500,331,1.5105740181268883,RGB,JPEG,RGB,,007cfa239edf05bc77bfa2ab5f61bb2134bb8c84f5e41b512011961851bd870c,41086,ok,
data/flower_photos/daisy/18582579815_4c6637e9ff_m.jpg,data/flower_photos/daisy/18582579815_4c6637e9ff_m.jpg,daisy,192,240,0.8,RGB,JPEG,RGB,,9075d236c3c8c04978628a1b057399c158f6717cf94dace33e877b7c81bb36ea,28379,ok,
data/flower_photos/daisy/18622672908_eab6dc9140_n.jpg,data/flower_photos/daisy/18622672908_eab6dc9140_n.jpg,daisy,320,228,1.4035087719298245,RGB,JPEG,RGB,,c710ae932311e7631ec7964d6f7bc3bd43f194575111d2d9b21c053b36523b04,27508,ok,
data/flower_photos/daisy/18635898912_eb8e058ef0.jpg,data/flower_photos/daisy/18635898912_eb8e058ef0.jpg,daisy,500,229,2.183406113537118,RGB,JPEG,RGB,,069f5746096eb0ef5d4ff14b0b205057153fd9c0bcdf77c9271f8d5c4fb03535,38781,ok,
data/flower_photos/daisy/18679421522_3be9879e32.jpg,data/flower_photos/daisy/18679421522_3be9879e32.jpg,daisy,500,274,1.8248175182481752,RGB,JPEG,RGB,,ae1092dba91d02ef4c729e34f8690b36965ecebaa9aea740c74230b51c0596c7,22921,ok,
data/flower_photos/daisy/18684594849_7dd3634f5e_n.jpg,data/flower_photos/daisy/18684594849_7dd3634f5e_n.jpg,daisy,320,240,1.3333333333333333,RGB,JPEG,RGB,,ed4e27a10c5055e76a1ee1455a2c4aacc741eaf78e4e740dcbeb7d255d1a5c2e,44961,ok,
data/flower_photos/daisy/18711159980_11d3bd5042.jpg,data/flower_photos/daisy/18711159980_11d3bd5042.jpg,daisy,500,309,1.6181229773462784,RGB,JPEG,RGB,,d2da8042d49391514bc74d4451bcc0a9f2135230a270b65b718b1130318c4df0,38494,ok,
data/flower_photos/daisy/1879567877_8ed2a5faa7_n.jpg,data/flower_photos/daisy/1879567877_8ed2a5faa7_n.jpg,daisy,320,213,1.5023474178403755,RGB,JPEG,RGB,,b5bc87493493366dd38987596c119392c75b8395bbd05f5711ac5b71aa5c485b,27478,ok,
data/flower_photos/daisy/18901817451_43e2b45f6c.jpg,data/flower_photos/daisy/18901817451_43e2b45f6c.jpg,daisy,500,326,1.5337423312883436,RGB,JPEG,RGB,,adbd49985e9c758309a347b9853ae2e33964880443dae83ce242428be45b4c77,47702,ok,
data/flower_photos/daisy/19019544592_b64469bf84_n.jpg,data/flower_photos/daisy/19019544592_b64469bf84_n.jpg,daisy,320,240,1.3333333333333333,RGB,JPEG,RGB,,880ac34fb6c10ac47af19b24b5386acb6e223bba6cdb25f96609c255b3172a85,64233,ok,
data/flower_photos/daisy/19177263840_6a316ea639.jpg,data/flower_photos/daisy/19177263840_6a316ea639.jpg,daisy,500,292,1.7123287671232876,RGB,JPEG,RGB,,2378268268b32af87533e01450fe50bcdebde109c42a70ed41680bcf57d4e8ab,27199,ok,
data/flower_photos/daisy/19178753159_a471bf4b6b.jpg,data/flower_photos/daisy/19178753159_a471bf4b6b.jpg,daisy,500,292,1.7123287671232876,RGB,JPEG,RGB,,c1f76d5b453a703f1ccaf39b0887b51c5fd5eab4bc1727d5bfbc70ecb4ed879c,27890,ok,
data/flower_photos/daisy/19280272025_57de24e940_m.jpg,data/flower_photos/daisy/19280272025_57de24e940_m.jpg,daisy,240,240,1.0,RGB,JPEG,RGB,,e44488b149650f7ad19d658aa207f54cec4dab9c57ce171d858ac7a432c91f9e,17469,ok,
data/flower_photos/daisy/19544831049_0d738d4872_m.jpg,data/flower_photos/daisy/19544831049_0d738d4872_m.jpg,daisy,240,240,1.0,RGB,JPEG,RGB,,ba377ccb08fb9a7023b4293b43b10abd782216512c591aaa87b80a51419e15d8,25703,ok,
data/flower_photos/daisy/1955336401_fbb206d6ef_n.jpg,data/flower_photos/daisy/1955336401_fbb206d6ef_n.jpg,daisy,320,240,1.3333333333333333,RGB,JPEG,RGB,,259db795399fe486b89b309dff94d6da28ccb4a4d23dce1d2d7a6445564bdc98,31605,ok,
data/flower_photos/daisy/19653086178_28156b7ce4_m.jpg,data/flower_photos/daisy/19653086178_28156b7ce4_m.jpg,daisy,176,240,0.7333333333333333,RGB,JPEG,RGB,,345acee3e5bc435e6342daa3eca3f7cab04a22defb0d9f106b8bc6e0f8752748,22087,ok,
data/flower_photos/daisy/19813618946_93818db7aa_m.jpg,data/flower_photos/daisy/19813618946_93818db7aa_m.jpg,daisy,227,240,0.9458333333333333,RGB,JPEG,RGB,,af34c254f273c97a6b0d523782df1bba81d9709b007a00bf3c709054dd8c2acc,24030,ok,
data/flower_photos/daisy/19834392829_7d697871f6.jpg,data/flower_photos/daisy/19834392829_7d697871f6.jpg,daisy,500,281,1.7793594306049823,RGB,JPEG,RGB,,0b0cba76194eb9b98cf0c2da2dbb726fc6a587810abf4ee1ad797fcaceac998e,43199,ok,
data/flower_photos/daisy/19865728236_a62f8f445b_n.jpg,data/flower_photos/daisy/19865728236_a62f8f445b_n.jpg,daisy,320,240,1.3333333333333333,RGB,JPEG,RGB,,0b1999895b2cf0017d134016893992da91e7d512e9341aab5ecbbd9e88d74526,17469,ok,
data/flower_photos/daisy/19975899671_ebc42b7865_n.jpg,data/flower_photos/daisy/19975899671_ebc42b7865_n.jpg,daisy,320,238,1.3445378151260505,RGB,JPEG,RGB,,8572255d2e9a4876de4013da577cb455a40cf164752d4eba8bebe325feffb155,38530,ok,
data/flower_photos/daisy/2001380507_19488ff96a_n.jpg,data/flower_photos/daisy/2001380507_19488ff96a_n.jpg,daisy,320,240,1.3333333333333333,RGB,JPEG,RGB,,606f5f24ac653a16cd99d581d1a92c3bd82ce59e4869a792e9fe86b568a5e8c6,38478,ok,
data/flower_photos/daisy/20182559506_40a112f762.jpg,data/flower_photos/daisy/20182559506_40a112f762.jpg,daisy,500,333,1.5015015015015014,RGB,JPEG,RGB,,3215ad360f4eda76376817cb97e93401a18caa833a9ba9e51eece5b96ad097ab,96360,ok,
data/flower_photos/daisy/2019064575_7656b9340f_m.jpg,data/flower_photos/daisy/2019064575_7656b9340f_m.jpg,daisy,240,230,1.0434782608695652,RGB,JPEG,RGB,,ca36c3a496f335854807e7a26b3210c5560bbcebeb213511646682f513ba3390,12322,ok,
data/flower_photos/daisy/20289938802_e16fa9f23d.jpg,data/flower_photos/daisy/20289938802_e16fa9f23d.jpg,daisy,500,322,1.5527950310559007,RGB,JPEG,RGB,,df3680ec9d36b27923377278ed208ce5951a858721c9b7092d206187bfa95e00,55191,ok,
data/flower_photos/daisy/20329326505_a777c71cc2.jpg,data/flower_photos/daisy/20329326505_a777c71cc2.jpg,daisy,500,281,1.7793594306049823,RGB,JPEG,RGB,,7c6ea91c1d845e185585d0fa7345320d1f4ce8647c69e4ae3d813f8f1b3d74f5,49171,ok,
data/flower_photos/daisy/2045022175_ad087f5f60_n.jpg,data/flower_photos/daisy/2045022175_ad087f5f60_n.jpg,daisy,320,240,1.3333333333333333,RGB,JPEG,RGB,,ece841686cfe18167a5dc4e4cc2833cf2fa424dfcaa4490c72b9cf96f1b9b1d8,21070,ok,
data/flower_photos/daisy/2057816617_18448093d0_n.jpg,data/flower_photos/daisy/2057816617_18448093d0_n.jpg,daisy,320,240,1.3333333333333333,RGB,JPEG,RGB,,ccf12066e59b697089fcba3a09cbc2b3578ebdaa11febaedefc1c227f61d5ce2,23111,ok,
data/flower_photos/daisy/20580471306_ab5a011b15_n.jpg,data/flower_photos/daisy/20580471306_ab5a011b15_n.jpg,daisy,320,240,1.3333333333333333,RGB,JPEG,RGB,,30ef2db5f85c45e016ce8da4c2a3cfab3fdcf1609806dda30b02d7bbe0f638be,34670,ok,
data/flower_photos/daisy/20619292635_9857a12d54.jpg,data/flower_photos/daisy/20619292635_9857a12d54.jpg,daisy,500,333,1.5015015015015014,RGB,JPEG,RGB,,9b4476a105c817ec7b7c995869f4378f92e8bbf23f8a097dc045b0e0660e2374,80198,ok,
data/flower_photos/daisy/20685027271_0e7306e7c1_n.jpg,data/flower_photos/daisy/20685027271_0e7306e7c1_n.jpg,daisy,320,213,1.5023474178403755,RGB,JPEG,RGB,,6a36c28059d3fd40b2a11b4ad2ea74f12d5ffbf34d2c0785db4c1da64c207fd4,45318,ok,
data/flower_photos/daisy/20703737132_179560d0fb.jpg,data/flower_photos/daisy/20703737132_179560d0fb.jpg,daisy,500,291,1.7182130584192439,RGB,JPEG,RGB,,f0a06bc113d7660a1a684a7278d569f456cd1ef7de9053a832ce1ebd8f271bfc,53848,ok,
data/flower_photos/daisy/20773528301_008fcbc5a1_n.jpg,data/flower_photos/daisy/20773528301_008fcbc5a1_n.jpg,daisy,320,213,1.5023474178403755,RGB,JPEG,RGB,,cb761a08229bdd32041825251d61282458805b9474818d53c2635182311bc61d,39891,ok,
data/flower_photos/daisy/2077865117_9ed85191ae_n.jpg,data/flower_photos/daisy/2077865117_9ed85191ae_n.jpg,daisy,320,233,1.3733905579399142,RGB,JPEG,RGB,,329bfa8200b5949925825c05487632e52ba91caf4573cbd430f65f78d55fb225,30287,ok,
data/flower_photos/daisy/2087343668_ef4fb95787_n.jpg,data/flower_photos/daisy/2087343668_ef4fb95787_n.jpg,daisy,320,240,1.3333333333333333,RGB,JPEG,RGB,,918e05b5c89a1720cf409f565e28f9bee2963991c421722277a0af3123c56488,31601,ok,
data/flower_photos/daisy/20948886919_cac7844f34_n.jpg,data/flower_photos/daisy/20948886919_cac7844f34_n.jpg,daisy,320,240,1.3333333333333333,RGB,JPEG,RGB,,975b6b398033c77474d8d46f171ac796d58142b03785a9b57fbe6e5b0f23e74f,37368,ok,
data/flower_photos/daisy/21402054779_759366efb0_n.jpg,data/flower_photos/daisy/21402054779_759366efb0_n.jpg,daisy,320,240,1.3333333333333333,RGB,JPEG,RGB,,1bd9efba538e0bc3e26d8e151a42b509ae0e42310b8fe7449844841386d65c78,30089,ok,
data/flower_photos/daisy/21626652132_97e1318bb8_m.jpg,data/flower_photos/daisy/21626652132_97e1318bb8_m.jpg,daisy,192,240,0.8,RGB,JPEG,RGB,,27e7e3eca7d39588c39d66e6360e90f5962f9c80739b7dc0c5c0fb36ffa91284,25644,ok,
data/flower_photos/daisy/21652746_cc379e0eea_m.jpg,data/flower_photos/daisy/21652746_cc379e0eea_m.jpg,daisy,231,240,0.9625,RGB,JPEG,RGB,,c0b3521645946a5024275e1c844085e73c7cd69a4faf9fecc32e1b1b3727a0c9,16860,ok,
data/flower_photos/daisy/21805938544_bf6bb0e4bc.jpg,data/flower_photos/daisy/21805938544_bf6bb0e4bc.jpg,daisy,500,333,1.5015015015015014,RGB,JPEG,RGB,,32bb47c1163092baed940a7174ed928d2a33a1ea8618fd8048641be190dbfbcd,110441,ok,
data/flower_photos/daisy/2213954589_c7da4b1486.jpg,data/flower_photos/daisy/2213954589_c7da4b1486.jpg,daisy,500,285,1.7543859649122806,RGB,JPEG,RGB,,a499f2463d470b8fff2520db743c572424a1a8b68b843b2f09ae6189a5c4e7ee,50455,ok,
data/flower_photos/daisy/22244161124_53e457bb66_n.jpg,data/flower_photos/daisy/22244161124_53e457bb66_n.jpg,daisy,320,238,1.3445378151260505,RGB,JPEG,RGB,,29efe41dc78023de23e9d40363e1e199c9d8951808a82c5bac82e61862187ea1,24629,ok,
data/flower_photos/daisy/22873310415_3a5674ec10_m.jpg,data/flower_photos/daisy/22873310415_3a5674ec10_m.jpg,daisy,240,223,1.0762331838565022,RGB,JPEG,RGB,,8ddf0e4c0d4b39ccf4cfbc4129c1c75e827aafac626d3046115c2ed457c537b1,20495,ok,
data/flower_photos/daisy/23095658544_7226386954_n.jpg,data/flower_photos/daisy/23095658544_7226386954_n.jpg,daisy,320,212,1.509433962264151,RGB,JPEG,RGB,,76d1b54fc7f10e649b23d3b01a440b871a83d454ca67a0ec83d2c32c06f83f63,34789,ok,
data/flower_photos/daisy/2331133004_582772d58f_m.jpg,data/flower_photos/daisy/2331133004_582772d58f_m.jpg,daisy,179,240,0.7458333333333333,RGB,JPEG,RGB,,c9fe5f48a1fee45a172c1cf2c45fb37aaf04daaa1ab261679c3307718b312d4b,23662,ok,
data/flower_photos/daisy/2346726545_2ebce2b2a6.jpg,data/flower_photos/daisy/2346726545_2ebce2b2a6.jpg,daisy,500,333,1.5015015015015014,RGB,JPEG,RGB,,6e38820da629248b5eebb74ff888431ce6c26915ab538664061606dfd384b69e,69008,ok,
data/flower_photos/daisy/2349640101_212c275aa7.jpg,data/flower_photos/daisy/2349640101_212c275aa7.jpg,daisy,500,333,1.5015015015015014,RGB,JPEG,RGB,,0ed7a1c399c2da6903a1f6fe1e371681c6ded925568c3d22187e86e855049993,55430,ok,
data/flower_photos/daisy/2351206867_084e57bd97.jpg,data/flower_photos/daisy/2351206867_084e57bd97.jpg,daisy,500,414,1.2077294685990339,RGB,JPEG,RGB,,eb99b7cb9b49f89abd6d2606908710dcc080d016d41018beaca2f00b8a041fc2,64392,ok,
data/flower_photos/daisy/2365428551_39f83f10bf_n.jpg,data/flower_photos/daisy/2365428551_39f83f10bf_n.jpg,daisy,320,240,1.3333333333333333,RGB,JPEG,RGB,,88e59261091b66955fdf0c4904647346b576d2a68f768e2ccbbd15d49d35304f,34136,ok,
data/flower_photos/daisy/2408024540_37f0be7cc0_n.jpg,data/flower_photos/daisy/2408024540_37f0be7cc0_n.jpg,daisy,320,244,1.3114754098360655,RGB,JPEG,RGB,,cdb00c866a5328a35656869151278ae28f5fe34800fdb2a5f6053f2ce9bc1f38,23379,ok,
data/flower_photos/daisy/2454280135_ac3aa75cdc_n.jpg,data/flower_photos/daisy/2454280135_ac3aa75cdc_n.jpg,daisy,320,240,1.3333333333333333,RGB,JPEG,RGB,,095d857e9e8aa36ede313ef41527129ee92e45a97dd85a2ed7c0e5fe15ff1455,35091,ok,
data/flower_photos/daisy/2454280137_e1637536ae_n.jpg,data/flower_photos/daisy/2454280137_e1637536ae_n.jpg,daisy,320,240,1.3333333333333333,RGB,JPEG,RGB,,cbdb7590f0ee1867dc20c838f630d8fb18f8963d12d7e50d6a5a1a88aa2c236d,39876,ok,
data/flower_photos/daisy/2473825306_62fd5f8785_n.jpg,data/flower_photos/daisy/2473825306_62fd5f8785_n.jpg,daisy,320,240,1.3333333333333333,RGB,JPEG,RGB,,174e6ac1d5cdf4fe11d3d55d88c69637f19d17bf849fcffad0592fb3d58455fe,36651,ok,
data/flower_photos/daisy/2476937534_21b285aa46_n.jpg,data/flower_photos/daisy/2476937534_21b285aa46_n.jpg,daisy,320,246,1.3008130081300813,RGB,JPEG,RGB,,2030ffa855d71c1f7816e9e7912c2503c5e668f07db4087fcc4146ef3c8ac014,27827,ok,
data/flower_photos/daisy/2479956481_8d1a9699be_n.jpg,data/flower_photos/daisy/2479956481_8d1a9699be_n.jpg,daisy,320,240,1.3333333333333333,RGB,JPEG,RGB,,0fde858572db3a8fdb7bee340a14f591622034888884a1481d739dd60cd2547c,23401,ok,
data/flower_photos/daisy/2480569557_f4e1f0dcb8_n.jpg,data/flower_photos/daisy/2480569557_f4e1f0dcb8_n.jpg,daisy,320,213,1.5023474178403755,RGB,JPEG,RGB,,fa72417fde6ca53947fcaa41e39752e9f114a18b88c23718b7b03310f6899fbb,18155,ok,
data/flower_photos/daisy/2481823240_eab0d86921.jpg,data/flower_photos/daisy/2481823240_eab0d86921.jpg,daisy,500,385,1.2987012987012987,RGB,JPEG,RGB,,1e696b808057f15341f06c5afbb025457c5648dc4a005975dede9c31d267b6d3,168572,ok,
data/flower_photos/daisy/2482982436_a2145359e0_n.jpg,data/flower_photos/daisy/2482982436_a2145359e0_n.jpg,daisy,320,214,1.4953271028037383,RGB,JPEG,RGB,,6f25731c59debaaccc523d950d77cf530cab91064808fc8793ec463ebf8b17fc,30783,ok,
data/flower_photos/daisy/2488902131_3417698611_n.jpg,data/flower_photos/daisy/2488902131_3417698611_n.jpg,daisy,320,240,1.3333333333333333,RGB,JPEG,RGB,,f92d7d77895b8dad7a89c0feb787769963d3a5541c617873c7e4874fdc087464,40848,ok,
data/flower_photos/daisy/2498632196_e47a472d5a.jpg,data/flower_photos/daisy/2498632196_e47a472d5a.jpg,daisy,500,333,1.5015015015015014,RGB,JPEG,RGB,,6b621c345dc9d9e8939bdeece1da35eff806ea30af1586e908ae7aa04fb0f7cf,71689,ok,
data/flower_photos/daisy/2509545845_99e79cb8a2_n.jpg,data/flower_photos/daisy/2509545845_99e79cb8a2_n.jpg,daisy,320,213,1.5023474178403755,RGB,JPEG,RGB,,50af78fe6ea75fbf800297dee4dbac1e248fb014a2e15d5fd8e599fcb66db9de,19641,ok,
data/flower_photos/daisy/2511306240_9047015f2d_n.jpg,data/flower_photos/daisy/2511306240_9047015f2d_n.jpg,daisy,320,240,1.3333333333333333,RGB,JPEG,RGB,,19700b0cd0e899f6948338be0f817495c3316393c4de0030e1ea9c1606e3c67d,19172,ok,
data/flower_photos/daisy/2513618768_ff7c004796_m.jpg,data/flower_photos/daisy/2513618768_ff7c004796_m.jpg,daisy,240,240,1.0,RGB,JPEG,RGB,,738c1e328d9ab054226db8c00575253223e86f65dd1d57f4a285da9421190d1d,26198,ok,
data/flower_photos/daisy/2514748602_343d4727c0_n.jpg,data/flower_photos/daisy/2514748602_343d4727c0_n.jpg,daisy,320,240,1.3333333333333333,RGB,JPEG,RGB,,93ec022b8b29c424aa53c8e6c385f71f40c01c0974f76a9a05e791be6cb5b3ce,34283,ok,
data/flower_photos/daisy/2520369272_1dcdb5a892_m.jpg,data/flower_photos/daisy/2520369272_1dcdb5a892_m.jpg,daisy,240,217,1.1059907834101383,RGB,JPEG,RGB,,21f623cbbc84c460bf56e3d54beecc5da76f060fb358269d3ad2765c00e0a840,21229,ok,
data/flower_photos/daisy/2521408074_e6f86daf21_n.jpg,data/flower_photos/daisy/2521408074_e6f86daf21_n.jpg,daisy,320,240,1.3333333333333333,RGB,JPEG,RGB,,a2f64735c915d4180a8c693536e55f733ae849ac66911a10a5356381c90065be,24446,ok,
data/flower_photos/daisy/253426762_9793d43fcd.jpg,data/flower_photos/daisy/253426762_9793d43fcd.jpg,daisy,500,281,1.7793594306049823,RGB,JPEG,RGB,,42609f0e1508897626b00413115997be97358a9376b7daa018b1fd69751122da,92103,ok,
data/flower_photos/daisy/25360380_1a881a5648.jpg,data/flower_photos/daisy/25360380_1a881a5648.jpg,daisy,500,375,1.3333333333333333,RGB,JPEG,RGB,,3fdb828f7acf53df004d6d2d2daff60b33c4f68d396ad28c062c25f0dba76d3b,40010,ok,
data/flower_photos/daisy/2536529152_33ef3ee078_n.jpg,data/flower_photos/daisy/2536529152_33ef3ee078_n.jpg,daisy,320,240,1.3333333333333333,RGB,JPEG,RGB,,0e90ba24c97e29e558555639fdcb0c9a17618304cf0a358334ed47e221f937bd,40545,ok,
data/flower_photos/daisy/2538504987_fe524b92a8_n.jpg,data/flower_photos/daisy/2538504987_fe524b92a8_n.jpg,daisy,320,240,1.3333333333333333,RGB,JPEG,RGB,,520f339bae4ba3c3eb3fb43dc54a00cecab0ad25914f73230ed1a9a471a12e5e,37575,ok,
data/flower_photos/daisy/2539552964_921cf645ba_n.jpg,data/flower_photos/daisy/2539552964_921cf645ba_n.jpg,daisy,320,240,1.3333333333333333,RGB,JPEG,RGB,,81a34139096b2ed5dd64d4e4df509f2025e68ac1e49487c51adea2c93878aa43,21585,ok,
data/flower_photos/daisy/2551708158_1f10e81e11.jpg,data/flower_photos/daisy/2551708158_1f10e81e11.jpg,daisy,500,278,1.7985611510791366,RGB,JPEG,RGB,,4f8cb7bc1133edba1b911822fb6d21bc1b3f3a5cd27cec5aa3cf746fa90a34dc,78343,ok,
data/flower_photos/daisy/2556503265_63ae6b9e0e_m.jpg,data/flower_photos/daisy/2556503265_63ae6b9e0e_m.jpg,daisy,215,240,0.8958333333333334,RGB,JPEG,RGB,,401ee13052b8c4c7366cfee4cd476181d2d5991900244c53a7d7b42b179477fd,31093,ok,
data/flower_photos/daisy/2561352120_7961d8263f.jpg,data/flower_photos/daisy/2561352120_7961d8263f.jpg,daisy,500,333,1.5015015015015014,RGB,JPEG,RGB,,4e3659707edb141554879743f4314938928e09281ba7383816ed7f7b448afbc4,110440,ok,
data/flower_photos/daisy/2561371688_c80a4fe957_n.jpg,data/flower_photos/daisy/2561371688_c80a4fe957_n.jpg,daisy,320,256,1.25,RGB,JPEG,RGB,,93f0a35863fe8ca861313ac715227d6287d0aaeb3cab7a40b326db99ec57d6ec,33048,ok,
data/flower_photos/daisy/2567033807_8e918c53d8_n.jpg,data/flower_photos/daisy/2567033807_8e918c53d8_n.jpg,daisy,320,213,1.5023474178403755,RGB,JPEG,RGB,,acfa80cf3861877615894dd500b31dd71a990dee783f8a9f37cfb25e8c778966,30362,ok,
data/flower_photos/daisy/2573240560_ff7ffdd449.jpg,data/flower_photos/daisy/2573240560_ff7ffdd449.jpg,daisy,500,441,1.1337868480725624,RGB,JPEG,RGB,,d69369a771f5174d890e4567ffb2540fd194f70d6579a95abb9cfe78e613d388,127482,ok,
data/flower_photos/daisy/2578695910_5ab8ee17c1_n.jpg,data/flower_photos/daisy/2578695910_5ab8ee17c1_n.jpg,daisy,320,240,1.3333333333333333,RGB,JPEG,RGB,,749378eb6f0263d983b01916af044e0aa3a37cfbebfed52261ffc514cecba97a,22884,ok,
data/flower_photos/daisy/2579018590_74359dcf1a_m.jpg,data/flower_photos/daisy/2579018590_74359dcf1a_m.jpg,daisy,182,240,0.7583333333333333,RGB,JPEG,RGB,,d98654068be00964a904bf578c9e38773b51e843c12ee1eefbe89daba273831d,13249,ok,
data/flower_photos/daisy/2581171297_b0a249b92b_n.jpg,data/flower_photos/daisy/2581171297_b0a249b92b_n.jpg,daisy,320,213,1.5023474178403755,RGB,JPEG,RGB,,b26104d553fa099c599fe32773cffa54366a4d73675f61ff497c0891688e71d6,27806,ok,
data/flower_photos/daisy/2590291468_2635d3e4e0_n.jpg,data/flower_photos/daisy/2590291468_2635d3e4e0_n.jpg,daisy,320,240,1.3333333333333333,RGB,JPEG,RGB,,53c87d077b385e0f54d0f3e9a59b303dc7c5a9b8c96e6223fd911bbc9fdc64e4,49288,ok,
data/flower_photos/daisy/2599662355_7782218c83.jpg,data/flower_photos/daisy/2599662355_7782218c83.jpg,daisy,500,332,1.5060240963855422,RGB,JPEG,RGB,,85e0265e349d1574030d3af37c8ed6ce8bef279728a8c99f7abfdcddcd1a28eb,90394,ok,
data/flower_photos/daisy/2607132536_d95198e619_n.jpg,data/flower_photos/daisy/2607132536_d95198e619_n.jpg,daisy,320,240,1.3333333333333333,RGB,JPEG,RGB,,1d7dd0f71fe75ede0d1fd65403d4c78a20fd2b4349e0bb7b744f40373fa3fbea,49237,ok,
data/flower_photos/daisy/2611119198_9d46b94392.jpg,data/flower_photos/daisy/2611119198_9d46b94392.jpg,daisy,500,385,1.2987012987012987,RGB,JPEG,RGB,,2ac830364c02477e410f6dc668c9041a5fe950d3a2fa21e983d772f705c0cd2e,89079,ok,
data/flower_photos/daisy/2612704455_efce1c2144_m.jpg,data/flower_photos/daisy/2612704455_efce1c2144_m.jpg,daisy,219,240,0.9125,RGB,JPEG,RGB,,f01be242e9f447182cfdf10a9ccab6f51aae2faa95c065eac012caa6d6604c24,19727,ok,
data/flower_photos/daisy/2617111535_54c2ac8462.jpg,data/flower_photos/daisy/2617111535_54c2ac8462.jpg,daisy,500,248,2.0161290322580645,RGB,JPEG,RGB,,4d266aa431e3fce8b9812e8956b5725c986e44098af1d098167df2b024e528f9,157824,ok,
data/flower_photos/daisy/2619413565_61a6cd3ac9_m.jpg,data/flower_photos/daisy/2619413565_61a6cd3ac9_m.jpg,daisy,228,240,0.95,RGB,JPEG,RGB,,c2f591f3ebb914ef43ace18fe4ad99977c2fe1e21d50ad3ec314fe9d05922c1d,42629,ok,
data/flower_photos/daisy/2621723097_736febb4a4_n.jpg,data/flower_photos/daisy/2621723097_736febb4a4_n.jpg,daisy,320,240,1.3333333333333333,RGB,JPEG,RGB,,c425d2d5b6068f91a14022a8faa4cf78899a6ad216e4c8d7549076f5fbe7a1e3,37907,ok,
data/flower_photos/daisy/2627815904_919373e7f5.jpg,data/flower_photos/daisy/2627815904_919373e7f5.jpg,daisy,500,333,1.5015015015015014,RGB,JPEG,RGB,,54d0570338e9b851a6bb0203432f925b68ace49184fe4889c179cac42fac7c18,140983,ok,
data/flower_photos/daisy/2632216904_274aa17433.jpg,data/flower_photos/daisy/2632216904_274aa17433.jpg,daisy,500,333,1.5015015015015014,RGB,JPEG,RGB,,b226f87d4b61f74c2760a0ccfb268eaf7eb2ec404bea5eab7cbaef3ed9f91b14,80970,ok,
data/flower_photos/daisy/2635314490_e12d3b0f36_m.jpg,data/flower_photos/daisy/2635314490_e12d3b0f36_m.jpg,daisy,240,240,1.0,RGB,JPEG,RGB,,67d2585f13236dc486e39821268ef8501c7a54d9c83a428690dc9aa908cafa86,21746,ok,
data/flower_photos/daisy/2641151167_3bf1349606_m.jpg,data/flower_photos/daisy/2641151167_3bf1349606_m.jpg,daisy,196,240,0.8166666666666667,RGB,JPEG,RGB,,e5e54c14b423fca51510165aa74523defc10ae7f594757e43cb27db5127086f7,27395,ok,
data/flower_photos/daisy/2641979584_2b21c3fe29_m.jpg,data/flower_photos/daisy/2641979584_2b21c3fe29_m.jpg,daisy,240,239,1.00418410041841,RGB,JPEG,RGB,,d8012984506482baf277d08341cd88aed8eead312fa184340643cde7eb1b0f4c,26165,ok,
data/flower_photos/daisy/2642408410_61545fdc83_n.jpg,data/flower_photos/daisy/2642408410_61545fdc83_n.jpg,daisy,320,212,1.509433962264151,RGB,JPEG,RGB,,e3b92d8000f0a9fa722ad26a202f337d033265fa3651c7ad61b6bace6212d79c,29414,ok,
data/flower_photos/daisy/2646438199_b309cffd65_n.jpg,data/flower_photos/daisy/2646438199_b309cffd65_n.jpg,daisy,320,213,1.5023474178403755,RGB,JPEG,RGB,,7fa3dde3bdc857effdc9da6043e9dac39055a927076455fc9c61d9bbb980611c,15085,ok,
data/flower_photos/daisy/2649404904_b7a91991bb_n.jpg,data/flower_photos/daisy/2649404904_b7a91991bb_n.jpg,daisy,320,254,1.2598425196850394,RGB,JPEG,RGB,,c2aadc4c20166f8d8ef800a287ac8ff71859a4ffb3a3f878fc0e86d363d21578,35478,ok,
data/flower_photos/daisy/2666572212_2caca8de9f_n.jpg,data/flower_photos/daisy/2666572212_2caca8de9f_n.jpg,daisy,320,250,1.28,RGB,JPEG,RGB,,5cd048c932940cd899504e8e5fef21b7b7eb99afa101d8696a6c43f3ba80d79b,37183,ok,
data/flower_photos/daisy/267148092_4bb874af58.jpg,data/flower_photos/daisy/267148092_4bb874af58.jpg,daisy,500,375,1.3333333333333333,RGB,JPEG,RGB,,de77c4c4c585c26f8f0b83e1d3be522c0ba32d73c2135353812bdeb6e0de6438,68416,ok,
data/flower_photos/daisy/2713919471_301fcc941f.jpg,data/flower_photos/daisy/2713919471_301fcc941f.jpg,daisy,500,363,1.3774104683195592,RGB,JPEG,RGB,,877083324593eec9ec9b4d07f401ffbe4537e2473ba4d0f683f8e79404e9c188,64745,ok,
data/flower_photos/daisy/2812442552_3eed5fb9f2_m.jpg,data/flower_photos/daisy/2812442552_3eed5fb9f2_m.jpg,daisy,240,234,1.0256410256410255,RGB,JPEG,RGB,,d2ac15f544f0e6391e180a07e38791012346e1802f7ed723d7a7e830e8b48d38,35315,ok,
data/flower_photos/daisy/2828733818_1c1ed0089d_n.jpg,data/flower_photos/daisy/2828733818_1c1ed0089d_n.jpg,daisy,320,240,1.3333333333333333,RGB,JPEG,RGB,,d2f193885a100f5609c4d2e2c031cf0a5d82d5c3419c646206538d71cd27821f,28087,ok,
data/flower_photos/daisy/2838487505_6c3b48efa5_m.jpg,data/flower_photos/daisy/2838487505_6c3b48efa5_m.jpg,daisy,240,240,1.0,RGB,JPEG,RGB,,4ee25f026c2e76edf874254ff6bd7cd6275f00ca6bfd4460922824b8f42b0e6a,22073,ok,
data/flower_photos/daisy/2862944799_45bc8e7302.jpg,data/flower_photos/daisy/2862944799_45bc8e7302.jpg,daisy,500,333,1.5015015015015014,RGB,JPEG,RGB,,e24ce01d02611f4edae577b9168f0e8d1d9ebac6359119932a740daf4c8390c0,125706,ok,
data/flower_photos/daisy/286875003_f7c0e1882d.jpg,data/flower_photos/daisy/286875003_f7c0e1882d.jpg,daisy,500,375,1.3333333333333333,RGB,JPEG,RGB,,7c36f06f21042a0612e259bc36eef982293170edb3b2ab54f5e4def877289ce8,86732,ok,
data/flower_photos/daisy/2877860110_a842f8b14a_m.jpg,data/flower_photos/daisy/2877860110_a842f8b14a_m.jpg,daisy,240,235,1.0212765957446808,RGB,JPEG,RGB,,77ae0569e130bdce59f5d1caa262ae7e784dc7c71c100c95028313aead11b14f,22457,ok,
data/flower_photos/daisy/2889325612_f2fc403ff0_m.jpg,data/flower_photos/daisy/2889325612_f2fc403ff0_m.jpg,daisy,207,240,0.8625,RGB,JPEG,RGB,,5adefe15d29a1c6d80a663e332f81f8e15b49a34ddeacfdbe171114c5c5eeddd,23239,ok,
data/flower_photos/daisy/2901376034_cdb4bac26b_m.jpg,data/flower_photos/daisy/2901376034_cdb4bac26b_m.jpg,daisy,240,240,1.0,RGB,JPEG,RGB,,7383017693b79dacecec23a298019371b87ffca48685465d19e95bbe6e472c1b,17415,ok,
data/flower_photos/daisy/2908212142_5437fa67ff_n.jpg,data/flower_photos/daisy/2908212142_5437fa67ff_n.jpg,daisy,320,256,1.25,RGB,JPEG,RGB,,26b159606f73f2c58300f93b80320512cf403769aaa960f19425202cac0ce0f8,16180,ok,
data/flower_photos/daisy/294451721_5106537b34.jpg,data/flower_photos/daisy/294451721_5106537b34.jpg,daisy,500,375,1.3333333333333333,RGB,JPEG,RGB,,cb0ed0554cbcc9f9082d0f212bdae342f588f2957455d0aaf756813790385651,60115,ok,
data/flower_photos/daisy/299129811_d6ebda9970.jpg,data/flower_photos/daisy/299129811_d6ebda9970.jpg,daisy,500,375,1.3333333333333333,RGB,JPEG,RGB,,bcaa91e79677c399945e30cc8071bbdde26a5386339c05b0120f139c4267ea86,106232,ok,
data/flower_photos/daisy/301964511_fab84ea1c1.jpg,data/flower_photos/daisy/301964511_fab84ea1c1.jpg,daisy,500,375,1.3333333333333333,RGB,JPEG,RGB,,a9d59b7ce2849f9c6be40fc33941b91c9f5aabeba899baf6e093d51da575f21f,81250,ok,
data/flower_photos/daisy/3025866885_22fb0b61c6_n.jpg,data/flower_photos/daisy/3025866885_22fb0b61c6_n.jpg,daisy,320,213,1.5023474178403755,RGB,JPEG,RGB,,e91e4881b3ca9de25a8135572f2284ae0badcc37395923cdd1e61aae80e60be9,45500,ok,
data/flower_photos/daisy/302782756_d35cb3e468.jpg,data/flower_photos/daisy/302782756_d35cb3e468.jpg,daisy,500,375,1.3333333333333333,RGB,JPEG,RGB,,192d7bd7c826f824f1a1c9fa6b499dfa26f721c8c4f66b164364be70bb613f93,69198,ok,
data/flower_photos/daisy/305160642_53cde0f44f.jpg,data/flower_photos/daisy/305160642_53cde0f44f.jpg,daisy,500,375,1.3333333333333333,RGB,JPEG,RGB,,a24c6d958178c5ac41427abd8485b58af4b059b6c10cef5f14986683e719268c,94210,ok,
data/flower_photos/daisy/3080880039_4f1bd592e5_n.jpg,data/flower_photos/daisy/3080880039_4f1bd592e5_n.jpg,daisy,320,279,1.146953405017921,RGB,JPEG,RGB,,56479e6f280344b80b5906d40550b082977cae78af84b4d04e404933a3024377,26043,ok,
data/flower_photos/daisy/3084924076_4d5c5711af_m.jpg,data/flower_photos/daisy/3084924076_4d5c5711af_m.jpg,daisy,240,192,1.25,RGB,JPEG,RGB,,eb00a7802a58aef8a58f1045d43509580660911a207fa67cde7e82059624ac02,13186,ok,
data/flower_photos/daisy/3098641292_76c908ba1f_n.jpg,data/flower_photos/daisy/3098641292_76c908ba1f_n.jpg,daisy,320,240,1.3333333333333333,RGB,JPEG,RGB,,54f14803ca9abc682c9e9739e1b39513b3c56fc9db53803dbd8229ea415ff82a,20164,ok,
data/flower_photos/daisy/3117644024_1cbb59a509_n.jpg,data/flower_photos/daisy/3117644024_1cbb59a509_n.jpg,daisy,320,218,1.4678899082568808,RGB,JPEG,RGB,,58632f2066209c84ff0df84aa57f259a0cea44a7c666fade0c6faa3e99e35d51,19523,ok,
data/flower_photos/daisy/3275951182_d27921af97_n.jpg,data/flower_photos/daisy/3275951182_d27921af97_n.jpg,daisy,320,270,1.1851851851851851,RGB,JPEG,RGB,,024b906e2dabf42ae61eccefd1642174e56368df13c4a9edebbe77348430c9aa,36010,ok,
data/flower_photos/daisy/3285641623_da0e47f49a.jpg,data/flower_photos/daisy/3285641623_da0e47f49a.jpg,daisy,500,375,1.3333333333333333,RGB,JPEG,RGB,,b1fcf8f6536e3dfbb8bcbadd72344f6b8080d0222fa80fbf5c3798ed3d0e6da8,90562,ok,
data/flower_photos/daisy/3310644753_5607eb96a4_m.jpg,data/flower_photos/daisy/3310644753_5607eb96a4_m.jpg,daisy,240,238,1.0084033613445378,RGB,JPEG,RGB,,3589ff7447b7bcebe2b4592a55ac82912f93a43c028690d57abfc73c797e45e5,16366,ok,
data/flower_photos/daisy/3326037909_b5ae370722_n.jpg,data/flower_photos/daisy/3326037909_b5ae370722_n.jpg,daisy,320,216,1.4814814814814814,RGB,JPEG,RGB,,d5b9c4cdb56b44a3dbe1626dfecdff4109a23896ee8a4124f0e23caf517f875f,22801,ok,
data/flower_photos/daisy/3336704121_cfeb67a7d7.jpg,data/flower_photos/daisy/3336704121_cfeb67a7d7.jpg,daisy,500,333,1.5015015015015014,RGB,JPEG,RGB,,1189503aa2c619d22f425f81b5aff9cd98562a6a8bb11b2fc0fed59eaee924ee,62946,ok,
data/flower_photos/daisy/3337536080_1db19964fe.jpg,data/flower_photos/daisy/3337536080_1db19964fe.jpg,daisy,500,333,1.5015015015015014,RGB,JPEG,RGB,,e25842cd26bef0c5a8e05ea13650575b95fe492fd3f04cd6a822c6b273b88614,104586,ok,
data/flower_photos/daisy/3337643329_accc9b5426.jpg,data/flower_photos/daisy/3337643329_accc9b5426.jpg,daisy,500,398,1.256281407035176,RGB,JPEG,RGB,,0abc6734d5043eba9b78a206881368943e1248a36d0eb4d6a8c773527b26c12b,103924,ok,
data/flower_photos/daisy/3338077096_3a8ed0e2bc_m.jpg,data/flower_photos/daisy/3338077096_3a8ed0e2bc_m.jpg,daisy,240,240,1.0,RGB,JPEG,RGB,,a3642a55c6ed7462a4a3669a35a8968ceb55b31e11a2356c159f7d081dbe1ba9,17466,ok,
data/flower_photos/daisy/3356112863_75da8bca2c_m.jpg,data/flower_photos/daisy/3356112863_75da8bca2c_m.jpg,daisy,235,240,0.9791666666666666,RGB,JPEG,RGB,,e46a17a68fd004e48051221c9b102f0dd9e163d9f0ba6a2ee9977ad26f621c7e,27217,ok,
data/flower_photos/daisy/3379332157_04724f6480.jpg,data/flower_photos/daisy/3379332157_04724f6480.jpg,daisy,500,327,1.529051987767584,RGB,JPEG,RGB,,905eae3d1bbc01c4298066144ad19561a8d7dbf7d58b3f3828086f063f0f6593,157448,ok,
data/flower_photos/daisy/3386988684_bc5a66005e.jpg,data/flower_photos/daisy/3386988684_bc5a66005e.jpg,daisy,500,333,1.5015015015015014,RGB,JPEG,RGB,,d7bb050eef88610671e1c50c04557cf914258e62b112417d910f637f9f8db5bd,78555,ok,
data/flower_photos/daisy/3410906335_37e8a24b1c_n.jpg,data/flower_photos/daisy/3410906335_37e8a24b1c_n.jpg,daisy,320,225,1.4222222222222223,RGB,JPEG,RGB,,9a12392139b9c33d0da42a1508979def25d7e2609637862c53fc58b7a54801a8,16052,ok,
data/flower_photos/daisy/3415180846_d7b5cced14_m.jpg,data/flower_photos/daisy/3415180846_d7b5cced14_m.jpg,daisy,159,240,0.6625,RGB,JPEG,RGB,,cfee10cb3d5d968e9d2335b2e68357d4375bb2e3cc1d6542358285ee728d1148,11852,ok,
data/flower_photos/daisy/3440366251_5b9bdf27c9_m.jpg,data/flower_photos/daisy/3440366251_5b9bdf27c9_m.jpg,daisy,230,240,0.9583333333333334,RGB,JPEG,RGB,,884cb5d651f1f8eae7cc0a8d880777e014c8937262c5f8d5ee0a54cdc74758db,22139,ok,
data/flower_photos/daisy/3445110406_0c1616d2e3_n.jpg,data/flower_photos/daisy/3445110406_0c1616d2e3_n.jpg,daisy,320,240,1.3333333333333333,RGB,JPEG,RGB,,017076e4dae8b86df17efed9eb1300cd65bd143072dad4a0ee70e7e4405a907d,22500,ok,
data/flower_photos/daisy/3450822975_7e77d67636_n.jpg,data/flower_photos/daisy/3450822975_7e77d67636_n.jpg,daisy,320,240,1.3333333333333333,RGB,JPEG,RGB,,67b4a4cc2d198cc8891f7e40aed1fcf0d2e3f9caacce4c0b5e32ffcc4b78ab44,57249,ok,
data/flower_photos/daisy/3456403987_5bd5fa6ece_n.jpg,data/flower_photos/daisy/3456403987_5bd5fa6ece_n.jpg,daisy,320,232,1.3793103448275863,RGB,JPEG,RGB,,470102a9720c804ad00d981e28d01f73e5dd451bcb44ad7b88a76e4bd86cf38a,40608,ok,
data/flower_photos/daisy/3463313493_9497aa47e5_n.jpg,data/flower_photos/daisy/3463313493_9497aa47e5_n.jpg,daisy,320,240,1.3333333333333333,RGB,JPEG,RGB,,cf7ee6a6eade2e72c2ba37e4fba0bd0ef0077d72c53ca97b0f7b8139499e7450,27694,ok,
data/flower_photos/daisy/3468498624_d082f99e98.jpg,data/flower_photos/daisy/3468498624_d082f99e98.jpg,daisy,500,334,1.4970059880239521,RGB,JPEG,RGB,,4fe995cd2832cbc6cf83fc00b0befbcc067a5cd654a05c4c3aa0227d74be03a3,129627,ok,
data/flower_photos/daisy/3474942718_c418dae6f1.jpg,data/flower_photos/daisy/3474942718_c418dae6f1.jpg,daisy,500,333,1.5015015015015014,RGB,JPEG,RGB,,bb35fd22eb753416278465b8988e3c5105bf305e924fb9d0937876fce6ef19d8,106659,ok,
data/flower_photos/daisy/3475870145_685a19116d.jpg,data/flower_photos/daisy/3475870145_685a19116d.jpg,daisy,500,375,1.3333333333333333,RGB,JPEG,RGB,,8e76353cefa62140aad6b7745c8a58af333ce5f1b05a8ae5986cb0ac190f48a7,108506,ok,
data/flower_photos/daisy/3483303007_42e3f90da7.jpg,data/flower_photos/daisy/3483303007_42e3f90da7.jpg,daisy,500,333,1.5015015015015014,RGB,JPEG,RGB,,47fab2a80a6b3eefa48cfae0661693e8fed90fb8e6c1dcec5e9d8da460b377b0,68927,ok,
data/flower_photos/daisy/3491933306_43cfe2cfbe.jpg,data/flower_photos/daisy/3491933306_43cfe2cfbe.jpg,daisy,500,333,1.5015015015015014,RGB,JPEG,RGB,,9ffbacc3a14d2fd05bbcc2ad15b18c62cc3f9c3de07e9367947d0f73c7ecf8d1,45751,ok,
data/flower_photos/daisy/3494265422_9dba8f2191_n.jpg,data/flower_photos/daisy/3494265422_9dba8f2191_n.jpg,daisy,320,240,1.3333333333333333,RGB,JPEG,RGB,,2ff6cfe2f9204eeda0c033b0a0cfeb629132bee7727f5caddeb9ed7faded555c,48590,ok,
data/flower_photos/daisy/3504430338_77d6a7fab4_n.jpg,data/flower_photos/daisy/3504430338_77d6a7fab4_n.jpg,daisy,320,204,1.5686274509803921,RGB,JPEG,RGB,,8ae928bcb0cf18b614a68c0f67c8bdcd375509637d6080732f628fdf383eb955,41709,ok,
data/flower_photos/daisy/3506866918_61dd5fc53b_n.jpg,data/flower_photos/daisy/3506866918_61dd5fc53b_n.jpg,daisy,320,213,1.5023474178403755,RGB,JPEG,RGB,,6a2db19ca63ed4d2bc9d23bd32494cae6f2848d983a07f1d51fca121a356eff2,24016,ok,
data/flower_photos/daisy/3533954656_79156c8473.jpg,data/flower_photos/daisy/3533954656_79156c8473.jpg,daisy,500,333,1.5015015015015014,RGB,JPEG,RGB,,e7975684a8f4dc9f7f4b35c57e2fa520c29dde3b7129fc66c46aa09b9f79b363,39627,ok,
data/flower_photos/daisy/3546455114_cd2dea5e02.jpg,data/flower_photos/daisy/3546455114_cd2dea5e02.jpg,daisy,500,333,1.5015015015015014,RGB,JPEG,RGB,,5523cd59ec3ae7b5a52e4cbe0523785786c333f1917dc6b6570c7c2988ea6cdb,175040,ok,
data/flower_photos/daisy/3552074420_2a0a7166db_m.jpg,data/flower_photos/daisy/3552074420_2a0a7166db_m.jpg,daisy,240,240,1.0,RGB,JPEG,RGB,,025b09e2fe2c53201c223e1315cc42aa3b8028144ccaaf8607eae4603cf41f33,15072,ok,
data/flower_photos/daisy/3588872598_e0f9a1d2a1_m.jpg,data/flower_photos/daisy/3588872598_e0f9a1d2a1_m.jpg,daisy,240,240,1.0,RGB,JPEG,RGB,,04869b269c1e6b7e25ab3f382a5eb052f875170ad9ddf972c4244f8b1dbfeb3c,12764,ok,
data/flower_photos/daisy/3598615130_578ed30e5f.jpg,data/flower_photos/daisy/3598615130_578ed30e5f.jpg,daisy,500,333,1.5015015015015014,RGB,JPEG,RGB,,f99e8a74eb972f809094d49b757ea9d7b350f267f63ea2afcbdbbce9c1b2c514,65880,ok,
data/flower_photos/daisy/3611577717_f3a7a8c416_n.jpg,data/flower_photos/daisy/3611577717_f3a7a8c416_n.jpg,daisy,320,240,1.3333333333333333,RGB,JPEG,RGB,,c3e597fb4fabc5f3ba25da282d8cb772a01f8462aad0673421d8dc85fc7c4324,67256,ok,
data/flower_photos/daisy/3625257860_33efeef614_m.jpg,data/flower_photos/daisy/3625257860_33efeef614_m.jpg,daisy,180,240,0.75,RGB,JPEG,RGB,,0ef144c630e18dc5d24f0f1d39bc896dde974f8cc6e27606fad2e550a27c2e06,14034,ok,
data/flower_photos/daisy/3627678863_557552c879_m.jpg,data/flower_photos/daisy/3627678863_557552c879_m.jpg,daisy,240,240,1.0,RGB,JPEG,RGB,,f4e557b314e5f6e943d33979c3f6c026f2177cb4cb378f02f548e636e9ee653c,11120,ok,
data/flower_photos/daisy/3628485766_4ff937954a_n.jpg,data/flower_photos/daisy/3628485766_4ff937954a_n.jpg,daisy,320,240,1.3333333333333333,RGB,JPEG,RGB,,bd5d4eb8743136157b6efee1b8e1665495cb87703ef8ee15074406d12fc5574e,15717,ok,
data/flower_photos/daisy/3633489595_a037a9b7a4_m.jpg,data/flower_photos/daisy/3633489595_a037a9b7a4_m.jpg,daisy,192,240,0.8,RGB,JPEG,RGB,,2426c0298d36923a8f816a87e162bb2e933b6492f8e435ec59ebe6c745462800,21975,ok,
data/flower_photos/daisy/3637428148_a1dcccafa9_n.jpg,data/flower_photos/daisy/3637428148_a1dcccafa9_n.jpg,daisy,320,235,1.3617021276595744,RGB,JPEG,RGB,,e0e5ae343600b420da1b324d152c3dba03137c43e65589ca79089a70ff3d7de4,78589,ok,
data/flower_photos/daisy/3639009391_0f910681b7.jpg,data/flower_photos/daisy/3639009391_0f910681b7.jpg,daisy,500,333,1.5015015015015014,RGB,JPEG,RGB,,aca8c175e33baff6f60a9c36d0df085eabc361782373569c3fbb3120769f31d3,73086,ok,
data/flower_photos/daisy/3640845041_80a92c4205_n.jpg,data/flower_photos/daisy/3640845041_80a92c4205_n.jpg,daisy,320,218,1.4678899082568808,RGB,JPEG,RGB,,382a54eaf92a4a553628c897f6bc431e8739d9157ec2fad1e93b1cbcb589800e,26393,ok,
data/flower_photos/daisy/3661613900_b15ca1d35d_m.jpg,data/flower_photos/daisy/3661613900_b15ca1d35d_m.jpg,daisy,205,240,0.8541666666666666,RGB,JPEG,RGB,,afc0ba5219d7670c74a4b772dac5fe4759ca095ad94a2a465e922e9901c54b0f,33116,ok,
data/flower_photos/daisy/367020749_3c9a652d75.jpg,data/flower_photos/daisy/367020749_3c9a652d75.jpg,daisy,500,375,1.3333333333333333,RGB,JPEG,RGB,,d385c2cd5e8ac1daa88fbc360806f1b33e1636f8b537c74e6f24ff078d1f2f79,106657,ok,
data/flower_photos/daisy/3695826945_9f374e8a00_m.jpg,data/flower_photos/daisy/3695826945_9f374e8a00_m.jpg,daisy,207,240,0.8625,RGB,JPEG,RGB,,6ef768a35e450a86df787f78d95a4f4dd79e05f63106c205052f118032b66718,12976,ok,
data/flower_photos/daisy/3699235066_fc09a02dfe_m.jpg,data/flower_photos/daisy/3699235066_fc09a02dfe_m.jpg,daisy,197,240,0.8208333333333333,RGB,JPEG,RGB,,c55927f3570611786a6393ed1a5b9fd7358c4fb86b1414487b501a79c1cebc3a,22932,ok,
data/flower_photos/daisy/3703643767_dee82cdef9_n.jpg,data/flower_photos/daisy/3703643767_dee82cdef9_n.jpg,daisy,320,240,1.3333333333333333,RGB,JPEG,RGB,,b9055a137af4c658ff1e51981de626f57b5217ca4730ce4d036b1efa52d6e6bc,13648,ok,
data/flower_photos/daisy/3704305945_a80e60e2f6_m.jpg,data/flower_photos/daisy/3704305945_a80e60e2f6_m.jpg,daisy,159,240,0.6625,RGB,JPEG,RGB,,de15092d2d62e58b808b964e604e3ef2b0d26e12db43f8eb3f49bf0ee3b2ac87,31146,ok,
data/flower_photos/daisy/3704306975_75b74497d8.jpg,data/flower_photos/daisy/3704306975_75b74497d8.jpg,daisy,500,322,1.5527950310559007,RGB,JPEG,RGB,,22fa395ad3340ab0b90678fe15020bdd0fa2c5628a9fe065296720f504ceb2d4,240957,ok,
data/flower_photos/daisy/3706420943_66f3214862_n.jpg,data/flower_photos/daisy/3706420943_66f3214862_n.jpg,daisy,320,240,1.3333333333333333,RGB,JPEG,RGB,,401e2064bc82f340d4c2c9d00a73f26280ec563910094f9a714b936571edc760,30866,ok,
data/flower_photos/daisy/3711723108_65247a3170.jpg,data/flower_photos/daisy/3711723108_65247a3170.jpg,daisy,500,391,1.278772378516624,RGB,JPEG,RGB,,6c4d8e3d184b5c722cbd157bfc1de82ca818622870c5d319248489660016b861,105106,ok,
data/flower_photos/daisy/3711892138_b8c953fdc1_z.jpg,data/flower_photos/daisy/3711892138_b8c953fdc1_z.jpg,daisy,640,255,2.5098039215686274,RGB,JPEG,RGB,,7f062863732255ddef84c9632a46fbc25ce9c595a31353f6a8132d34e4e684cc,232832,ok,
data/flower_photos/daisy/3713290261_8a66de23ab.jpg,data/flower_photos/daisy/3713290261_8a66de23ab.jpg,daisy,500,333,1.5015015015015014,RGB,JPEG,RGB,,8653b33cfeb0f17b8102cc753161a5ee91c63ca0ebbc64d3f5f669de254e5f44,145205,ok,
data/flower_photos/daisy/3717746329_53f515c6a6_m.jpg,data/flower_photos/daisy/3717746329_53f515c6a6_m.jpg,daisy,180,240,0.75,RGB,JPEG,RGB,,b2004ccba52e83911e4b56ea621e6aad6f6a93c1baea7a306109b6f8c04cd935,17035,ok,
data/flower_photos/daisy/3720632920_93cf1cc7f3_m.jpg,data/flower_photos/daisy/3720632920_93cf1cc7f3_m.jpg,daisy,240,215,1.1162790697674418,RGB,JPEG,RGB,,8aaa78257d50219862dd4fa324a90e923b895820b579fd17b0c0960162d638b7,16083,ok,
data/flower_photos/daisy/3750250718_eb61146c5f.jpg,data/flower_photos/daisy/3750250718_eb61146c5f.jpg,daisy,500,333,1.5015015015015014,RGB,JPEG,RGB,,abdd83e5b712dad91596a26bdfdeaa734a681401d1e42108fdfbac269f62d867,184278,ok,
data/flower_photos/daisy/3750771898_cfd50090ba_n.jpg,data/flower_photos/daisy/3750771898_cfd50090ba_n.jpg,daisy,320,257,1.245136186770428,RGB,JPEG,RGB,,469e458f2169c89df90c6162ccd1c6820f6dbcfcd595a3f051d775a50694f2cb,53720,ok,
data/flower_photos/daisy/3758221664_b19116d61f.jpg,data/flower_photos/daisy/3758221664_b19116d61f.jpg,daisy,500,334,1.4970059880239521,RGB,JPEG,RGB,,d91827a194974d4b6ac4cc11c1108ec2513ccfe4b736c25bd1aa6ac24036a40f,89209,ok,
data/flower_photos/daisy/3764116502_f394428ee0_n.jpg,data/flower_photos/daisy/3764116502_f394428ee0_n.jpg,daisy,320,213,1.5023474178403755,RGB,JPEG,RGB,,97ad57b199af24f22768d314de06aaef0a619757fcae8166e528c6bb38e7b571,29210,ok,
data/flower_photos/daisy/3773181799_5def396456.jpg,data/flower_photos/daisy/3773181799_5def396456.jpg,daisy,500,333,1.5015015015015014,RGB,JPEG,RGB,,f62b1f790498cddf896cafd14c6523d527869efeba2b67ee6132007303a98a74,76654,ok,
data/flower_photos/daisy/3780380240_ef9ec1b737_m.jpg,data/flower_photos/daisy/3780380240_ef9ec1b737_m.jpg,daisy,240,240,1.0,RGB,JPEG,RGB,,2767b6900dd02d3c9f6aaa2e5fc9fa4651232bb1ab07fdf81821b0dac9c726e8,17416,ok,
data/flower_photos/daisy/3848258315_ed2fde4fb4.jpg,data/flower_photos/daisy/3848258315_ed2fde4fb4.jpg,daisy,500,375,1.3333333333333333,RGB,JPEG,RGB,,44d7ee945363bd92c1c2e0c4fb1b7b93fa57e909af99c4323864a4a5cec4ecf4,123037,ok,
data/flower_photos/daisy/3861452393_14d2f95157_m.jpg,data/flower_photos/daisy/3861452393_14d2f95157_m.jpg,daisy,240,239,1.00418410041841,RGB,JPEG,RGB,,c1c29149ff68636fc1a7f75d1f8a1f8402ba1d02035beb676bad8cf153906984,27269,ok,
data/flower_photos/daisy/3900172983_9312fdf39c_n.jpg,data/flower_photos/daisy/3900172983_9312fdf39c_n.jpg,daisy,320,213,1.5023474178403755,RGB,JPEG,RGB,,cb856a9e869330bc8f749af76f2da757c640b91d72a4f55f328e69d72893e22e,14500,ok,
data/flower_photos/daisy/391364010_4b0942d400_m.jpg,data/flower_photos/daisy/391364010_4b0942d400_m.jpg,daisy,180,240,0.75,RGB,JPEG,RGB,,80a3e64d2929079501aa2946e884269f0a064e6146ed2f07cef7483b0a4c1073,17758,ok,
data/flower_photos/daisy/391364011_5beaaa1ae2_m.jpg,data/flower_photos/daisy/391364011_5beaaa1ae2_m.jpg,daisy,180,240,0.75,RGB,JPEG,RGB,,ef18532fc35b3b9258ae5318230faa28e99e3d194230e5aed13f82fc50a55edf,18411,ok,
data/flower_photos/daisy/3939135368_0af5c4982a_n.jpg,data/flower_photos/daisy/3939135368_0af5c4982a_n.jpg,daisy,320,239,1.3389121338912133,RGB,JPEG,RGB,,4d127fa047ec6a49affb3d013dc4f54f83555e7799dd921a48209c23cfc76bd3,40436,ok,
data/flower_photos/daisy/3957488431_52a447c0e8_m.jpg,data/flower_photos/daisy/3957488431_52a447c0e8_m.jpg,daisy,240,240,1.0,RGB,JPEG,RGB,,03b37ca2798316b06fd0896b747e425ecfeb584b0662849b8c7b0e2502fd7970,42673,ok,
data/flower_photos/daisy/3962240986_0661edc43a_n.jpg,data/flower_photos/daisy/3962240986_0661edc43a_n.jpg,daisy,320,241,1.3278008298755186,RGB,JPEG,RGB,,eed29ecc63354bace0be932a037e9ab877253da54d99d2515e64b9968c571a51,31819,ok,
data/flower_photos/daisy/3963330924_6c6a3fa7be_n.jpg,data/flower_photos/daisy/3963330924_6c6a3fa7be_n.jpg,daisy,320,240,1.3333333333333333,RGB,JPEG,RGB,,9dfc23bfd545a5346d970e4ee31e3085b59bdaa3d02f1071b899dcea37a0e39b,45347,ok,
data/flower_photos/daisy/3975010332_3209f9f447_m.jpg,data/flower_photos/daisy/3975010332_3209f9f447_m.jpg,daisy,240,240,1.0,RGB,JPEG,RGB,,40b1211d0b4d94766855c1b06d316bf14712c9e080b3880e0b2310ecc794bf7d,14424,ok,
data/flower_photos/daisy/3999978867_c67c79597f_m.jpg,data/flower_photos/daisy/3999978867_c67c79597f_m.jpg,daisy,240,240,1.0,RGB,JPEG,RGB,,81de32431452cba99c678ae1038bbb6ddec50476a09f92c947933e34e0d11eee,14687,ok,
data/flower_photos/daisy/4065883015_4bb6010cb7_n.jpg,data/flower_photos/daisy/4065883015_4bb6010cb7_n.jpg,daisy,320,240,1.3333333333333333,RGB,JPEG,RGB,,3f2cfdb21be7ac35ac780b25e073d7c54661db7ea626d925448efa193e7f6bdd,44779,ok,
data/flower_photos/daisy/4085794721_7cd88e0a6c_m.jpg,data/flower_photos/daisy/4085794721_7cd88e0a6c_m.jpg,daisy,180,240,0.75,RGB,JPEG,RGB,,e459cd14288432629a1e3b4a57dfc7efef3a9c64f1ba73586455874d3c94e198,11477,ok,
data/flower_photos/daisy/4117918318_3c8935289b_m.jpg,data/flower_photos/daisy/4117918318_3c8935289b_m.jpg,daisy,193,240,0.8041666666666667,RGB,JPEG,RGB,,5e4aed46df62b8ab775319779a8d77574aa6e7d2407ea409021ade92d2a68cb2,45467,ok,
data/flower_photos/daisy/4131565290_0585c4dd5a_n.jpg,data/flower_photos/daisy/4131565290_0585c4dd5a_n.jpg,daisy,320,240,1.3333333333333333,RGB,JPEG,RGB,,ac2e7c73558b225b6b30c2713e85b7ec9b36e6c7db5433feedf838f493859fac,13950,ok,
data/flower_photos/daisy/413815348_764ae83088.jpg,data/flower_photos/daisy/413815348_764ae83088.jpg,daisy,500,375,1.3333333333333333,RGB,JPEG,RGB,,486bce5911dc63a9c6e647b9588aae395d78ada413e5c977d1155f4a5222f871,108192,ok,
data/flower_photos/daisy/4141147800_813f660b47.jpg,data/flower_photos/daisy/4141147800_813f660b47.jpg,daisy,500,333,1.5015015015015014,RGB,JPEG,RGB,,eac8a17ac483cd131a829ddc8ab3778b730529ced71176457c42d129ec17222c,70320,ok,
data/flower_photos/daisy/4144275653_7c02d47d9b.jpg,data/flower_photos/daisy/4144275653_7c02d47d9b.jpg,daisy,500,375,1.3333333333333333,RGB,JPEG,RGB,,e2d8bfa2a3d4d4287b5b23c844a401ddecaee2d9fb708b102a435b060d460390,100294,ok,
data/flower_photos/daisy/422094774_28acc69a8b_n.jpg,data/flower_photos/daisy/422094774_28acc69a8b_n.jpg,daisy,320,240,1.3333333333333333,RGB,JPEG,RGB,,566d407437e6869a0fe70ef43c9c8d36a3e12366d983dcdd0cf4b40d387c782a,36703,ok,
data/flower_photos/daisy/4222584034_8964cbd3de.jpg,data/flower_photos/daisy/4222584034_8964cbd3de.jpg,daisy,500,331,1.5105740181268883,RGB,JPEG,RGB,,1df20016d17233c5ff9f0524f6b801f25fd6cd5d042ed325492213a0d920346b,156273,ok,
data/flower_photos/daisy/4229503616_9b8a42123c_n.jpg,data/flower_photos/daisy/4229503616_9b8a42123c_n.jpg,daisy,320,213,1.5023474178403755,RGB,JPEG,RGB,,156a73b00c08f2d308c28f45f407d572932d6ba46bced84e2459fdc2c733ca72,19040,ok,
data/flower_photos/daisy/4258408909_b7cc92741c_m.jpg,data/flower_photos/daisy/4258408909_b7cc92741c_m.jpg,daisy,240,240,1.0,RGB,JPEG,RGB,,5743e143ff83065cadbb640eb190501a73fd46951fd58e94b34c3bfc1f65a470,31010,ok,
data/flower_photos/daisy/4268817944_cdbdb226ae.jpg,data/flower_photos/daisy/4268817944_cdbdb226ae.jpg,daisy,500,333,1.5015015015015014,RGB,JPEG,RGB,,ad883f072b41fb318df59baa87024c5b6708105d2f98e0cd30ec56c67cba40ee,112923,ok,
data/flower_photos/daisy/4276898893_609d11db8b.jpg,data/flower_photos/daisy/4276898893_609d11db8b.jpg,daisy,500,375,1.3333333333333333,RGB,JPEG,RGB,,f2d27a7df4a4af1300f2d39764209fa05cdbc1c6f33df8099a11b680cb713ff4,185825,ok,
data/flower_photos/daisy/4278442064_a5a598524b_m.jpg,data/flower_photos/daisy/4278442064_a5a598524b_m.jpg,daisy,240,240,1.0,RGB,JPEG,RGB,,8c638190c2ff0ea16cebeed200258a1f6803b2e9620b6c56cc75120370a1f930,14855,ok,
data/flower_photos/daisy/4281102584_c548a69b81_m.jpg,data/flower_photos/daisy/4281102584_c548a69b81_m.jpg,daisy,240,240,1.0,RGB,JPEG,RGB,,1f0fe8529bc6beaa74a92f292dc3c82c1564204d0558869f4c9ee2d2cba8ad11,16992,ok,
data/flower_photos/daisy/4286053334_a75541f20b_m.jpg,data/flower_photos/daisy/4286053334_a75541f20b_m.jpg,daisy,240,240,1.0,RGB,JPEG,RGB,,3bcbf00242096ebb776e5a1b5524b38de15b5849711c8c8acb7cff11eee525e6,13659,ok,
data/flower_photos/daisy/4301689054_20519e5b68.jpg,data/flower_photos/daisy/4301689054_20519e5b68.jpg,daisy,500,375,1.3333333333333333,RGB,JPEG,RGB,,40c1d049ae89bfc1bcc846fe4cc891c1a770f1b63a4b5c260e41ec3a7aa649c7,96722,ok,
data/flower_photos/daisy/4318007511_e9f4311936_n.jpg,data/flower_photos/daisy/4318007511_e9f4311936_n.jpg,daisy,320,240,1.3333333333333333,RGB,JPEG,RGB,,621f5731a314979eadbf81aa86e656fe663fe85aaf94a49e9a8263d4714d238a,36831,ok,
data/flower_photos/daisy/433037739_6a030e5912.jpg,data/flower_photos/daisy/433037739_6a030e5912.jpg,daisy,500,375,1.3333333333333333,RGB,JPEG,RGB,,5269052e55d8d98979e099fedba56435a128bdd24fd2d6340042c5ba95267f7c,126958,ok,
data/flower_photos/daisy/4333085242_bbeb3e2841_m.jpg,data/flower_photos/daisy/4333085242_bbeb3e2841_m.jpg,daisy,240,240,1.0,RGB,JPEG,RGB,,23230ac774eda092d67762526dd15d3bfa8ed4137846a3df35cefbf2083a699b,20946,ok,
data/flower_photos/daisy/433837534_1dbf798b73.jpg,data/flower_photos/daisy/433837534_1dbf798b73.jpg,daisy,500,375,1.3333333333333333,RGB,JPEG,RGB,,8dffa6510c51d0a6c0920fd04b8be823c5fd152f437870641ab93f2934cfa334,128549,ok,
data/flower_photos/daisy/43474673_7bb4465a86.jpg,data/flower_photos/daisy/43474673_7bb4465a86.jpg,daisy,500,375,1.3333333333333333,RGB,JPEG,RGB,,dd18027fef81267441dd3b979249303e947337c6a0a0aa963ade9a6f9daf4c68,84603,ok,
data/flower_photos/daisy/435283392_72e4c5b5d6_m.jpg,data/flower_photos/daisy/435283392_72e4c5b5d6_m.jpg,daisy,240,240,1.0,RGB,JPEG,RGB,,29a8ccacdc8feed13843b96eed4c5d8c2f6abd74bece7bd44bf719888f405082,29654,ok,
data/flower_photos/daisy/437859108_173fb33c98.jpg,data/flower_photos/daisy/437859108_173fb33c98.jpg,daisy,500,375,1.3333333333333333,RGB,JPEG,RGB,,726d33753676deb1344ef8cbc278c6f8d669d6f2bdb559b94032e1fc492bd797,91042,ok,
data/flower_photos/daisy/4407065098_ef25f1ccac_n.jpg,data/flower_photos/daisy/4407065098_ef25f1ccac_n.jpg,daisy,320,213,1.5023474178403755,RGB,JPEG,RGB,,9c2354a55e039fa29171783cdfc7576dea0716bc3114c78ea7ac95da3bc34785,23309,ok,
data/flower_photos/daisy/4413849849_b8d2f3bcf1_n.jpg,data/flower_photos/daisy/4413849849_b8d2f3bcf1_n.jpg,daisy,320,213,1.5023474178403755,RGB,JPEG,RGB,,cef70b0a6d6c3b6fc954e4a3b6377a59c75f220a2b9dd616c84d87c114ec6222,42862,ok,
data/flower_photos/daisy/4432271543_01c56ca3a9.jpg,data/flower_photos/daisy/4432271543_01c56ca3a9.jpg,daisy,500,333,1.5015015015015014,RGB,JPEG,RGB,,a7b0cbfa167b0b1dfd3fb7713fb7a4d224864c0ccc06f13415d2c6debb6780d4,140134,ok,
data/flower_photos/daisy/4434592930_6610d51fca_m.jpg,data/flower_photos/daisy/4434592930_6610d51fca_m.jpg,daisy,240,240,1.0,RGB,JPEG,RGB,,7ff0d16d4c16e91fca325aa4bc53750df2ff8c76bef22f9167fc53e95333ca57,20106,ok,
data/flower_photos/daisy/4440480869_632ce6aff3_n.jpg,data/flower_photos/daisy/4440480869_632ce6aff3_n.jpg,daisy,320,240,1.3333333333333333,RGB,JPEG,RGB,,10d90cf264b0fd861b14c188e816c8424086672d2117bd6705580038da973768,32588,ok,
data/flower_photos/daisy/446484749_4044affcaf_n.jpg,data/flower_photos/daisy/446484749_4044affcaf_n.jpg,daisy,320,232,1.3793103448275863,RGB,JPEG,RGB,,b580e44e3aca0ff66275be91de3f5fbc26bafb6a0f46d191996e3378648a82b7,33647,ok,
data/flower_photos/daisy/4482623536_b9fb5ae41f_n.jpg,data/flower_photos/daisy/4482623536_b9fb5ae41f_n.jpg,daisy,320,240,1.3333333333333333,RGB,JPEG,RGB,,08144859a6d4873851b52e7baaf6931526104491dfbe8caadb0dd3da05102031,30078,ok,
data/flower_photos/daisy/4496202781_1d8e776ff5_n.jpg,data/flower_photos/daisy/4496202781_1d8e776ff5_n.jpg,daisy,320,280,1.1428571428571428,RGB,JPEG,RGB,,b5614199974de50e78a04494f58516d583f428d5a528203b8360e0032df8cb65,36278,ok,
data/flower_photos/daisy/450128527_fd35742d44.jpg,data/flower_photos/daisy/450128527_fd35742d44.jpg,daisy,500,282,1.7730496453900708,RGB,JPEG,RGB,,ba263864a4703b09a11356d99c64e18a67d39fc7ad1ee556214b0638b812e071,122769,ok,
data/flower_photos/daisy/4511693548_20f9bd2b9c_m.jpg,data/flower_photos/daisy/4511693548_20f9bd2b9c_m.jpg,daisy,240,240,1.0,RGB,JPEG,RGB,,3a7cb2c9749f39fdb4beef3d499abe71e58a568fa6449f269ee9b02f524ef82e,21293,ok,
data/flower_photos/daisy/452854574_59492f119a_m.jpg,data/flower_photos/daisy/452854574_59492f119a_m.jpg,daisy,189,240,0.7875,RGB,JPEG,RGB,,c5d6844169ad012ea7ddbb47e76ed75cc7638139abbfdc6c05e1205db84ad927,20836,ok,
data/flower_photos/daisy/4534460263_8e9611db3c_n.jpg,data/flower_photos/daisy/4534460263_8e9611db3c_n.jpg,daisy,320,263,1.2167300380228137,RGB,JPEG,RGB,,86c32cf35b678d31e49c7230f744ba1bf55fe0d13ce81ed9264508119a6eadec,30562,ok,
data/flower_photos/daisy/4538877108_3c793f7987_m.jpg,data/flower_photos/daisy/4538877108_3c793f7987_m.jpg,daisy,240,216,1.1111111111111112,RGB,JPEG,RGB,,3af82915a984d5099e9d6b254e8a7893e137ec6f3296db11b6b711d1f84d58fc,39091,ok,
data/flower_photos/daisy/4540555191_3254dc4608_n.jpg,data/flower_photos/daisy/4540555191_3254dc4608_n.jpg,daisy,320,213,1.5023474178403755,RGB,JPEG,RGB,,4968373c6a1af733da73b82203f99d5d00b51e239cffb5b1a3c6e6db8f8622ed,28743,ok,
data/flower_photos/daisy/4544110929_a7de65d65f_n.jpg,data/flower_photos/daisy/4544110929_a7de65d65f_n.jpg,daisy,320,240,1.3333333333333333,RGB,JPEG,RGB,,4340af37690f5c8e3157e02fb81f439cd867362b108f61bb0e8bfec33b1a60c5,35716,ok,
data/flower_photos/daisy/4561871220_47f420ca59_m.jpg,data/flower_photos/daisy/4561871220_47f420ca59_m.jpg,daisy,240,240,1.0,RGB,JPEG,RGB,,ce3781a0e6d5bed8ccf1ee4098e2b7d4d325335349f2ebd3ebc21f0065608d18,41817,ok,
data/flower_photos/daisy/4563059851_45a9d21a75.jpg,data/flower_photos/daisy/4563059851_45a9d21a75.jpg,daisy,500,338,1.4792899408284024,RGB,JPEG,RGB,,ee38d14215040b876876ddd9529fce5ac17a7cd9a3f36706197b6dcf41b88c52,151210,ok,
data/flower_photos/daisy/4565255237_9ba29c4d4e_n.jpg,data/flower_photos/daisy/4565255237_9ba29c4d4e_n.jpg,daisy,320,213,1.5023474178403755,RGB,JPEG,RGB,,e029634e5de1846ce0d7e8d263f81af4706046f0dd3f51d96f891d4ee68fa095,23131,ok,
data/flower_photos/daisy/4581199679_867652c3f1_n.jpg,data/flower_photos/daisy/4581199679_867652c3f1_n.jpg,daisy,320,213,1.5023474178403755,RGB,JPEG,RGB,,f0253ffc196da8c54f7d871152973e6b6be5a9bedd4551528c720c8730424a97,30731,ok,
data/flower_photos/daisy/4598422221_b37313a3e3_n.jpg,data/flower_photos/daisy/4598422221_b37313a3e3_n.jpg,daisy,320,213,1.5023474178403755,RGB,JPEG,RGB,,14091df4cace45faa4270d5f3e683bb61da7868c368c670df3d1bb9616fba7f5,37033,ok,
data/flower_photos/daisy/459931395_24bf6531fe_n.jpg,data/flower_photos/daisy/459931395_24bf6531fe_n.jpg,daisy,320,228,1.4035087719298245,RGB,JPEG,RGB,,990eda0b728b0a00bf8fad02acbb460edf3a0ea21cef85b9f0b0806dc0af8fb5,78048,ok,
data/flower_photos/daisy/4610018126_21f438d2dc_m.jpg,data/flower_photos/daisy/4610018126_21f438d2dc_m.jpg,daisy,159,240,0.6625,RGB,JPEG,RGB,,7855d8dcf4c57da3a0b03b600a5d13a5283da0870af3c6ab7e174934515ab0f8,30412,ok,
data/flower_photos/daisy/4613992315_143ccc2a10_m.jpg,data/flower_photos/daisy/4613992315_143ccc2a10_m.jpg,daisy,240,240,1.0,RGB,JPEG,RGB,,3e0c6b8ae23bf82ef98e07da34e4a458bf66a14547fd04b814c29e2fd493775f,24195,ok,
data/flower_photos/daisy/4646886118_b5c5ceaf6d_n.jpg,data/flower_photos/daisy/4646886118_b5c5ceaf6d_n.jpg,daisy,320,213,1.5023474178403755,RGB,JPEG,RGB,,949461423418b64685ecf27e092a19a00c7e36b61f1601fd5d96bd25b8f81b96,26664,ok,
data/flower_photos/daisy/4654579740_6671a53627_m.jpg,data/flower_photos/daisy/4654579740_6671a53627_m.jpg,daisy,159,240,0.6625,RGB,JPEG,RGB,,bba19035e98a07f02e12c5041cc2bb4858518cc8081785d5b580c058a8a4093c,26921,ok,
data/flower_photos/daisy/4657354814_f368762c53_m.jpg,data/flower_photos/daisy/4657354814_f368762c53_m.jpg,daisy,240,240,1.0,RGB,JPEG,RGB,,0219edc46599cf6acf4c48a5112c6a8d1b91c501ff3fdbc4d03d1266a12025cd,44624,ok,
data/flower_photos/daisy/4666648087_b10f376f19.jpg,data/flower_photos/daisy/4666648087_b10f376f19.jpg,daisy,500,334,1.4970059880239521,RGB,JPEG,RGB,,7664bc94dc3d2af9fb80004fb4b2de3ba47f61512379c0df76ae075bce3b575e,141565,ok,
data/flower_photos/daisy/4668543441_79040ca329_n.jpg,data/flower_photos/daisy/4668543441_79040ca329_n.jpg,daisy,320,240,1.3333333333333333,RGB,JPEG,RGB,,8affd5ac7ba1215448e6e986634a0a78ec52c2e27449de2b226a05a8fd40a083,39249,ok,
data/flower_photos/daisy/4669117051_ce61e91b76.jpg,data/flower_photos/daisy/4669117051_ce61e91b76.jpg,daisy,500,333,1.5015015015015014,RGB,JPEG,RGB,,081a32b10c07f058fbb5b035b3f27d4df43856bf46676c25c512419c58245a5d,82340,ok,
data/flower_photos/daisy/4683997791_56e7d3c03c_n.jpg,data/flower_photos/daisy/4683997791_56e7d3c03c_n.jpg,daisy,320,213,1.5023474178403755,RGB,JPEG,RGB,,1795f2f21e29a00fed1324484a209288f1cee4ede3837342b54d1bf4aff6a3f2,29382,ok,
data/flower_photos/daisy/4694730335_2553e77aa5_z.jpg,data/flower_photos/daisy/4694730335_2553e77aa5_z.jpg,daisy,640,231,2.7705627705627704,RGB,JPEG,RGB,,eb0573958d5874a87359a3171ddaac907a4ecb9e6aaadc32515a8bdb3ba0bd56,72761,ok,
data/flower_photos/daisy/4694734757_5c563d38dd_n.jpg,data/flower_photos/daisy/4694734757_5c563d38dd_n.jpg,daisy,320,213,1.5023474178403755,RGB,JPEG,RGB,,a8d145903ff36971cf96c9cb9262e9f58867e32b1630ffaa1e0eb8182246756c,50141,ok,
data/flower_photos/daisy/4697206799_19dd2a3193_m.jpg,data/flower_photos/daisy/4697206799_19dd2a3193_m.jpg,daisy,240,235,1.0212765957446808,RGB,JPEG,RGB,,3ed39950d6ff146fa8d4a7fc648b9e4adef9e4f2dae6b21e362bbbf9b2096489,30019,ok,
data/flower_photos/daisy/4724713781_d169f98a35.jpg,data/flower_photos/daisy/4724713781_d169f98a35.jpg,daisy,500,333,1.5015015015015014,RGB,JPEG,RGB,,a979a92f1e6e9b612f68ef6d1d10cea4646df592a26829bf0b4f80883a8b0e8a,63242,ok,
data/flower_photos/daisy/4727955343_0bb23ac4ae.jpg,data/flower_photos/daisy/4727955343_0bb23ac4ae.jpg,daisy,500,333,1.5015015015015014,RGB,JPEG,RGB,,06f90dbd160b5c741fc32f14c492593ea4ce9ad199bfee41c967f7ec42340113,69940,ok,
data/flower_photos/daisy/4746633946_23933c0810.jpg,data/flower_photos/daisy/4746633946_23933c0810.jpg,daisy,500,322,1.5527950310559007,RGB,JPEG,RGB,,9796d62ec0a91a1b671e450a5a6b7e0231d20a283d01f4e28059366f3ab15919,58296,ok,
data/flower_photos/daisy/4753134939_8e87649db6.jpg,data/flower_photos/daisy/4753134939_8e87649db6.jpg,daisy,500,326,1.5337423312883436,RGB,JPEG,RGB,,d14c2234728fde2ec9f85cac3e506c44c48a40f270607b4d6154648474f977fa,189138,ok,
data/flower_photos/daisy/4757448834_a29a9538c9_n.jpg,data/flower_photos/daisy/4757448834_a29a9538c9_n.jpg,daisy,320,241,1.3278008298755186,RGB,JPEG,RGB,,84f49eada056e4dd24fa7312cc43c3caeab58b25ebe8a82d4bba20d3e0fc45ce,40762,ok,
data/flower_photos/daisy/476856232_7c35952f40_n.jpg,data/flower_photos/daisy/476856232_7c35952f40_n.jpg,daisy,320,240,1.3333333333333333,RGB,JPEG,RGB,,43e880f22f0adc926fb521a52e938d96952154ec89464a778e1d78adc6ef444b,21792,ok,
data/flower_photos/daisy/476857510_d2b30175de_n.jpg,data/flower_photos/daisy/476857510_d2b30175de_n.jpg,daisy,320,240,1.3333333333333333,RGB,JPEG,RGB,,1d5255fb368c1b202d1d411fe9f1e7965ee43bf3b6032e3b75b33e1f7ee00692,28286,ok,
data/flower_photos/daisy/4792826628_aa5e5a9804_n.jpg,data/flower_photos/daisy/4792826628_aa5e5a9804_n.jpg,daisy,320,240,1.3333333333333333,RGB,JPEG,RGB,,c1cea34a0572f94284db8a4091242f0f0bebb6e4c7c3a1cf2fd763339650c4c9,18652,ok,
data/flower_photos/daisy/4814515275_6e25a6c18f.jpg,data/flower_photos/daisy/4814515275_6e25a6c18f.jpg,daisy,500,308,1.6233766233766234,RGB,JPEG,RGB,,539420a79cabcebb75f424edc452115f0ed621c75d37dcf7ac2a525ea566e721,88473,ok,
data/flower_photos/daisy/4820415253_15bc3b6833_n.jpg,data/flower_photos/daisy/4820415253_15bc3b6833_n.jpg,daisy,320,224,1.4285714285714286,RGB,JPEG,RGB,,60420a66335d920e8220fa32cb9fcbe1b869cb0d6c400a45b8ec97886ef5a87d,30073,ok,
data/flower_photos/daisy/4837182901_69a6cc782b_n.jpg,data/flower_photos/daisy/4837182901_69a6cc782b_n.jpg,daisy,320,240,1.3333333333333333,RGB,JPEG,RGB,,a588a7b948cf0d1ac87dc2ac8f4ce34fe18e66a09c111564fffe39216e2c46fc,36404,ok,
data/flower_photos/daisy/483886997_27ee798327.jpg,data/flower_photos/daisy/483886997_27ee798327.jpg,daisy,500,375,1.3333333333333333,RGB,JPEG,RGB,,2131b37cfec94aa11930c00602b8718686ee19d9485b2f904dda81a20d4c5542,101966,ok,
data/flower_photos/daisy/4851353993_2cbbbd1040_n.jpg,data/flower_photos/daisy/4851353993_2cbbbd1040_n.jpg,daisy,320,240,1.3333333333333333,RGB,JPEG,RGB,,75e5d538a1fc16b9b4b32cb2b946540a4eb4b5bf37618a7915c93159b3d31213,31843,ok,
data/flower_photos/daisy/4858518329_7563eb0baa_m.jpg,data/flower_photos/daisy/4858518329_7563eb0baa_m.jpg,daisy,180,240,0.75,RGB,JPEG,RGB,,5d6e03d8fd4a62337dfdd2d25bf32077d846835ed1a9356cdc1cc3e4e279f4cd,68844,ok,
data/flower_photos/daisy/4861391074_c3e122dab0_m.jpg,data/flower_photos/daisy/4861391074_c3e122dab0_m.jpg,daisy,180,240,0.75,RGB,JPEG,RGB,,0d0087ae212abcb2b53053145b14f73f5728ade43b7f220036c6ffd05b5c5e5b,21134,ok,
data/flower_photos/daisy/4865691548_00319261b8.jpg,data/flower_photos/daisy/4865691548_00319261b8.jpg,daisy,448,184,2.4347826086956523,RGB,JPEG,RGB,,d4a119d1312300f44a012ce6d47ca1343a8df4eceea2a0fa62ffc3a3235dbab8,70221,ok,
data/flower_photos/daisy/488202750_c420cbce61.jpg,data/flower_photos/daisy/488202750_c420cbce61.jpg,daisy,500,375,1.3333333333333333,RGB,JPEG,RGB,,cafcc4606e7196c7d96227fc05fbf264a70e13616cc87c45d1e9aa28652a3a97,101358,ok,
data/flower_photos/daisy/4890424315_6a59696357_n.jpg,data/flower_photos/daisy/4890424315_6a59696357_n.jpg,daisy,320,273,1.1721611721611722,RGB,JPEG,RGB,,ff17c62837e867daa2fa48721611a2aef2624eaec5e5420d1e798215bda55411,36945,ok,
data/flower_photos/daisy/4897587985_f9293ea1ed.jpg,data/flower_photos/daisy/4897587985_f9293ea1ed.jpg,daisy,500,334,1.4970059880239521,RGB,JPEG,RGB,,0ae13a592d2b6744694ef9ee040c6628479a0f0dabca8abf5179f101a09004a3,77213,ok,
data/flower_photos/daisy/4923279674_e7f8e70794_n.jpg,data/flower_photos/daisy/4923279674_e7f8e70794_n.jpg,daisy,320,213,1.5023474178403755,RGB,JPEG,RGB,,8df634dd59e6a46769f72edf0cb3768236e5ee8838a29c34062621d9efca6a4a,18035,ok,
data/flower_photos/daisy/495098110_3a4bb30042_n.jpg,data/flower_photos/daisy/495098110_3a4bb30042_n.jpg,daisy,320,242,1.322314049586777,RGB,JPEG,RGB,,b1a188baeb552ee52c09e3a0452d3fdf648a74bf20693aeddde91aeee901d2d2,35605,ok,
data/flower_photos/daisy/498159452_b71afd65ba.jpg,data/flower_photos/daisy/498159452_b71afd65ba.jpg,daisy,500,375,1.3333333333333333,RGB,JPEG,RGB,,44e3828efa359b03ab33506a3301433a71e1f3a30f6bad6b012a27cfb09fe030,123615,ok,
data/flower_photos/daisy/4993492878_11fd4f5d12.jpg,data/flower_photos/daisy/4993492878_11fd4f5d12.jpg,daisy,500,321,1.557632398753894,RGB,JPEG,RGB,,a0473e3924b94767e278841138cf5ad99338c266a0de967f3888db48cbae5e31,120727,ok,
data/flower_photos/daisy/5014137563_d03eb0ed75_n.jpg,data/flower_photos/daisy/5014137563_d03eb0ed75_n.jpg,daisy,320,240,1.3333333333333333,RGB,JPEG,RGB,,5397d2f7e944120e911d9db23e688f97a61b564ae108a50b9ada13d9b7d7b637,57913,ok,
data/flower_photos/daisy/5054771689_00dd40b971_n.jpg,data/flower_photos/daisy/5054771689_00dd40b971_n.jpg,daisy,320,213,1.5023474178403755,RGB,JPEG,RGB,,f9dcb02435d7aebe63e377eb12a4e7abe4ac424b2cfb61ab6308882bdd82db03,42314,ok,
data/flower_photos/daisy/5058708968_8bdcd29e63_n.jpg,data/flower_photos/daisy/5058708968_8bdcd29e63_n.jpg,daisy,320,240,1.3333333333333333,RGB,JPEG,RGB,,31b095efb28df6892125922efcbe7bf4fcd47022d1cdfbf976a40f7322c34e0f,30523,ok,
data/flower_photos/daisy/506018088_4f7a15a7c5_n.jpg,data/flower_photos/daisy/506018088_4f7a15a7c5_n.jpg,daisy,320,257,1.245136186770428,RGB,JPEG,RGB,,4ac6c6176b108b5943cb2ede1e9d50c232f7091c71097cbc917869f22cf03c89,38627,ok,
data/flower_photos/daisy/506348009_9ecff8b6ef.jpg,data/flower_photos/daisy/506348009_9ecff8b6ef.jpg,daisy,500,332,1.5060240963855422,RGB,JPEG,RGB,,c254507cfd283d4583c1283792b700e9e8c048af3036fe5497c44f3d62c97be6,58168,ok,
data/flower_photos/daisy/506493250_e9ca42fe3d.jpg,data/flower_photos/daisy/506493250_e9ca42fe3d.jpg,daisy,500,375,1.3333333333333333,RGB,JPEG,RGB,,1bbc5a2a5661585dfd66753607e7078c77025dccae8b6b426f548abad78d4372,62123,ok,
data/flower_photos/daisy/5087720485_c0914fb623.jpg,data/flower_photos/daisy/5087720485_c0914fb623.jpg,daisy,500,332,1.5060240963855422,RGB,JPEG,RGB,,92338783ea1dddaf4977ec73d54f372365a5a5a3e66c1c4399335508e11009d8,93292,ok,
data/flower_photos/daisy/510844526_858b8fe4db.jpg,data/flower_photos/daisy/510844526_858b8fe4db.jpg,daisy,500,375,1.3333333333333333,RGB,JPEG,RGB,,946695b99c629a43758ad98e29b3567dd56a1dd9a65d03c45de49250186c4346,109935,ok,
data/flower_photos/daisy/5109508979_68e3530791_m.jpg,data/flower_photos/daisy/5109508979_68e3530791_m.jpg,daisy,189,240,0.7875,RGB,JPEG,RGB,,c625405990c1bc35b541f67b4c94860c1472afe3ad9eec9dab8b8090304c5c64,20572,ok,
data/flower_photos/daisy/5110105726_53eb7a93be_m.jpg,data/flower_photos/daisy/5110105726_53eb7a93be_m.jpg,daisy,203,240,0.8458333333333333,RGB,JPEG,RGB,,5dfbdd14dad6efac58bf30ab7819d29e681f10706dc19ec67498c79c5f995848,16887,ok,
data/flower_photos/daisy/5110107234_12ddc0206b_m.jpg,data/flower_photos/daisy/5110107234_12ddc0206b_m.jpg,daisy,180,240,0.75,RGB,JPEG,RGB,,02a77e71c65454f58a3939543f347895406669b4504419104561006cfc9b99e1,13246,ok,
data/flower_photos/daisy/5110109540_beed4ed162_m.jpg,data/flower_photos/daisy/5110109540_beed4ed162_m.jpg,daisy,180,240,0.75,RGB,JPEG,RGB,,3a87727424ce046ec79374d5c6247b7728859b3fbd7f002a21e86d415261de98,19701,ok,
data/flower_photos/daisy/5110110938_9da91455c4_m.jpg,data/flower_photos/daisy/5110110938_9da91455c4_m.jpg,daisy,180,240,0.75,RGB,JPEG,RGB,,d6887539cf17f82bddff0131432e34b6bdc2017d9a9f751d3fab1899f8207268,13277,ok,
data/flower_photos/daisy/512177035_70afc925c8.jpg,data/flower_photos/daisy/512177035_70afc925c8.jpg,daisy,500,375,1.3333333333333333,RGB,JPEG,RGB,,ff9d417c4174803a991231bda5099ba97a249f81a3d9e138b5af69b3d7954a7f,93122,ok,
data/flower_photos/daisy/512477177_d9004cbcf1_n.jpg,data/flower_photos/daisy/512477177_d9004cbcf1_n.jpg,daisy,320,240,1.3333333333333333,RGB,JPEG,RGB,,4199445c7f46a4078521c41044dbd75438bf4b91b77b9fcc8f0441f7ad96d69a,59955,ok,
data/flower_photos/daisy/5133243796_44de429de5_m.jpg,data/flower_photos/daisy/5133243796_44de429de5_m.jpg,daisy,180,240,0.75,RGB,JPEG,RGB,,b83f9988d6c74bf876c778419381fba2dc9e3b40d271673790974fabae42d244,24630,ok,
data/flower_photos/daisy/5135131051_102d4878ca_n.jpg,data/flower_photos/daisy/5135131051_102d4878ca_n.jpg,daisy,320,199,1.6080402010050252,RGB,JPEG,RGB,,681663f8eb001a91ceeabdc0a20207eeaa58c36ee84577ef26bbe70cd7d593b7,47894,ok,
data/flower_photos/daisy/515112668_a49c69455a.jpg,data/flower_photos/daisy/515112668_a49c69455a.jpg,daisy,500,387,1.2919896640826873,RGB,JPEG,RGB,,09fab4fb78fa255f1918104f9b99d45fb38e5aca998f8684435bccc408513476,127983,ok,
data/flower_photos/daisy/517054463_036db655a1_m.jpg,data/flower_photos/daisy/517054463_036db655a1_m.jpg,daisy,180,240,0.75,RGB,JPEG,RGB,,a0a90606f55fe0fb6962eceeb51e4b7180e3423573101e70b16fdd81ed409e8e,20832,ok,
data/flower_photos/daisy/517054467_d82d323c33_m.jpg,data/flower_photos/daisy/517054467_d82d323c33_m.jpg,daisy,172,240,0.7166666666666667,RGB,JPEG,RGB,,60eff1e5aec60a3e4670ae71d376dba6ea2ea999be41bd879430c81e33e2fdc8,15279,ok,
data/flower_photos/daisy/519880292_7a3a6c6b69.jpg,data/flower_photos/daisy/519880292_7a3a6c6b69.jpg,daisy,500,375,1.3333333333333333,RGB,JPEG,RGB,,91ec5f7c435cf6d300924a70a04a244be53cd1b81fc7c62efb71121655d8c14a,95346,ok,
data/flower_photos/daisy/520752848_4b87fb91a4.jpg,data/flower_photos/daisy/520752848_4b87fb91a4.jpg,daisy,500,375,1.3333333333333333,RGB,JPEG,RGB,,91a97045418e64defc8371fd0256cbad10de83b8dcd49f561d52b1cedcabd0dc,73691,ok,
data/flower_photos/daisy/521762040_f26f2e08dd.jpg,data/flower_photos/daisy/521762040_f26f2e08dd.jpg,daisy,500,375,1.3333333333333333,RGB,JPEG,RGB,,fe92e48fe185f0de47649f636ed68df5cd27e7ca00becadf881a2ba7e1fea531,107259,ok,
data/flower_photos/daisy/525271784_013ddccd1b_m.jpg,data/flower_photos/daisy/525271784_013ddccd1b_m.jpg,daisy,175,240,0.7291666666666666,RGB,JPEG,RGB,,09b57f5c483ac2205ac55bcefb6222796b4c2ab12a05108af4bccf05b9252fca,18534,ok,
data/flower_photos/daisy/525780443_bba812c26a_m.jpg,data/flower_photos/daisy/525780443_bba812c26a_m.jpg,daisy,240,221,1.085972850678733,RGB,JPEG,RGB,,2324c40aedb8e3037844614d3cd2ba1f758729482b144239c03d6d7252caeb63,16337,ok,
data/flower_photos/daisy/530738000_4df7e4786b.jpg,data/flower_photos/daisy/530738000_4df7e4786b.jpg,daisy,500,429,1.1655011655011656,RGB,JPEG,RGB,,89f08b37b15b1c8df4551dd6ada8780531630ba478fcc35bde11a3e0bfa63377,206140,ok,
data/flower_photos/daisy/534547364_3f6b7279d2_n.jpg,data/flower_photos/daisy/534547364_3f6b7279d2_n.jpg,daisy,320,240,1.3333333333333333,RGB,JPEG,RGB,,879d6cf7622b672efb149da73bf724ed378f21790e1a90e8ede6ee706e9c1407,27708,ok,
data/flower_photos/daisy/538920244_59899a78f8_n.jpg,data/flower_photos/daisy/538920244_59899a78f8_n.jpg,daisy,320,244,1.3114754098360655,RGB,JPEG,RGB,,7e25fc926f59530459b2b2662a68675de0c6cdaaaa13637b807f911b7e0c993a,43385,ok,
data/flower_photos/daisy/5434742166_35773eba57_m.jpg,data/flower_photos/daisy/5434742166_35773eba57_m.jpg,daisy,180,240,0.75,RGB,JPEG,RGB,,e5a0c3162069fcc8abf53c35741e78164e73c38757e3fa6c5e31788a0252f1ab,36949,ok,
data/flower_photos/daisy/5434901893_4550be3f84_m.jpg,data/flower_photos/daisy/5434901893_4550be3f84_m.jpg,daisy,199,240,0.8291666666666667,RGB,JPEG,RGB,,9f22d7fdeb5291b851479bad113b97fb362cc8e4425cb466356f826da6533298,24879,ok,
data/flower_photos/daisy/5434913005_409c1e8b56_n.jpg,data/flower_photos/daisy/5434913005_409c1e8b56_n.jpg,daisy,320,240,1.3333333333333333,RGB,JPEG,RGB,,6c37539c9d5b49523d41260025b439d38de3feabe8e0c85fa89495fc3edb4c95,36545,ok,
data/flower_photos/daisy/5434914569_e9b982fde0_n.jpg,data/flower_photos/daisy/5434914569_e9b982fde0_n.jpg,daisy,320,235,1.3617021276595744,RGB,JPEG,RGB,,c5a65b72cc33cdbd63208c4529c64dfe83fe1ca75ca9086d3b1d2c1fe053bbd8,35739,ok,
data/flower_photos/daisy/5435513198_90ce39f1aa_n.jpg,data/flower_photos/daisy/5435513198_90ce39f1aa_n.jpg,daisy,320,242,1.322314049586777,RGB,JPEG,RGB,,e723a327ac43312f2634965fc0a46b19a4c2745ec9c1809245e68b0516c0c2c4,35413,ok,
data/flower_photos/daisy/5435521200_92029bbe2b_n.jpg,data/flower_photos/daisy/5435521200_92029bbe2b_n.jpg,daisy,320,250,1.28,RGB,JPEG,RGB,,a1cbde597615a0c83186543e3fc44ba841f183688b622eeb07bea803786f81bf,35440,ok,
data/flower_photos/daisy/5435522104_1d6a61b431_n.jpg,data/flower_photos/daisy/5435522104_1d6a61b431_n.jpg,daisy,320,240,1.3333333333333333,RGB,JPEG,RGB,,adf89123efc27fbfb69a4017a17320886a84a67fc023daf25213161a2247a601,36198,ok,
data/flower_photos/daisy/54377391_15648e8d18.jpg,data/flower_photos/daisy/54377391_15648e8d18.jpg,daisy,500,375,1.3333333333333333,RGB,JPEG,RGB,,b91b3546bec39cdf6bb2a636b9b1a59e3eb30bbbd9bd2a51f8f369a89b0c6e74,191209,ok,
data/flower_photos/daisy/5459481183_18d2d49e44_m.jpg,data/flower_photos/daisy/5459481183_18d2d49e44_m.jpg,daisy,180,240,0.75,RGB,JPEG,RGB,,816ca1abe0878b99cb8eee906cb18c4ba727df93960afc6cd7519844c16de320,33319,ok,
data/flower_photos/daisy/5512287917_9f5d3f0f98_n.jpg,data/flower_photos/daisy/5512287917_9f5d3f0f98_n.jpg,daisy,320,242,1.322314049586777,RGB,JPEG,RGB,,485247b819b512731c40cd898a2ec8806fd635ab327de3869b2a461d2dd74499,10515,ok,
data/flower_photos/daisy/5547758_eea9edfd54_n.jpg,data/flower_photos/daisy/5547758_eea9edfd54_n.jpg,daisy,320,232,1.3793103448275863,RGB,JPEG,RGB,,9bd8c2a1ac555c7e8291853fe9153af6141175d111851a9614a7033e74996ef7,28812,ok,
data/flower_photos/daisy/5561775629_a2b709b3a4_n.jpg,data/flower_photos/daisy/5561775629_a2b709b3a4_n.jpg,daisy,320,213,1.5023474178403755,RGB,JPEG,RGB,,80333928e9811745f6534995fbbcff0570bfb0fa62fd1499254797739c9fe051,16865,ok,
data/flower_photos/daisy/5574421625_61b1f49b3f_m.jpg,data/flower_photos/daisy/5574421625_61b1f49b3f_m.jpg,daisy,240,240,1.0,RGB,JPEG,RGB,,5d5753d009cb8a502228931b236aa18bbb95528085bf20b2b69d8d943f2347bf,29746,ok,
data/flower_photos/daisy/5577555349_2e8490259b.jpg,data/flower_photos/daisy/5577555349_2e8490259b.jpg,daisy,500,309,1.6181229773462784,RGB,JPEG,RGB,,54da04eab6939b912dde05ba3c7bfacc1686f8b2b603a4232a87ae08088d254f,81962,ok,
data/flower_photos/daisy/5586977262_6b24412805_n.jpg,data/flower_photos/daisy/5586977262_6b24412805_n.jpg,daisy,320,212,1.509433962264151,RGB,JPEG,RGB,,b63166ee46bc36c0deb29ac92e1013d9dc0b8d2d05b082b83ceb15a6c6ba6bf4,91598,ok,
data/flower_photos/daisy/5602738326_97121e007d_n.jpg,data/flower_photos/daisy/5602738326_97121e007d_n.jpg,daisy,320,240,1.3333333333333333,RGB,JPEG,RGB,,c6ffb3a2e750c0263ee8597ef677fa87c4fe0665b75188ff407bce5a97cdfdde,53009,ok,
data/flower_photos/daisy/5608389827_a42a46f760.jpg,data/flower_photos/daisy/5608389827_a42a46f760.jpg,daisy,500,316,1.5822784810126582,RGB,JPEG,RGB,,45b60d1d9255639e7ff58cde6fee61264c4052c5f7b0e0601429d2ea71c4bc64,81273,ok,
data/flower_photos/daisy/5623010186_796ca8d29a.jpg,data/flower_photos/daisy/5623010186_796ca8d29a.jpg,daisy,500,291,1.7182130584192439,RGB,JPEG,RGB,,189462fe804ce65fbdf93b78754b81f6463866e17ec0ed04561569141ad0ffdc,56691,ok,
data/flower_photos/daisy/5626784099_b36dd3fb11_n.jpg,data/flower_photos/daisy/5626784099_b36dd3fb11_n.jpg,daisy,320,240,1.3333333333333333,RGB,JPEG,RGB,,7016c6a92bfcd3b4c4d442fc24e90101eec8571be7f85f31295e4aef1267b429,32204,ok,
data/flower_photos/daisy/5626895440_97a0ec04c2_n.jpg,data/flower_photos/daisy/5626895440_97a0ec04c2_n.jpg,daisy,320,217,1.4746543778801844,RGB,JPEG,RGB,,c760dcc4b973dac423190db07a930d199b46df1fef2c37e9a8d4327e81443a8f,37227,ok,
data/flower_photos/daisy/5632774792_0fa33d17eb_n.jpg,data/flower_photos/daisy/5632774792_0fa33d17eb_n.jpg,daisy,320,240,1.3333333333333333,RGB,JPEG,RGB,,088467b1134af1710c41516ed0a673ea68ec5d8a6067c4dfc530372817804625,42772,ok,
data/flower_photos/daisy/5665834973_76bd6c6523_m.jpg,data/flower_photos/daisy/5665834973_76bd6c6523_m.jpg,daisy,163,240,0.6791666666666667,RGB,JPEG,RGB,,f66e803b1106eb329df912adbdace546b697fdc8cd57f8ec4f2de76dc75169c7,37993,ok,
data/flower_photos/daisy/5665838969_fe217988b9_m.jpg,data/flower_photos/daisy/5665838969_fe217988b9_m.jpg,daisy,159,240,0.6625,RGB,JPEG,RGB,,8de0e23d7a2f2c84af7e9729f1b1b2b087b61daca7cb5a36e4f1ae1b5a328045,35132,ok,
data/flower_photos/daisy/5673551_01d1ea993e_n.jpg,data/flower_photos/daisy/5673551_01d1ea993e_n.jpg,daisy,320,212,1.509433962264151,RGB,JPEG,RGB,,3f7c18e16050675696fa60ef3ed7136ed127d98e9d57fa98d2abc032e31adf57,35477,ok,
data/flower_photos/daisy/5673728_71b8cb57eb.jpg,data/flower_photos/daisy/5673728_71b8cb57eb.jpg,daisy,500,332,1.5060240963855422,RGB,JPEG,RGB,,6625b0db3cd78f6f0fde3c4b1361c723272155bb0580c7834b9a02990fee259b,30156,ok,
data/flower_photos/daisy/5679288570_b4c52e76d5.jpg,data/flower_photos/daisy/5679288570_b4c52e76d5.jpg,daisy,500,333,1.5015015015015014,RGB,JPEG,RGB,,f5d3732118da5935ed934b497b1baeb848d184c06e05a83969244cb0c34956bf,63182,ok,
data/flower_photos/daisy/5684911529_88a7ae32ba_n.jpg,data/flower_photos/daisy/5684911529_88a7ae32ba_n.jpg,daisy,320,213,1.5023474178403755,RGB,JPEG,RGB,,34a1592fb476af31199c599407600d1e0061a6a352da6c69e17fa08e4f2d3ed4,26092,ok,
data/flower_photos/daisy/5693459303_e61d9a9533.jpg,data/flower_photos/daisy/5693459303_e61d9a9533.jpg,daisy,500,322,1.5527950310559007,RGB,JPEG,RGB,,eb9c9753a77fb49e548a14c2ceb5b07c319c8d5e83145299e084daf87a30c499,248540,ok,
data/flower_photos/daisy/5700781400_65761f3fce.jpg,data/flower_photos/daisy/5700781400_65761f3fce.jpg,daisy,500,249,2.0080321285140563,RGB,JPEG,RGB,,ebd799ed134946fa0d601a1cb5b9b7b3e9c41c192255858e1abb37b4fb5421e5,144365,ok,
data/flower_photos/daisy/5714327423_50af0cffe9.jpg,data/flower_photos/daisy/5714327423_50af0cffe9.jpg,daisy,500,333,1.5015015015015014,RGB,JPEG,RGB,,29c33e9c0936dd51b2f65570c933a7223898ea60b566f0553d159355ec68074e,176877,ok,
data/flower_photos/daisy/5722473541_ffac1ae67e_n.jpg,data/flower_photos/daisy/5722473541_ffac1ae67e_n.jpg,daisy,320,240,1.3333333333333333,RGB,JPEG,RGB,,0e5c53b5a6f43f003e2e66a970b21ed22cf36d3015c735a2bf12dd48ed44a8bd,25437,ok,
data/flower_photos/daisy/5739768868_9f982684f9_n.jpg,data/flower_photos/daisy/5739768868_9f982684f9_n.jpg,daisy,320,214,1.4953271028037383,RGB,JPEG,RGB,,419af38c2e82e647513a6ebc327701ed55f4d3aee2878302fd257cf73fbdd7f6,55418,ok,
data/flower_photos/daisy/5765646947_82e95a9cc9_n.jpg,data/flower_photos/daisy/5765646947_82e95a9cc9_n.jpg,daisy,320,261,1.2260536398467432,RGB,JPEG,RGB,,28365f7230b58bffdc9d1705b015e1f07b99015f8a85b679200c67e3e7892634,47255,ok,
data/flower_photos/daisy/5769217520_c90efc3c93_m.jpg,data/flower_photos/daisy/5769217520_c90efc3c93_m.jpg,daisy,160,240,0.6666666666666666,RGB,JPEG,RGB,,c510d2c4f7b8ec7aae9d47b411dc7cf02d3b0a39acd0c2ef8c33980dcf180e6d,22786,ok,
data/flower_photos/daisy/5773652803_574b51414f_n.jpg,data/flower_photos/daisy/5773652803_574b51414f_n.jpg,daisy,320,246,1.3008130081300813,RGB,JPEG,RGB,,54aa78235b6422b85e59b0712975b1f0f58c3844fd0e5d191acc93936d25f891,33313,ok,
data/flower_photos/daisy/5794835_d15905c7c8_n.jpg,data/flower_photos/daisy/5794835_d15905c7c8_n.jpg,daisy,320,240,1.3333333333333333,RGB,JPEG,RGB,,a8e7fb50ee856852abe203bfc3b301f4c810b5ae1bc7e5f611411e61e2143c47,22782,ok,
data/flower_photos/daisy/5794839_200acd910c_n.jpg,data/flower_photos/daisy/5794839_200acd910c_n.jpg,daisy,320,240,1.3333333333333333,RGB,JPEG,RGB,,036f935a055644bbc7d83da3a6c54adf522571c2a5e23aaadd10e696b84e7a77,22855,ok,
data/flower_photos/daisy/5795159787_ebb51a5e75.jpg,data/flower_photos/daisy/5795159787_ebb51a5e75.jpg,daisy,500,333,1.5015015015015014,RGB,JPEG,RGB,,2c80a6d32dfede90ac7d420b89532f21f6769bcac4ef0d4fe171183c0654c4f5,91503,ok,
data/flower_photos/daisy/5796562389_ae43c83317_m.jpg,data/flower_photos/daisy/5796562389_ae43c83317_m.jpg,daisy,170,240,0.7083333333333334,RGB,JPEG,RGB,,a6aa3e96ba99bfd536d1db579fd7ad4914481b7b176897292af7ddd7e3df8874,18514,ok,
data/flower_photos/daisy/5809489674_5659b3ae5d_n.jpg,data/flower_photos/daisy/5809489674_5659b3ae5d_n.jpg,daisy,320,213,1.5023474178403755,RGB,JPEG,RGB,,87454c88ed087fe4d8a61e4d24890cb3b21cb01b8b698eb9ee79dab530bd8f01,39501,ok,
data/flower_photos/daisy/5811226952_4650ed70ae_n.jpg,data/flower_photos/daisy/5811226952_4650ed70ae_n.jpg,daisy,320,216,1.4814814814814814,RGB,JPEG,RGB,,5e68b8b0d88f68fa6a86cdf5bbd7637f5034e52b939d4cb4c714326c5b16655a,19166,ok,
data/flower_photos/daisy/5853276960_d08f90fff6.jpg,data/flower_photos/daisy/5853276960_d08f90fff6.jpg,daisy,500,333,1.5015015015015014,RGB,JPEG,RGB,,914f8b308370309bdbfb6545e118547371d579a567bb6f0dab31e883fdfe89bb,160716,ok,
data/flower_photos/daisy/5869147563_66fb88119d.jpg,data/flower_photos/daisy/5869147563_66fb88119d.jpg,daisy,500,335,1.492537313432836,RGB,JPEG,RGB,,5051aabb55cd1ee694d79811c9ebdc6f1f5804b82f4f9684bf582bf9bdd107b9,178839,ok,
data/flower_photos/daisy/5874818796_3efbb8769d.jpg,data/flower_photos/daisy/5874818796_3efbb8769d.jpg,daisy,500,325,1.5384615384615385,RGB,JPEG,RGB,,1652ab8fbe2de0717a7d16aa818f2ca892edaec57533871e6ddd8ea638f76072,229395,ok,
data/flower_photos/daisy/5876455546_32049e5585.jpg,data/flower_photos/daisy/5876455546_32049e5585.jpg,daisy,500,333,1.5015015015015014,RGB,JPEG,RGB,,1aebd49fb42cb5f0336bb8a94d498d3d212b44364f66f94adffcdf2b4b3c4e62,71816,ok,
data/flower_photos/daisy/5881907044_92a85a05c8_n.jpg,data/flower_photos/daisy/5881907044_92a85a05c8_n.jpg,daisy,320,281,1.1387900355871887,RGB,JPEG,RGB,,266d92e2959668a94ccfaacb901d5d164ecbf3a3a9ce76c902abbfec8ce70a01,51506,ok,
data/flower_photos/daisy/5883162120_dc7274af76_n.jpg,data/flower_photos/daisy/5883162120_dc7274af76_n.jpg,daisy,320,240,1.3333333333333333,RGB,JPEG,RGB,,082b460131e3c3a7c7fcf9ea4688e4bf4edf337645dbb12a5839b8813a833a9c,35482,ok,
data/flower_photos/daisy/5884807222_22f5326ba8_m.jpg,data/flower_photos/daisy/5884807222_22f5326ba8_m.jpg,daisy,240,224,1.0714285714285714,RGB,JPEG,RGB,,6734439e87b5b1ee853b67138220e3003cebd48013d62255e69e84ef1f020e56,31451,ok,
data/flower_photos/daisy/5885826924_38fdc6bcaa_n.jpg,data/flower_photos/daisy/5885826924_38fdc6bcaa_n.jpg,daisy,320,230,1.391304347826087,RGB,JPEG,RGB,,45282f81119c99394b697303fe75b8c7bd31d8e7efceabe83234951c9e88d056,33977,ok,
data/flower_photos/daisy/5944315415_2be8abeb2f_m.jpg,data/flower_photos/daisy/5944315415_2be8abeb2f_m.jpg,daisy,240,240,1.0,RGB,JPEG,RGB,,08c0c85124ea182f675de0b3e512b502f1476b543ce7ab06ef57b9c9e1224a2c,31270,ok,
data/flower_photos/daisy/5948835387_5a98d39eff_m.jpg,data/flower_photos/daisy/5948835387_5a98d39eff_m.jpg,daisy,175,240,0.7291666666666666,RGB,JPEG,RGB,,529040113f64d6df6c42b06ef16bb89887682ca1e729082a427fc667cd196695,15360,ok,
data/flower_photos/daisy/5973488341_50bdf6cee3_n.jpg,data/flower_photos/daisy/5973488341_50bdf6cee3_n.jpg,daisy,320,213,1.5023474178403755,RGB,JPEG,RGB,,2a1ca6e4b9d4db77cf1a164a81120006a12ee371f3c63d5996fa094f05ddb7bd,40516,ok,
data/flower_photos/daisy/5973491805_556bba93cc.jpg,data/flower_photos/daisy/5973491805_556bba93cc.jpg,daisy,500,333,1.5015015015015014,RGB,JPEG,RGB,,d2ee3fc76fbbe2984e4cf77643a876d620ed27a394ad83f79ebe7bd2612e1462,96747,ok,
data/flower_photos/daisy/5981645737_29eceac291_m.jpg,data/flower_photos/daisy/5981645737_29eceac291_m.jpg,daisy,240,240,1.0,RGB,JPEG,RGB,,9ceac3e6cd8a1b5019a8c3ed08d76c0a50504ca31b5e70e95e5238c1d9924ce4,42701,ok,
data/flower_photos/daisy/5997702776_c7bc37aa6b_n.jpg,data/flower_photos/daisy/5997702776_c7bc37aa6b_n.jpg,daisy,320,213,1.5023474178403755,RGB,JPEG,RGB,,d5651cfe4f84623290837e4c23feeb0211d7cd64249f31231244e47072f3b77c,25994,ok,
data/flower_photos/daisy/6054952060_c88612f3c5_n.jpg,data/flower_photos/daisy/6054952060_c88612f3c5_n.jpg,daisy,320,222,1.4414414414414414,RGB,JPEG,RGB,,d21aa3cf6bcc47bb4e779614f1dda303f66722cd3ccd1dc190ced7ede3ee4615,47498,ok,
data/flower_photos/daisy/6089825811_80f253fbe1.jpg,data/flower_photos/daisy/6089825811_80f253fbe1.jpg,daisy,500,333,1.5015015015015014,RGB,JPEG,RGB,,9762384ffe8df3ea0a87de9b1c44e5c77fbbf6a009f25d7b241a767df39b3039,116802,ok,
data/flower_photos/daisy/6095817094_3a5b1d793d.jpg,data/flower_photos/daisy/6095817094_3a5b1d793d.jpg,daisy,500,333,1.5015015015015014,RGB,JPEG,RGB,,54b8ca3aeabea60de10a052f15d7361c2a8fe8446816ba96861d09f4bdb776a8,101930,ok,
data/flower_photos/daisy/6136947177_47ff445eb4_n.jpg,data/flower_photos/daisy/6136947177_47ff445eb4_n.jpg,daisy,320,240,1.3333333333333333,RGB,JPEG,RGB,,37b78179e2eef431bcfc3ece775ff9f584394d66aad12ac84ae9a4b9aa92e41e,51937,ok,
data/flower_photos/daisy/6148728633_27afc47b0c_m.jpg,data/flower_photos/daisy/6148728633_27afc47b0c_m.jpg,daisy,176,240,0.7333333333333333,RGB,JPEG,RGB,,8f30d879fa034b07ee22d7d8a56a036145f6b4853207eff4f3a26406944b7771,26099,ok,
data/flower_photos/daisy/6207492986_0ff91f3296.jpg,data/flower_photos/daisy/6207492986_0ff91f3296.jpg,daisy,500,312,1.6025641025641026,RGB,JPEG,RGB,,cb29de5cfa539857a8c66c601b399df27538723b28303659aecf293ac3364e65,173283,ok,
data/flower_photos/daisy/6208851904_9d916ebb32_n.jpg,data/flower_photos/daisy/6208851904_9d916ebb32_n.jpg,daisy,320,213,1.5023474178403755,RGB,JPEG,RGB,,5d792a35cc27d9ba0408c002e78632de44964533bdf399df2827f2d65d7c247b,35688,ok,
data/flower_photos/daisy/6210664514_f1d211217a.jpg,data/flower_photos/daisy/6210664514_f1d211217a.jpg,daisy,500,313,1.597444089456869,RGB,JPEG,RGB,,e1b2737db532a082a9e497bbab075eddf728a9746f6b602b98960323e006219b,122137,ok,
data/flower_photos/daisy/6299498346_b9774b6500.jpg,data/flower_photos/daisy/6299498346_b9774b6500.jpg,daisy,500,333,1.5015015015015014,RGB,JPEG,RGB,,b8f7f42bc392658c9a88403a78b4b0631ccee1f6716e9a21f7515e3949addadb,60330,ok,
data/flower_photos/daisy/6299910262_336309ffa5_n.jpg,data/flower_photos/daisy/6299910262_336309ffa5_n.jpg,daisy,320,240,1.3333333333333333,RGB,JPEG,RGB,,ad90bc874500149f4a8894bb356fed9ad691d5f091128f154d874a2411a633e4,27018,ok,
data/flower_photos/daisy/6323721068_3d3394af6d_n.jpg,data/flower_photos/daisy/6323721068_3d3394af6d_n.jpg,daisy,320,221,1.4479638009049773,RGB,JPEG,RGB,,82bcc7cd809a9d733fec2fa667f39a8b6c388841e697bfadfb3ca14847c8feca,18407,ok,
data/flower_photos/daisy/6480809573_76a0074b69_n.jpg,data/flower_photos/daisy/6480809573_76a0074b69_n.jpg,daisy,320,256,1.25,RGB,JPEG,RGB,,4d4f53eab31d93cc6b8ee376712f7cc98bf77fba47e419e40a41051b07b026f7,47127,ok,
data/flower_photos/daisy/6480809771_b1e14c5cc2_m.jpg,data/flower_photos/daisy/6480809771_b1e14c5cc2_m.jpg,daisy,192,240,0.8,RGB,JPEG,RGB,,9bda61f8ebeefee01e1691b6d1084e3ac8677ab1c9e449807d70532a00042dc2,31093,ok,
data/flower_photos/daisy/6529588249_d9cbe68aab_n.jpg,data/flower_photos/daisy/6529588249_d9cbe68aab_n.jpg,daisy,320,240,1.3333333333333333,RGB,JPEG,RGB,,d741dde816ab3d3ff54252837599a6a8f2a81e8ae25c093e298f844346fe950b,54182,ok,
data/flower_photos/daisy/6596277835_9f86da54bb.jpg,data/flower_photos/daisy/6596277835_9f86da54bb.jpg,daisy,500,319,1.567398119122257,RGB,JPEG,RGB,,1e03bd6dca0447f7c80e79bf229e124bf86a853a2555bdf4214a0c38ff06f14c,84541,ok,
data/flower_photos/daisy/676120388_28f03069c3.jpg,data/flower_photos/daisy/676120388_28f03069c3.jpg,daisy,500,375,1.3333333333333333,RGB,JPEG,RGB,,a4e433d4a812f5ec693cc44a059926bc3aa7ad978bc4664d0588827c017a7c4f,96669,ok,
data/flower_photos/daisy/6776075110_1ea7a09dd4_n.jpg,data/flower_photos/daisy/6776075110_1ea7a09dd4_n.jpg,daisy,320,213,1.5023474178403755,RGB,JPEG,RGB,,2a8da58ce792e4de7ffc61ce080418018360693ed1ce3459d1f2f505e10ef5b5,56588,ok,
data/flower_photos/daisy/6864242336_0d12713fe5_n.jpg,data/flower_photos/daisy/6864242336_0d12713fe5_n.jpg,daisy,320,240,1.3333333333333333,RGB,JPEG,RGB,,7ce0654430cd35e5f0b841f7282abf09d88813f86f83dcee9dd350060cb500ff,24696,ok,
data/flower_photos/daisy/6884975451_c74f445d69_m.jpg,data/flower_photos/daisy/6884975451_c74f445d69_m.jpg,daisy,239,240,0.9958333333333333,RGB,JPEG,RGB,,221c797746ce72d8a353ead797862feb71279cf7a0773ae328d802b34dde1671,17506,ok,
data/flower_photos/daisy/6910811638_aa6f17df23.jpg,data/flower_photos/daisy/6910811638_aa6f17df23.jpg,daisy,500,281,1.7793594306049823,RGB,JPEG,RGB,,7d28502e9ed3ab8098cffc9cfc8e445b8ab6218590f615e2caf37646d4b201db,158820,ok,
data/flower_photos/daisy/6950173662_5e9473003e_n.jpg,data/flower_photos/daisy/6950173662_5e9473003e_n.jpg,daisy,320,240,1.3333333333333333,RGB,JPEG,RGB,,8eaa5007cb419b4613abed7463300742d040dbc1bc10c6c401a1d797beb9d6e1,27621,ok,
data/flower_photos/daisy/695778683_890c46ebac.jpg,data/flower_photos/daisy/695778683_890c46ebac.jpg,daisy,500,375,1.3333333333333333,RGB,JPEG,RGB,,e1435b84fba8b0d88a484f232b9055ebccbccbc5a356ff12df015a744a477bf1,73168,ok,
data/flower_photos/daisy/6978826370_7b9aa7c7d5.jpg,data/flower_photos/daisy/6978826370_7b9aa7c7d5.jpg,daisy,500,333,1.5015015015015014,RGB,JPEG,RGB,,ba6dc4478dcbbf96583608379eab25ea60bdfec2f53acb9cb90ee031b36616cd,80700,ok,
data/flower_photos/daisy/705422469_ffa28c566d.jpg,data/flower_photos/daisy/705422469_ffa28c566d.jpg,daisy,500,375,1.3333333333333333,RGB,JPEG,RGB,,30d046c3b1dff59231de9821470a66419a2abe99263e86afd6aa9dc01062c603,129131,ok,
data/flower_photos/daisy/7066602021_2647457985_m.jpg,data/flower_photos/daisy/7066602021_2647457985_m.jpg,daisy,240,240,1.0,RGB,JPEG,RGB,,84cccc608172432a18c2f212c606dbd86cae9957d2ba0cd9623dc7f142836331,40704,ok,
data/flower_photos/daisy/7133935763_82b17c8e1b_n.jpg,data/flower_photos/daisy/7133935763_82b17c8e1b_n.jpg,daisy,320,240,1.3333333333333333,RGB,JPEG,RGB,,545790107a92001b240b11b33ed4739f0fc6210901221e8782adf310b56038f2,13832,ok,
data/flower_photos/daisy/7189043225_2fe781439a_n.jpg,data/flower_photos/daisy/7189043225_2fe781439a_n.jpg,daisy,320,240,1.3333333333333333,RGB,JPEG,RGB,,3eebfe02584b55b3ff103fd640c43ed17c8cd791d1d8fc588f1839942118b0c5,29498,ok,
data/flower_photos/daisy/7191221492_610035de7c_m.jpg,data/flower_photos/daisy/7191221492_610035de7c_m.jpg,daisy,240,240,1.0,RGB,JPEG,RGB,,2b6b1a48dd16e553f255b82fa1c4ba22816843e616e1d21262f4501694505f45,19109,ok,
data/flower_photos/daisy/7199968650_72afc16d31_m.jpg,data/flower_photos/daisy/7199968650_72afc16d31_m.jpg,daisy,194,240,0.8083333333333333,RGB,JPEG,RGB,,4a20410448576c4574d4ed32104caac44c0ae3c41ba17e4038f09f536b12e7af,14250,ok,
data/flower_photos/daisy/721595842_bacd80a6ac.jpg,data/flower_photos/daisy/721595842_bacd80a6ac.jpg,daisy,500,335,1.492537313432836,RGB,JPEG,RGB,,c96bbd61d3c64159f11f0d11154702d562a781374e00679620f89e96c71a274b,84635,ok,
data/flower_photos/daisy/7227973870_806d9d3e42_n.jpg,data/flower_photos/daisy/7227973870_806d9d3e42_n.jpg,daisy,320,240,1.3333333333333333,RGB,JPEG,RGB,,a9fdf9b03cfec66f4a17a9e4a9a975210479dfb522ecd3540b993456bba5b0c3,34994,ok,
data/flower_photos/daisy/7288989324_c25d9febbf.jpg,data/flower_photos/daisy/7288989324_c25d9febbf.jpg,daisy,500,332,1.5060240963855422,RGB,JPEG,RGB,,203fb457fc52e3eac61e4c1a7979c1449d677becb9fab4ad92f3a3cb5be6f061,63442,ok,
data/flower_photos/daisy/7320089276_87b544e341.jpg,data/flower_photos/daisy/7320089276_87b544e341.jpg,daisy,500,333,1.5015015015015014,RGB,JPEG,RGB,,5c98acbb48fa294d0333657f4c2b727d8c309d3168fb1602f478d3994b659568,108260,ok,
data/flower_photos/daisy/7335886184_d06a83f640.jpg,data/flower_photos/daisy/7335886184_d06a83f640.jpg,daisy,500,319,1.567398119122257,RGB,JPEG,RGB,,27371e8e153acc0960d937daf57a14add878124dc6eae032daa6c90f259d688c,92015,ok,
data/flower_photos/daisy/7358085448_b317d11cd5.jpg,data/flower_photos/daisy/7358085448_b317d11cd5.jpg,daisy,500,331,1.5105740181268883,RGB,JPEG,RGB,,4cd12442c96e781cc1b3b50d99fbf50d9e40fe4cdad12711b0ae2641a95447c4,213901,ok,
data/flower_photos/daisy/7377004908_5bc0cde347_n.jpg,data/flower_photos/daisy/7377004908_5bc0cde347_n.jpg,daisy,320,256,1.25,RGB,JPEG,RGB,,f2c933e28a81685aeaca5e8e7752a626dc99b2c2948fd434f4d68c6da3a5a40e,33467,ok,
data/flower_photos/daisy/7410356270_9dff4d0e2e_n.jpg,data/flower_photos/daisy/7410356270_9dff4d0e2e_n.jpg,daisy,320,213,1.5023474178403755,RGB,JPEG,RGB,,e5ec9ff9f1ef5e1bdbb5aa33327bacacc41028f638b40ffb870ea81a53f3aa64,17913,ok,
data/flower_photos/daisy/7416083788_fcb4c4f27e_n.jpg,data/flower_photos/daisy/7416083788_fcb4c4f27e_n.jpg,daisy,320,240,1.3333333333333333,RGB,JPEG,RGB,,416efca286e3a2b9af55d827bf62917cafc8ed15eaf5e1ae9533b4ab78c606b9,41179,ok,
data/flower_photos/daisy/7454630692_ab2d67dd18_m.jpg,data/flower_photos/daisy/7454630692_ab2d67dd18_m.jpg,daisy,159,240,0.6625,RGB,JPEG,RGB,,0e5b0a0f422f3b50d4f1a284fbf144d69439d5de6dc8b284b0ebe20181efc086,23180,ok,
data/flower_photos/daisy/7538403124_f2fc48750a.jpg,data/flower_photos/daisy/7538403124_f2fc48750a.jpg,daisy,500,324,1.5432098765432098,RGB,JPEG,RGB,,5dae68e61f0130f4246725fcb4587687f904a7a70967d8e849eed8226fed7b6d,76913,ok,
data/flower_photos/daisy/754248840_95092de274.jpg,data/flower_photos/daisy/754248840_95092de274.jpg,daisy,500,333,1.5015015015015014,RGB,JPEG,RGB,,b2b95ead639dd79e9030d2d1101cf52b064e906774f990b4a7ee4a5814049adb,198258,ok,
data/flower_photos/daisy/754296579_30a9ae018c_n.jpg,data/flower_photos/daisy/754296579_30a9ae018c_n.jpg,daisy,320,213,1.5023474178403755,RGB,JPEG,RGB,,fc57de35f3dc894d5ef7fa0f7d6e86bed8f89f21f3d50f766f4aca2d2a233f4e,27596,ok,
data/flower_photos/daisy/7568630428_8cf0fc16ff_n.jpg,data/flower_photos/daisy/7568630428_8cf0fc16ff_n.jpg,daisy,320,239,1.3389121338912133,RGB,JPEG,RGB,,f9a7c0d7e0e0f34636d2909f38f2da4ffd9138b48e25f9247aa75e540576263f,24755,ok,
data/flower_photos/daisy/7629784968_b953501902_n.jpg,data/flower_photos/daisy/7629784968_b953501902_n.jpg,daisy,320,240,1.3333333333333333,RGB,JPEG,RGB,,14477d91a7d07d184c4bd07be4701cdc80e775efae39198ba5fee07907b8a659,28690,ok,
data/flower_photos/daisy/7630511450_02d3292e90.jpg,data/flower_photos/daisy/7630511450_02d3292e90.jpg,daisy,500,332,1.5060240963855422,RGB,JPEG,RGB,,935058177c840bd7a2467004bb907dedacd6f4c6122ef50172a80cd199764097,111102,ok,
data/flower_photos/daisy/7630517248_98fb8bee1f_n.jpg,data/flower_photos/daisy/7630517248_98fb8bee1f_n.jpg,daisy,320,212,1.509433962264151,RGB,JPEG,RGB,,5a3ad47dc18fea514d42e5728b69a0498e1999aec0cb9f4b8220cfc7af407399,40527,ok,
data/flower_photos/daisy/7630520686_e3a61ac763.jpg,data/flower_photos/daisy/7630520686_e3a61ac763.jpg,daisy,500,332,1.5060240963855422,RGB,JPEG,RGB,,8b2105b5626f0f1ab98d8b6101f55a6c0515f16ec988313c23e5c1ef253150bc,78030,ok,
data/flower_photos/daisy/7633425046_8293e3d0e9_m.jpg,data/flower_photos/daisy/7633425046_8293e3d0e9_m.jpg,daisy,232,240,0.9666666666666667,RGB,JPEG,RGB,,4cfba2fcd975122f749efd9213ff20fb5cb97abc773d429ceed7ebae35b600e5,34604,ok,
data/flower_photos/daisy/7669550908_bc5a11276f_n.jpg,data/flower_photos/daisy/7669550908_bc5a11276f_n.jpg,daisy,320,213,1.5023474178403755,RGB,JPEG,RGB,,91c3a6ac8ae37bd95e59e828e66fa7daaa2da1afef1d4542ce70adcac744bf69,19686,ok,
data/flower_photos/daisy/7702332000_3f21ef4571_n.jpg,data/flower_photos/daisy/7702332000_3f21ef4571_n.jpg,daisy,320,238,1.3445378151260505,RGB,JPEG,RGB,,49303f12546086bfe6f1b478d954c7c40d29ff1b2a2591946ab9c02ec73fbbb4,41986,ok,
data/flower_photos/daisy/7749368884_1fc58c67ff_n.jpg,data/flower_photos/daisy/7749368884_1fc58c67ff_n.jpg,daisy,320,263,1.2167300380228137,RGB,JPEG,RGB,,333671af771bf553dc85f181b03075ef51539cc71e20965239ea3f2f10b1c255,38438,ok,
data/flower_photos/daisy/7790614422_4557928ab9_n.jpg,data/flower_photos/daisy/7790614422_4557928ab9_n.jpg,daisy,320,240,1.3333333333333333,RGB,JPEG,RGB,,922b7a6e5160d55f1dbfcf02b3532bb9d1034ca51cf1191d5a4d67c54d8295ed,28683,ok,
data/flower_photos/daisy/7924174040_444d5bbb8a.jpg,data/flower_photos/daisy/7924174040_444d5bbb8a.jpg,daisy,500,333,1.5015015015015014,RGB,JPEG,RGB,,cc4ef688d57ba456b30dfa9f696a43e84cec146cac35f0396efc7a8f8981fa03,126691,ok,
data/flower_photos/daisy/799952628_bf836677fa_n.jpg,data/flower_photos/daisy/799952628_bf836677fa_n.jpg,daisy,320,213,1.5023474178403755,RGB,JPEG,RGB,,a3879b2ea093cb6caf2c19d572b4c51271a7ca758058a9f29db7a9cf7fdbe820,57183,ok,
data/flower_photos/daisy/799964360_7e07a227ea_n.jpg,data/flower_photos/daisy/799964360_7e07a227ea_n.jpg,daisy,320,213,1.5023474178403755,RGB,JPEG,RGB,,0bc216a63536bd3eab76ddb0f7500d9cd11308e813c20b41487190da15b7fc7b,55748,ok,
data/flower_photos/daisy/8008258043_5457dd254b_n.jpg,data/flower_photos/daisy/8008258043_5457dd254b_n.jpg,daisy,320,213,1.5023474178403755,RGB,JPEG,RGB,,eabfc783db63443ea8a5b0a19d1cd6e10ae451fbd64493631fe24cd9d82acd9d,36291,ok,
data/flower_photos/daisy/8021540573_c56cf9070d_n.jpg,data/flower_photos/daisy/8021540573_c56cf9070d_n.jpg,daisy,320,216,1.4814814814814814,RGB,JPEG,RGB,,4e3865307f22808e1b15757f4242226863693e4895d5119bf0b5672d00db37a4,23956,ok,
data/flower_photos/daisy/8063844363_db3f4dea85.jpg,data/flower_photos/daisy/8063844363_db3f4dea85.jpg,daisy,500,333,1.5015015015015014,RGB,JPEG,RGB,,ead849579218cfa0a303d746a1a9e5144116fde953e29ac88c699f46b88a2bd0,67149,ok,
data/flower_photos/daisy/8071646795_2fdc89ab7a_n.jpg,data/flower_photos/daisy/8071646795_2fdc89ab7a_n.jpg,daisy,320,213,1.5023474178403755,RGB,JPEG,RGB,,e68db0882d334c71db3302245637ff6bf4c0d6f674af4c880578154ba6a6c564,22435,ok,
data/flower_photos/daisy/8085329197_41d53a21e2_n.jpg,data/flower_photos/daisy/8085329197_41d53a21e2_n.jpg,daisy,320,213,1.5023474178403755,RGB,JPEG,RGB,,beea46e5e78ac5417c446e8d85196cb7ed15d8ebd5264deefe638fb7187a8604,23228,ok,
data/flower_photos/daisy/8094774544_35465c1c64.jpg,data/flower_photos/daisy/8094774544_35465c1c64.jpg,daisy,500,238,2.100840336134454,RGB,JPEG,RGB,,30d5d24f7d2b71166bc6db4ea3d64b51d7cf368fa2991fc67ed67dd8e9a771ca,65956,ok,
data/flower_photos/daisy/8120563761_ed5620664f_m.jpg,data/flower_photos/daisy/8120563761_ed5620664f_m.jpg,daisy,215,240,0.8958333333333334,RGB,JPEG,RGB,,0fbaa341d5718f771179bfc408ebab04fb42f515018a4c514d6f9006d1c936f3,29304,ok,
data/flower_photos/daisy/8127252886_96558c23d1.jpg,data/flower_photos/daisy/8127252886_96558c23d1.jpg,daisy,500,299,1.6722408026755853,RGB,JPEG,RGB,,b8e78773ebbf35c9a4a80ae8260836dcd7e5ca32907f5e9b455dd5c699227eef,131930,ok,
data/flower_photos/daisy/813445367_187ecf080a_n.jpg,data/flower_photos/daisy/813445367_187ecf080a_n.jpg,daisy,320,208,1.5384615384615385,RGB,JPEG,RGB,,4d434e2624dcae37bb184fe84128099011201cb8458bcd2d6914bbc2a932c685,18861,ok,
data/flower_photos/daisy/8348621545_8f02b82662_n.jpg,data/flower_photos/daisy/8348621545_8f02b82662_n.jpg,daisy,320,213,1.5023474178403755,RGB,JPEG,RGB,,c0078f38e7dd5bd0625937936dca38260cd8d4c0d867006d1572f1c491ec157c,18435,ok,
data/flower_photos/daisy/835750256_3f91a147ef_n.jpg,data/flower_photos/daisy/835750256_3f91a147ef_n.jpg,daisy,320,240,1.3333333333333333,RGB,JPEG,RGB,,a19c5f340b4d11c58e464be78d902b969d9151f34e81c36a3c76eb28cff35c3c,53893,ok,
data/flower_photos/daisy/8382667241_0f046cecdb_n.jpg,data/flower_photos/daisy/8382667241_0f046cecdb_n.jpg,daisy,320,246,1.3008130081300813,RGB,JPEG,RGB,,3dc2a37f2314ef278c3d085cfaaf9e10963136b8efb69e01bc9efdaa1bbcccde,29630,ok,
data/flower_photos/daisy/8383753520_8391dd80ee_m.jpg,data/flower_photos/daisy/8383753520_8391dd80ee_m.jpg,daisy,194,240,0.8083333333333333,RGB,JPEG,RGB,,994be9727c242696308e0532970d794d65e8b3a95d5d1ceda29101c2d828fc26,17899,ok,
data/flower_photos/daisy/8446495985_f72d851482.jpg,data/flower_photos/daisy/8446495985_f72d851482.jpg,daisy,500,333,1.5015015015015014,RGB,JPEG,RGB,,d9167d72d3b97427ea9879c3753122a406cad50aa6064c0a5a6e8de1595b067d,86338,ok,
data/flower_photos/daisy/8489463746_a9839bf7e4.jpg,data/flower_photos/daisy/8489463746_a9839bf7e4.jpg,daisy,500,333,1.5015015015015014,RGB,JPEG,RGB,,21c424da6f3a68172782c00df83258c8788eb6feb213df5af8d38d0156beeaa9,98776,ok,
data/flower_photos/daisy/8616684075_71923bb771_n.jpg,data/flower_photos/daisy/8616684075_71923bb771_n.jpg,daisy,320,240,1.3333333333333333,RGB,JPEG,RGB,,ea7450d96e639794a4c59e84239b1a88a1e5180a7e9bbe156a154c496b381a22,37900,ok,
data/flower_photos/daisy/8619103877_d8c82c5f34_n.jpg,data/flower_photos/daisy/8619103877_d8c82c5f34_n.jpg,daisy,320,250,1.28,RGB,JPEG,RGB,,6095e7d34c4d1720efc9add5f280ea507a8e0e0914f830fffd399caa9abdd9c0,24953,ok,
data/flower_photos/daisy/8645839873_0151fb92bf_n.jpg,data/flower_photos/daisy/8645839873_0151fb92bf_n.jpg,daisy,320,240,1.3333333333333333,RGB,JPEG,RGB,,a0bb9cf3b75bffe64526ee90aadf52ad00c2238319ad1ef7070ebf1a6e20b16c,27825,ok,
data/flower_photos/daisy/8671824531_64b816949e_m.jpg,data/flower_photos/daisy/8671824531_64b816949e_m.jpg,daisy,240,240,1.0,RGB,JPEG,RGB,,6a80e343ac0b3ca9dd4f09f9bdc5c1dbcef2828f306dea8a7ff8ac03da2aaf38,21180,ok,
data/flower_photos/daisy/8681746439_d6beeefbf9.jpg,data/flower_photos/daisy/8681746439_d6beeefbf9.jpg,daisy,500,332,1.5060240963855422,RGB,JPEG,RGB,,27cba187c18911367ce2159484fb8f33203cbfe87bf5f4d5b3292ccd779cb4f5,46256,ok,
data/flower_photos/daisy/8694909523_3ca25d449d_n.jpg,data/flower_photos/daisy/8694909523_3ca25d449d_n.jpg,daisy,320,233,1.3733905579399142,RGB,JPEG,RGB,,2e91fc88d9beb0a1c8495f2d2bcc870d7584125da4140f142d4f66495f120687,63680,ok,
data/flower_photos/daisy/8696022686_1f8d62c5cb_m.jpg,data/flower_photos/daisy/8696022686_1f8d62c5cb_m.jpg,daisy,234,240,0.975,RGB,JPEG,RGB,,c5d7d03db8fcc2881db2aef66bcfda8e5d48cddf9e653dcd50ecdedfe3f41976,35967,ok,
data/flower_photos/daisy/8706810197_17b6c1f1e7.jpg,data/flower_photos/daisy/8706810197_17b6c1f1e7.jpg,daisy,500,342,1.4619883040935673,RGB,JPEG,RGB,,fa359813ad8b9d326c7459e77dba4fbf51d7fe6034991335b5f84d25675b648d,83154,ok,
data/flower_photos/daisy/8708143485_38d084ac8c_n.jpg,data/flower_photos/daisy/8708143485_38d084ac8c_n.jpg,daisy,320,212,1.509433962264151,RGB,JPEG,RGB,,b5c9c3f05cb75ce79693f943611138c044264cba4df27e4918b3cfa8744dcdc6,20441,ok,
data/flower_photos/daisy/8709110478_60d12efcd4_n.jpg,data/flower_photos/daisy/8709110478_60d12efcd4_n.jpg,daisy,320,240,1.3333333333333333,RGB,JPEG,RGB,,986a6a8306b6581e03db66d07a1156e1d679b69ed28f9932fd04ad8f2380bc23,31967,ok,
data/flower_photos/daisy/8709535323_a6bea3e43f.jpg,data/flower_photos/daisy/8709535323_a6bea3e43f.jpg,daisy,500,326,1.5337423312883436,RGB,JPEG,RGB,,d0bcfb5ffb38d1012f47cd346807ace42bf26590385d3aaa9004229406632230,91458,ok,
data/flower_photos/daisy/8710109684_e2c5ef6aeb_n.jpg,data/flower_photos/daisy/8710109684_e2c5ef6aeb_n.jpg,daisy,320,215,1.4883720930232558,RGB,JPEG,RGB,,d62a698236ea83b311050c569b632e1327de2a8cdcac74470e11b26f5e1316ef,8427,ok,
data/flower_photos/daisy/8718637649_87a0d85190_n.jpg,data/flower_photos/daisy/8718637649_87a0d85190_n.jpg,daisy,320,240,1.3333333333333333,RGB,JPEG,RGB,,7466507516960334143a4bd4b17153e5a0bbfdd2b84eb9e8f401a5a3083c4dc7,28112,ok,
data/flower_photos/daisy/8719756744_34a5a83976_n.jpg,data/flower_photos/daisy/8719756744_34a5a83976_n.jpg,daisy,320,240,1.3333333333333333,RGB,JPEG,RGB,,1588100afed3ddeea4c24776f22d322f7dd0a033cea375b6160f7872bf5b2a42,38946,ok,
data/flower_photos/daisy/8740807508_0587f5b7b7.jpg,data/flower_photos/daisy/8740807508_0587f5b7b7.jpg,daisy,500,317,1.5772870662460567,RGB,JPEG,RGB,,83be3e1f0dbb7958728317ac2abbac4ca500422394a21eac55a22927815a8d75,99398,ok,
data/flower_photos/daisy/8742143296_fed9fa007c.jpg,data/flower_photos/daisy/8742143296_fed9fa007c.jpg,daisy,500,322,1.5527950310559007,RGB,JPEG,RGB,,6824ef42bf43a8d523da9a38190d7407b50fe46344355ec500c85019e7d0432c,64115,ok,
data/flower_photos/daisy/8759177308_951790e00d_m.jpg,data/flower_photos/daisy/8759177308_951790e00d_m.jpg,daisy,240,180,1.3333333333333333,RGB,JPEG,RGB,,d4060d473f47cadaf50b9b3286df50580eeebd7018828a5d61ba0d23a421850b,14109,ok,
data/flower_photos/daisy/8882282142_9be2524d38_m.jpg,data/flower_photos/daisy/8882282142_9be2524d38_m.jpg,daisy,160,240,0.6666666666666666,RGB,JPEG,RGB,,bb8c2c841fd50c8a7299fdd4194eeb00184a545bed9ece55aabaea0ae4d4144c,13915,ok,
data/flower_photos/daisy/8887005939_b19e8305ee.jpg,data/flower_photos/daisy/8887005939_b19e8305ee.jpg,daisy,500,281,1.7793594306049823,RGB,JPEG,RGB,,07792b6bd00fc92164ab165d78a1a0031622775a389d3aac44402de48c322f1b,93487,ok,
data/flower_photos/daisy/8932490012_cc08e690ba_n.jpg,data/flower_photos/daisy/8932490012_cc08e690ba_n.jpg,daisy,320,248,1.2903225806451613,RGB,JPEG,RGB,,aa9f8cf5d74fc2f03dc002782530bc40fe09670757390376f6200c5db18dbcf1,37141,ok,
data/flower_photos/daisy/8938566373_d129e7af75.jpg,data/flower_photos/daisy/8938566373_d129e7af75.jpg,daisy,500,316,1.5822784810126582,RGB,JPEG,RGB,,94cc999fa7cbfb8dc03ae24860de7e046874b3632f3e2cbd6684a24e1a33fd43,81588,ok,
data/flower_photos/daisy/8964198962_6d8593b533.jpg,data/flower_photos/daisy/8964198962_6d8593b533.jpg,daisy,500,333,1.5015015015015014,RGB,JPEG,RGB,,4d4362aed07cd65219e7db4aa737fd80602633da0a09cb9af71da5b4b94bcb45,123467,ok,
data/flower_photos/daisy/8983779970_9d3a6a3bf2_n.jpg,data/flower_photos/daisy/8983779970_9d3a6a3bf2_n.jpg,daisy,320,240,1.3333333333333333,RGB,JPEG,RGB,,f067c8a8ecda40244321554b707693984b666f2bc526726f1fdd3fd134a4892b,57158,ok,
data/flower_photos/daisy/9054268881_19792c5203_n.jpg,data/flower_photos/daisy/9054268881_19792c5203_n.jpg,daisy,320,243,1.316872427983539,RGB,JPEG,RGB,,3d564af8da40753f7d636677a7ee6efd6768b28d446813c511b1b0c3e6163aef,21579,ok,
data/flower_photos/daisy/9094631844_1a6abca29e.jpg,data/flower_photos/daisy/9094631844_1a6abca29e.jpg,daisy,500,300,1.6666666666666667,RGB,JPEG,RGB,,13868811c08c2622af8bbed6846736b48f99ecf22c04e9eef6b533b74bbc7253,139476,ok,
data/flower_photos/daisy/909609509_a05ccb8127.jpg,data/flower_photos/daisy/909609509_a05ccb8127.jpg,daisy,500,375,1.3333333333333333,RGB,JPEG,RGB,,c60ef362fb3e21b96966fbe69ddf6f7ed54f079345a7a3a6d1f7cbf185a7fc38,166929,ok,
data/flower_photos/daisy/9120905231_329598304e.jpg,data/flower_photos/daisy/9120905231_329598304e.jpg,daisy,500,333,1.5015015015015014,RGB,JPEG,RGB,,0c8d2111d7d6eec4ddb57b73cc77adfa39df8a521da67dde9addd7464d04a70e,121725,ok,
data/flower_photos/daisy/9146733107_98b15d3892_m.jpg,data/flower_photos/daisy/9146733107_98b15d3892_m.jpg,daisy,240,240,1.0,RGB,JPEG,RGB,,c08d0452bc61973eb2f868dfe1f580047fe63bb8a145de2167fdeef7a5993ebd,34278,ok,
data/flower_photos/daisy/9158041313_7a6a102f7a_n.jpg,data/flower_photos/daisy/9158041313_7a6a102f7a_n.jpg,daisy,320,228,1.4035087719298245,RGB,JPEG,RGB,,7661b894ba2ebd119a3da0e3e19c693c13dc905ac3eb5e75e8118ea7db744d7c,46948,ok,
data/flower_photos/daisy/9161647994_e39b65cb9c_n.jpg,data/flower_photos/daisy/9161647994_e39b65cb9c_n.jpg,daisy,320,240,1.3333333333333333,RGB,JPEG,RGB,,1bf71e054d5ffc7a5c0cefa752e06e44d22cbd05dc2999819fd320fbe65d3900,33944,ok,
data/flower_photos/daisy/9175280426_40ecc395b8_m.jpg,data/flower_photos/daisy/9175280426_40ecc395b8_m.jpg,daisy,240,240,1.0,RGB,JPEG,RGB,,47e26c184f87589ec45bcb3cdd2a38eebefc86b9565e72e28388b39fa0e837f7,20408,ok,
data/flower_photos/daisy/9180706736_092d43088c.jpg,data/flower_photos/daisy/9180706736_092d43088c.jpg,daisy,500,339,1.4749262536873156,RGB,JPEG,RGB,,82b024a3113b91b8fee99d99ebe2c8341142d3787d8c3068029748965cbb5737,60470,ok,
data/flower_photos/daisy/9204730092_a7f2182347.jpg,data/flower_photos/daisy/9204730092_a7f2182347.jpg,daisy,500,332,1.5060240963855422,RGB,JPEG,RGB,,89c75c5190f1c92ae3860ac8757e2dadcc5a14a968864104a340c65af2fcd04f,126826,ok,
data/flower_photos/daisy/9242705328_eee8402a8d.jpg,data/flower_photos/daisy/9242705328_eee8402a8d.jpg,daisy,500,315,1.5873015873015872,RGB,JPEG,RGB,,27f779416bfcf816c3d60b706aafe3f07e274dc0dcbdf9a969299534b12b6d8d,69457,ok,
data/flower_photos/daisy/9244082319_b1f7e2d8b0_n.jpg,data/flower_photos/daisy/9244082319_b1f7e2d8b0_n.jpg,daisy,320,213,1.5023474178403755,RGB,JPEG,RGB,,f5d54d1c9ee9f0133151aed895e089564efda5d9e08140a9bf3938d619f4ad9c,23089,ok,
data/flower_photos/daisy/9286947622_4822f4fc21.jpg,data/flower_photos/daisy/9286947622_4822f4fc21.jpg,daisy,500,335,1.492537313432836,RGB,JPEG,RGB,,920678cdb4b630eba41dd210a544b9d5b56567acc16de924de8c492dc1ea4b4c,68614,ok,
data/flower_photos/daisy/9299302012_958c70564c_n.jpg,data/flower_photos/daisy/9299302012_958c70564c_n.jpg,daisy,320,225,1.4222222222222223,RGB,JPEG,RGB,,1bacb6d7546ce68a00354d7ae566e0fcd5b7e9a6c4f47d9d4aa4dd92e6884e1e,19894,ok,
data/flower_photos/daisy/9310226774_d1b8f5d9c9.jpg,data/flower_photos/daisy/9310226774_d1b8f5d9c9.jpg,daisy,500,333,1.5015015015015014,RGB,JPEG,RGB,,e9f8942e4d55e9fdb423db675bf59da36f0667c03d79046a9f546a6c79c35a52,92301,ok,
data/flower_photos/daisy/9321854387_5f77c926cb_n.jpg,data/flower_photos/daisy/9321854387_5f77c926cb_n.jpg,daisy,320,213,1.5023474178403755,RGB,JPEG,RGB,,3bf7f0942d6b5947c277b3f2d14b6c7761af3dd31b29fc4f0adef584c1aa9401,25310,ok,
data/flower_photos/daisy/9345273630_af3550031d.jpg,data/flower_photos/daisy/9345273630_af3550031d.jpg,daisy,500,333,1.5015015015015014,RGB,JPEG,RGB,,f730cd9e71c512c1e575dbaf302ef7d87161f8effe981d5d72fe8fd30dfbe1b4,79171,ok,
data/flower_photos/daisy/9346508462_f0af3163f4.jpg,data/flower_photos/daisy/9346508462_f0af3163f4.jpg,daisy,500,333,1.5015015015015014,RGB,JPEG,RGB,,d932dc101c6a4e3a8b18a27b85ec60717982578c3b1f75d5c112322d25342c7a,96625,ok,
data/flower_photos/daisy/9350942387_5b1d043c26_n.jpg,data/flower_photos/daisy/9350942387_5b1d043c26_n.jpg,daisy,320,211,1.5165876777251184,RGB,JPEG,RGB,,1145e37f5b427397a04bc7d32ff4c1a812f39459a75b951ab3a1f27feb315d4f,34143,ok,
data/flower_photos/daisy/9467543719_c4800becbb_m.jpg,data/flower_photos/daisy/9467543719_c4800becbb_m.jpg,daisy,193,240,0.8041666666666667,RGB,JPEG,RGB,,de2e3cdae60f2c9782370de966cf860e1bc1c9ebfe1d79e8aecc3add2934a8c0,25758,ok,
data/flower_photos/daisy/9489270024_1b05f08492_m.jpg,data/flower_photos/daisy/9489270024_1b05f08492_m.jpg,daisy,204,240,0.85,RGB,JPEG,RGB,,61fa2a2a13fa8dcc321e78be2ae282a063003ddde4d84c7c5ec56a22ce34a942,24006,ok,
data/flower_photos/daisy/9496209717_25a6ebdab6_m.jpg,data/flower_photos/daisy/9496209717_25a6ebdab6_m.jpg,daisy,240,240,1.0,RGB,JPEG,RGB,,0c9affbefd33536dab5547b42893221508e198cca435aa758a969bd88a9ba6bc,16487,ok,
data/flower_photos/daisy/9515186037_3be48fe68f.jpg,data/flower_photos/daisy/9515186037_3be48fe68f.jpg,daisy,500,332,1.5060240963855422,RGB,JPEG,RGB,,19f4200b54a21e7bd6f9c56b204a4fa4d0a067e95c75397a4fc6685e0bf4a1fe,77388,ok,
data/flower_photos/daisy/9529916092_de70623523_n.jpg,data/flower_photos/daisy/9529916092_de70623523_n.jpg,daisy,320,240,1.3333333333333333,RGB,JPEG,RGB,,a9050f5b2ca017a8e8e52ba431d029e6d446566cca82f785e7909ab07a3d562f,27865,ok,
data/flower_photos/daisy/9593034725_0062f0d24e_n.jpg,data/flower_photos/daisy/9593034725_0062f0d24e_n.jpg,daisy,320,213,1.5023474178403755,RGB,JPEG,RGB,,f4656934cd75f2f97ab191633ac52bc0c841d85e629a4d4b0902b341259a2d88,17204,ok,
data/flower_photos/daisy/9595857626_979c45e5bf_n.jpg,data/flower_photos/daisy/9595857626_979c45e5bf_n.jpg,daisy,320,213,1.5023474178403755,RGB,JPEG,RGB,,2ed415be0d064f3b5ce4854efecb229fff122e7149a21f73f56b03118a47684c,24331,ok,
data/flower_photos/daisy/9611923744_013b29e4da_n.jpg,data/flower_photos/daisy/9611923744_013b29e4da_n.jpg,daisy,320,213,1.5023474178403755,RGB,JPEG,RGB,,fea09e1406557f65f7f6bfb75396b44c426bc5d690c2b3442c7525364c6adc22,40715,ok,
data/flower_photos/daisy/9922116524_ab4a2533fe_n.jpg,data/flower_photos/daisy/9922116524_ab4a2533fe_n.jpg,daisy,320,240,1.3333333333333333,RGB,JPEG,RGB,,8f81d0f9516ea6144d625d6dc54866766123b37329a8a0092888aeb9c0371638,47421,ok,
data/flower_photos/daisy/99306615_739eb94b9e_m.jpg,data/flower_photos/daisy/99306615_739eb94b9e_m.jpg,daisy,180,240,0.75,RGB,JPEG,RGB,,7f57418b4586018080971d9f7e8b47a7a5a72825278ff71cc505afb68de64971,31034,ok,
data/flower_photos/dandelion/10043234166_e6dd915111_n.jpg,data/flower_photos/dandelion/10043234166_e6dd915111_n.jpg,dandelion,320,213,1.5023474178403755,RGB,JPEG,RGB,,840f83be85d6452906847226f84bef50d9319e416a6ecd6e71dcaf719b49156e,26694,ok,
data/flower_photos/dandelion/10200780773_c6051a7d71_n.jpg,data/flower_photos/dandelion/10200780773_c6051a7d71_n.jpg,dandelion,320,218,1.4678899082568808,RGB,JPEG,RGB,,23193e7c045e862dc2e555827d43756545c3a17490b84b33256ab04d210cf3e1,23321,ok,
data/flower_photos/dandelion/10294487385_92a0676c7d_m.jpg,data/flower_photos/dandelion/10294487385_92a0676c7d_m.jpg,dandelion,180,240,0.75,RGB,JPEG,RGB,,72c716f3f242547156c047483db5898b7cccce42a4059fdf671b56c25673670b,21655,ok,
data/flower_photos/dandelion/10437652486_aa86c14985.jpg,data/flower_photos/dandelion/10437652486_aa86c14985.jpg,dandelion,500,339,1.4749262536873156,RGB,JPEG,RGB,,94273f2a4deee3a4712be2e50b76c5c872d45c6d2a703ff1e7892d35964d4162,133778,ok,
data/flower_photos/dandelion/10443973_aeb97513fc_m.jpg,data/flower_photos/dandelion/10443973_aeb97513fc_m.jpg,dandelion,180,240,0.75,RGB,JPEG,RGB,,f673ef797737117b25044017e4adbc76d855f32306ab5f74c0eebe8d1b564774,26149,ok,
data/flower_photos/dandelion/10477378514_9ffbcec4cf_m.jpg,data/flower_photos/dandelion/10477378514_9ffbcec4cf_m.jpg,dandelion,180,240,0.75,RGB,JPEG,RGB,,5ddd3342457e0fe2e2e8041721d565d0a44b05f18e7b841e7d395f5cb0ae652e,19841,ok,
data/flower_photos/dandelion/10486992895_20b344ce2d_n.jpg,data/flower_photos/dandelion/10486992895_20b344ce2d_n.jpg,dandelion,320,213,1.5023474178403755,RGB,JPEG,RGB,,e07a73ad9d407bc1b5e0b87adea0bf838913e9c6d222bd45d38568c2c446cab5,32416,ok,
data/flower_photos/dandelion/10617162044_8740d4dd9f_n.jpg,data/flower_photos/dandelion/10617162044_8740d4dd9f_n.jpg,dandelion,320,240,1.3333333333333333,RGB,JPEG,RGB,,85c90df2faa15e2e62db63ae51192cc3c6a4cfe5f241b93e8b7b87108df5d6aa,43440,ok,
data/flower_photos/dandelion/10617191174_9a01753241_n.jpg,data/flower_photos/dandelion/10617191174_9a01753241_n.jpg,dandelion,320,240,1.3333333333333333,RGB,JPEG,RGB,,b8d02cbae23173b5fe0998297280ba7dc18b59c8a8f9adefd4eeaa9375df4070,49709,ok,
data/flower_photos/dandelion/10683189_bd6e371b97.jpg,data/flower_photos/dandelion/10683189_bd6e371b97.jpg,dandelion,500,375,1.3333333333333333,RGB,JPEG,RGB,,ba15d73ee9d036cc9df4a5e4b7dc9f7e350c481436f3be3ed980f8431abc3c22,57640,ok,
data/flower_photos/dandelion/1074999133_1e4a1e042e.jpg,data/flower_photos/dandelion/1074999133_1e4a1e042e.jpg,dandelion,500,296,1.6891891891891893,RGB,JPEG,RGB,,e4235e456dbac1fe98c329227fba7e58860deba15662fda527de3bc68b831aef,69533,ok,
data/flower_photos/dandelion/10777398353_5a20bb218c.jpg,data/flower_photos/dandelion/10777398353_5a20bb218c.jpg,dandelion,500,335,1.492537313432836,RGB,JPEG,RGB,,f7e446c34eeaf651498e6c23165c29ae142ae41ec6506cb8419fcaffbb50866d,103155,ok,
data/flower_photos/dandelion/10778387133_9141024b10.jpg,data/flower_photos/dandelion/10778387133_9141024b10.jpg,dandelion,500,281,1.7793594306049823,RGB,JPEG,RGB,,102610f0331efd1da295b8168b3d3b194e266af8df97982ae3de03eb1521bce3,126987,ok,
data/flower_photos/dandelion/10779476016_9130714dc0.jpg,data/flower_photos/dandelion/10779476016_9130714dc0.jpg,dandelion,500,315,1.5873015873015872,RGB,JPEG,RGB,,7baff87656695b22eab96c32b66d6f4cd296fad5f3f20b9a20eb72f162d1190b,55602,ok,
data/flower_photos/dandelion/1080179756_5f05350a59.jpg,data/flower_photos/dandelion/1080179756_5f05350a59.jpg,dandelion,500,333,1.5015015015015014,RGB,JPEG,RGB,,e290bc39a6a694514b8e4eae84e43e6867860c76222c4aaae6e72dbf2ba340c1,234384,ok,
data/flower_photos/dandelion/10828951106_c3cd47983f.jpg,data/flower_photos/dandelion/10828951106_c3cd47983f.jpg,dandelion,500,333,1.5015015015015014,RGB,JPEG,RGB,,be076cd50b63ffc7a59d0ddf7bea1daf232ece9a02593244f51a663f5246d735,79786,ok,
data/flower_photos/dandelion/10919961_0af657c4e8.jpg,data/flower_photos/dandelion/10919961_0af657c4e8.jpg,dandelion,500,375,1.3333333333333333,RGB,JPEG,RGB,,44a8813f2c2e7803639a84858746d550762ee6e37cac0d7f91b9ab09a0ac75c2,70301,ok,
data/flower_photos/dandelion/10946896405_81d2d50941_m.jpg,data/flower_photos/dandelion/10946896405_81d2d50941_m.jpg,dandelion,240,240,1.0,RGB,JPEG,RGB,,d34efd6b180a9f22e6b9fe87b33dfd17ae199dd411486989f1d1bd2aa9a2c77d,20982,ok,
data/flower_photos/dandelion/11124381625_24b17662bd_n.jpg,data/flower_photos/dandelion/11124381625_24b17662bd_n.jpg,dandelion,320,240,1.3333333333333333,RGB,JPEG,RGB,,6ee835a30708f02a9a56756c7cae99953fc89ad7f2344bb1d318f0825819521d,29653,ok,
data/flower_photos/dandelion/1128626197_3f52424215_n.jpg,data/flower_photos/dandelion/1128626197_3f52424215_n.jpg,dandelion,320,240,1.3333333333333333,RGB,JPEG,RGB,,06417986b5b61eff31e04e054d6b8b816775253990fad3ffab86d7480fdb4200,32409,ok,
data/flower_photos/dandelion/11296320473_1d9261ddcb.jpg,data/flower_photos/dandelion/11296320473_1d9261ddcb.jpg,dandelion,500,333,1.5015015015015014,RGB,JPEG,RGB,,f1d23372d2cbba02716282ce89d8b92d84a7ffe42ffc088a3ff72341c2b37c97,66331,ok,
data/flower_photos/dandelion/11405573_24a8a838cc_n.jpg,data/flower_photos/dandelion/11405573_24a8a838cc_n.jpg,dandelion,320,240,1.3333333333333333,RGB,JPEG,RGB,,94308700baddf1eacf607a5f09406943da112671093597ea3998aeffd236a1c6,26853,ok,
data/flower_photos/dandelion/11465213433_847c4fa261.jpg,data/flower_photos/dandelion/11465213433_847c4fa261.jpg,dandelion,500,333,1.5015015015015014,RGB,JPEG,RGB,,feb2496040b8a559d7f359da4fabbeb178df582f2742dff743a73408b401c69c,101087,ok,
data/flower_photos/dandelion/11545123_50a340b473_m.jpg,data/flower_photos/dandelion/11545123_50a340b473_m.jpg,dandelion,180,240,0.75,RGB,JPEG,RGB,,b115ebd42a6e0a6df7fc22a28e2f405b3b73e178da667ff0260766716017b842,17348,ok,
data/flower_photos/dandelion/11595255065_d9550012fc.jpg,data/flower_photos/dandelion/11595255065_d9550012fc.jpg,dandelion,500,333,1.5015015015015014,RGB,JPEG,RGB,,ecd364e2b624b1ac1b9416df12a4a01d68422ad6ebcfcb8e0dc1651868566fa4,69266,ok,
data/flower_photos/dandelion/11768468623_9399b5111b_n.jpg,data/flower_photos/dandelion/11768468623_9399b5111b_n.jpg,dandelion,320,241,1.3278008298755186,RGB,JPEG,RGB,,1f29795c64d984a3fe42d68e2c2526a9c114166715a3404972dfeca7973f9b81,50060,ok,
data/flower_photos/dandelion/11775820493_10fedf4bff_n.jpg,data/flower_photos/dandelion/11775820493_10fedf4bff_n.jpg,dandelion,320,240,1.3333333333333333,RGB,JPEG,RGB,,f4644b69674fea5810d1eefeee106066872eab8766b7e777d92ef182c596caed,34857,ok,
data/flower_photos/dandelion/1193386857_3ae53574f2_m.jpg,data/flower_photos/dandelion/1193386857_3ae53574f2_m.jpg,dandelion,175,240,0.7291666666666666,RGB,JPEG,RGB,,db4f3393f0182617aa230ecef5f516895d6386c08b6a695018c39a6b830e9939,14570,ok,
data/flower_photos/dandelion/1195255751_d58b3d3076.jpg,data/flower_photos/dandelion/1195255751_d58b3d3076.jpg,dandelion,500,436,1.146788990825688,RGB,JPEG,RGB,,607627f3dd42ab50c331737d9d7df3eeff9f57e5496adc4e3ac4c652e1de202c,150600,ok,
data/flower_photos/dandelion/12094442595_297494dba4_m.jpg,data/flower_photos/dandelion/12094442595_297494dba4_m.jpg,dandelion,192,240,0.8,RGB,JPEG,RGB,,0bad2795a0f29961f77deada894b41a03b9b67bea912f3133fb327c8f0e09fba,12128,ok,
data/flower_photos/dandelion/1241011700_261ae180ca.jpg,data/flower_photos/dandelion/1241011700_261ae180ca.jpg,dandelion,500,375,1.3333333333333333,RGB,JPEG,RGB,,bd8df83b8752c7b65ddfd6948c16d4d6c90cff7873f62fe42e8f7c7fc4f0962a,88716,ok,
data/flower_photos/dandelion/126012913_edf771c564_n.jpg,data/flower_photos/dandelion/126012913_edf771c564_n.jpg,dandelion,320,240,1.3333333333333333,RGB,JPEG,RGB,,aafd3985fc334633389ee30d616d420809f61d7d3e41398b8c9b8579f9d419a1,47792,ok,
data/flower_photos/dandelion/1273326361_b90ea56d0d_m.jpg,data/flower_photos/dandelion/1273326361_b90ea56d0d_m.jpg,dandelion,240,221,1.085972850678733,RGB,JPEG,RGB,,27f3787d572016594121b420e5acfb8f8e6451df545e92a5e50ea2aeac7976a9,36668,ok,
data/flower_photos/dandelion/129019877_8eea2978ca_m.jpg,data/flower_photos/dandelion/129019877_8eea2978ca_m.jpg,dandelion,240,226,1.0619469026548674,RGB,JPEG,RGB,,2c584befb73bccff260eb62c6f1a7ea3d72a7bdb442fd82ec22ae9f4efda54c9,51042,ok,
data/flower_photos/dandelion/1297972485_33266a18d9.jpg,data/flower_photos/dandelion/1297972485_33266a18d9.jpg,dandelion,500,375,1.3333333333333333,RGB,JPEG,RGB,,93ef3c8d18cce427c6f3f9b18f794c2362d92fd442a1f8c967fac3a58348d47c,103111,ok,
data/flower_photos/dandelion/12998979765_3de89e7195_n.jpg,data/flower_photos/dandelion/12998979765_3de89e7195_n.jpg,dandelion,320,213,1.5023474178403755,RGB,JPEG,RGB,,814ac10c18de3a6eab02c08d39ef76fa4d71e500cc993ba229b65424f1d8a89b,42924,ok,
data/flower_photos/dandelion/130733200_fbe28eea19.jpg,data/flower_photos/dandelion/130733200_fbe28eea19.jpg,dandelion,500,334,1.4970059880239521,RGB,JPEG,RGB,,a426fdff6740192d542ca4157033177ef9e5887fe2109ccddd000ea5fdd95ed9,91105,ok,
data/flower_photos/dandelion/13290033_ebd7c7abba_n.jpg,data/flower_photos/dandelion/13290033_ebd7c7abba_n.jpg,dandelion,320,283,1.1307420494699647,RGB,JPEG,RGB,,b3c551f11b1a13e96600e82741112916171be5aafa5a26d8e0e6967b643c46c8,35819,ok,
data/flower_photos/dandelion/13331969914_890082d898_n.jpg,data/flower_photos/dandelion/13331969914_890082d898_n.jpg,dandelion,320,223,1.4349775784753362,RGB,JPEG,RGB,,d233d2a22be07c2082067ff55e7a153462e02fe68f6d74321321914a8c7f8821,59396,ok,
data/flower_photos/dandelion/13386618495_3df1f1330d.jpg,data/flower_photos/dandelion/13386618495_3df1f1330d.jpg,dandelion,500,335,1.492537313432836,RGB,JPEG,RGB,,1e432f0628808178395d66e298c3cfd2916f961ef234c2d32c7628d26b019ecf,57707,ok,
data/flower_photos/dandelion/13471273823_4800ca8eec.jpg,data/flower_photos/dandelion/13471273823_4800ca8eec.jpg,dandelion,500,337,1.4836795252225519,RGB,JPEG,RGB,,e81d5166922ec7b6fd897e447928d93a63b709e7fd697d7816784639361f95d1,206668,ok,
data/flower_photos/dandelion/1353279846_7e6b87606d.jpg,data/flower_photos/dandelion/1353279846_7e6b87606d.jpg,dandelion,500,375,1.3333333333333333,RGB,JPEG,RGB,,04bbe33cfc142e0dc99c667dec53b070cb448deb4b276f30b55111d639bde232,103347,ok,
data/flower_photos/dandelion/13560152823_9da5e48c87_m.jpg,data/flower_photos/dandelion/13560152823_9da5e48c87_m.jpg,dandelion,240,240,1.0,RGB,JPEG,RGB,,fcc2b7d63e60ee1d1803e25bb55c5d7d1b4e05b69e14ae0388b25378aafb3728,28725,ok,
data/flower_photos/dandelion/136011860_44ca0b2835_n.jpg,data/flower_photos/dandelion/136011860_44ca0b2835_n.jpg,dandelion,320,240,1.3333333333333333,RGB,JPEG,RGB,,668d6e1e7651f24b09f0e4ec1a0d9e248783abe735dd08c3814933b29f70ee36,38246,ok,
data/flower_photos/dandelion/13651218133_b6eb8e7ed2_m.jpg,data/flower_photos/dandelion/13651218133_b6eb8e7ed2_m.jpg,dandelion,180,240,0.75,RGB,JPEG,RGB,,0b26ee914f6fdbbf193bd224a899519a2f3f7de022df34d04270a8d7282c774e,23702,ok,
data/flower_photos/dandelion/13652698934_d258a6ee8c.jpg,data/flower_photos/dandelion/13652698934_d258a6ee8c.jpg,dandelion,500,281,1.7793594306049823,RGB,JPEG,RGB,,39413942f708a11ba250730e50e53e4ebe46c9eb2e678ee860ca91ff9217580e,46564,ok,
data/flower_photos/dandelion/13675534854_03caf51644_m.jpg,data/flower_photos/dandelion/13675534854_03caf51644_m.jpg,dandelion,240,240,1.0,RGB,JPEG,RGB,,773d773f862f158f19911398b20ca6c7becec6614d068249cede318f8593a02f,20685,ok,
data/flower_photos/dandelion/136999986_e410a68efb_n.jpg,data/flower_photos/dandelion/136999986_e410a68efb_n.jpg,dandelion,320,240,1.3333333333333333,RGB,JPEG,RGB,,06a5fa1dbddbc8cc8929e0c69eb98713a4a78cad89e5950f5b4d2b10ba1f11d2,34945,ok,
data/flower_photos/dandelion/13734221225_0e04edc6b6.jpg,data/flower_photos/dandelion/13734221225_0e04edc6b6.jpg,dandelion,500,333,1.5015015015015014,RGB,JPEG,RGB,,0f105a147bec64d00981f10d2fffcb122dd8c75ee6e4cdf57e424c2c3fbbd4e5,66188,ok,
data/flower_photos/dandelion/13807932364_673b7f1c1c_n.jpg,data/flower_photos/dandelion/13807932364_673b7f1c1c_n.jpg,dandelion,320,228,1.4035087719298245,RGB,JPEG,RGB,,a1be9e802b9da7416c055205b52250d2e387ffc72fe39f6b84c617edf4700a25,49034,ok,
data/flower_photos/dandelion/138132145_782763b84f_m.jpg,data/flower_photos/dandelion/138132145_782763b84f_m.jpg,dandelion,180,240,0.75,RGB,JPEG,RGB,,0aec62fb89c88bb0ec957753f16e871a65d33c7623c52c7b3a5fa90811d226c5,13777,ok,
data/flower_photos/dandelion/138166590_47c6cb9dd0.jpg,data/flower_photos/dandelion/138166590_47c6cb9dd0.jpg,dandelion,500,336,1.4880952380952381,RGB,JPEG,RGB,,293f3779a6ca8d40b6dc094e82363890fed70b9eb22daec52d746283e4796a61,138338,ok,
data/flower_photos/dandelion/1386449001_5d6da6bde6.jpg,data/flower_photos/dandelion/1386449001_5d6da6bde6.jpg,dandelion,500,375,1.3333333333333333,RGB,JPEG,RGB,,4511061aeca449114701c0bb8b198b83fd24b3048580333106295fe831ae513d,112165,ok,
data/flower_photos/dandelion/13881700933_69a750d418_n.jpg,data/flower_photos/dandelion/13881700933_69a750d418_n.jpg,dandelion,320,243,1.316872427983539,RGB,JPEG,RGB,,7ef9ca0e7f6b4e254beeb4572cb14b2aded568f9241563618aa7647eab5c0880,37782,ok,
data/flower_photos/dandelion/13887031789_97437f246b.jpg,data/flower_photos/dandelion/13887031789_97437f246b.jpg,dandelion,500,281,1.7793594306049823,RGB,JPEG,RGB,,cd452711f3873b6562716e8f4a7056365d393faca99bd4c4795ee6ddc0be96b7,41079,ok,
data/flower_photos/dandelion/13887066460_64156a9021.jpg,data/flower_photos/dandelion/13887066460_64156a9021.jpg,dandelion,500,281,1.7793594306049823,RGB,JPEG,RGB,,28b5cf328de6051efc28dec56a43fcf666c9edcff1b01b9e01591625113d8a9c,39638,ok,
data/flower_photos/dandelion/13897156242_dca5d93075_m.jpg,data/flower_photos/dandelion/13897156242_dca5d93075_m.jpg,dandelion,240,240,1.0,RGB,JPEG,RGB,,3ac0cc2d110b2a223a0429e7ec4c73ca0732cac8e002b33d786179d61c7a1f42,44639,ok,
data/flower_photos/dandelion/13900486390_5a25785645_n.jpg,data/flower_photos/dandelion/13900486390_5a25785645_n.jpg,dandelion,320,236,1.3559322033898304,RGB,JPEG,RGB,,1434fa0afd1f6dd80bff75f05c5f4b449cbca074c7be5626223333698b3b113a,29582,ok,
data/flower_photos/dandelion/13910677675_4900fa3dbf_n.jpg,data/flower_photos/dandelion/13910677675_4900fa3dbf_n.jpg,dandelion,320,238,1.3445378151260505,RGB,JPEG,RGB,,4ba590097f88c7213f138524e5e4e8ca19b23308ac9346c8f162bf767bbb5c2c,19116,ok,
data/flower_photos/dandelion/139124974_9e3ba69f6c.jpg,data/flower_photos/dandelion/139124974_9e3ba69f6c.jpg,dandelion,500,375,1.3333333333333333,RGB,JPEG,RGB,,dc6a05ad7aab8520682fd012973b5341e9f70f5592a52daba81e063e03914da2,125911,ok,
data/flower_photos/dandelion/13916196427_50a611008f.jpg,data/flower_photos/dandelion/13916196427_50a611008f.jpg,dandelion,500,333,1.5015015015015014,RGB,JPEG,RGB,,77f62278f6a3ebb2d86384219b337180b55eb4100ca50ddf196e182599304657,45987,ok,
data/flower_photos/dandelion/13920113_f03e867ea7_m.jpg,data/flower_photos/dandelion/13920113_f03e867ea7_m.jpg,dandelion,240,240,1.0,RGB,JPEG,RGB,,e27a4284700b74d9cee7b9f6334adcaff1453a6b1b4e61a42f18d45aa4ab4c66,26599,ok,
data/flower_photos/dandelion/13942846777_5571a6b0a1_n.jpg,data/flower_photos/dandelion/13942846777_5571a6b0a1_n.jpg,dandelion,320,240,1.3333333333333333,RGB,JPEG,RGB,,8e189abed9b765c414e5d6be2f92d2e7b3fb9bfd94225c934ebf10a0ca3d84ea,47888,ok,
data/flower_photos/dandelion/13946048982_4e6ec56987.jpg,data/flower_photos/dandelion/13946048982_4e6ec56987.jpg,dandelion,500,331,1.5105740181268883,RGB,JPEG,RGB,,3a5b2b76bc799b1a82f60bd231b431717deb052d593e7dc8d18cfc9c3b809258,83224,ok,
data/flower_photos/dandelion/13967344688_aa629dcdee_n.jpg,data/flower_photos/dandelion/13967344688_aa629dcdee_n.jpg,dandelion,320,213,1.5023474178403755,RGB,JPEG,RGB,,0abe125045db0c0f631fbe3c5e99d039a2e0e0c2e40a9421b5d066e64f3895f6,36198,ok,
data/flower_photos/dandelion/13968424321_1d89b33a9f_n.jpg,data/flower_photos/dandelion/13968424321_1d89b33a9f_n.jpg,dandelion,320,218,1.4678899082568808,RGB,JPEG,RGB,,83cd7cf9b4fa4b783b8675259d0af40f84f5c0b6582d6ac1de6a5d998a53edbf,36911,ok,
data/flower_photos/dandelion/14002252932_64d5cbdac7.jpg,data/flower_photos/dandelion/14002252932_64d5cbdac7.jpg,dandelion,500,332,1.5060240963855422,RGB,JPEG,RGB,,d9bded4f8ca5952da3bdb3dd9dbd35526f99a73d47f8a9d25843a5c90902283f,93093,ok,
data/flower_photos/dandelion/14003401241_543535b385.jpg,data/flower_photos/dandelion/14003401241_543535b385.jpg,dandelion,500,333,1.5015015015015014,RGB,JPEG,RGB,,522e2961f0843dad476ed7d057eed83aa28270edd92642d85f7f68e8cef10fd9,88003,ok,
data/flower_photos/dandelion/14012247974_69ac128799.jpg,data/flower_photos/dandelion/14012247974_69ac128799.jpg,dandelion,500,281,1.7793594306049823,RGB,JPEG,RGB,,845ff948e3a6d653c38b8c0ea4b9a9279b352024e6b46ea71f9369993c79b612,102796,ok,
data/flower_photos/dandelion/14019781123_ea0f8722d4_n.jpg,data/flower_photos/dandelion/14019781123_ea0f8722d4_n.jpg,dandelion,320,213,1.5023474178403755,RGB,JPEG,RGB,,b35b358122cc07c291bfad9e7f9590a70e3bb8e81005659129495be0673f3693,34180,ok,
data/flower_photos/dandelion/14021281124_89cc388eac_n.jpg,data/flower_photos/dandelion/14021281124_89cc388eac_n.jpg,dandelion,320,213,1.5023474178403755,RGB,JPEG,RGB,,fe06301104afecefcf3df4276e5a7b814b18644e4358a60865e40ca232c6e37a,24890,ok,
data/flower_photos/dandelion/14048849371_ec9dbafaeb_m.jpg,data/flower_photos/dandelion/14048849371_ec9dbafaeb_m.jpg,dandelion,240,240,1.0,RGB,JPEG,RGB,,eb68e5db5e5c3834056bb8f310183f5b5e522e1570c530650c161a72ccce8670,16205,ok,
data/flower_photos/dandelion/14053173516_a00150a919_m.jpg,data/flower_photos/dandelion/14053173516_a00150a919_m.jpg,dandelion,240,217,1.1059907834101383,RGB,JPEG,RGB,,1256831291d1da177200cf6dc29cf730d98ab669c494e3eed61d44768fcfe819,32821,ok,
data/flower_photos/dandelion/14053397367_75cba846eb_n.jpg,data/flower_photos/dandelion/14053397367_75cba846eb_n.jpg,dandelion,320,240,1.3333333333333333,RGB,JPEG,RGB,,c1749d8db293d6630e331ed43f72bec4c2cb7114d2af747fd97d6c7ccefe7fc3,37890,ok,
data/flower_photos/dandelion/14058811536_f29cd7bd58_n.jpg,data/flower_photos/dandelion/14058811536_f29cd7bd58_n.jpg,dandelion,320,253,1.2648221343873518,RGB,JPEG,RGB,,a1c6cf85555b248fc2f125cf193c68f5411dfd81112fd43ece3c1a23bce3f237,61544,ok,
data/flower_photos/dandelion/14060367700_fe87e99b6a_m.jpg,data/flower_photos/dandelion/14060367700_fe87e99b6a_m.jpg,dandelion,240,240,1.0,RGB,JPEG,RGB,,900b25430ba22000c1cc8f31d15ed1b7638991d2ba7ce61711f005f2a6b5407c,14758,ok,
data/flower_photos/dandelion/14065420729_9b388bf7cb_m.jpg,data/flower_photos/dandelion/14065420729_9b388bf7cb_m.jpg,dandelion,240,240,1.0,RGB,JPEG,RGB,,1521cc4e4ffc83d110376afc15d7841d5b513685e82afa34e2abb2867718f85c,22312,ok,
data/flower_photos/dandelion/14070457521_8eb41f65fa.jpg,data/flower_photos/dandelion/14070457521_8eb41f65fa.jpg,dandelion,500,281,1.7793594306049823,RGB,JPEG,RGB,,8557a665577b8b6e45b742a819aa062d2eada6b551f76fbf7871f5962ac40d7a,41079,ok,
data/flower_photos/dandelion/14070463051_86ab57ab36.jpg,data/flower_photos/dandelion/14070463051_86ab57ab36.jpg,dandelion,500,281,1.7793594306049823,RGB,JPEG,RGB,,eec58d81cc0d460cae51713684170d0a926a9c4fdf7df7209284cc180a38942a,31415,ok,
data/flower_photos/dandelion/14076873230_d0bd53b220.jpg,data/flower_photos/dandelion/14076873230_d0bd53b220.jpg,dandelion,500,334,1.4970059880239521,RGB,JPEG,RGB,,a6abf3f646ed894442cd131342acf9f07511d54bbcc3b90608b369f1302cf768,113042,ok,
data/flower_photos/dandelion/14084345111_8a4cb05a31.jpg,data/flower_photos/dandelion/14084345111_8a4cb05a31.jpg,dandelion,500,309,1.6181229773462784,RGB,JPEG,RGB,,109d87d25c9d170a114528445cd3ecfbe372444df388b13834e966c5932518fb,45648,ok,
data/flower_photos/dandelion/14085038920_2ee4ce8a8d.jpg,data/flower_photos/dandelion/14085038920_2ee4ce8a8d.jpg,dandelion,500,334,1.4970059880239521,RGB,JPEG,RGB,,6068bd707a52cccc900fd2a1e92aef3b31fa04dfacfc42e002ad9b0924071222,112295,ok,
data/flower_photos/dandelion/14093744313_b66bc95072.jpg,data/flower_photos/dandelion/14093744313_b66bc95072.jpg,dandelion,500,281,1.7793594306049823,RGB,JPEG,RGB,,49621fc8e7f91e01c1509421e756962cb0c88abc7cadc824b5650571502a0a6c,46448,ok,
data/flower_photos/dandelion/14093789753_f0f1acdb57.jpg,data/flower_photos/dandelion/14093789753_f0f1acdb57.jpg,dandelion,500,281,1.7793594306049823,RGB,JPEG,RGB,,f64ef323e5a19e7f417075d88dd5c8ee17f23023d95187e9e1c325816e7e02a3,41715,ok,
data/flower_photos/dandelion/140951103_69847c0b7c.jpg,data/flower_photos/dandelion/140951103_69847c0b7c.jpg,dandelion,500,375,1.3333333333333333,RGB,JPEG,RGB,,2c744c656a0cfc30bedba8710115bfed1f79af6ba954649e59d341871a5e9af2,115761,ok,
data/flower_photos/dandelion/14126515096_1134fae695.jpg,data/flower_photos/dandelion/14126515096_1134fae695.jpg,dandelion,500,333,1.5015015015015014,RGB,JPEG,RGB,,b484d2215381187f55593414ce652198fe48ac9ad580fb2a80913b4400fd1bb6,54277,ok,
data/flower_photos/dandelion/14128835667_b6a916222c.jpg,data/flower_photos/dandelion/14128835667_b6a916222c.jpg,dandelion,500,295,1.694915254237288,RGB,JPEG,RGB,,54bf4129ef821ff172bb2869cfda36304d25eb56d7f83f53166a980930882e18,40641,ok,
data/flower_photos/dandelion/14128839257_23def53028.jpg,data/flower_photos/dandelion/14128839257_23def53028.jpg,dandelion,500,266,1.8796992481203008,RGB,JPEG,RGB,,4c85721e23ddd644a83b4059ca31f46cfe03b6219eb785cdfe42909469c7591f,37416,ok,
data/flower_photos/dandelion/141340262_ca2e576490.jpg,data/flower_photos/dandelion/141340262_ca2e576490.jpg,dandelion,500,333,1.5015015015015014,RGB,JPEG,RGB,,c5cb47a57f85d1738f39777321f536c9d6fce8d0e1b24533b26b458b42865f19,66759,ok,
data/flower_photos/dandelion/1413979148_b40d63db90_m.jpg,data/flower_photos/dandelion/1413979148_b40d63db90_m.jpg,dandelion,240,239,1.00418410041841,RGB,JPEG,RGB,,5d2c47c067f69a00e849168026d29520ada25467994c5c7d2a51957ea24b67a9,22400,ok,
data/flower_photos/dandelion/14164392167_650946a169_n.jpg,data/flower_photos/dandelion/14164392167_650946a169_n.jpg,dandelion,320,213,1.5023474178403755,RGB,JPEG,RGB,,6c297e15baaee3bdfaf843f9c83cc650681891294db45ef9a03ed7fc65686f9b,15353,ok,
data/flower_photos/dandelion/141652526_2be95f21c3_n.jpg,data/flower_photos/dandelion/141652526_2be95f21c3_n.jpg,dandelion,320,240,1.3333333333333333,RGB,JPEG,RGB,,1176c601ed6c55c796de96c62ef750409ef3a7e2ad56dab97aa6f575a91d54c4,45742,ok,
data/flower_photos/dandelion/14171812905_8b81d50eb9_n.jpg,data/flower_photos/dandelion/14171812905_8b81d50eb9_n.jpg,dandelion,320,240,1.3333333333333333,RGB,JPEG,RGB,,cb507b40973f6b277d3b719a9019978afe0852d0ff36303b46e4b990c9f69c70,41143,ok,
data/flower_photos/dandelion/14185089716_2a48298d17.jpg,data/flower_photos/dandelion/14185089716_2a48298d17.jpg,dandelion,500,282,1.7730496453900708,RGB,JPEG,RGB,,c8e6b973a901870dcae9065275ee81cd2f290af1d0cda2818a51bb5fc562e7f9,107151,ok,
data/flower_photos/dandelion/141935731_d26d600f4f_m.jpg,data/flower_photos/dandelion/141935731_d26d600f4f_m.jpg,dandelion,240,223,1.0762331838565022,RGB,JPEG,RGB,,e4dd6019747498e2c6fce31fba84358cd27a7c03cbc1579473add3eeba5fa5ad,29893,ok,
data/flower_photos/dandelion/14199664556_188b37e51e.jpg,data/flower_photos/dandelion/14199664556_188b37e51e.jpg,dandelion,500,313,1.597444089456869,RGB,JPEG,RGB,,17a84fdc9b7840dfbfef2da00818734a2f3fe6cf4da5ca31544faa65d331edf9,107562,ok,
data/flower_photos/dandelion/14200639491_2a4611916d_n.jpg,data/flower_photos/dandelion/14200639491_2a4611916d_n.jpg,dandelion,320,240,1.3333333333333333,RGB,JPEG,RGB,,26f3e716de9b5bdbc1905051fbc5b08fb097fc3939876ee31b566428609806e2,47160,ok,
data/flower_photos/dandelion/14202166370_e989588332.jpg,data/flower_photos/dandelion/14202166370_e989588332.jpg,dandelion,500,333,1.5015015015015014,RGB,JPEG,RGB,,0b8e7c1fbae32f8a9ba16a11b6206e18ad116ff8077b3e37aea70855ba32d3f0,33158,ok,
data/flower_photos/dandelion/14211880544_5d1f9d5aa8_n.jpg,data/flower_photos/dandelion/14211880544_5d1f9d5aa8_n.jpg,dandelion,320,213,1.5023474178403755,RGB,JPEG,RGB,,42a580cd0481fda61897e1bfed2499555f2d097189fea97b51247f2b22636844,20301,ok,
data/flower_photos/dandelion/142390525_5d81a3659d_m.jpg,data/flower_photos/dandelion/142390525_5d81a3659d_m.jpg,dandelion,235,240,0.9791666666666666,RGB,JPEG,RGB,,15bff5a45a84068fbb2176e0d8ca2a00b31e5782f5ec95eba0b698d20b9b3080,31496,ok,
data/flower_photos/dandelion/1426682852_e62169221f_m.jpg,data/flower_photos/dandelion/1426682852_e62169221f_m.jpg,dandelion,189,240,0.7875,RGB,JPEG,RGB,,6b7a7758e19f2399c4d14fcd619edb0554ad0c694535abced9626c2624f46a46,22058,ok,
data/flower_photos/dandelion/14278605962_d3cce5522f.jpg,data/flower_photos/dandelion/14278605962_d3cce5522f.jpg,dandelion,500,335,1.492537313432836,RGB,JPEG,RGB,,a918a44b4ab327c8faa178ec419db4e827464603395b76361503de01ee61b8c8,107891,ok,
data/flower_photos/dandelion/142813254_20a7fd5fb6_n.jpg,data/flower_photos/dandelion/142813254_20a7fd5fb6_n.jpg,dandelion,320,240,1.3333333333333333,RGB,JPEG,RGB,,69e5d5a9965a168a196fd412b13efaf82e0be2832447777cd16ccefa2815bfaf,25174,ok,
data/flower_photos/dandelion/14283011_3e7452c5b2_n.jpg,data/flower_photos/dandelion/14283011_3e7452c5b2_n.jpg,dandelion,320,240,1.3333333333333333,RGB,JPEG,RGB,,a98f5450f94bd3f4171a5a71e37b88f71cf0a0eff652ef3732113c4efc067a3d,34632,ok,
data/flower_photos/dandelion/14292205986_da230467ef.jpg,data/flower_photos/dandelion/14292205986_da230467ef.jpg,dandelion,500,301,1.6611295681063123,RGB,JPEG,RGB,,b23ebccf013a7a2af902706baea2b987ac1a4062435b767a3a9b276ca5c0c8f1,76421,ok,
data/flower_photos/dandelion/14306875733_61d71c64c0_n.jpg,data/flower_photos/dandelion/14306875733_61d71c64c0_n.jpg,dandelion,320,240,1.3333333333333333,RGB,JPEG,RGB,,e7ce6d644aba84512e1c5ca4599afcc0bddc4dcb1df06ad549a170ea9ab72e02,60006,ok,
data/flower_photos/dandelion/14313509432_6f2343d6c8_m.jpg,data/flower_photos/dandelion/14313509432_6f2343d6c8_m.jpg,dandelion,193,240,0.8041666666666667,RGB,JPEG,RGB,,7540cdc3e389a7b2bb81cefe4094c45079f1bd1bc31c1f763247526d41151710,21040,ok,
data/flower_photos/dandelion/14335561523_f847f2f4f1.jpg,data/flower_photos/dandelion/14335561523_f847f2f4f1.jpg,dandelion,500,260,1.9230769230769231,RGB,JPEG,RGB,,a3fe9045fbd974d086b24895b683481d780b4ac78000146c901f00a87c2fb594,33341,ok,
data/flower_photos/dandelion/14362539701_cf19e588ca.jpg,data/flower_photos/dandelion/14362539701_cf19e588ca.jpg,dandelion,500,333,1.5015015015015014,RGB,JPEG,RGB,,2d518ef1337cfc3a548f1ff6281835655749341550c177a3def814b264c6eed4,45981,ok,
data/flower_photos/dandelion/14368895004_c486a29c1e_n.jpg,data/flower_photos/dandelion/14368895004_c486a29c1e_n.jpg,dandelion,320,240,1.3333333333333333,RGB,JPEG,RGB,,03c0000319f85391124d86794018b34647364de17e4e7da24c6e72c5652c3ff0,34015,ok,
data/flower_photos/dandelion/14373114081_7922bcf765_n.jpg,data/flower_photos/dandelion/14373114081_7922bcf765_n.jpg,dandelion,320,212,1.509433962264151,RGB,JPEG,RGB,,932ca83ed158d6e305ecf92412c1489205ec4a346032328ccee0de1be22c880a,37225,ok,
data/flower_photos/dandelion/14375349004_68d893254a_n.jpg,data/flower_photos/dandelion/14375349004_68d893254a_n.jpg,dandelion,320,240,1.3333333333333333,RGB,JPEG,RGB,,30c56a84b94c9ee0ae24f7957c3308f6b2b24d22d14b3544fee66598d59b7fb7,30292,ok,
data/flower_photos/dandelion/14376454225_a1de336c5b.jpg,data/flower_photos/dandelion/14376454225_a1de336c5b.jpg,dandelion,500,332,1.5060240963855422,RGB,JPEG,RGB,,c416db43b4f80de5bfd46123135f48d59a2892b3c9486397917a77702bd9a08e,116479,ok,
data/flower_photos/dandelion/14396023703_11c5dd35a9.jpg,data/flower_photos/dandelion/14396023703_11c5dd35a9.jpg,dandelion,500,333,1.5015015015015014,RGB,JPEG,RGB,,3b22578b089eddd3f83785dfcae3839460ff881bffd3812938adbf3a81fb05a3,91426,ok,
data/flower_photos/dandelion/144040769_c5b805f868.jpg,data/flower_photos/dandelion/144040769_c5b805f868.jpg,dandelion,500,376,1.3297872340425532,RGB,JPEG,RGB,,e320092aac9122d84b7deac7cd198c37cffd6272412e34d005f2d8ef59002ae5,75432,ok,
data/flower_photos/dandelion/14404468648_37903d7025_m.jpg,data/flower_photos/dandelion/14404468648_37903d7025_m.jpg,dandelion,240,227,1.0572687224669604,RGB,JPEG,RGB,,62a1a6a5e29896eff4e16a712cfc39b4895d14fa1fcef3d74d23a70dc2ddb879,21423,ok,
data/flower_photos/dandelion/1443259657_2704fab26e_n.jpg,data/flower_photos/dandelion/1443259657_2704fab26e_n.jpg,dandelion,320,229,1.3973799126637554,RGB,JPEG,RGB,,afc65e221dbd028a7652e98e0493ef55e452a8494935f631951b19ff571b8990,28264,ok,
data/flower_photos/dandelion/14439618952_470224b89b_n.jpg,data/flower_photos/dandelion/14439618952_470224b89b_n.jpg,dandelion,320,228,1.4035087719298245,RGB,JPEG,RGB,,7616a83492c09b080404256d9cc122e01ea3534f4ca3c82f5ba1eaba2d8486dd,26203,ok,
data/flower_photos/dandelion/14455605089_8bbfb41cd7_n.jpg,data/flower_photos/dandelion/14455605089_8bbfb41cd7_n.jpg,dandelion,320,213,1.5023474178403755,RGB,JPEG,RGB,,6913e6a08278de54cbb99d0d12aeb164c3884291b9de785eca140b7a41f3af84,28686,ok,
data/flower_photos/dandelion/14457225751_645a3784fd_n.jpg,data/flower_photos/dandelion/14457225751_645a3784fd_n.jpg,dandelion,320,213,1.5023474178403755,RGB,JPEG,RGB,,2ec18105d4e1217e03232ed6745f5c00f1bbfaccc9bd47b0efc9ca8e86163092,47669,ok,
data/flower_photos/dandelion/144686365_d7e96941ee_n.jpg,data/flower_photos/dandelion/144686365_d7e96941ee_n.jpg,dandelion,320,240,1.3333333333333333,RGB,JPEG,RGB,,42ff5eca8d5d56f895f427597b7ca2feeafd85a21c2da5a91d46b0f330afd2fb,39469,ok,
data/flower_photos/dandelion/14469481104_d0e29f7ffd.jpg,data/flower_photos/dandelion/14469481104_d0e29f7ffd.jpg,dandelion,500,333,1.5015015015015014,RGB,JPEG,RGB,,a82c557cacb30aa67114282f71955ac90ec3e47cfcd9309f6dfccbc4bac6d03a,61491,ok,
data/flower_photos/dandelion/145173479_7d04346c20.jpg,data/flower_photos/dandelion/145173479_7d04346c20.jpg,dandelion,500,329,1.5197568389057752,RGB,JPEG,RGB,,9064f8d4e34f73ecaf72cbb45be889252658b77b6a9be902f0468e58cdb388a3,110825,ok,
data/flower_photos/dandelion/14554897292_b3e30e52f2.jpg,data/flower_photos/dandelion/14554897292_b3e30e52f2.jpg,dandelion,500,322,1.5527950310559007,RGB,JPEG,RGB,,903e6bfe9caf85a0e58f1dc7e3264cce1b7b73bc0568451cd30217c0a087d031,42849,ok,
data/flower_photos/dandelion/14576445793_582aa6446b_m.jpg,data/flower_photos/dandelion/14576445793_582aa6446b_m.jpg,dandelion,240,240,1.0,RGB,JPEG,RGB,,3b2dfe68087471858dd28901fa126dfcca0d3c002dfceedf281399874216d3d1,22103,ok,
data/flower_photos/dandelion/146023167_f905574d97_m.jpg,data/flower_photos/dandelion/146023167_f905574d97_m.jpg,dandelion,240,225,1.0666666666666667,RGB,JPEG,RGB,,2c748c5a53d0ad8fe11357458eabbcbb7510b5414d799a1ed74df163a713f83f,24699,ok,
data/flower_photos/dandelion/14614655810_9910e6dbd6_n.jpg,data/flower_photos/dandelion/14614655810_9910e6dbd6_n.jpg,dandelion,320,240,1.3333333333333333,RGB,JPEG,RGB,,63f8a2ac62ab1d8cd44f3bc9240caeda2fd2ec64436a6826f217d3bfdefe38e3,43890,ok,
data/flower_photos/dandelion/146242691_44d9c9d6ce_n.jpg,data/flower_photos/dandelion/146242691_44d9c9d6ce_n.jpg,dandelion,320,213,1.5023474178403755,RGB,JPEG,RGB,,9a7fce009c7df615776a85765663024e31a4da0562801a34dcd3232adaebdec7,46911,ok,
data/flower_photos/dandelion/14648777167_1d92d403c9_n.jpg,data/flower_photos/dandelion/14648777167_1d92d403c9_n.jpg,dandelion,320,240,1.3333333333333333,RGB,JPEG,RGB,,1669ec53e3ec6d8d7c50f31afec153319be25fb5ad80f026387e314acc4473ca,24718,ok,
data/flower_photos/dandelion/1469549847_eac61a6802.jpg,data/flower_photos/dandelion/1469549847_eac61a6802.jpg,dandelion,500,333,1.5015015015015014,RGB,JPEG,RGB,,b2b85e53171365e92c62d390b018a464cfec8adb042f0ff07f78eea5711f4e4a,72666,ok,
data/flower_photos/dandelion/14728922673_99086a3818_n.jpg,data/flower_photos/dandelion/14728922673_99086a3818_n.jpg,dandelion,320,234,1.3675213675213675,RGB,JPEG,RGB,,989159ae7013a88bdecc3b230bf64e01e122f8c7767ee2795fc83259a241103f,28614,ok,
data/flower_photos/dandelion/14740350060_a489d9fa06.jpg,data/flower_photos/dandelion/14740350060_a489d9fa06.jpg,dandelion,500,332,1.5060240963855422,RGB,JPEG,RGB,,0ad85f9e8d84f3d331644811da8bb626e7f99d9d14fa67c775054416267c6509,30323,ok,
data/flower_photos/dandelion/14761980161_2d6dbaa4bb_m.jpg,data/flower_photos/dandelion/14761980161_2d6dbaa4bb_m.jpg,dandelion,159,240,0.6625,RGB,JPEG,RGB,,2ed928a02d5aa9152229308931733466f54dbebcaf9c7187216c3d9bdf90f917,11144,ok,
data/flower_photos/dandelion/14805304536_c321a7b061_n.jpg,data/flower_photos/dandelion/14805304536_c321a7b061_n.jpg,dandelion,320,213,1.5023474178403755,RGB,JPEG,RGB,,6c36205495d52ab1a1984b8ff18e6af5b1265382efa732317ba38018ea7f5925,37041,ok,
data/flower_photos/dandelion/148180650_19a4b410db.jpg,data/flower_photos/dandelion/148180650_19a4b410db.jpg,dandelion,500,375,1.3333333333333333,RGB,JPEG,RGB,,ce13be937acdc4993476b3dd7aec362907c9bd9000d2aa0be0b5ac4f6979b2b2,79328,ok,
data/flower_photos/dandelion/14829055_2a2e646a8f_m.jpg,data/flower_photos/dandelion/14829055_2a2e646a8f_m.jpg,dandelion,240,224,1.0714285714285714,RGB,JPEG,RGB,,6b6e6be6f4c66d7ac0ccbe9bd39b3d98e85aff274c962ec0eb7b243e40afa999,19346,ok,
data/flower_photos/dandelion/14845607659_1be18c5d7f.jpg,data/flower_photos/dandelion/14845607659_1be18c5d7f.jpg,dandelion,500,282,1.7730496453900708,RGB,JPEG,RGB,,40c2dd9fd2659efb83710931b66c370dcf52d8c5c25a215d86e70ced02508b5a,56365,ok,
data/flower_photos/dandelion/148698493_5710e5f472.jpg,data/flower_photos/dandelion/148698493_5710e5f472.jpg,dandelion,500,400,1.25,RGB,JPEG,RGB,,23e219514e97bc60ada5f2799a7ca77382e7a48d482f0a6a97d11d4c30ebbfba,165436,ok,
data/flower_photos/dandelion/14884028290_a1344eb446.jpg,data/flower_photos/dandelion/14884028290_a1344eb446.jpg,dandelion,500,334,1.4970059880239521,RGB,JPEG,RGB,,96e9b234b32688111b0bb51203183d870c637c64ed44ab2b21e442e4239f96a4,46659,ok,
data/flower_photos/dandelion/14886860069_b84665a073.jpg,data/flower_photos/dandelion/14886860069_b84665a073.jpg,dandelion,500,333,1.5015015015015014,RGB,JPEG,RGB,,b58ca1ab4087604b164f95857645ec8b6801fb612272ae728e9e4f9520440991,88145,ok,
data/flower_photos/dandelion/14886963928_d4856f1eb6_n.jpg,data/flower_photos/dandelion/14886963928_d4856f1eb6_n.jpg,dandelion,320,213,1.5023474178403755,RGB,JPEG,RGB,,1f69d9b4952ae452bbcb85c075def6a2c346830bb4025a0ee26606c1efb8b131,28033,ok,
data/flower_photos/dandelion/14914603395_b271ffab56_n.jpg,data/flower_photos/dandelion/14914603395_b271ffab56_n.jpg,dandelion,320,221,1.4479638009049773,RGB,JPEG,RGB,,4342e6d2f50554edbfda7b3b90a4bba8a8baf7e4aa64907982d7b4268bf3b6ac,36874,ok,
data/flower_photos/dandelion/149782934_21adaf4a21.jpg,data/flower_photos/dandelion/149782934_21adaf4a21.jpg,dandelion,500,334,1.4970059880239521,RGB,JPEG,RGB,,c67e1df6034aae09c07943fff2909c44ef1c5804926fbc1c6d845480a9d4146b,63928,ok,
data/flower_photos/dandelion/15002906952_cab2cb29cf.jpg,data/flower_photos/dandelion/15002906952_cab2cb29cf.jpg,dandelion,500,315,1.5873015873015872,RGB,JPEG,RGB,,2603807d93b9075bcdb8f52d28464d6ec0493818b0e6a32b3817fc5b4509f09e,80154,ok,
data/flower_photos/dandelion/15005530987_e13b328047_n.jpg,data/flower_photos/dandelion/15005530987_e13b328047_n.jpg,dandelion,320,215,1.4883720930232558,RGB,JPEG,RGB,,3852825a677d8c27d89868ed942e59489795948d1cd28fce7896b97b15c84907,29241,ok,
data/flower_photos/dandelion/15123503538_8ee984abc6.jpg,data/flower_photos/dandelion/15123503538_8ee984abc6.jpg,dandelion,500,333,1.5015015015015014,RGB,JPEG,RGB,,44aee69e7f1d024e8b8f11b1d11923bd44f86b5d5ad5e3ce75eca47902a00a55,27666,ok,
data/flower_photos/dandelion/151385301_153eacf6b5_n.jpg,data/flower_photos/dandelion/151385301_153eacf6b5_n.jpg,dandelion,320,240,1.3333333333333333,RGB,JPEG,RGB,,97afb35b759b1e16a6e4f6538703e1742025597e2d93b3987a937be23771251f,50851,ok,
data/flower_photos/dandelion/151385302_f8980a257f_n.jpg,data/flower_photos/dandelion/151385302_f8980a257f_n.jpg,dandelion,320,240,1.3333333333333333,RGB,JPEG,RGB,,85c4dbbfd331ed53bdfdfefcd143da9d0e4c2302a707774c2caada8ea39fb447,28554,ok,
data/flower_photos/dandelion/15139657325_74031c44fc.jpg,data/flower_photos/dandelion/15139657325_74031c44fc.jpg,dandelion,500,333,1.5015015015015014,RGB,JPEG,RGB,,26eaeec3894770cfcfd75633487c5754f15523a3286ec75889576a53627644d5,111484,ok,
data/flower_photos/dandelion/151861297_55b10a03a6_n.jpg,data/flower_photos/dandelion/151861297_55b10a03a6_n.jpg,dandelion,320,240,1.3333333333333333,RGB,JPEG,RGB,,99def45e6e1d8fb4c1a2a408fecf78def0a2e3d5684f057d29fd92da7bee92bc,23479,ok,
data/flower_photos/dandelion/151979452_9832f08b69.jpg,data/flower_photos/dandelion/151979452_9832f08b69.jpg,dandelion,500,398,1.256281407035176,RGB,JPEG,RGB,,853fb7b7713455372bf31ac12e4762389d75cb42548a7f3b696ddce0df2b0e9a,152470,ok,
data/flower_photos/dandelion/15219268336_f2460fca88_m.jpg,data/flower_photos/dandelion/15219268336_f2460fca88_m.jpg,dandelion,180,240,0.75,RGB,JPEG,RGB,,9bbc86ba2ca6964959b39f5580075d0dc26bf579f8eee47c91ccad045abd798c,15177,ok,
data/flower_photos/dandelion/15268682367_5a4512b29f_m.jpg,data/flower_photos/dandelion/15268682367_5a4512b29f_m.jpg,dandelion,146,240,0.6083333333333333,RGB,JPEG,RGB,,0fab45754db79acc1ffb99137af1a18e61b480f2de8c6429f46a92dc20310d82,13815,ok,
data/flower_photos/dandelion/15297244181_011883a631_m.jpg,data/flower_photos/dandelion/15297244181_011883a631_m.jpg,dandelion,240,240,1.0,RGB,JPEG,RGB,,390dc152f5222a929c9b4e4181e2bbdb9d7309284d02b4db5e65f16e8b84602a,19699,ok,
data/flower_photos/dandelion/15358221063_2c6e548e84.jpg,data/flower_photos/dandelion/15358221063_2c6e548e84.jpg,dandelion,500,333,1.5015015015015014,RGB,JPEG,RGB,,78f44ec0d2358c55fc2c9186171011556186f04f14128db9feb4cd453da63630,47477,ok,
data/flower_photos/dandelion/15378782362_4161b23af7_m.jpg,data/flower_photos/dandelion/15378782362_4161b23af7_m.jpg,dandelion,180,240,0.75,RGB,JPEG,RGB,,d3fa07660abb3e12aa0f9b44ca7a124f22661c56f22c5f1faac380983e501809,20466,ok,
data/flower_photos/dandelion/15381511376_fd743b7330_n.jpg,data/flower_photos/dandelion/15381511376_fd743b7330_n.jpg,dandelion,320,213,1.5023474178403755,RGB,JPEG,RGB,,564a9854956d90b721dcafd0c721e80a4f64ebd93429645c7fa6623cf4bdce24,21760,ok,
data/flower_photos/dandelion/15547944931_c1e095b185.jpg,data/flower_photos/dandelion/15547944931_c1e095b185.jpg,dandelion,500,331,1.5105740181268883,RGB,JPEG,RGB,,9a87af562a1d9bad3fc032e88aeb8ca1fc189baa0d37358c677c434b4cd5c8dc,32894,ok,
data/flower_photos/dandelion/15549402199_2890918ddb.jpg,data/flower_photos/dandelion/15549402199_2890918ddb.jpg,dandelion,500,333,1.5015015015015014,RGB,JPEG,RGB,,eeddfda9dc31146d41cc7ecbf7df0688214e1153643ad4dffa687ac277e631c2,69110,ok,
data/flower_photos/dandelion/155646858_9a8b5e8fc8.jpg,data/flower_photos/dandelion/155646858_9a8b5e8fc8.jpg,dandelion,500,334,1.4970059880239521,RGB,JPEG,RGB,,31100b6780fbfef049b8f15d6f141cc96e119bce09fc209188a39284f72e019d,175787,ok,
data/flower_photos/dandelion/15644450971_6a28298454_n.jpg,data/flower_photos/dandelion/15644450971_6a28298454_n.jpg,dandelion,320,240,1.3333333333333333,RGB,JPEG,RGB,,f8693d87f84f509d9ed0d966792ec74c75ffb38670ceedb1bcb1489ec54d7301,38351,ok,
data/flower_photos/dandelion/15782158700_3b9bf7d33e_m.jpg,data/flower_photos/dandelion/15782158700_3b9bf7d33e_m.jpg,dandelion,180,240,0.75,RGB,JPEG,RGB,,b2ca4c35795a3a744801627e0095118087286b8663d93fa8d916e776675eb833,20401,ok,
data/flower_photos/dandelion/15819121091_26a5243340_n.jpg,data/flower_photos/dandelion/15819121091_26a5243340_n.jpg,dandelion,320,222,1.4414414414414414,RGB,JPEG,RGB,,18898207d2649fe0c56580a766fc1bf42bd516d2ba3a49c6c43797c788c4a13b,17684,ok,
data/flower_photos/dandelion/15821571649_06c4b9a868_n.jpg,data/flower_photos/dandelion/15821571649_06c4b9a868_n.jpg,dandelion,320,240,1.3333333333333333,RGB,JPEG,RGB,,02b62c3a5bb4564fd97af8c290b963ac5c98fb0ba5dd31c391c0189a78e6032c,54076,ok,
data/flower_photos/dandelion/158988663_6fe055fcb4.jpg,data/flower_photos/dandelion/158988663_6fe055fcb4.jpg,dandelion,500,309,1.6181229773462784,RGB,JPEG,RGB,,4338191b90d4e657e37e3b9f47f2436da68a023f4e980db51853f916166daf8e,107919,ok,
data/flower_photos/dandelion/15987457_49dc11bf4b.jpg,data/flower_photos/dandelion/15987457_49dc11bf4b.jpg,dandelion,500,375,1.3333333333333333,RGB,JPEG,RGB,,3247dfc62afc8e64c3dce1e797a6d7b033a9faeaed78e71c52b32d67db876ade,53485,ok,
data/flower_photos/dandelion/16041975_2f6c1596e5.jpg,data/flower_photos/dandelion/16041975_2f6c1596e5.jpg,dandelion,500,423,1.1820330969267139,RGB,JPEG,RGB,,1a8fa934a885cf3cf5101d0a53d6b5a0f7d897a25c13a22355b431e5043c304e,44312,ok,
data/flower_photos/dandelion/160456948_38c3817c6a_m.jpg,data/flower_photos/dandelion/160456948_38c3817c6a_m.jpg,dandelion,199,240,0.8291666666666667,RGB,JPEG,RGB,,0648734a0bf76f537c2c67060817d0df9b9a4283a4cec47d800dbfa25b5d579e,20779,ok,
data/flower_photos/dandelion/16096748028_7876887ab2.jpg,data/flower_photos/dandelion/16096748028_7876887ab2.jpg,dandelion,500,333,1.5015015015015014,RGB,JPEG,RGB,,9e0da91e07b03ba55c0cb342780963d4dd9b28fc844d76e4c367645b644c34a1,54489,ok,
data/flower_photos/dandelion/16159487_3a6615a565_n.jpg,data/flower_photos/dandelion/16159487_3a6615a565_n.jpg,dandelion,320,240,1.3333333333333333,RGB,JPEG,RGB,,6e17a29675c48258ebbd7b1bebbfc5f41567e3c54ad3339ea1a685dfde2faa88,34925,ok,
data/flower_photos/dandelion/16237158409_01913cf918_n.jpg,data/flower_photos/dandelion/16237158409_01913cf918_n.jpg,dandelion,320,213,1.5023474178403755,RGB,JPEG,RGB,,3dab41e8b2c37107926e21d2a8307ef2f464dd8379d019172fb91e8df2c01e0e,46987,ok,
data/flower_photos/dandelion/16241101274_334b54731e.jpg,data/flower_photos/dandelion/16241101274_334b54731e.jpg,dandelion,500,254,1.968503937007874,RGB,JPEG,RGB,,9e41480c2e94d428ff99aa0ee549ae44a0e0c8e16670b70c9c12f694a43d124c,50773,ok,
data/flower_photos/dandelion/16242239484_51286673af.jpg,data/flower_photos/dandelion/16242239484_51286673af.jpg,dandelion,500,333,1.5015015015015014,RGB,JPEG,RGB,,31decd30e83ad85b51bec5d15da6a467af761ff98e7ad0caa8a2e349f09f1a42,60949,ok,
data/flower_photos/dandelion/163702807_e508544acd_n.jpg,data/flower_photos/dandelion/163702807_e508544acd_n.jpg,dandelion,320,213,1.5023474178403755,RGB,JPEG,RGB,,e5be424d71b2fa21c31e3327ee047636e1c612657bb544bf8501c89fe5aafbb6,22420,ok,
data/flower_photos/dandelion/16375088191_2bf2916b53.jpg,data/flower_photos/dandelion/16375088191_2bf2916b53.jpg,dandelion,500,333,1.5015015015015014,RGB,JPEG,RGB,,46f1aa6a44690a9e6223613477fb73297a22dc00ae6c711369afc0e4cda866c3,54936,ok,
data/flower_photos/dandelion/16462263826_2555edeb74_n.jpg,data/flower_photos/dandelion/16462263826_2555edeb74_n.jpg,dandelion,320,213,1.5023474178403755,RGB,JPEG,RGB,,6aace9ef435477fc8f855327be9962f8b207a905d19378b1bbcf682b39a0b34d,16952,ok,
data/flower_photos/dandelion/16495282564_d8c34d6a2e_m.jpg,data/flower_photos/dandelion/16495282564_d8c34d6a2e_m.jpg,dandelion,180,240,0.75,RGB,JPEG,RGB,,d16b7bad7b3790761a20efb2e7d60eb147296337f7c2e3746efb6a29c2bc9656,24022,ok,
data/flower_photos/dandelion/16510864164_3afa8ac37f.jpg,data/flower_photos/dandelion/16510864164_3afa8ac37f.jpg,dandelion,500,281,1.7793594306049823,RGB,JPEG,RGB,,5d00d98efb682f31f00b4dd9e203034df11d96708c074a888b8580f08e2920c4,36398,ok,
data/flower_photos/dandelion/16650892835_9228a3ef67_m.jpg,data/flower_photos/dandelion/16650892835_9228a3ef67_m.jpg,dandelion,240,240,1.0,RGB,JPEG,RGB,,de84ec4b5a2a0862a141b10583a43e428f719897912373d3304f5e76d83b2136,16338,ok,
data/flower_photos/dandelion/16656127943_2f70926b6c.jpg,data/flower_photos/dandelion/16656127943_2f70926b6c.jpg,dandelion,500,333,1.5015015015015014,RGB,JPEG,RGB,,8bf37901cccf7140ca70b07ba3c4543cb21d703b4210127da7f7519cb8c5d21d,94358,ok,
data/flower_photos/dandelion/1667963621_c76d570af3_n.jpg,data/flower_photos/dandelion/1667963621_c76d570af3_n.jpg,dandelion,320,277,1.1552346570397112,RGB,JPEG,RGB,,3dc1a1b1c7d3da7da76f772f425f88ac2f142e1233e9b4e81e3dbd51f6da0e3c,43849,ok,
data/flower_photos/dandelion/16691236594_4287cea9d6_n.jpg,data/flower_photos/dandelion/16691236594_4287cea9d6_n.jpg,dandelion,320,242,1.322314049586777,RGB,JPEG,RGB,,947f775d96c91bd81efe46c623298052a1ee708d60b59da4a5a49e4682ac1d32,31900,ok,
data/flower_photos/dandelion/16699732794_5bfd639cf8_n.jpg,data/flower_photos/dandelion/16699732794_5bfd639cf8_n.jpg,dandelion,320,213,1.5023474178403755,RGB,JPEG,RGB,,181ed46cbbc9d9a0ba6129ce8adc4a27a27696d60c6ae3ca2d4ddec6ab9fb804,51165,ok,
data/flower_photos/dandelion/16713229021_bea2533981_n.jpg,data/flower_photos/dandelion/16713229021_bea2533981_n.jpg,dandelion,320,240,1.3333333333333333,RGB,JPEG,RGB,,a4a319d3fb29623b3b1aea45d4037505aaac97c1998220415e0f884eab292a7c,29241,ok,
data/flower_photos/dandelion/16716172029_2166d8717f_m.jpg,data/flower_photos/dandelion/16716172029_2166d8717f_m.jpg,dandelion,157,240,0.6541666666666667,RGB,JPEG,RGB,,994274bec2f1e9e0f5c07d5327139977cf414977f55ba12bc035225dd253df00,16448,ok,
data/flower_photos/dandelion/16744522344_8d21b1530d_n.jpg,data/flower_photos/dandelion/16744522344_8d21b1530d_n.jpg,dandelion,320,213,1.5023474178403755,RGB,JPEG,RGB,,e577085eead895142c109f05b6c3cafeaf51d63be9456ab9072812bd98231698,35721,ok,
data/flower_photos/dandelion/16766166609_ccb8344c9f_m.jpg,data/flower_photos/dandelion/16766166609_ccb8344c9f_m.jpg,dandelion,180,240,0.75,RGB,JPEG,RGB,,daa97e84d1e8818f3df299f84f5ebfb3c86a0f9b10500e89eb57293a5f03e173,26483,ok,
data/flower_photos/dandelion/16817037661_2980d823e1_n.jpg,data/flower_photos/dandelion/16817037661_2980d823e1_n.jpg,dandelion,320,245,1.3061224489795917,RGB,JPEG,RGB,,e6f32fec367b2c80b347e5af198cb024edc4945f8af3dd6e1110a4bbf67a0703,31649,ok,
data/flower_photos/dandelion/16837594326_1056d875a4_m.jpg,data/flower_photos/dandelion/16837594326_1056d875a4_m.jpg,dandelion,231,240,0.9625,RGB,JPEG,RGB,,8445f546d2f2ba5a52423bfaa8531eaf6920981deec03c0f79c1358e42794211,20136,ok,
data/flower_photos/dandelion/16863587471_cc3a6ffb29_m.jpg,data/flower_photos/dandelion/16863587471_cc3a6ffb29_m.jpg,dandelion,240,240,1.0,RGB,JPEG,RGB,,51dcbf4dbf113cac844629108ce2b3c0e3029c54750235b9fa833759fac168d4,22635,ok,
data/flower_photos/dandelion/16949657389_ac0ee80fd1_m.jpg,data/flower_photos/dandelion/16949657389_ac0ee80fd1_m.jpg,dandelion,240,240,1.0,RGB,JPEG,RGB,,9d5c5b7d445880b1120f3ef28af2286663da124b6083be1a8bfc4fbf0159b5d2,30218,ok,
data/flower_photos/dandelion/16953818045_fea21c8bf8.jpg,data/flower_photos/dandelion/16953818045_fea21c8bf8.jpg,dandelion,500,334,1.4970059880239521,RGB,JPEG,RGB,,ca2cc4aa339263c43a1a3e69ccf6b36b255c8f5b3b301c6e4c2d418f594391bd,77345,ok,
data/flower_photos/dandelion/16970837587_4a9d8500d7.jpg,data/flower_photos/dandelion/16970837587_4a9d8500d7.jpg,dandelion,500,331,1.5105740181268883,RGB,JPEG,RGB,,37c7403073c32f3484f895643ec7c46601d10bc0c1582020c25ac322a5103cd4,129868,ok,
data/flower_photos/dandelion/16987075_9a690a2183.jpg,data/flower_photos/dandelion/16987075_9a690a2183.jpg,dandelion,500,375,1.3333333333333333,RGB,JPEG,RGB,,7496d0bd301fed97b5a198d10a1aa933246a2725d8d610ad4c14e48960eddebe,45016,ok,
data/flower_photos/dandelion/17020815734_81e8db8008_m.jpg,data/flower_photos/dandelion/17020815734_81e8db8008_m.jpg,dandelion,172,240,0.7166666666666667,RGB,JPEG,RGB,,0f3773c001305096512f6d0deba05cf1e05e63185502b8bfbc4db64cd32353ca,23184,ok,
data/flower_photos/dandelion/17029965300_8e755c2214_n.jpg,data/flower_photos/dandelion/17029965300_8e755c2214_n.jpg,dandelion,320,240,1.3333333333333333,RGB,JPEG,RGB,,436f913b720d7dc494e69fdd8b72df11ec266142b0e1c0d1f08154531beae28d,26401,ok,
data/flower_photos/dandelion/17047231499_bd66c23641.jpg,data/flower_photos/dandelion/17047231499_bd66c23641.jpg,dandelion,500,333,1.5015015015015014,RGB,JPEG,RGB,,bc6a170e5d7c5fb011ae375909f95ed4816cba1f2303fab943a80a16954f0878,80121,ok,
data/flower_photos/dandelion/17047385027_8fd510e164_n.jpg,data/flower_photos/dandelion/17047385027_8fd510e164_n.jpg,dandelion,320,240,1.3333333333333333,RGB,JPEG,RGB,,8b11c3eaf8cf1e4fc52202cb795f4a6b07a9ece2febe70add1c1decce99e0499,44014,ok,
data/flower_photos/dandelion/17075803866_aeeded2637.jpg,data/flower_photos/dandelion/17075803866_aeeded2637.jpg,dandelion,500,333,1.5015015015015014,RGB,JPEG,RGB,,85b0051815743b44a556404a212b8e2edc8333cd1aaf40edff1de9bad8125a72,88913,ok,
data/flower_photos/dandelion/17077940105_d2cd7b9ec4_n.jpg,data/flower_photos/dandelion/17077940105_d2cd7b9ec4_n.jpg,dandelion,320,240,1.3333333333333333,RGB,JPEG,RGB,,c9c789716e94a3d60bc40ad86daa670b729aa6b7c15c77c6859cd630e697d00b,29801,ok,
data/flower_photos/dandelion/17080000869_a80e767f4a_m.jpg,data/flower_photos/dandelion/17080000869_a80e767f4a_m.jpg,dandelion,159,240,0.6625,RGB,JPEG,RGB,,c2a3dce5c10a06ac0004dd2faaad823f0043856ac97117c29042b5ec43fa9097,17236,ok,
data/flower_photos/dandelion/17122969189_0ec37cb6c9.jpg,data/flower_photos/dandelion/17122969189_0ec37cb6c9.jpg,dandelion,500,283,1.7667844522968197,RGB,JPEG,RGB,,be793ddbec7fd31baf30c977daf26d94fcf4bf8173aacf7d02d77f0b5f96e024,60888,ok,
data/flower_photos/dandelion/17135145776_4c2ec21b05_m.jpg,data/flower_photos/dandelion/17135145776_4c2ec21b05_m.jpg,dandelion,159,240,0.6625,RGB,JPEG,RGB,,2cf9f905f3c398dd953955ca4166ce4eba3dda4c396ebb74e821f237572e3986,17359,ok,
data/flower_photos/dandelion/17146644679_11aff3045c.jpg,data/flower_photos/dandelion/17146644679_11aff3045c.jpg,dandelion,500,333,1.5015015015015014,RGB,JPEG,RGB,,5f3f280f7c18b4f8909ed7d76a007326bebbd196ab3d3383d19adb2fe9b1373d,50533,ok,
data/flower_photos/dandelion/17147436650_c94ae24004_n.jpg,data/flower_photos/dandelion/17147436650_c94ae24004_n.jpg,dandelion,320,267,1.198501872659176,RGB,JPEG,RGB,,faeed83bd72c184196b02ca7907f83120922ae9cbefaddc922753a372a2254d0,46958,ok,
data/flower_photos/dandelion/17161833794_e1d92259d2_m.jpg,data/flower_photos/dandelion/17161833794_e1d92259d2_m.jpg,dandelion,240,240,1.0,RGB,JPEG,RGB,,dd91a82e62da44162c9bf2c80f8e77f1af8e7d5f5ed8c5e927894c76dd40f457,15087,ok,
data/flower_photos/dandelion/17175932454_c052e205c1_n.jpg,data/flower_photos/dandelion/17175932454_c052e205c1_n.jpg,dandelion,320,213,1.5023474178403755,RGB,JPEG,RGB,,0f1df15629fd294293fbb6f1aad690ba68c6fa4dd2875f7743829d048496cbdb,18069,ok,
data/flower_photos/dandelion/17189437699_a9171b6ae3.jpg,data/flower_photos/dandelion/17189437699_a9171b6ae3.jpg,dandelion,500,333,1.5015015015015014,RGB,JPEG,RGB,,7bab5a72aa939cb9cea5c94b5502cc52349477a8f03d23aa5edf623bc6aa25aa,100814,ok,
data/flower_photos/dandelion/17220096449_0e535989f0_n.jpg,data/flower_photos/dandelion/17220096449_0e535989f0_n.jpg,dandelion,320,228,1.4035087719298245,RGB,JPEG,RGB,,26e967782b9d8ef8ab496a9b36cfa1ddfe33ff97f56503e08eda07a06aa9eabc,30239,ok,
data/flower_photos/dandelion/17243540220_65b98eb926_n.jpg,data/flower_photos/dandelion/17243540220_65b98eb926_n.jpg,dandelion,320,273,1.1721611721611722,RGB,JPEG,RGB,,108bf8c24ce58b7b6d79d7f33bef4226bfb445f580d99d8234ee08202b45918d,43728,ok,
data/flower_photos/dandelion/17244252705_328e0bcda6.jpg,data/flower_photos/dandelion/17244252705_328e0bcda6.jpg,dandelion,500,281,1.7793594306049823,RGB,JPEG,RGB,,33c3a3a129f9a983e45c1c91f0e6db492d1ee1b9d4a4e815d8b2c631c35c1a24,30218,ok,
data/flower_photos/dandelion/17276354745_2e312a72b5_n.jpg,data/flower_photos/dandelion/17276354745_2e312a72b5_n.jpg,dandelion,320,234,1.3675213675213675,RGB,JPEG,RGB,,7a7db0155bb422ec688f07f93e05d8e5c751eb9cdcbb59937425e4473b00d7f9,31712,ok,
data/flower_photos/dandelion/17280886635_e384d91300_n.jpg,data/flower_photos/dandelion/17280886635_e384d91300_n.jpg,dandelion,320,213,1.5023474178403755,RGB,JPEG,RGB,,d864f6e6b249f81d9c09a6316c67e318d120753d4154642aefe13c4ee9a2268d,26173,ok,
data/flower_photos/dandelion/17322195031_c2680809dc_m.jpg,data/flower_photos/dandelion/17322195031_c2680809dc_m.jpg,dandelion,240,240,1.0,RGB,JPEG,RGB,,c8f2d040f4064fa7fd45fb88d4543f30489a7e72506d4945ac503a45ba9f47e6,28354,ok,
data/flower_photos/dandelion/17344936845_fec4d626b7.jpg,data/flower_photos/dandelion/17344936845_fec4d626b7.jpg,dandelion,500,333,1.5015015015015014,RGB,JPEG,RGB,,2e6fa28d1e8a93fff1865baf14072689ee38079ee6c0f9b8a64b02c3c7154dc2,47200,ok,
data/flower_photos/dandelion/17346385582_7ba433dbbe.jpg,data/flower_photos/dandelion/17346385582_7ba433dbbe.jpg,dandelion,500,333,1.5015015015015014,RGB,JPEG,RGB,,d51ca7b7314dda43153cce7aba9ac357a6b61c29af7c50156fff9a6a8d5f8ee0,39765,ok,
data/flower_photos/dandelion/17367866236_61abd4d243_n.jpg,data/flower_photos/dandelion/17367866236_61abd4d243_n.jpg,dandelion,320,225,1.4222222222222223,RGB,JPEG,RGB,,3e0323efc0ca739ecb5d06ee0a452df0a9ab9fde12233a95a33ee1130d5fef47,33795,ok,
data/flower_photos/dandelion/17388674711_6dca8a2e8b_n.jpg,data/flower_photos/dandelion/17388674711_6dca8a2e8b_n.jpg,dandelion,320,240,1.3333333333333333,RGB,JPEG,RGB,,21fbc419aa2f5f7d2c49f4dd2fd68609f5c86b0c42f16a7e2dc4063e06289bd3,21390,ok,
data/flower_photos/dandelion/17388697431_0d84c427d1_n.jpg,data/flower_photos/dandelion/17388697431_0d84c427d1_n.jpg,dandelion,320,240,1.3333333333333333,RGB,JPEG,RGB,,947fd992991cd4a750c8b9a86b17ae62d2e2d7605c1cf696c8f0ea93275a0e76,53149,ok,
data/flower_photos/dandelion/17420983523_2e32d70359.jpg,data/flower_photos/dandelion/17420983523_2e32d70359.jpg,dandelion,500,333,1.5015015015015014,RGB,JPEG,RGB,,512068b50958782e51344076b2e72656297c705036fdcdcb0131ece97e7c8756,36279,ok,
data/flower_photos/dandelion/17457028309_95514c8d02_n.jpg,data/flower_photos/dandelion/17457028309_95514c8d02_n.jpg,dandelion,320,213,1.5023474178403755,RGB,JPEG,RGB,,60fe27b51d46742ce1a2636117998601aef2bafbee6d50dff78b862ce3bee3cb,34860,ok,
data/flower_photos/dandelion/17466568484_9128287148.jpg,data/flower_photos/dandelion/17466568484_9128287148.jpg,dandelion,500,333,1.5015015015015014,RGB,JPEG,RGB,,350e93e808dd5fe9359cded73715d3e31eb110485660f3e17e30772599d6bcb8,40241,ok,
data/flower_photos/dandelion/17482158576_86c5ebc2f8.jpg,data/flower_photos/dandelion/17482158576_86c5ebc2f8.jpg,dandelion,500,333,1.5015015015015014,RGB,JPEG,RGB,,1d2e4103352bb071190fde450e395b5e63f14b163d2279a9886839ecc32d6c7c,80578,ok,
data/flower_photos/dandelion/17574213074_f5416afd84.jpg,data/flower_photos/dandelion/17574213074_f5416afd84.jpg,dandelion,500,333,1.5015015015015014,RGB,JPEG,RGB,,7fcfffca2427aba8b3546923fc4fa2b9b22baf92b2fdd1fd487b1589bc4a6148,53243,ok,
data/flower_photos/dandelion/17619402434_15b2ec2d79.jpg,data/flower_photos/dandelion/17619402434_15b2ec2d79.jpg,dandelion,500,333,1.5015015015015014,RGB,JPEG,RGB,,370f50c39e30cfdbe19c3892f3d62b7f182a7c393f9277aea3a997b81c013a5a,61719,ok,
data/flower_photos/dandelion/176284193_8fa1710431_m.jpg,data/flower_photos/dandelion/176284193_8fa1710431_m.jpg,dandelion,180,240,0.75,RGB,JPEG,RGB,,77664c69be0e2026d7f31cabc7b1ea372c3e9fff82767aba37f8748d4d319c48,23129,ok,
data/flower_photos/dandelion/17649230811_9bdbbacb8c.jpg,data/flower_photos/dandelion/17649230811_9bdbbacb8c.jpg,dandelion,500,333,1.5015015015015014,RGB,JPEG,RGB,,5c8be719b4e0699f7a48a3984662c7ac18c903b1dc8ad8b6cd9e7bf7ea83080c,31918,ok,
data/flower_photos/dandelion/17747738311_5014b1f77f.jpg,data/flower_photos/dandelion/17747738311_5014b1f77f.jpg,dandelion,500,304,1.644736842105263,RGB,JPEG,RGB,,d9a61a14ebb2c75df3082e18ec1a1f2bec3e7395f7b0ae262b0eb7ecb8927482,37153,ok,
data/flower_photos/dandelion/1776290427_9d8d5be6ac.jpg,data/flower_photos/dandelion/1776290427_9d8d5be6ac.jpg,dandelion,500,333,1.5015015015015014,RGB,JPEG,RGB,,9a63c1a63d582807fa1d4277846408a65f794c6a32c805cf84d5afbe611d1997,70474,ok,
data/flower_photos/dandelion/177851662_b2622b4238_n.jpg,data/flower_photos/dandelion/177851662_b2622b4238_n.jpg,dandelion,320,240,1.3333333333333333,RGB,JPEG,RGB,,d5f5474821b01bee0ca36c2daddea1b28317463922b788c561bffd5765829a6c,32187,ok,
data/flower_photos/dandelion/17821459748_873101edd0_m.jpg,data/flower_photos/dandelion/17821459748_873101edd0_m.jpg,dandelion,197,240,0.8208333333333333,RGB,JPEG,RGB,,cf2555b9a25b3c6820dff5b5c7bbd5086f8e33499790bc7d9b58733df12966ae,18371,ok,
data/flower_photos/dandelion/17851831751_35b071f4b0.jpg,data/flower_photos/dandelion/17851831751_35b071f4b0.jpg,dandelion,500,333,1.5015015015015014,RGB,JPEG,RGB,,a0a780f60e5a961ac57ac95fca7bd7a9941cfa47c1c8212e1ea5d129ad774e7d,62135,ok,
data/flower_photos/dandelion/17862580326_293070978d_m.jpg,data/flower_photos/dandelion/17862580326_293070978d_m.jpg,dandelion,240,240,1.0,RGB,JPEG,RGB,,3d79d6976f038737ae9eccafa03fd6c4ed954fc758ef7fb10ca14cef80b37bcb,32075,ok,
data/flower_photos/dandelion/17903104293_9138439e76.jpg,data/flower_photos/dandelion/17903104293_9138439e76.jpg,dandelion,500,333,1.5015015015015014,RGB,JPEG,RGB,,b9ff474f1a96da88445f376609556f0b9d12159ddfc1c15e56e0ee567919d64e,43206,ok,
data/flower_photos/dandelion/1798082733_b8080b1173_m.jpg,data/flower_photos/dandelion/1798082733_b8080b1173_m.jpg,dandelion,236,240,0.9833333333333333,RGB,JPEG,RGB,,776fd3ef34776195ebe559c44abe32f70278ec2ea8de1bde9197ae9143940f09,32471,ok,
data/flower_photos/dandelion/18001393975_2a6acaabd8.jpg,data/flower_photos/dandelion/18001393975_2a6acaabd8.jpg,dandelion,500,333,1.5015015015015014,RGB,JPEG,RGB,,c235f694c33fd1a4d9c8f29f12fd42c88816744e2fb51fbdeb86198721f152d3,83336,ok,
data/flower_photos/dandelion/18010259565_d6aae33ca7_n.jpg,data/flower_photos/dandelion/18010259565_d6aae33ca7_n.jpg,dandelion,320,240,1.3333333333333333,RGB,JPEG,RGB,,7faf7f9feb30b7d1f41dfbd43ae297bd022748c40a8673c874f44abb76696854,33503,ok,
data/flower_photos/dandelion/18089878729_907ed2c7cd_m.jpg,data/flower_photos/dandelion/18089878729_907ed2c7cd_m.jpg,dandelion,162,240,0.675,RGB,JPEG,RGB,,c6cf2d8d73e00fb33d0c800ccd3ff64314642afe9709e3aed0348b2faa28ca52,21455,ok,
data/flower_photos/dandelion/18111636378_856027a7b8_n.jpg,data/flower_photos/dandelion/18111636378_856027a7b8_n.jpg,dandelion,320,228,1.4035087719298245,RGB,JPEG,RGB,,1078afb850a0e7587ecde287cc9989cc3ba99a5604e25b39abfa3e740e97272a,21839,ok,
data/flower_photos/dandelion/18183515403_13a9ca6d86_n.jpg,data/flower_photos/dandelion/18183515403_13a9ca6d86_n.jpg,dandelion,320,233,1.3733905579399142,RGB,JPEG,RGB,,1bc80d6a22529b15598291b3df88193532d74e8981fe33e4f20838133efceac0,39051,ok,
data/flower_photos/dandelion/18204150090_fb418bbddb.jpg,data/flower_photos/dandelion/18204150090_fb418bbddb.jpg,dandelion,500,282,1.7730496453900708,RGB,JPEG,RGB,,042304f019202b11399ae87ce1048e6805759bb41b72b253a5bc999a8de96fcd,29969,ok,
data/flower_photos/dandelion/18215579866_94b1732f24.jpg,data/flower_photos/dandelion/18215579866_94b1732f24.jpg,dandelion,500,333,1.5015015015015014,RGB,JPEG,RGB,,e70a43f45f1242249c1d8fe2c1fa4ef1184a3c08deda804cb01b0d2160293d93,49145,ok,
data/flower_photos/dandelion/18232119726_cef27eaaac_n.jpg,data/flower_photos/dandelion/18232119726_cef27eaaac_n.jpg,dandelion,320,225,1.4222222222222223,RGB,JPEG,RGB,,5e899b32aa0d61d7e6995cc4cd6ee10b2c1fbe75ed2b942ed0174c5debdab277,23963,ok,
data/flower_photos/dandelion/18238604119_a5689980ee_n.jpg,data/flower_photos/dandelion/18238604119_a5689980ee_n.jpg,dandelion,320,240,1.3333333333333333,RGB,JPEG,RGB,,23b78af016b4d4241ebaf179f011b2d6a89a7bd498a6704a2ef16e4e17f8d38b,45766,ok,
data/flower_photos/dandelion/18243329421_771b4d938e.jpg,data/flower_photos/dandelion/18243329421_771b4d938e.jpg,dandelion,500,333,1.5015015015015014,RGB,JPEG,RGB,,1527b0a28eeda946a9a6578faf17ca1df4beb321728dda1ff54d56531053304b,55277,ok,
data/flower_photos/dandelion/18243351371_5fda92ac0a_n.jpg,data/flower_photos/dandelion/18243351371_5fda92ac0a_n.jpg,dandelion,320,213,1.5023474178403755,RGB,JPEG,RGB,,eae730b0715a695d57ab4bfcad449868c1895888d12d4de07590bf960abb3b62,26082,ok,
data/flower_photos/dandelion/18271576032_d7e2296de4_n.jpg,data/flower_photos/dandelion/18271576032_d7e2296de4_n.jpg,dandelion,320,256,1.25,RGB,JPEG,RGB,,b2c8b10394819508ae68ec9e2b3bd83bac65ea81fe276a6ee24a4b720c3a38ce,30400,ok,
data/flower_photos/dandelion/18276105805_d31d3f7e71.jpg,data/flower_photos/dandelion/18276105805_d31d3f7e71.jpg,dandelion,500,317,1.5772870662460567,RGB,JPEG,RGB,,014f6b00c2ea0ac41a298081cb7759a8a354ec8e3a13b8d06cafb87022770e18,49982,ok,
data/flower_photos/dandelion/18282528206_7fb3166041.jpg,data/flower_photos/dandelion/18282528206_7fb3166041.jpg,dandelion,500,281,1.7793594306049823,RGB,JPEG,RGB,,90845b5e2e21a2fd8301dedbc5cea20ee044eca026a40741e745e15c539b43d8,53972,ok,
data/flower_photos/dandelion/18304194360_2a4a0be631_m.jpg,data/flower_photos/dandelion/18304194360_2a4a0be631_m.jpg,dandelion,240,240,1.0,RGB,JPEG,RGB,,9bb8cc56ecaff2a21fa9b8e379130a198d298c3ea1e13b2fd44071d1c620a26e,17525,ok,
data/flower_photos/dandelion/18342918441_b1bb69a2fd_n.jpg,data/flower_photos/dandelion/18342918441_b1bb69a2fd_n.jpg,dandelion,320,225,1.4222222222222223,RGB,JPEG,RGB,,803bc8b341f1a37c7927fe22ddcba0f31cf3828fa96e2f312912fa40e43a7912,33845,ok,
data/flower_photos/dandelion/18479635994_83f93f4120.jpg,data/flower_photos/dandelion/18479635994_83f93f4120.jpg,dandelion,500,333,1.5015015015015014,RGB,JPEG,RGB,,da8de3070363d1abbbe97872ea1a56b2f4cc3407d643b34e9cae4c9747bceec2,71178,ok,
data/flower_photos/dandelion/18482768066_677292a64e.jpg,data/flower_photos/dandelion/18482768066_677292a64e.jpg,dandelion,500,333,1.5015015015015014,RGB,JPEG,RGB,,9079df023056a424943520ac79b3337b38fd20e393514eedafad8cd621ee0880,39711,ok,
data/flower_photos/dandelion/18587334446_ef1021909b_n.jpg,data/flower_photos/dandelion/18587334446_ef1021909b_n.jpg,dandelion,320,267,1.198501872659176,RGB,JPEG,RGB,,4b282717ec349e1361d482346704b145466cfa6c0b6601f450f94f69fd1fc270,69958,ok,
data/flower_photos/dandelion/18687587599_3dd4fdf255.jpg,data/flower_photos/dandelion/18687587599_3dd4fdf255.jpg,dandelion,500,281,1.7793594306049823,RGB,JPEG,RGB,,641a2f306b985a469cc6f6375f524fc9d1dead61663df62a6a24b26d27b4311c,49682,ok,
data/flower_photos/dandelion/18803577858_fd0036e1f5_m.jpg,data/flower_photos/dandelion/18803577858_fd0036e1f5_m.jpg,dandelion,240,240,1.0,RGB,JPEG,RGB,,8f046c232b96687b6789abc34943629463e6fd6ddd18c4e5fcde1a91893f6ff4,25469,ok,
data/flower_photos/dandelion/18876985840_7531dc8e6a.jpg,data/flower_photos/dandelion/18876985840_7531dc8e6a.jpg,dandelion,500,332,1.5060240963855422,RGB,JPEG,RGB,,184093db4640a76d687a577d8019584a77cc3f8e2e03674480daefa2ff0b220c,44575,ok,
data/flower_photos/dandelion/18889216716_cd67aec890_n.jpg,data/flower_photos/dandelion/18889216716_cd67aec890_n.jpg,dandelion,320,240,1.3333333333333333,RGB,JPEG,RGB,,bd0a36f632a551e065ca14a2a9cd1fc3e8a188f48b5fae5aa829fe75c6dbc3f2,36265,ok,
data/flower_photos/dandelion/18970601002_d70bc883a9.jpg,data/flower_photos/dandelion/18970601002_d70bc883a9.jpg,dandelion,500,333,1.5015015015015014,RGB,JPEG,RGB,,01350f845e134970c3a25935d45c55e744a056e75a889c8a924265dc3fe0aff7,56473,ok,
data/flower_photos/dandelion/18995294384_77543e96b6_n.jpg,data/flower_photos/dandelion/18995294384_77543e96b6_n.jpg,dandelion,320,213,1.5023474178403755,RGB,JPEG,RGB,,e923b1bcf68046a1ef4ce1b1f38d7e745790bd65b56d89ea1ed0caf4a5f7028f,34329,ok,
data/flower_photos/dandelion/18996760154_58d3c48604.jpg,data/flower_photos/dandelion/18996760154_58d3c48604.jpg,dandelion,500,333,1.5015015015015014,RGB,JPEG,RGB,,80b50ae8596e921c2bcb4a6b709e110c8f6c2608ac6098a66feb711c437710dd,63989,ok,
data/flower_photos/dandelion/18996957833_0bd71fbbd4_m.jpg,data/flower_photos/dandelion/18996957833_0bd71fbbd4_m.jpg,dandelion,159,240,0.6625,RGB,JPEG,RGB,,a7047de4156cff6b649c53cc90cbbdbc0ea288d7132fef93da290f6b2870981f,16774,ok,
data/flower_photos/dandelion/18996965033_1d92e5c99e.jpg,data/flower_photos/dandelion/18996965033_1d92e5c99e.jpg,dandelion,500,333,1.5015015015015014,RGB,JPEG,RGB,,9d16a778b247f5ca059babbe3026f13e88eeaaf1f6c02bcf3945771840f734fc,58029,ok,
data/flower_photos/dandelion/18999743619_cec3f39bee.jpg,data/flower_photos/dandelion/18999743619_cec3f39bee.jpg,dandelion,500,333,1.5015015015015014,RGB,JPEG,RGB,,b7a0732b203eed0088877390fc08af6efca4fe32e2c4e8e84d650142868db9db,89783,ok,
data/flower_photos/dandelion/19004688463_12a8423109.jpg,data/flower_photos/dandelion/19004688463_12a8423109.jpg,dandelion,500,333,1.5015015015015014,RGB,JPEG,RGB,,34b107bc1e887a62db3a5abab96dd94ffb8333cad84e8fdd76f444cc8556b648,77127,ok,
data/flower_photos/dandelion/19064700925_b93d474e37.jpg,data/flower_photos/dandelion/19064700925_b93d474e37.jpg,dandelion,500,332,1.5060240963855422,RGB,JPEG,RGB,,dff70d6637e10f23c348fd5dac2fc4fc337c49adc9966f27863aa0e5c1a25a2f,29716,ok,
data/flower_photos/dandelion/19067907051_16d530c7d2.jpg,data/flower_photos/dandelion/19067907051_16d530c7d2.jpg,dandelion,500,332,1.5060240963855422,RGB,JPEG,RGB,,d114cfa3ca74e91ec5b7a069164257af3195a1ca2ef7210178ab688844690f92,25312,ok,
data/flower_photos/dandelion/19397467530_1e8131a7cf.jpg,data/flower_photos/dandelion/19397467530_1e8131a7cf.jpg,dandelion,500,333,1.5015015015015014,RGB,JPEG,RGB,,a82816026ae1de8ccf8a400486dd859601909ed6c98e89a3e64fabc2e1317b4b,59474,ok,
data/flower_photos/dandelion/19426575569_4b53c0b726.jpg,data/flower_photos/dandelion/19426575569_4b53c0b726.jpg,dandelion,500,333,1.5015015015015014,RGB,JPEG,RGB,,5d61723f0d912f737e26b31ab949056c0d548baec9e8ec6116b22aa743db4410,67294,ok,
data/flower_photos/dandelion/19435491090_7af558e17e.jpg,data/flower_photos/dandelion/19435491090_7af558e17e.jpg,dandelion,500,333,1.5015015015015014,RGB,JPEG,RGB,,5515d3ed0e7aff600312f95b865c0e3c2f30e8369255d7ec09669b8e007df446,107664,ok,
data/flower_photos/dandelion/19437578578_6ab1b3c984.jpg,data/flower_photos/dandelion/19437578578_6ab1b3c984.jpg,dandelion,500,333,1.5015015015015014,RGB,JPEG,RGB,,f11a3b30e0e26fc1963b1c6b6b6eba0db626433be263cfde65c7f870bf369f96,94892,ok,
data/flower_photos/dandelion/19437710780_c5f2156438.jpg,data/flower_photos/dandelion/19437710780_c5f2156438.jpg,dandelion,500,333,1.5015015015015014,RGB,JPEG,RGB,,291d6ff1aca94d50d179f2ce81bf11f6b55cc0c9ca62018c7585f28533982674,64279,ok,
data/flower_photos/dandelion/19438516548_bbaf350664.jpg,data/flower_photos/dandelion/19438516548_bbaf350664.jpg,dandelion,500,333,1.5015015015015014,RGB,JPEG,RGB,,e8f056e3f278dbbf7214dd77d028872d9789fe206ef6c4d5a38518c345b0dce8,57264,ok,
data/flower_photos/dandelion/19440660848_c789227129_m.jpg,data/flower_photos/dandelion/19440660848_c789227129_m.jpg,dandelion,159,240,0.6625,RGB,JPEG,RGB,,2633c5b9869dd400f4e7338796a81db9d9812842d2fce688b11d203f6f474267,17397,ok,
data/flower_photos/dandelion/19440910519_cb1162470e.jpg,data/flower_photos/dandelion/19440910519_cb1162470e.jpg,dandelion,500,333,1.5015015015015014,RGB,JPEG,RGB,,5ea0320dd8ee3945e19c0dc6f8d4bfc82835cc2aa4bacb9f8fe14b1e8e939e71,67517,ok,
data/flower_photos/dandelion/19443674130_08db1d9578_m.jpg,data/flower_photos/dandelion/19443674130_08db1d9578_m.jpg,dandelion,159,240,0.6625,RGB,JPEG,RGB,,fe5293e2ae45282626b22aa91a730d4c69a8232fba4491d7edfb3e7f3693edda,15303,ok,
data/flower_photos/dandelion/19443726008_8c9c68efa7_m.jpg,data/flower_photos/dandelion/19443726008_8c9c68efa7_m.jpg,dandelion,159,240,0.6625,RGB,JPEG,RGB,,1294b4d1454d72dfa35551813de1cf5981a9620777005984b7a7018c7c627f25,24824,ok,
data/flower_photos/dandelion/19506262462_d0945c14a6.jpg,data/flower_photos/dandelion/19506262462_d0945c14a6.jpg,dandelion,500,333,1.5015015015015014,RGB,JPEG,RGB,,3c08f7e774faf19e5cf5001f2320fc7f9d2a165d1a335f8f60ba9abc0a14609b,71221,ok,
data/flower_photos/dandelion/19526570282_1d1e71b0f3_m.jpg,data/flower_photos/dandelion/19526570282_1d1e71b0f3_m.jpg,dandelion,240,240,1.0,RGB,JPEG,RGB,,bdb07832e45494e3cde17a3b940c2acc7bcb088d3e7035533a355e3bb774e7ab,26060,ok,
data/flower_photos/dandelion/19551343814_48f764535f_m.jpg,data/flower_photos/dandelion/19551343814_48f764535f_m.jpg,dandelion,240,240,1.0,RGB,JPEG,RGB,,a92227f8a0c64f6fe1c2fdeacbfec1cb9692650047a4e5809fadf230a9cd8725,22908,ok,
data/flower_photos/dandelion/19551343954_83bb52f310_m.jpg,data/flower_photos/dandelion/19551343954_83bb52f310_m.jpg,dandelion,240,240,1.0,RGB,JPEG,RGB,,0e7170a7b19bed44ef306f0761b56fbe23a405ac8954c850fa6570257d8db370,21774,ok,
data/flower_photos/dandelion/19586799286_beb9d684b5.jpg,data/flower_photos/dandelion/19586799286_beb9d684b5.jpg,dandelion,500,333,1.5015015015015014,RGB,JPEG,RGB,,1afc08b90c0ec288925e2a17ef3251a6f80fae51e4f8dba66fb9e3a33d3bfe14,61915,ok,
data/flower_photos/dandelion/19593576916_f5a083d7fe_n.jpg,data/flower_photos/dandelion/19593576916_f5a083d7fe_n.jpg,dandelion,320,213,1.5023474178403755,RGB,JPEG,RGB,,889ab3b1c111c590d18f95b7b9656ae78eeabfda364c4c72c68677ebe2e95288,51241,ok,
data/flower_photos/dandelion/19599413676_fc9ee2640e.jpg,data/flower_photos/dandelion/19599413676_fc9ee2640e.jpg,dandelion,500,333,1.5015015015015014,RGB,JPEG,RGB,,050a0ddb86d6142063f40044244515a29ad3aaa71d4d3a0a6089336ec05be9a8,79035,ok,
data/flower_photos/dandelion/19600096066_67dc941042.jpg,data/flower_photos/dandelion/19600096066_67dc941042.jpg,dandelion,500,333,1.5015015015015014,RGB,JPEG,RGB,,84c203180f96fcf8e32920a793f802186b8fb722ac08c3b36e13931090d782c0,73777,ok,
data/flower_photos/dandelion/19602790836_912d38aaa8.jpg,data/flower_photos/dandelion/19602790836_912d38aaa8.jpg,dandelion,500,333,1.5015015015015014,RGB,JPEG,RGB,,bb9d15f891c66abfc4fcc85879707d731f5cbb043f2e61934e3c356716fe1b58,48882,ok,
data/flower_photos/dandelion/19613204505_da554eb56a_n.jpg,data/flower_photos/dandelion/19613204505_da554eb56a_n.jpg,dandelion,320,213,1.5023474178403755,RGB,JPEG,RGB,,fe5a612d5ccb735049237cb503cca588256018cade7456f981e7d15f5780c6c5,37195,ok,
data/flower_photos/dandelion/19613308325_a67792d889.jpg,data/flower_photos/dandelion/19613308325_a67792d889.jpg,dandelion,500,333,1.5015015015015014,RGB,JPEG,RGB,,f9d509bb0c68ee400579aa78f0da411f0f6de8c153f69ae179e9b360acbe5427,66727,ok,
data/flower_photos/dandelion/19617425002_b914c1e2ab.jpg,data/flower_photos/dandelion/19617425002_b914c1e2ab.jpg,dandelion,500,333,1.5015015015015014,RGB,JPEG,RGB,,4bde6d6809675edaccda5b32c65880b70fbe4d84d84a81ad17d1d3e38833f02e,55600,ok,
data/flower_photos/dandelion/19617501581_606be5f716_n.jpg,data/flower_photos/dandelion/19617501581_606be5f716_n.jpg,dandelion,320,213,1.5023474178403755,RGB,JPEG,RGB,,942ae658f78fa2dbcf7fa9877a13b5149e49256de46d5194e3794c9ed33d3991,30009,ok,
data/flower_photos/dandelion/19617643201_9922eec796.jpg,data/flower_photos/dandelion/19617643201_9922eec796.jpg,dandelion,500,333,1.5015015015015014,RGB,JPEG,RGB,,a919cc423105836be1ccb56bea988820b21757bbea4238855cc04d4cdefca1e2,48150,ok,
data/flower_photos/dandelion/19621170705_30bf8bf0ba.jpg,data/flower_photos/dandelion/19621170705_30bf8bf0ba.jpg,dandelion,500,333,1.5015015015015014,RGB,JPEG,RGB,,0a271838d39f111968155ab3234a66acd3d5a059e726e7381831827987ea2537,108995,ok,
data/flower_photos/dandelion/19622465055_2a62ebd504_m.jpg,data/flower_photos/dandelion/19622465055_2a62ebd504_m.jpg,dandelion,159,240,0.6625,RGB,JPEG,RGB,,a393232bd8e67d3b84c7bcc9c2adb57a17fcf9a954e0e321379a20b06003b551,17049,ok,
data/flower_photos/dandelion/19626311985_58f1a79da3.jpg,data/flower_photos/dandelion/19626311985_58f1a79da3.jpg,dandelion,500,333,1.5015015015015014,RGB,JPEG,RGB,,2c3c4085ed4f27267e28ba86c8fdc79046f505fd637fd12ab2a0a56f53d94739,90317,ok,
data/flower_photos/dandelion/19691175559_ef12b8b354_n.jpg,data/flower_photos/dandelion/19691175559_ef12b8b354_n.jpg,dandelion,320,240,1.3333333333333333,RGB,JPEG,RGB,,b6cfed0d87365630eac4ef89e00860c52864e8871f5a6dc8ba39bd1e8c3282e0,22953,ok,
data/flower_photos/dandelion/19812060274_c432f603db.jpg,data/flower_photos/dandelion/19812060274_c432f603db.jpg,dandelion,500,274,1.8248175182481752,RGB,JPEG,RGB,,fbda2a4d926c1c3ec0f27fa4cbfd953a82b38a4a17de35c6a53ba23bd3e2b5d8,65570,ok,
data/flower_photos/dandelion/19961979110_fcd8092388_m.jpg,data/flower_photos/dandelion/19961979110_fcd8092388_m.jpg,dandelion,240,240,1.0,RGB,JPEG,RGB,,b687929f1fe93afe412e21f2a2409499393f603799da1b4d177596d158d9b8f4,16268,ok,
data/flower_photos/dandelion/20165867412_fc45d31698_m.jpg,data/flower_photos/dandelion/20165867412_fc45d31698_m.jpg,dandelion,240,240,1.0,RGB,JPEG,RGB,,da492792c8eca43fc6e31ab005b2182925bbb5ae3d6059c13c5546a9cded6ed2,20389,ok,
data/flower_photos/dandelion/2019520447_48b2354a20_m.jpg,data/flower_photos/dandelion/2019520447_48b2354a20_m.jpg,dandelion,240,240,1.0,RGB,JPEG,RGB,,057b9f1856e6c3ebeb8aa57c7d83a3eaae71984144accb16dbba167ce5f6d571,34019,ok,
data/flower_photos/dandelion/2039797043_d5b709f275_n.jpg,data/flower_photos/dandelion/2039797043_d5b709f275_n.jpg,dandelion,320,219,1.461187214611872,RGB,JPEG,RGB,,4bff2e842a5e89ebc5ab1fc1180befc6de6dd0dba322cf57da6723802ce8dd35,26210,ok,
data/flower_photos/dandelion/20456824132_b1c8fbfa41_m.jpg,data/flower_photos/dandelion/20456824132_b1c8fbfa41_m.jpg,dandelion,240,240,1.0,RGB,JPEG,RGB,,921e57f328a3c8ba9fd6eba977743fb7ae2197dc04cb76c0d03f21fbe66b2b94,19815,ok,
data/flower_photos/dandelion/20754920332_53b995fc63_n.jpg,data/flower_photos/dandelion/20754920332_53b995fc63_n.jpg,dandelion,320,240,1.3333333333333333,RGB,JPEG,RGB,,03e611c611bbaf5ed7a064cc613fe6137fd76ca91c1ef5769ea47ba3b6d41edb,31590,ok,
data/flower_photos/dandelion/2076141453_c63801962a_m.jpg,data/flower_photos/dandelion/2076141453_c63801962a_m.jpg,dandelion,180,240,0.75,RGB,JPEG,RGB,,a9540db531db4df2e48e442f435751e6b973a5348d6d1f229433ccab54255f09,24773,ok,
data/flower_photos/dandelion/20983660733_06b35b9eb8.jpg,data/flower_photos/dandelion/20983660733_06b35b9eb8.jpg,dandelion,500,332,1.5060240963855422,RGB,JPEG,RGB,,b2fa93d0a6a885799481daf7645db15ceab01e4fcdfeffb2fdbd59d26adb604b,47830,ok,
data/flower_photos/dandelion/2116997627_30fed84e53_m.jpg,data/flower_photos/dandelion/2116997627_30fed84e53_m.jpg,dandelion,180,240,0.75,RGB,JPEG,RGB,,07593a55728f7a5ae649f67cfb21a629f9596a1fec48393abaa0c3903a283b70,26479,ok,
data/flower_photos/dandelion/21195621914_a5bdbb203d.jpg,data/flower_photos/dandelion/21195621914_a5bdbb203d.jpg,dandelion,500,333,1.5015015015015014,RGB,JPEG,RGB,,f14a7aaee236ff728c867f0386d2e831af0fcc89a2b5e19ba07acd7a000df65e,65919,ok,
data/flower_photos/dandelion/2133943140_9fc7bcc9aa.jpg,data/flower_photos/dandelion/2133943140_9fc7bcc9aa.jpg,dandelion,500,375,1.3333333333333333,RGB,JPEG,RGB,,5e3d13996afa59a57a79df2d9fc8c043b1806465181c03734d6fd770a5983d67,178163,ok,
data/flower_photos/dandelion/21523597492_39b6765cd7_m.jpg,data/flower_photos/dandelion/21523597492_39b6765cd7_m.jpg,dandelion,225,240,0.9375,RGB,JPEG,RGB,,580d885e9c2d120db5b831a2ea6ec635aff6b1bafe4689c6f3d902f630848635,33834,ok,
data/flower_photos/dandelion/2161283279_02ea3ff8d4.jpg,data/flower_photos/dandelion/2161283279_02ea3ff8d4.jpg,dandelion,500,333,1.5015015015015014,RGB,JPEG,RGB,,d8f8fa74853b75d0650fbca8b59e00f718106e0f7283d79391107e3119500957,67584,ok,
data/flower_photos/dandelion/21657726011_2c94e341bc_n.jpg,data/flower_photos/dandelion/21657726011_2c94e341bc_n.jpg,dandelion,320,239,1.3389121338912133,RGB,JPEG,RGB,,1ee4d5ba13685c75b379407cdc32b9cbb6b1fac47219ab984df62e9a76238d0a,45843,ok,
data/flower_photos/dandelion/22190242684_8c3300d4e6.jpg,data/flower_photos/dandelion/22190242684_8c3300d4e6.jpg,dandelion,500,333,1.5015015015015014,RGB,JPEG,RGB,,e92799b3735212fcf30d9260027b0a6bc9ca7a855a200fda0ea76c369976114b,55645,ok,
data/flower_photos/dandelion/22196426956_eca94f6faa_m.jpg,data/flower_photos/dandelion/22196426956_eca94f6faa_m.jpg,dandelion,159,240,0.6625,RGB,JPEG,RGB,,6d6e99e23c6475aa5bf65d3c4a72505ba78cd756a59c4a88d5b13c8103d4333d,8177,ok,
data/flower_photos/dandelion/22274701614_901606ee34_n.jpg,data/flower_photos/dandelion/22274701614_901606ee34_n.jpg,dandelion,320,266,1.2030075187969924,RGB,JPEG,RGB,,8eb4b2412bcf61c77f3443625b315ad74dd0d66ac88d65658a09ec1f828ff958,24615,ok,
data/flower_photos/dandelion/2229906591_e953785d13.jpg,data/flower_photos/dandelion/2229906591_e953785d13.jpg,dandelion,500,375,1.3333333333333333,RGB,JPEG,RGB,,685b84bbcaf59a407dae5209a9733f4d7c23178b4953a3464e13edb74a7c9fbc,187209,ok,
data/flower_photos/dandelion/2257649769_deaf97e2c9_n.jpg,data/flower_photos/dandelion/2257649769_deaf97e2c9_n.jpg,dandelion,320,255,1.2549019607843137,RGB,JPEG,RGB,,875446b4767b9e48fb677bb493505981500f0ec33dc2dedeb13c6b60a8360b19,59621,ok,
data/flower_photos/dandelion/22679060358_561ec823ae_m.jpg,data/flower_photos/dandelion/22679060358_561ec823ae_m.jpg,dandelion,180,240,0.75,RGB,JPEG,RGB,,adc9978c16b80b0dd40be32a2e17cb690b079abe1e1d3fbe86fa480012797ea3,20289,ok,
data/flower_photos/dandelion/22785985545_95464115b0_m.jpg,data/flower_photos/dandelion/22785985545_95464115b0_m.jpg,dandelion,240,240,1.0,RGB,JPEG,RGB,,3fa5635c326c38851ef1b034e659a2479ab0c775c1a299a04dbbe331e7fe0231,23552,ok,
data/flower_photos/dandelion/2294126841_e478564e77_n.jpg,data/flower_photos/dandelion/2294126841_e478564e77_n.jpg,dandelion,320,240,1.3333333333333333,RGB,JPEG,RGB,,3cb1d1a70876a78c358931b0aa571fabfd46d906d271ac025a6b3dfb6ee62a08,38516,ok,
data/flower_photos/dandelion/2303491518_f25fee9440.jpg,data/flower_photos/dandelion/2303491518_f25fee9440.jpg,dandelion,500,333,1.5015015015015014,RGB,JPEG,RGB,,ff625e4e369a6818ac61448f7047cb2da78d6e4be98db47dfb2ecf78124a0926,76505,ok,
data/flower_photos/dandelion/23192507093_2e6ec77bef_n.jpg,data/flower_photos/dandelion/23192507093_2e6ec77bef_n.jpg,dandelion,320,213,1.5023474178403755,RGB,JPEG,RGB,,823437cde4a6ce62010b4b31d30ab8162a8fa7aac4cc5a01e7646b5562f138a7,31551,ok,
data/flower_photos/dandelion/2319777940_0cc5476b0d_n.jpg,data/flower_photos/dandelion/2319777940_0cc5476b0d_n.jpg,dandelion,320,240,1.3333333333333333,RGB,JPEG,RGB,,63ee7acf51de85b3e181c12caed4d05e34627362b66cf2c81632035dc8939172,34881,ok,
data/flower_photos/dandelion/2326334426_2dc74fceb1.jpg,data/flower_photos/dandelion/2326334426_2dc74fceb1.jpg,dandelion,500,333,1.5015015015015014,RGB,JPEG,RGB,,19bb2fe23f0926d10bf4be1cfffa780fd08d3055a45d40c14dd4259de3f52cae,118917,ok,
data/flower_photos/dandelion/2330339852_fbbdeb7306_n.jpg,data/flower_photos/dandelion/2330339852_fbbdeb7306_n.jpg,dandelion,320,259,1.2355212355212355,RGB,JPEG,RGB,,4c51969a6f3ad3652851dd253b427635a33f4208386f0a39f9e38c3b71a27cfd,26874,ok,
data/flower_photos/dandelion/2330343016_23acc484ee.jpg,data/flower_photos/dandelion/2330343016_23acc484ee.jpg,dandelion,500,333,1.5015015015015014,RGB,JPEG,RGB,,0077506c93eb7549eec0e620e75240f9b382dec1c924e4d72c1ce3aeb1ad649d,135263,ok,
data/flower_photos/dandelion/2335702923_decb9a860b_m.jpg,data/flower_photos/dandelion/2335702923_decb9a860b_m.jpg,dandelion,240,236,1.0169491525423728,RGB,JPEG,RGB,,4826276ce5fcddc25b892552714c367ee0c2216f8e6cb48da10df18a59480136,24391,ok,
data/flower_photos/dandelion/23414449869_ee849a80d4.jpg,data/flower_photos/dandelion/23414449869_ee849a80d4.jpg,dandelion,500,333,1.5015015015015014,RGB,JPEG,RGB,,1885dca2e39ea40ed6b0c141df3992770a5c8e78720438d042feef3b09f5eff0,75985,ok,
data/flower_photos/dandelion/23659122395_3467d88c02_n.jpg,data/flower_photos/dandelion/23659122395_3467d88c02_n.jpg,dandelion,320,240,1.3333333333333333,RGB,JPEG,RGB,,d1e84ac8a4f8b12385b19d8f74a3e13cec32dea5d65ffdf9fa1dd6ffcc0d0c11,48038,ok,
data/flower_photos/dandelion/2387025546_6aecb1b984_n.jpg,data/flower_photos/dandelion/2387025546_6aecb1b984_n.jpg,dandelion,320,240,1.3333333333333333,RGB,JPEG,RGB,,e9abe333d4f62dc59bb3a60f5cc2425f9bf91a2a7923a3bc3537e4386ab5acf9,36862,ok,
data/flower_photos/dandelion/23891393761_155af6402c.jpg,data/flower_photos/dandelion/23891393761_155af6402c.jpg,dandelion,500,333,1.5015015015015014,RGB,JPEG,RGB,,20e3c7324089730b54a1f88ea29822d1743e106bb7ac82980bbf4a454607af3c,81979,ok,
data/flower_photos/dandelion/2389720627_8923180b19.jpg,data/flower_photos/dandelion/2389720627_8923180b19.jpg,dandelion,500,333,1.5015015015015014,RGB,JPEG,RGB,,32bc8c4cb71e32efab3b7705ab410f0556fb0fffa45bd958028ded9da4138ac4,96735,ok,
data/flower_photos/dandelion/2392273474_a64cef0eaf_n.jpg,data/flower_photos/dandelion/2392273474_a64cef0eaf_n.jpg,dandelion,320,240,1.3333333333333333,RGB,JPEG,RGB,,2140f2102c4a353a1a60eb6f2b959f3005e2aa4b86bf608e9e8f135a1e03646b,30721,ok,
data/flower_photos/dandelion/2395009660_295c8ffd67_m.jpg,data/flower_photos/dandelion/2395009660_295c8ffd67_m.jpg,dandelion,240,221,1.085972850678733,RGB,JPEG,RGB,,4a3206a85dd97b32cdf582bedb75a6dd901a3ad4302f01e36f9c6f2dc4e473c2,16901,ok,
data/flower_photos/dandelion/2401343175_d2a892cf25_n.jpg,data/flower_photos/dandelion/2401343175_d2a892cf25_n.jpg,dandelion,320,256,1.25,RGB,JPEG,RGB,,d476baab6d18375829379c3353710aa48f4a39159ee7f61998d1f3d8257a0f85,41241,ok,
data/flower_photos/dandelion/2443192475_c64c66d9c2.jpg,data/flower_photos/dandelion/2443192475_c64c66d9c2.jpg,dandelion,500,312,1.6025641025641026,RGB,JPEG,RGB,,abd2e72d7119b1156c6da9f66cabdf0ff550fc560d75e96386d5f07df693cb37,111548,ok,
data/flower_photos/dandelion/2444241718_3ca53ce921.jpg,data/flower_photos/dandelion/2444241718_3ca53ce921.jpg,dandelion,500,333,1.5015015015015014,RGB,JPEG,RGB,,a52058e8fd8c4a52ce12cae3dd2f88f40cd8dc5a7314c7dcc7a0d113cee5984d,86030,ok,
data/flower_photos/dandelion/2449852402_45d12b9875_n.jpg,data/flower_photos/dandelion/2449852402_45d12b9875_n.jpg,dandelion,320,240,1.3333333333333333,RGB,JPEG,RGB,,8ba25c28219206aa6e495c94a62952af136f245ea5a700bfa54cd748702f245c,41372,ok,
data/flower_photos/dandelion/2453532367_fc373df4de.jpg,data/flower_photos/dandelion/2453532367_fc373df4de.jpg,dandelion,500,333,1.5015015015015014,RGB,JPEG,RGB,,01826cffc20f0a9c4ae862deb2839a8fd9b2aa39656ec47cab08fc8ae071d811,129973,ok,
data/flower_photos/dandelion/2457473644_5242844e52_m.jpg,data/flower_photos/dandelion/2457473644_5242844e52_m.jpg,dandelion,240,240,1.0,RGB,JPEG,RGB,,1408d8f47bbe7e284d17233679db9313ed8c7aa19bc96c2510ff6739a00be25b,22626,ok,
data/flower_photos/dandelion/2462379970_6bd5560f4c_m.jpg,data/flower_photos/dandelion/2462379970_6bd5560f4c_m.jpg,dandelion,186,240,0.775,RGB,JPEG,RGB,,d8817cf2233bcc17b90d4af8acc00f08c036fc26afbf6faebe8de432261513c9,38052,ok,
data/flower_photos/dandelion/2462476884_58c617b26a.jpg,data/flower_photos/dandelion/2462476884_58c617b26a.jpg,dandelion,500,265,1.8867924528301887,RGB,JPEG,RGB,,ba978d6a38d70d5078c19be3568c8e8e393ca4e83bc7cba7580588980603aa29,45562,ok,
data/flower_photos/dandelion/2465442759_d4532a57a3.jpg,data/flower_photos/dandelion/2465442759_d4532a57a3.jpg,dandelion,500,375,1.3333333333333333,RGB,JPEG,RGB,,248b124f02bf2e24b7f515a6e75adee34ca9bf15ea90ec40a3158edaeebb6de7,168549,ok,
data/flower_photos/dandelion/2465573725_d78caca9d4_n.jpg,data/flower_photos/dandelion/2465573725_d78caca9d4_n.jpg,dandelion,320,257,1.245136186770428,RGB,JPEG,RGB,,c084de2721f2c2985afe29b6ab03131a11ac935eeb4ecee0f82543121eb62100,28521,ok,
data/flower_photos/dandelion/2467980325_237b14c737_m.jpg,data/flower_photos/dandelion/2467980325_237b14c737_m.jpg,dandelion,180,240,0.75,RGB,JPEG,RGB,,247dd86eb422471ece7247b2a28338b448a53e5cd60dd88360483f52c6531083,18796,ok,
data/flower_photos/dandelion/2469856983_fe8e36ba57.jpg,data/flower_photos/dandelion/2469856983_fe8e36ba57.jpg,dandelion,500,333,1.5015015015015014,RGB,JPEG,RGB,,36f8aec772a7454b08785d88dc0d25ace8a8ffa5396dd0a5361837d8e2c9fa03,95326,ok,
data/flower_photos/dandelion/2470731130_089b8514f6_n.jpg,data/flower_photos/dandelion/2470731130_089b8514f6_n.jpg,dandelion,320,260,1.2307692307692308,RGB,JPEG,RGB,,f1dbf8f15b7e06026e8c4d6bbe180080116b388333025187ed028a99d6b2f7f2,24251,ok,
data/flower_photos/dandelion/2470874500_43d8011e75.jpg,data/flower_photos/dandelion/2470874500_43d8011e75.jpg,dandelion,500,333,1.5015015015015014,RGB,JPEG,RGB,,b2ab449f4f9ba6291eca1bc695a13563baa285a6c439a1ae0a256b0665abe276,81684,ok,
data/flower_photos/dandelion/2472641499_cbe617a93d.jpg,data/flower_photos/dandelion/2472641499_cbe617a93d.jpg,dandelion,500,333,1.5015015015015014,RGB,JPEG,RGB,,9bf8f47bf67d9782a0472f25c2165b3e738d9bbbf6f01c62342f7b6506b75079,91710,ok,
data/flower_photos/dandelion/2473862606_291ae74885.jpg,data/flower_photos/dandelion/2473862606_291ae74885.jpg,dandelion,500,301,1.6611295681063123,RGB,JPEG,RGB,,cf8e6a5d6c17fb0e6efcfdb6455b407d1f3a970fb4ba752bc9d5be73ef668e82,59227,ok,
data/flower_photos/dandelion/2476098674_e6f39536f5_n.jpg,data/flower_photos/dandelion/2476098674_e6f39536f5_n.jpg,dandelion,320,222,1.4414414414414414,RGB,JPEG,RGB,,bc1d2f2c03cdfa835ee7ef0d6499aa46eab230946e261209d8653308e614e6a6,28918,ok,
data/flower_photos/dandelion/2477231067_3aecef1bf8_n.jpg,data/flower_photos/dandelion/2477231067_3aecef1bf8_n.jpg,dandelion,320,240,1.3333333333333333,RGB,JPEG,RGB,,735b8b2f93952eabe01d817131492ad63dd2ffdc16335c88c40753f320573ed0,61988,ok,
data/flower_photos/dandelion/2477986396_19da36d557_m.jpg,data/flower_photos/dandelion/2477986396_19da36d557_m.jpg,dandelion,191,240,0.7958333333333333,RGB,JPEG,RGB,,1edfda05cc8739e657f0b82b923dfae51e7c645a15ff08fb418852a33aca70ea,17475,ok,
data/flower_photos/dandelion/2478018280_1be353ca8c_m.jpg,data/flower_photos/dandelion/2478018280_1be353ca8c_m.jpg,dandelion,240,240,1.0,RGB,JPEG,RGB,,24f78ed411abf867e90ff19e8495301a6fb48bbc98513fe166b9d3ff2c0a2fac,33041,ok,
data/flower_photos/dandelion/2479491210_98e41c4e7d_m.jpg,data/flower_photos/dandelion/2479491210_98e41c4e7d_m.jpg,dandelion,180,240,0.75,RGB,JPEG,RGB,,85cb8613ff6997a3103427e1ffdb515fde38fd9630b72dd7753df5a5015f24c8,13894,ok,
data/flower_photos/dandelion/2480853696_aacdbb5324.jpg,data/flower_photos/dandelion/2480853696_aacdbb5324.jpg,dandelion,500,341,1.466275659824047,RGB,JPEG,RGB,,cdc1da52695603897e72a3a13fb61deb5af06860cb968aa0dd1ab931c61e4f5a,71386,ok,
data/flower_photos/dandelion/2481428401_bed64dd043.jpg,data/flower_photos/dandelion/2481428401_bed64dd043.jpg,dandelion,500,335,1.492537313432836,RGB,JPEG,RGB,,03943483fcab07396ab35db0e9f859aab553165bad1253c146ffb82c73102aee,150100,ok,
data/flower_photos/dandelion/2489438981_4eb60ef98f_m.jpg,data/flower_photos/dandelion/2489438981_4eb60ef98f_m.jpg,dandelion,171,240,0.7125,RGB,JPEG,RGB,,bc59360039f9bb0839c510755963b24974a4abec5f8d606485bc4e74b2dfa5db,28156,ok,
data/flower_photos/dandelion/2490828907_5094017933_m.jpg,data/flower_photos/dandelion/2490828907_5094017933_m.jpg,dandelion,240,240,1.0,RGB,JPEG,RGB,,6819629c1033635da9ef2a0f2932cb3814d4c4ebb210ffe543ffc282ba7f6b62,39406,ok,
data/flower_photos/dandelion/2494436687_775402e0aa.jpg,data/flower_photos/dandelion/2494436687_775402e0aa.jpg,dandelion,500,333,1.5015015015015014,RGB,JPEG,RGB,,26606684d421617fa1c26ff0c2cee409d71c50e36290bb9ed5456936a1243842,85953,ok,
data/flower_photos/dandelion/2495749544_679dc7ccef.jpg,data/flower_photos/dandelion/2495749544_679dc7ccef.jpg,dandelion,500,332,1.5060240963855422,RGB,JPEG,RGB,,0e5fa4118f5100b4a333168e1180e812b4887f4922cc9a9d901dab25f37410a2,101694,ok,
data/flower_photos/dandelion/2497301920_91490c42c0.jpg,data/flower_photos/dandelion/2497301920_91490c42c0.jpg,dandelion,500,359,1.392757660167131,RGB,JPEG,RGB,,e7f93d4be67ba6984a1156fb7a2210cee58ffafebece69cc0afa40949beb175c,86899,ok,
data/flower_photos/dandelion/2502610598_b9f1b55ebd_n.jpg,data/flower_photos/dandelion/2502610598_b9f1b55ebd_n.jpg,dandelion,320,240,1.3333333333333333,RGB,JPEG,RGB,,1daf0269582d31d4d689cd770d22bcddc2244b47be9525e34b9328bd6e7ac5dd,29959,ok,
data/flower_photos/dandelion/2502613166_2c231b47cb_n.jpg,data/flower_photos/dandelion/2502613166_2c231b47cb_n.jpg,dandelion,320,240,1.3333333333333333,RGB,JPEG,RGB,,05333f1dd25d0effae9c44aa3603b5d5c45cb65e2420baa45205749780cdf79a,26319,ok,
data/flower_photos/dandelion/2502627784_4486978bcf.jpg,data/flower_photos/dandelion/2502627784_4486978bcf.jpg,dandelion,500,333,1.5015015015015014,RGB,JPEG,RGB,,08ee4f5f03ad8cd2fa868ea33be1cd3ab0bc6ade0bfb9175d896295e17acb81d,74404,ok,
data/flower_photos/dandelion/2503034372_db7867de51_m.jpg,data/flower_photos/dandelion/2503034372_db7867de51_m.jpg,dandelion,207,240,0.8625,RGB,JPEG,RGB,,f607f47ac8909a50362fe371ed0c2b9bca6e4a5ce5acb040b03171a2210e73af,15327,ok,
data/flower_photos/dandelion/2503875867_2075a9225d_m.jpg,data/flower_photos/dandelion/2503875867_2075a9225d_m.jpg,dandelion,240,240,1.0,RGB,JPEG,RGB,,d78bf6430f44b1ff2e77c5f1376369c848d2ae966075fbe03fb9370dec25cb4a,22525,ok,
data/flower_photos/dandelion/2512148749_261fa9d156.jpg,data/flower_photos/dandelion/2512148749_261fa9d156.jpg,dandelion,500,375,1.3333333333333333,RGB,JPEG,RGB,,7b464c3551e86b71440c54c8abd56aea92e6d743308353e8046af4638e73e8d6,142986,ok,
data/flower_photos/dandelion/2512977446_ac498955ee.jpg,data/flower_photos/dandelion/2512977446_ac498955ee.jpg,dandelion,500,375,1.3333333333333333,RGB,JPEG,RGB,,26e6bb703b67749c8a8f26c118a2be3eddf1765af2a89aad77ebcbb89e41b24c,116662,ok,
data/flower_photos/dandelion/2516714633_87f28f0314.jpg,data/flower_photos/dandelion/2516714633_87f28f0314.jpg,dandelion,500,334,1.4970059880239521,RGB,JPEG,RGB,,25b910ee4c9a9b137c36e349464619a9467b364bbe333fa2eeb33f2927a49e24,94523,ok,
data/flower_photos/dandelion/2517777524_e871ec5291_m.jpg,data/flower_photos/dandelion/2517777524_e871ec5291_m.jpg,dandelion,159,240,0.6625,RGB,JPEG,RGB,,df3d93a9f7080e36a48ad4082397698b646e4e81f2e5cbda77ca4803e1a7854a,17388,ok,
data/flower_photos/dandelion/2518321294_dde5aa7c20_m.jpg,data/flower_photos/dandelion/2518321294_dde5aa7c20_m.jpg,dandelion,240,238,1.0084033613445378,RGB,JPEG,RGB,,c66010ac4f3b9bf4a3aa15ac001955d4b9302d48bcc67b56d22be530f3dd4995,19274,ok,
data/flower_photos/dandelion/2521811279_1f7fc353bf_n.jpg,data/flower_photos/dandelion/2521811279_1f7fc353bf_n.jpg,dandelion,320,240,1.3333333333333333,RGB,JPEG,RGB,,ad67456cf766a3500e967364e88a2967426697f7992cc30c78b19d030c09ecad,21455,ok,
data/flower_photos/dandelion/2521827947_9d237779bb_n.jpg,data/flower_photos/dandelion/2521827947_9d237779bb_n.jpg,dandelion,320,240,1.3333333333333333,RGB,JPEG,RGB,,7424a97a0be1c5ccb897f22d28340152c8289eb9c9be84dc957c04647cb28b6a,23040,ok,
data/flower_photos/dandelion/2522454811_f87af57d8b.jpg,data/flower_photos/dandelion/2522454811_f87af57d8b.jpg,dandelion,500,333,1.5015015015015014,RGB,JPEG,RGB,,8c5cee314df29fbb733684fe3eeaae407f11b86f336e641df72a61820d1946a7,63887,ok,
data/flower_photos/dandelion/2535727910_769c020c0d_n.jpg,data/flower_photos/dandelion/2535727910_769c020c0d_n.jpg,dandelion,320,254,1.2598425196850394,RGB,JPEG,RGB,,86c8207bf2f7c4c9e665fc2c81895193b4a8b2286fb821a8f521645346360299,33071,ok,
data/flower_photos/dandelion/2535769822_513be6bbe9.jpg,data/flower_photos/dandelion/2535769822_513be6bbe9.jpg,dandelion,441,390,1.1307692307692307,RGB,JPEG,RGB,,80f6454f1400e0904d2dd629693b0e12d94ddfff4bbc15ab5cc11922e3d42f41,85011,ok,
data/flower_photos/dandelion/253622055_d72964a7fd_n.jpg,data/flower_photos/dandelion/253622055_d72964a7fd_n.jpg,dandelion,320,240,1.3333333333333333,RGB,JPEG,RGB,,ff11010df33a0131755f7ba92454247a6e85b99545a406962f0ba116860bfcc7,25018,ok,
data/flower_photos/dandelion/2538797744_deb53ac253.jpg,data/flower_photos/dandelion/2538797744_deb53ac253.jpg,dandelion,500,333,1.5015015015015014,RGB,JPEG,RGB,,cff463008b7407e8cf4b60f4706ca3b15a11414b10d6bec5469502101b26c3db,67770,ok,
data/flower_photos/dandelion/2540640433_dedd577263.jpg,data/flower_photos/dandelion/2540640433_dedd577263.jpg,dandelion,500,333,1.5015015015015014,RGB,JPEG,RGB,,beaee927860b7170f10241a5b4c94dde3530d0c8251cb550514d73bad1a81d8e,129962,ok,
data/flower_photos/dandelion/2542908888_25a1c78ff0.jpg,data/flower_photos/dandelion/2542908888_25a1c78ff0.jpg,dandelion,500,331,1.5105740181268883,RGB,JPEG,RGB,,29ab26301e8e6af7c481b0c4c9ce4afbcc16d4f1a6d7755c7a236073adc050a2,119254,ok,
data/flower_photos/dandelion/2553703483_558d12668c_n.jpg,data/flower_photos/dandelion/2553703483_558d12668c_n.jpg,dandelion,320,259,1.2355212355212355,RGB,JPEG,RGB,,9196a21770b074ed1900de35667364caba178ce95a3e667be61c53d333e79aea,36285,ok,
data/flower_photos/dandelion/2569516382_9fd7097b9b.jpg,data/flower_photos/dandelion/2569516382_9fd7097b9b.jpg,dandelion,500,281,1.7793594306049823,RGB,JPEG,RGB,,febaae98dcb592bc875ce0a4244bed7b1019fdce464f3d3d53b0583c5e9642be,139127,ok,
data/flower_photos/dandelion/2596413098_7ef69b7e1d_m.jpg,data/flower_photos/dandelion/2596413098_7ef69b7e1d_m.jpg,dandelion,239,240,0.9958333333333333,RGB,JPEG,RGB,,c180d9b24480fc8567020e6cb0a6c2a320f15c64025cc4f0639c39fbfdd30e91,20954,ok,
data/flower_photos/dandelion/2597655841_07fb2955a4.jpg,data/flower_photos/dandelion/2597655841_07fb2955a4.jpg,dandelion,500,333,1.5015015015015014,RGB,JPEG,RGB,,5213a9f8a262e89f369c550c26543c5aa9de4ae77ee7fab76ceaab3ec542c2a6,66491,ok,
data/flower_photos/dandelion/2598486434_bf349854f2_m.jpg,data/flower_photos/dandelion/2598486434_bf349854f2_m.jpg,dandelion,159,240,0.6625,RGB,JPEG,RGB,,3467c630687412083dac56e59686df75d719e0fb3c8290d462fbfd5a243e8a5f,10545,ok,
data/flower_photos/dandelion/2600382379_5791b0b35a_m.jpg,data/flower_photos/dandelion/2600382379_5791b0b35a_m.jpg,dandelion,240,240,1.0,RGB,JPEG,RGB,,d6e3118e497aa8bf3b309a9ab9e175e20c8870dbf45068256d7dbad637f66b90,24031,ok,
data/flower_photos/dandelion/2608937632_cfd93bc7cd.jpg,data/flower_photos/dandelion/2608937632_cfd93bc7cd.jpg,dandelion,500,334,1.4970059880239521,RGB,JPEG,RGB,,9613d6b47547f99500dd58f52bdb919bca151864e6ccaf02bb7010a4e5a7510a,69808,ok,
data/flower_photos/dandelion/2620243133_e801981efe_n.jpg,data/flower_photos/dandelion/2620243133_e801981efe_n.jpg,dandelion,320,225,1.4222222222222223,RGB,JPEG,RGB,,8e0500637d21b6adf519fd89410b9953eb940fe1b134a2f8937240fad931b5bd,38135,ok,
data/flower_photos/dandelion/2622697182_ea4aff29dd_n.jpg,data/flower_photos/dandelion/2622697182_ea4aff29dd_n.jpg,dandelion,320,240,1.3333333333333333,RGB,JPEG,RGB,,00b3bee22dc670ec79a18c524d920c781814af30bfda8332737a298f39921ce2,25954,ok,
data/flower_photos/dandelion/2625836599_03e192266f.jpg,data/flower_photos/dandelion/2625836599_03e192266f.jpg,dandelion,500,333,1.5015015015015014,RGB,JPEG,RGB,,6895b3323461f0627a2c19365605d10027c765bd78813e5935910d94d95e368a,73984,ok,
data/flower_photos/dandelion/2628514700_b6d5325797_n.jpg,data/flower_photos/dandelion/2628514700_b6d5325797_n.jpg,dandelion,320,213,1.5023474178403755,RGB,JPEG,RGB,,944923d0b08f36910f5445e44385a2a2f5b39296fdb33e81dece1c1d9179521d,24617,ok,
data/flower_photos/dandelion/2634665077_597910235f_m.jpg,data/flower_photos/dandelion/2634665077_597910235f_m.jpg,dandelion,159,240,0.6625,RGB,JPEG,RGB,,2a01071c2cc1d66ed09efbd4231a758bd946c9ef1944d1b8a0b5166e7d78629c,7657,ok,
data/flower_photos/dandelion/2634666217_d5ef87c9f7_m.jpg,data/flower_photos/dandelion/2634666217_d5ef87c9f7_m.jpg,dandelion,159,240,0.6625,RGB,JPEG,RGB,,cb27bd67578a1229a01f91d7d7289e4794710af9f6202df839b08ab4948980d3,17634,ok,
data/flower_photos/dandelion/2635422362_a1bf641547_m.jpg,data/flower_photos/dandelion/2635422362_a1bf641547_m.jpg,dandelion,240,240,1.0,RGB,JPEG,RGB,,c56f90bd12595a02d4f1d1716d319e1785bbc7303315b66bbd5894fbc9a814f2,40021,ok,
data/flower_photos/dandelion/2637883118_cf6ce37be4_n.jpg,data/flower_photos/dandelion/2637883118_cf6ce37be4_n.jpg,dandelion,320,240,1.3333333333333333,RGB,JPEG,RGB,,75ab469aed5a8fcf28dfc3f60c9a1bd1d0d812bccc446ce1c4bf5b90f9059e44,34942,ok,
data/flower_photos/dandelion/2661585172_94707236be_m.jpg,data/flower_photos/dandelion/2661585172_94707236be_m.jpg,dandelion,231,240,0.9625,RGB,JPEG,RGB,,3e447878d68178a921fe7305963df08553922a23b3509f715bb49f53142097e5,28431,ok,
data/flower_photos/dandelion/2670304799_a3f2eef516_m.jpg,data/flower_photos/dandelion/2670304799_a3f2eef516_m.jpg,dandelion,168,240,0.7,RGB,JPEG,RGB,,bc25f3fa2a775c22ccc83595f4440ac18198f193e01ff5afb3a0c95f77cd038f,10755,ok,
data/flower_photos/dandelion/2674176237_e265ea64cc_n.jpg,data/flower_photos/dandelion/2674176237_e265ea64cc_n.jpg,dandelion,320,240,1.3333333333333333,RGB,JPEG,RGB,,7ef7ee07f9254ba4e42ece7616288e06ec50e466b5be4a98161616be03707ec9,46732,ok,
data/flower_photos/dandelion/2683330456_0f7bbce110_m.jpg,data/flower_photos/dandelion/2683330456_0f7bbce110_m.jpg,dandelion,240,213,1.1267605633802817,RGB,JPEG,RGB,,a96d21754160d039a4767d026dc4234e366acf756627512ec1092ca7207326eb,25814,ok,
data/flower_photos/dandelion/2693136371_dde2570813.jpg,data/flower_photos/dandelion/2693136371_dde2570813.jpg,dandelion,500,271,1.845018450184502,RGB,JPEG,RGB,,3af625b1ed70331b465c2405e0bfc2ac629c320a5e5e4aed3d64cf577a22d1f5,77029,ok,
data/flower_photos/dandelion/2697283969_c1f9cbb936.jpg,data/flower_photos/dandelion/2697283969_c1f9cbb936.jpg,dandelion,500,425,1.1764705882352942,RGB,JPEG,RGB,,c48ded443f5e63aec3083908d38f1abc825c8441ab1658eb1d0ceff9f8fedc0b,121222,ok,
data/flower_photos/dandelion/2698102820_f15445a3f7.jpg,data/flower_photos/dandelion/2698102820_f15445a3f7.jpg,dandelion,500,372,1.3440860215053763,RGB,JPEG,RGB,,55f866e6880ae13074da1f27f048a6db3639781e126fbe93cc6433282aa5f686,114937,ok,
data/flower_photos/dandelion/2753166154_0cb51a127b.jpg,data/flower_photos/dandelion/2753166154_0cb51a127b.jpg,dandelion,500,333,1.5015015015015014,RGB,JPEG,RGB,,98756db7bcb2658b60e29e69d52b513870c2e2f380b5044fa5fe96861dcf2e91,109550,ok,
data/flower_photos/dandelion/2780702427_312333ef33.jpg,data/flower_photos/dandelion/2780702427_312333ef33.jpg,dandelion,500,374,1.3368983957219251,RGB,JPEG,RGB,,af906847a1a868262400528b48f195cb37ac98f465bfce2431e2b35cd53fe0a3,111574,ok,
data/flower_photos/dandelion/2831102668_eb65cd40b9_n.jpg,data/flower_photos/dandelion/2831102668_eb65cd40b9_n.jpg,dandelion,320,213,1.5023474178403755,RGB,JPEG,RGB,,465115f96981cb4b681b2852cf1f2fdb172422decef4fdccb4ab7065543f57a3,25059,ok,
data/flower_photos/dandelion/284497199_93a01f48f6.jpg,data/flower_photos/dandelion/284497199_93a01f48f6.jpg,dandelion,500,333,1.5015015015015014,RGB,JPEG,RGB,,e5f370b2be42cb5057062889d66b0fe2377bc149daa918fb00069bc0296be2d2,71781,ok,
data/flower_photos/dandelion/284497233_c19801752c.jpg,data/flower_photos/dandelion/284497233_c19801752c.jpg,dandelion,500,333,1.5015015015015014,RGB,JPEG,RGB,,f65f4d4aedbfc73d32cd0ffd85cff08079c7574b42a50f41ec295da49a59a15b,69867,ok,
data/flower_photos/dandelion/2938040169_eb38581359.jpg,data/flower_photos/dandelion/2938040169_eb38581359.jpg,dandelion,500,334,1.4970059880239521,RGB,JPEG,RGB,,2d6f82a7d45618714728f41d1edbe60aa67e52369979f54eb05678fd35340122,57270,ok,
data/flower_photos/dandelion/2963905796_227d37ff12.jpg,data/flower_photos/dandelion/2963905796_227d37ff12.jpg,dandelion,500,333,1.5015015015015014,RGB,JPEG,RGB,,2edd86fc62ee03997287e86fa4a565166340940a894520bb44cedb9fe4060efc,97587,ok,
data/flower_photos/dandelion/2995221296_a6ddaccc39.jpg,data/flower_photos/dandelion/2995221296_a6ddaccc39.jpg,dandelion,500,339,1.4749262536873156,RGB,JPEG,RGB,,41121db498904c373664ff74b1a2f8bfb7b7a8bee5984391bdf4866f88d6fc9a,153753,ok,
data/flower_photos/dandelion/3005677730_2662753d3f_m.jpg,data/flower_photos/dandelion/3005677730_2662753d3f_m.jpg,dandelion,240,223,1.0762331838565022,RGB,JPEG,RGB,,5962ec1d291e0cc0252f347c2441cb0cf299b513d5281402270b8c73bcaaba4f,37681,ok,
data/flower_photos/dandelion/3021333497_b927cd8596.jpg,data/flower_photos/dandelion/3021333497_b927cd8596.jpg,dandelion,500,334,1.4970059880239521,RGB,JPEG,RGB,,5f26992b575e9cdab11d76239da10e169a6964227cbebc1c89731f9642d269d6,46078,ok,
data/flower_photos/dandelion/3149809654_6a4b31314d_n.jpg,data/flower_photos/dandelion/3149809654_6a4b31314d_n.jpg,dandelion,320,240,1.3333333333333333,RGB,JPEG,RGB,,ce6c772bdc349edc14e6652d4025d43bf87734b53b5e4ad24152afc850739c43,38401,ok,
data/flower_photos/dandelion/315645471_dda66c6338_m.jpg,data/flower_photos/dandelion/315645471_dda66c6338_m.jpg,dandelion,180,240,0.75,RGB,JPEG,RGB,,0e63caef3567fbcfa686736cec4f8ea6971f1709e9d85df648412a40478201a2,14834,ok,
data/flower_photos/dandelion/3198028825_fdfaa1d020.jpg,data/flower_photos/dandelion/3198028825_fdfaa1d020.jpg,dandelion,500,375,1.3333333333333333,RGB,JPEG,RGB,,368cf42a8e8129ab6e137137fb5d67caaf3333447503b762d1a6db7951fe5cdd,80259,ok,
data/flower_photos/dandelion/3297108443_0393d04dfc_m.jpg,data/flower_photos/dandelion/3297108443_0393d04dfc_m.jpg,dandelion,240,240,1.0,RGB,JPEG,RGB,,b0b739e767b723ed54b922e5b6d9ddd89f1f492f99e837c66249f37dbf6750da,12855,ok,
data/flower_photos/dandelion/3357432116_b3dce6fed3_n.jpg,data/flower_photos/dandelion/3357432116_b3dce6fed3_n.jpg,dandelion,320,241,1.3278008298755186,RGB,JPEG,RGB,,a08a9e963d7b1af6528b6838e26c6f717c4f08f47c25c59e26f16f49a34e611c,40953,ok,
data/flower_photos/dandelion/3365850019_8158a161a8_n.jpg,data/flower_photos/dandelion/3365850019_8158a161a8_n.jpg,dandelion,320,240,1.3333333333333333,RGB,JPEG,RGB,,aa3a8840f7c377ddd5013884bec76642f37b497692d8ac16bf3cc0f11b315fc9,31520,ok,
data/flower_photos/dandelion/3372748508_e5a4eacfcb_n.jpg,data/flower_photos/dandelion/3372748508_e5a4eacfcb_n.jpg,dandelion,320,240,1.3333333333333333,RGB,JPEG,RGB,,2bc3d54e62dd4c5a2ec1a3dd0bdbb42d71999311fb320902f21d88ccbcc796c6,57577,ok,
data/flower_photos/dandelion/3383422012_6c9d83671f_n.jpg,data/flower_photos/dandelion/3383422012_6c9d83671f_n.jpg,dandelion,320,213,1.5023474178403755,RGB,JPEG,RGB,,00402913d4eb328cae5f607d181c59b9f14628119e4a9f3d17392df1327ec9c1,35210,ok,
data/flower_photos/dandelion/3393060921_2328b752f4.jpg,data/flower_photos/dandelion/3393060921_2328b752f4.jpg,dandelion,500,334,1.4970059880239521,RGB,JPEG,RGB,,31a57d35b9f818d3952c72365af65d8a733568fc9b6556e3755c714703fbe9d2,92597,ok,
data/flower_photos/dandelion/3393564906_f2df184b76_n.jpg,data/flower_photos/dandelion/3393564906_f2df184b76_n.jpg,dandelion,320,240,1.3333333333333333,RGB,JPEG,RGB,,717e0361acc198557b756df41b59941f81b95440b2e990674db36fb1e021498a,37374,ok,
data/flower_photos/dandelion/3398195641_456872b48b_n.jpg,data/flower_photos/dandelion/3398195641_456872b48b_n.jpg,dandelion,320,213,1.5023474178403755,RGB,JPEG,RGB,,4e0abbe640badf19550268b02e8b7b4b25555f96b02009f2c369e41137d6a98d,19927,ok,
data/flower_photos/dandelion/340190928_d77bf4d615.jpg,data/flower_photos/dandelion/340190928_d77bf4d615.jpg,dandelion,500,375,1.3333333333333333,RGB,JPEG,RGB,,1f0830b5a3d52876d344e3b70aec885fb154ddadb6dc4b68065f0d37246af65b,121601,ok,
data/flower_photos/dandelion/3418355347_2bdcca592a.jpg,data/flower_photos/dandelion/3418355347_2bdcca592a.jpg,dandelion,500,333,1.5015015015015014,RGB,JPEG,RGB,,dcb04b2ff84824396ce55883136aa1f9569a8c95e40094b9fd51f1ebb75dba18,112728,ok,
data/flower_photos/dandelion/3419166382_a5e4b8fe6d_m.jpg,data/flower_photos/dandelion/3419166382_a5e4b8fe6d_m.jpg,dandelion,240,240,1.0,RGB,JPEG,RGB,,47136deed257c20038ff36bdafa3366de12b1ed0aa059597f4d36b5c2dabc23b,25785,ok,
data/flower_photos/dandelion/3419172904_7708414ae9_n.jpg,data/flower_photos/dandelion/3419172904_7708414ae9_n.jpg,dandelion,320,212,1.509433962264151,RGB,JPEG,RGB,,3473ab8683b9c6490051315f86ba2f1f8b8238ccaa80e3d9ea806c66b7f6906e,29645,ok,
data/flower_photos/dandelion/3419176626_512811d3ff.jpg,data/flower_photos/dandelion/3419176626_512811d3ff.jpg,dandelion,500,332,1.5060240963855422,RGB,JPEG,RGB,,4a92f18cb80fc10734283435261210539bc7573b0381084cdd1d95437c624af3,115067,ok,
data/flower_photos/dandelion/344318990_7be3fb0a7d.jpg,data/flower_photos/dandelion/344318990_7be3fb0a7d.jpg,dandelion,500,375,1.3333333333333333,RGB,JPEG,RGB,,794d90c775e0d0a7bc0c2a25b0031d52033d042db05e0bc237678b7117f9dbbd,126618,ok,
data/flower_photos/dandelion/3446018470_0c40e73ed6_m.jpg,data/flower_photos/dandelion/3446018470_0c40e73ed6_m.jpg,dandelion,240,218,1.1009174311926606,RGB,JPEG,RGB,,df93bca62e0ad33610ceef216e98880663f460dce9232fb455fb0744b2244a34,16877,ok,
data/flower_photos/dandelion/3451079245_2139200d66_n.jpg,data/flower_photos/dandelion/3451079245_2139200d66_n.jpg,dandelion,320,240,1.3333333333333333,RGB,JPEG,RGB,,145acd79ea3fc8643d547ccae0bd0659fdfa325dc5fc6daa533e1acea8c15e77,31438,ok,
data/flower_photos/dandelion/3451637528_b245144675_n.jpg,data/flower_photos/dandelion/3451637528_b245144675_n.jpg,dandelion,320,240,1.3333333333333333,RGB,JPEG,RGB,,4f5515c6b5f71a283bd7c365ae50319a00ccb2c7d0c85674b9b6dcfa74dd7c8d,49705,ok,
data/flower_photos/dandelion/3451646670_3eff7094b7_n.jpg,data/flower_photos/dandelion/3451646670_3eff7094b7_n.jpg,dandelion,320,240,1.3333333333333333,RGB,JPEG,RGB,,382912164b3943b94211c5a0ad2126dd552732105adf13f2d7239ebf33c64baf,46821,ok,
data/flower_photos/dandelion/3454102259_957ecd0a9b.jpg,data/flower_photos/dandelion/3454102259_957ecd0a9b.jpg,dandelion,500,344,1.4534883720930232,RGB,JPEG,RGB,,60cac0b930e5b4afb9ff92d1a4c0977e8f433b3594b85987bc90cdb8191197be,72849,ok,
data/flower_photos/dandelion/3458770076_17ed3a1225.jpg,data/flower_photos/dandelion/3458770076_17ed3a1225.jpg,dandelion,500,332,1.5060240963855422,RGB,JPEG,RGB,,6dab46abcf9eaf32fbfb68358899959417d87c08dedbe898e7632deecb67c205,101276,ok,
data/flower_photos/dandelion/3459346147_faffff51c7_n.jpg,data/flower_photos/dandelion/3459346147_faffff51c7_n.jpg,dandelion,320,243,1.316872427983539,RGB,JPEG,RGB,,68e01b3ca2d59c478dc85ba6c32edd3432aea1e84db3a2a264ce8787e44ffbcb,36123,ok,
data/flower_photos/dandelion/3461986955_29a1abc621.jpg,data/flower_photos/dandelion/3461986955_29a1abc621.jpg,dandelion,500,332,1.5060240963855422,RGB,JPEG,RGB,,4387ed4656bf23b50c767f7f0e05bc77533571d8bdca4f57dfd8e71e43970479,84232,ok,
data/flower_photos/dandelion/3464015936_6845f46f64.jpg,data/flower_photos/dandelion/3464015936_6845f46f64.jpg,dandelion,500,333,1.5015015015015014,RGB,JPEG,RGB,,6e1a901b312c6075bad4aa07160cb57fa9ccb477668db1dfce87cab07b755fd4,55342,ok,
data/flower_photos/dandelion/3465599902_14729e2b1b_n.jpg,data/flower_photos/dandelion/3465599902_14729e2b1b_n.jpg,dandelion,320,240,1.3333333333333333,RGB,JPEG,RGB,,e86b13e34530436ab5c67b0a9c2a6f9caf03f8f3efde42c2835e6e11cb486bbe,70369,ok,
data/flower_photos/dandelion/3469112805_6cc8640236.jpg,data/flower_photos/dandelion/3469112805_6cc8640236.jpg,dandelion,500,322,1.5527950310559007,RGB,JPEG,RGB,,de1f64da906c35fd9ebc7d8f9d783055d71752513e3c9cdac96f57f5c3376b05,191259,ok,
data/flower_photos/dandelion/3472437817_7902b3d984_n.jpg,data/flower_photos/dandelion/3472437817_7902b3d984_n.jpg,dandelion,320,213,1.5023474178403755,RGB,JPEG,RGB,,a730f83cd7c4bf3fc563ca5a5ebc404c8fb015b82c458435c12b0ae2f8146cf0,31544,ok,
data/flower_photos/dandelion/3475811950_0fb89845f5_n.jpg,data/flower_photos/dandelion/3475811950_0fb89845f5_n.jpg,dandelion,320,212,1.509433962264151,RGB,JPEG,RGB,,f5b7862b2003abe98fff076826a3baf8869fda90691093949561de733d916bf3,22614,ok,
data/flower_photos/dandelion/3476759348_a0d34a4b59_n.jpg,data/flower_photos/dandelion/3476759348_a0d34a4b59_n.jpg,dandelion,320,212,1.509433962264151,RGB,JPEG,RGB,,6a2a8e25bc616d1730fc65419ffbf60278300a8d8b9f911c9da8d9d132246a0c,24175,ok,
data/flower_photos/dandelion/3476980444_c276bea402_m.jpg,data/flower_photos/dandelion/3476980444_c276bea402_m.jpg,dandelion,197,240,0.8208333333333333,RGB,JPEG,RGB,,094388cec61a8b7034ae6fddeef1c22721085b60b2f3cc0a4d4640a30d291dae,18098,ok,
data/flower_photos/dandelion/3483575184_cb8d16a083_n.jpg,data/flower_photos/dandelion/3483575184_cb8d16a083_n.jpg,dandelion,320,279,1.146953405017921,RGB,JPEG,RGB,,bbd5ec9becec4c7b2270f3488036805929b45d9f1e081f74ff7ed736b0042bf9,62183,ok,
data/flower_photos/dandelion/3487229452_73e3004858.jpg,data/flower_photos/dandelion/3487229452_73e3004858.jpg,dandelion,500,333,1.5015015015015014,RGB,JPEG,RGB,,7cb6339b434a56f673dabb67e99ef953316067d744ba65ae094100404f0df5a3,61551,ok,
data/flower_photos/dandelion/3491333876_e3fed43c0d.jpg,data/flower_photos/dandelion/3491333876_e3fed43c0d.jpg,dandelion,500,333,1.5015015015015014,RGB,JPEG,RGB,,b7a4ccdc48c7667d5e6eae39988d88919333523e7970a44957439fb882078973,98264,ok,
data/flower_photos/dandelion/3496258301_ca5f168306.jpg,data/flower_photos/dandelion/3496258301_ca5f168306.jpg,dandelion,500,399,1.2531328320802004,RGB,JPEG,RGB,,f44524d6ab68d182b032645b4545c29b3c7f86d437e30ee89a165550d9ce0680,133225,ok,
data/flower_photos/dandelion/3499837275_5f24d2f8bf_n.jpg,data/flower_photos/dandelion/3499837275_5f24d2f8bf_n.jpg,dandelion,320,213,1.5023474178403755,RGB,JPEG,RGB,,9fd8ec4960cb77b1413eb4e9a4f749396a4ed6ff412941f2977a38660deb60bf,16562,ok,
data/flower_photos/dandelion/3501368412_358e144d1f.jpg,data/flower_photos/dandelion/3501368412_358e144d1f.jpg,dandelion,500,334,1.4970059880239521,RGB,JPEG,RGB,,9342a759f57646287456558234f25c4e5581370880b9c9061c1082eccc8a6321,93631,ok,
data/flower_photos/dandelion/3502447188_ab4a5055ac_m.jpg,data/flower_photos/dandelion/3502447188_ab4a5055ac_m.jpg,dandelion,172,240,0.7166666666666667,RGB,JPEG,RGB,,9dfded69217926bdbd303bea086b7edf8e3ba33508c2a1858033a7f356567730,16431,ok,
data/flower_photos/dandelion/3505026222_c760df0035_n.jpg,data/flower_photos/dandelion/3505026222_c760df0035_n.jpg,dandelion,320,213,1.5023474178403755,RGB,JPEG,RGB,,d64084693a6dfcacec2d5bbd6f83e332235b8aef66a775765a4717548fb6b97a,15881,ok,
data/flower_photos/dandelion/3509307596_6cfe97867d_n.jpg,data/flower_photos/dandelion/3509307596_6cfe97867d_n.jpg,dandelion,320,213,1.5023474178403755,RGB,JPEG,RGB,,36d1d1c76612aa1f072b21383e8870a8c964eb855421a5d3c8a5c58be6a195af,43050,ok,
data/flower_photos/dandelion/3512879565_88dd8fc269_n.jpg,data/flower_photos/dandelion/3512879565_88dd8fc269_n.jpg,dandelion,320,240,1.3333333333333333,RGB,JPEG,RGB,,bbddbf2c13ebfe026ef33e67a68495ae73b4cf3baa111bd33a21724e6f5ddc1d,29388,ok,
data/flower_photos/dandelion/3513200808_390f1d63a7_m.jpg,data/flower_photos/dandelion/3513200808_390f1d63a7_m.jpg,dandelion,240,240,1.0,RGB,JPEG,RGB,,875e72e2563cf81e672893fa08b1897e1119d91e86c5e5599faddc3ded2fde7a,26799,ok,
data/flower_photos/dandelion/3517492544_0fd3ed6a66_m.jpg,data/flower_photos/dandelion/3517492544_0fd3ed6a66_m.jpg,dandelion,240,240,1.0,RGB,JPEG,RGB,,24e0c762c102a69bbe8cc72dc2a4832184abbaf5eb7ebe4b984e6e5b37513065,30369,ok,
data/flower_photos/dandelion/3518608454_c3fd3c311c_m.jpg,data/flower_photos/dandelion/3518608454_c3fd3c311c_m.jpg,dandelion,240,240,1.0,RGB,JPEG,RGB,,57c95ea84e2d841e45d3839da8b522aa44b43818fd9b232fbf599a1c8f7eb446,24028,ok,
data/flower_photos/dandelion/3530495617_fd84fb321a_m.jpg,data/flower_photos/dandelion/3530495617_fd84fb321a_m.jpg,dandelion,196,240,0.8166666666666667,RGB,JPEG,RGB,,d5bae6db4d12ffe99a50b8a539f60454ea094ad310f0bb3e1646aed81ea15be9,13186,ok,
data/flower_photos/dandelion/3530500952_9f94fb8b9c_m.jpg,data/flower_photos/dandelion/3530500952_9f94fb8b9c_m.jpg,dandelion,240,240,1.0,RGB,JPEG,RGB,,0457d812edfbb928b81709a5374b6dae4b39042b5efc3c37fe1ae44d1951f1da,16150,ok,
data/flower_photos/dandelion/3533075436_0954145b9f_m.jpg,data/flower_photos/dandelion/3533075436_0954145b9f_m.jpg,dandelion,240,240,1.0,RGB,JPEG,RGB,,6f7aa401af9038943284d7532e9b4c1c7bdae38378468e7d4b413beda3d61059,10237,ok,
data/flower_photos/dandelion/3533167406_e9f4cf10bb_m.jpg,data/flower_photos/dandelion/3533167406_e9f4cf10bb_m.jpg,dandelion,180,240,0.75,RGB,JPEG,RGB,,a460ea93f2398b037fc6b92ca2016a36fc6845cf8ef6f03ede5ffc0c615ae901,23017,ok,
data/flower_photos/dandelion/3539077354_c67aa7168d_m.jpg,data/flower_photos/dandelion/3539077354_c67aa7168d_m.jpg,dandelion,240,240,1.0,RGB,JPEG,RGB,,e4399a17320d083b3e780a7d03ec11f0a4fe114edfd67f3225041f7d842e9fb9,26227,ok,
data/flower_photos/dandelion/3554435478_1a7ab743e9_n.jpg,data/flower_photos/dandelion/3554435478_1a7ab743e9_n.jpg,dandelion,320,213,1.5023474178403755,RGB,JPEG,RGB,,4f94757be4eb1b7d2882bf2a9fc4d45946762e14666621e4574e9188ed0f04e6,21713,ok,
data/flower_photos/dandelion/3554992110_81d8c9b0bd_m.jpg,data/flower_photos/dandelion/3554992110_81d8c9b0bd_m.jpg,dandelion,234,240,0.975,RGB,JPEG,RGB,,789125f7bbe784328f06153381e62bca664190ac5fa8187e237cd4e6c3e24ab5,28628,ok,
data/flower_photos/dandelion/3562861685_8b8d747b4d.jpg,data/flower_photos/dandelion/3562861685_8b8d747b4d.jpg,dandelion,500,333,1.5015015015015014,RGB,JPEG,RGB,,62711784b2d23800c1d32eb287f124c1ebcbc10a2bf490c513af16392047bf61,57505,ok,
data/flower_photos/dandelion/3580437733_9ef51f2981_n.jpg,data/flower_photos/dandelion/3580437733_9ef51f2981_n.jpg,dandelion,320,240,1.3333333333333333,RGB,JPEG,RGB,,3ae225ba43294c1230d5dec5536fa724d85e3aeed1cff31c011511815f90863e,41761,ok,
data/flower_photos/dandelion/3580443099_9a6902ebd8_n.jpg,data/flower_photos/dandelion/3580443099_9a6902ebd8_n.jpg,dandelion,320,240,1.3333333333333333,RGB,JPEG,RGB,,6bb8f867fd3627606c9fc33b60949a56f6225df95608ac744c63407ab253af1a,36480,ok,
data/flower_photos/dandelion/3581252194_8c976d333a_n.jpg,data/flower_photos/dandelion/3581252194_8c976d333a_n.jpg,dandelion,320,240,1.3333333333333333,RGB,JPEG,RGB,,1458936eb18f26f84ddf2b8f1bb3bdabbe4ff52ebbc270045a5f165c36cd19b0,44209,ok,
data/flower_photos/dandelion/3584414925_1e6c4b61db_n.jpg,data/flower_photos/dandelion/3584414925_1e6c4b61db_n.jpg,dandelion,320,220,1.4545454545454546,RGB,JPEG,RGB,,244dd7f36261937220d689134b4ae9c7d6cd4a020d41b35e03987ea6a2184492,23262,ok,
data/flower_photos/dandelion/3584415133_a4122ab7b9.jpg,data/flower_photos/dandelion/3584415133_a4122ab7b9.jpg,dandelion,500,334,1.4970059880239521,RGB,JPEG,RGB,,304f324fef0ed21e5c9d049b87b75b309a946da800087e2f87dae8f51f25cabc,42696,ok,
data/flower_photos/dandelion/3585220976_5acac92d1c.jpg,data/flower_photos/dandelion/3585220976_5acac92d1c.jpg,dandelion,500,274,1.8248175182481752,RGB,JPEG,RGB,,8e79e42572249262ad3752525736684920f9af67cda7b7786abf2c780c1d3760,49588,ok,
data/flower_photos/dandelion/3589816063_50f8de7b64_m.jpg,data/flower_photos/dandelion/3589816063_50f8de7b64_m.jpg,dandelion,192,240,0.8,RGB,JPEG,RGB,,f0f57a56b5bb93bd3e455c9ee960598be5de52af165018076d39d6b79fa5f76f,21829,ok,
data/flower_photos/dandelion/3591588855_b4fd53b000.jpg,data/flower_photos/dandelion/3591588855_b4fd53b000.jpg,dandelion,500,332,1.5060240963855422,RGB,JPEG,RGB,,aa8f4a03d85e10f9b25cc74126a6fa79ef89f5f6bcaa9a1bc47d16feac03cc10,66587,ok,
data/flower_photos/dandelion/3612582808_4503fa1f8b_m.jpg,data/flower_photos/dandelion/3612582808_4503fa1f8b_m.jpg,dandelion,236,240,0.9833333333333333,RGB,JPEG,RGB,,7dec37881599337f625e109859d86e5aa72cb928922f06fd720260d4347a91d3,27953,ok,
data/flower_photos/dandelion/3662701865_3ff283a33a_n.jpg,data/flower_photos/dandelion/3662701865_3ff283a33a_n.jpg,dandelion,320,213,1.5023474178403755,RGB,JPEG,RGB,,94bd9c21b0657e13529c93422bb5e4887f25f539a016bc9ddd35982102ceee12,26898,ok,
data/flower_photos/dandelion/3664916269_29f07c7c7b.jpg,data/flower_photos/dandelion/3664916269_29f07c7c7b.jpg,dandelion,500,333,1.5015015015015014,RGB,JPEG,RGB,,09c2a2f268cebabc36b7f74f6adb9d6e6adc6936b2c0417444652f8dd4ab6260,100633,ok,
data/flower_photos/dandelion/3675486971_d4c8683b54_n.jpg,data/flower_photos/dandelion/3675486971_d4c8683b54_n.jpg,dandelion,320,213,1.5023474178403755,RGB,JPEG,RGB,,18eb1fbe648a9420f7d26c6b8f2143040ea4f919498c37dc64bbafa2a72234b7,25567,ok,
data/flower_photos/dandelion/3688128868_031e7b53e1_n.jpg,data/flower_photos/dandelion/3688128868_031e7b53e1_n.jpg,dandelion,320,238,1.3445378151260505,RGB,JPEG,RGB,,8027c8600d7c01923d8e67af26cf7e8b71d60d9004f8a8e54aa02ace7a6007be,44014,ok,
data/flower_photos/dandelion/3696596109_4c4419128a_m.jpg,data/flower_photos/dandelion/3696596109_4c4419128a_m.jpg,dandelion,240,240,1.0,RGB,JPEG,RGB,,52efcc3582547d6f00940cf3b1bf672cbd60e75880f389659e6b5fe49f110088,28600,ok,
data/flower_photos/dandelion/3730618647_5725c692c3_m.jpg,data/flower_photos/dandelion/3730618647_5725c692c3_m.jpg,dandelion,240,240,1.0,RGB,JPEG,RGB,,fe7c886db3c9d25adaaa70da70cfe2bd5519cc9b42cf3d85778e79c5c680869d,36740,ok,
data/flower_photos/dandelion/3761310831_41b5eba622_n.jpg,data/flower_photos/dandelion/3761310831_41b5eba622_n.jpg,dandelion,320,240,1.3333333333333333,RGB,JPEG,RGB,,f4575dab333791cc4a74e0adc3e6bf1e1072a3c2b35b4c08fc2a709a4b87fdaa,28889,ok,
data/flower_photos/dandelion/3823142577_dd5acd5ac6_n.jpg,data/flower_photos/dandelion/3823142577_dd5acd5ac6_n.jpg,dandelion,320,240,1.3333333333333333,RGB,JPEG,RGB,,b2c5982c7e50bdc75359620c10d861fdb95cd512e576c2f407a31d50b104cbc2,25509,ok,
data/flower_photos/dandelion/3844111216_742ea491a0.jpg,data/flower_photos/dandelion/3844111216_742ea491a0.jpg,dandelion,500,334,1.4970059880239521,RGB,JPEG,RGB,,4780b245dc47222123c92312df762bf8db0121ef095f1b44077aae7a5c323e8a,66683,ok,
data/flower_photos/dandelion/3856725141_0db85f466d_n.jpg,data/flower_photos/dandelion/3856725141_0db85f466d_n.jpg,dandelion,320,240,1.3333333333333333,RGB,JPEG,RGB,,9a71e6317dcda4963566daa6e8954d49c28340f87331c52b90c0657671c65cde,35931,ok,
data/flower_photos/dandelion/3857059749_fe8ca621a9.jpg,data/flower_photos/dandelion/3857059749_fe8ca621a9.jpg,dandelion,500,333,1.5015015015015014,RGB,JPEG,RGB,,2cfa120a594ac5910586413a0aa8ba0ea3bcb837ca09fefd8dd1bde3080d0d16,81923,ok,
data/flower_photos/dandelion/3954167682_128398bf79_m.jpg,data/flower_photos/dandelion/3954167682_128398bf79_m.jpg,dandelion,240,240,1.0,RGB,JPEG,RGB,,1b84f44330d96726f86349ace3e09423733fbd4cba3aed45247c6d22441656f9,14875,ok,
data/flower_photos/dandelion/3991962484_085ba2da94.jpg,data/flower_photos/dandelion/3991962484_085ba2da94.jpg,dandelion,500,333,1.5015015015015014,RGB,JPEG,RGB,,f9f6240bea81c99c3016bf0f80b531fa40e8c4333c0bc84a5f1bd9547fa9ea20,97132,ok,
data/flower_photos/dandelion/3998275481_651205e02d.jpg,data/flower_photos/dandelion/3998275481_651205e02d.jpg,dandelion,500,334,1.4970059880239521,RGB,JPEG,RGB,,90467450261b5ac54a187138313c09cd94ca18e72b5c5bbed80d54d98c787d95,50827,ok,
data/flower_photos/dandelion/3998927705_af499a4f29.jpg,data/flower_photos/dandelion/3998927705_af499a4f29.jpg,dandelion,500,334,1.4970059880239521,RGB,JPEG,RGB,,19b83bbc891a6051eae69149b10af37053df5c876985d04dc5b5a615b4eedb44,144597,ok,
data/flower_photos/dandelion/4082856478_741a411ebb.jpg,data/flower_photos/dandelion/4082856478_741a411ebb.jpg,dandelion,500,332,1.5060240963855422,RGB,JPEG,RGB,,45ba244a10bb11367eabded8c27d81011b8ee25cde4e3f683423c332d5f6f300,47414,ok,
data/flower_photos/dandelion/4134441089_c8c1e6132a.jpg,data/flower_photos/dandelion/4134441089_c8c1e6132a.jpg,dandelion,500,333,1.5015015015015014,RGB,JPEG,RGB,,1bd301f3b8685151bc9ac1465039261d7f729a7c60292e2b3e468af424551e4e,78783,ok,
data/flower_photos/dandelion/4151883194_e45505934d_n.jpg,data/flower_photos/dandelion/4151883194_e45505934d_n.jpg,dandelion,320,213,1.5023474178403755,RGB,JPEG,RGB,,e5021117e6fda0e7886ff21e7f54c48712a8775290bd17ec8899131f8b06dedb,37269,ok,
data/flower_photos/dandelion/4155914848_3d57f50fc7.jpg,data/flower_photos/dandelion/4155914848_3d57f50fc7.jpg,dandelion,500,333,1.5015015015015014,RGB,JPEG,RGB,,3c677eb8b51226d05431a4a2ee08e5ced57053f12f29a43cee04ed7feac30ab8,74642,ok,
data/flower_photos/dandelion/4164845062_1fd9b3f3b4.jpg,data/flower_photos/dandelion/4164845062_1fd9b3f3b4.jpg,dandelion,500,375,1.3333333333333333,RGB,JPEG,RGB,,a2048aece945b539e713663664791aabcdddd7563aa601c5517442f02fac9637,95036,ok,
data/flower_photos/dandelion/4226758402_a1b75ce3ac_n.jpg,data/flower_photos/dandelion/4226758402_a1b75ce3ac_n.jpg,dandelion,320,231,1.3852813852813852,RGB,JPEG,RGB,,9b62b82d2f84aef0676329d6e0c9f3b0bc3aebc897de57815ddeb64ec683354e,32832,ok,
data/flower_photos/dandelion/4254850910_0610224342_n.jpg,data/flower_photos/dandelion/4254850910_0610224342_n.jpg,dandelion,320,240,1.3333333333333333,RGB,JPEG,RGB,,76d78cd683607f5815292db9071842d5cdc144d95e46d9c755803c8b61448350,39333,ok,
data/flower_photos/dandelion/425800274_27dba84fac_n.jpg,data/flower_photos/dandelion/425800274_27dba84fac_n.jpg,dandelion,320,217,1.4746543778801844,RGB,JPEG,RGB,,d069a63b2bb94d593dd642af5f95e9df33a6ddc4b2dd8ca85426255683d4e2a0,21890,ok,
data/flower_photos/dandelion/4258272073_f616d1e575_m.jpg,data/flower_photos/dandelion/4258272073_f616d1e575_m.jpg,dandelion,240,240,1.0,RGB,JPEG,RGB,,a6dbb88c8254c56cdce0c3be73a613a33fc3cf6930567e942d2010fef2a0345e,21764,ok,
data/flower_photos/dandelion/4258272381_65bd4b8191_m.jpg,data/flower_photos/dandelion/4258272381_65bd4b8191_m.jpg,dandelion,240,240,1.0,RGB,JPEG,RGB,,3b4d286d4c23919761c33cecce36feefd67353802a1d7d81a732c06ca90fbdf1,27537,ok,
data/flower_photos/dandelion/4265711814_9a006ee5b8.jpg,data/flower_photos/dandelion/4265711814_9a006ee5b8.jpg,dandelion,500,333,1.5015015015015014,RGB,JPEG,RGB,,c93c3c4664cba7d605f3972279daea19b6dc2bf24a13dd31074e9da45f7d8366,87446,ok,
data/flower_photos/dandelion/4275776457_d04b597cfa_n.jpg,data/flower_photos/dandelion/4275776457_d04b597cfa_n.jpg,dandelion,320,246,1.3008130081300813,RGB,JPEG,RGB,,1d2dbcbff18ada99383f04858894e0c94f1cdcc68e68c1d01fc466e98b2d2c1f,30825,ok,
data/flower_photos/dandelion/4278757393_bca8415ed4_n.jpg,data/flower_photos/dandelion/4278757393_bca8415ed4_n.jpg,dandelion,320,213,1.5023474178403755,RGB,JPEG,RGB,,dfe3b26343d5040552bf31bdaa03cb160cfff7181b0921766863f2d009b1c5bd,38148,ok,
data/flower_photos/dandelion/4290112545_3528055993_m.jpg,data/flower_photos/dandelion/4290112545_3528055993_m.jpg,dandelion,159,240,0.6625,RGB,JPEG,RGB,,c4d58118e403f569c5ae39a2abd8a77aa544e9ab64d875a20fe65027b6bf7859,37948,ok,
data/flower_photos/dandelion/4336536446_e635f48f2e.jpg,data/flower_photos/dandelion/4336536446_e635f48f2e.jpg,dandelion,500,315,1.5873015873015872,RGB,JPEG,RGB,,32cca5875588d04d9f8102deaac8f9e74b384e0bfe2e3220c7dd0d2708609e4b,139735,ok,
data/flower_photos/dandelion/4489359360_09db62f825.jpg,data/flower_photos/dandelion/4489359360_09db62f825.jpg,dandelion,500,333,1.5015015015015014,RGB,JPEG,RGB,,da1a7312c043b2bc7530e810703830d80c2d7de8bab7c047ddda5f083d74aaa4,114443,ok,
data/flower_photos/dandelion/4496277750_8c34256e28.jpg,data/flower_photos/dandelion/4496277750_8c34256e28.jpg,dandelion,500,333,1.5015015015015014,RGB,JPEG,RGB,,60e074b706598a23e2c7f2fb54ab10aa248f78b221046b1a35b378f9bfe52058,150722,ok,
data/flower_photos/dandelion/4500964841_b1142b50fb_n.jpg,data/flower_photos/dandelion/4500964841_b1142b50fb_n.jpg,dandelion,320,240,1.3333333333333333,RGB,JPEG,RGB,,e172a8f49cbb4cd4214a4e77b08c6067566956b237c7020fbe6a87f825a980e9,62858,ok,
data/flower_photos/dandelion/4510350093_3700064215.jpg,data/flower_photos/dandelion/4510350093_3700064215.jpg,dandelion,500,334,1.4970059880239521,RGB,JPEG,RGB,,d1470c312331cf25f3593b0f642ee87f8a05cf59c4d56eb77331b2fd1eb36292,103933,ok,
data/flower_photos/dandelion/4510938552_6f7bae172a_n.jpg,data/flower_photos/dandelion/4510938552_6f7bae172a_n.jpg,dandelion,320,218,1.4678899082568808,RGB,JPEG,RGB,,74645e578afe4aba66dd8e71f4503712f08d2e6d8f6b96da0a88612212e263e3,30088,ok,
data/flower_photos/dandelion/4512569988_2b3f802cc6.jpg,data/flower_photos/dandelion/4512569988_2b3f802cc6.jpg,dandelion,500,332,1.5060240963855422,RGB,JPEG,RGB,,c479d5a9e619a671c4e516c2bfe6e2c4248b0aa42c52cbf6e00b6e702a5f9627,153961,ok,
data/flower_photos/dandelion/4514343281_26781484df.jpg,data/flower_photos/dandelion/4514343281_26781484df.jpg,dandelion,500,333,1.5015015015015014,RGB,JPEG,RGB,,54f82f6a10a59d329a86c73415b5e0cf6a7e5231cbe63588d0146fd08e7535d2,99224,ok,
data/flower_photos/dandelion/451965300_619b781dc9_m.jpg,data/flower_photos/dandelion/451965300_619b781dc9_m.jpg,dandelion,240,225,1.0666666666666667,RGB,JPEG,RGB,,e40fc561128456cc4634ffe13047e367748334fd1a46fa46698b0eb6fe22d8aa,25499,ok,
data/flower_photos/dandelion/4523239455_9c31a06aaf_n.jpg,data/flower_photos/dandelion/4523239455_9c31a06aaf_n.jpg,dandelion,320,212,1.509433962264151,RGB,JPEG,RGB,,88e0603b15813e84591cea7203fe1c942cb3ac86f0c4822e4edb9fe2ee5028e2,41125,ok,
data/flower_photos/dandelion/4523862714_b41b459c88.jpg,data/flower_photos/dandelion/4523862714_b41b459c88.jpg,dandelion,500,332,1.5060240963855422,RGB,JPEG,RGB,,5da396b30fecff4f60f3a13d99775caf113a5010f4d1d0ea35a750e96b8d9c52,121751,ok,
data/flower_photos/dandelion/4528742654_99d233223b_m.jpg,data/flower_photos/dandelion/4528742654_99d233223b_m.jpg,dandelion,179,240,0.7458333333333333,RGB,JPEG,RGB,,abfb588ae9a1bc84f08368156ca25fc457645f46e915eccfc8bf667322182e6f,22901,ok,
data/flower_photos/dandelion/4530848609_02a1d9b791.jpg,data/flower_photos/dandelion/4530848609_02a1d9b791.jpg,dandelion,500,333,1.5015015015015014,RGB,JPEG,RGB,,0fbd8b34741682dd41484a1aa36bfb802fb1e9d987b774de0868c67bd7a37c86,86744,ok,
data/flower_photos/dandelion/4550784336_584d7a65de_m.jpg,data/flower_photos/dandelion/4550784336_584d7a65de_m.jpg,dandelion,240,240,1.0,RGB,JPEG,RGB,,52b06fa99ba248fb0b430fcd06ccaedcde3b822bff41cc0f1adeac9d88822eb3,16701,ok,
data/flower_photos/dandelion/4552571121_2677bcdec3.jpg,data/flower_photos/dandelion/4552571121_2677bcdec3.jpg,dandelion,500,333,1.5015015015015014,RGB,JPEG,RGB,,9c15ee76cc02fd361caa65b4cbf0b39be0b7da23cce986de28c8f666cdf7fa90,85171,ok,
data/flower_photos/dandelion/4552591312_02fe1dcc04_n.jpg,data/flower_photos/dandelion/4552591312_02fe1dcc04_n.jpg,dandelion,320,240,1.3333333333333333,RGB,JPEG,RGB,,1168abd3c49d765b9594683cd370317067f543f760b8d5012996ccb68c40968d,49093,ok,
data/flower_photos/dandelion/4556178143_e0d32c0a86_n.jpg,data/flower_photos/dandelion/4556178143_e0d32c0a86_n.jpg,dandelion,320,213,1.5023474178403755,RGB,JPEG,RGB,,d1c1773c3a15b90cd373f08fd6bdc3942c3907c2d38d0fffa3aeb3c60768c312,34589,ok,
data/flower_photos/dandelion/455728598_c5f3e7fc71_m.jpg,data/flower_photos/dandelion/455728598_c5f3e7fc71_m.jpg,dandelion,187,240,0.7791666666666667,RGB,JPEG,RGB,,de690fd76c874581046db2ea31b2730e6f20481b72742b2436fe67bd8e3e2e67,15281,ok,
data/flower_photos/dandelion/4557781241_0060cbe723_n.jpg,data/flower_photos/dandelion/4557781241_0060cbe723_n.jpg,dandelion,320,240,1.3333333333333333,RGB,JPEG,RGB,,026c85c21de6d3cb479cbf92b62229e09d24f9af4834cb7ac42d1a293c9ba60c,19132,ok,
data/flower_photos/dandelion/4558536575_d43a611bd4_n.jpg,data/flower_photos/dandelion/4558536575_d43a611bd4_n.jpg,dandelion,320,273,1.1721611721611722,RGB,JPEG,RGB,,5611d10fb02459ee3b382953fd44c7229a6417d54a80e09c680811563e64a74d,65890,ok,
data/flower_photos/dandelion/4558562689_c8e2ab9f10.jpg,data/flower_photos/dandelion/4558562689_c8e2ab9f10.jpg,dandelion,500,332,1.5060240963855422,RGB,JPEG,RGB,,485c6fe64999b529029b9dff03ae9aa9138c5606ceb3ee8d44b5ef1c71f55d38,52468,ok,
data/flower_photos/dandelion/4560613196_91a04f8dcf_m.jpg,data/flower_photos/dandelion/4560613196_91a04f8dcf_m.jpg,dandelion,240,240,1.0,RGB,JPEG,RGB,,868427a246ae403c034d96916c76f2303449facc5be7b13213a106ce34fb0030,34480,ok,
data/flower_photos/dandelion/4560663938_3557a1f831.jpg,data/flower_photos/dandelion/4560663938_3557a1f831.jpg,dandelion,500,333,1.5015015015015014,RGB,JPEG,RGB,,654d88d589d15d6761ac5c7a9e1fb855037ca31bdc73678bc27cbc2fea6ab181,131971,ok,
data/flower_photos/dandelion/4562516418_8ccb8c103f.jpg,data/flower_photos/dandelion/4562516418_8ccb8c103f.jpg,dandelion,500,333,1.5015015015015014,RGB,JPEG,RGB,,acc4eb25828fe9d75317d6f513fed6717fa3fc282b191538d59cc395b08cbc67,136802,ok,
data/flower_photos/dandelion/4568317687_3f89622f76.jpg,data/flower_photos/dandelion/4568317687_3f89622f76.jpg,dandelion,500,344,1.4534883720930232,RGB,JPEG,RGB,,c943c817cfdd82789d4c539b40a300662d3c1a8d7676f246edf98abf3b8f2890,68182,ok,
data/flower_photos/dandelion/4571681134_b605a61547_n.jpg,data/flower_photos/dandelion/4571681134_b605a61547_n.jpg,dandelion,320,277,1.1552346570397112,RGB,JPEG,RGB,,09764fc866a2161f8f3961b50380ce34accdad65a9c4ce6d79d25b21e7cbbcbc,29866,ok,
data/flower_photos/dandelion/4571923094_b9cefa9438_n.jpg,data/flower_photos/dandelion/4571923094_b9cefa9438_n.jpg,dandelion,320,228,1.4035087719298245,RGB,JPEG,RGB,,9440d6e2451b7de1994bdbc8a9f9a4a0cb60e40a704dd897fa9f680d77e6948d,35593,ok,
data/flower_photos/dandelion/4572738670_4787a11058_n.jpg,data/flower_photos/dandelion/4572738670_4787a11058_n.jpg,dandelion,320,240,1.3333333333333333,RGB,JPEG,RGB,,5258e0760dba8e67a0df787a5ce295e3a6b8a4b902f8cbb97ba71a67b39cb5ec,39934,ok,
data/flower_photos/dandelion/4573204385_9b71e96b35_m.jpg,data/flower_photos/dandelion/4573204385_9b71e96b35_m.jpg,dandelion,217,240,0.9041666666666667,RGB,JPEG,RGB,,84d1077062f720d6ad4fa50ffea315d26788e6c52ebce4b844e7976e54a499eb,36144,ok,
data/flower_photos/dandelion/4573204407_babff0dce4_n.jpg,data/flower_photos/dandelion/4573204407_babff0dce4_n.jpg,dandelion,320,216,1.4814814814814814,RGB,JPEG,RGB,,520123fb7c208ff397a07400091400021b8e842110c6e3a3f1c1e108916aabd7,50414,ok,
data/flower_photos/dandelion/4573886520_09c984ecd8_m.jpg,data/flower_photos/dandelion/4573886520_09c984ecd8_m.jpg,dandelion,237,240,0.9875,RGB,JPEG,RGB,,9f5f07510c93c02ab632a1e9d013f5e20c587f7e985483b538c0ba1ba56a10b3,34904,ok,
data/flower_photos/dandelion/4573886524_5161482ca7_n.jpg,data/flower_photos/dandelion/4573886524_5161482ca7_n.jpg,dandelion,320,248,1.2903225806451613,RGB,JPEG,RGB,,7cbe080735f9efb4fb21217fbb4681c751f410f0eccd62b3bd4a8f7caf1ebf09,37027,ok,
data/flower_photos/dandelion/4574102507_70039c8b28.jpg,data/flower_photos/dandelion/4574102507_70039c8b28.jpg,dandelion,500,333,1.5015015015015014,RGB,JPEG,RGB,,b124a6a6703f51e9b938c97f24847f4192d24b61dd7fa4be7d66c3d1137e5857,102740,ok,
data/flower_photos/dandelion/4574447682_40dce530f1.jpg,data/flower_photos/dandelion/4574447682_40dce530f1.jpg,dandelion,500,375,1.3333333333333333,RGB,JPEG,RGB,,d60d5041e36039a4db2cd014a34b6c618a4d3134d97cef162123e69dd557ee69,208453,ok,
data/flower_photos/dandelion/4574451859_432c856b6e_n.jpg,data/flower_photos/dandelion/4574451859_432c856b6e_n.jpg,dandelion,320,240,1.3333333333333333,RGB,JPEG,RGB,,a9440c36e4c5ce87e75d4501f986d6486a07235b68925c969bb44a65a099a5d9,31064,ok,
data/flower_photos/dandelion/4574736702_b15ecf97d0_m.jpg,data/flower_photos/dandelion/4574736702_b15ecf97d0_m.jpg,dandelion,159,240,0.6625,RGB,JPEG,RGB,,554da5c9b288860506f618db23f53ea3e85a0d86681e372cb24316bdd9f6ae2d,46315,ok,
data/flower_photos/dandelion/4574737576_044403a997_n.jpg,data/flower_photos/dandelion/4574737576_044403a997_n.jpg,dandelion,320,212,1.509433962264151,RGB,JPEG,RGB,,077e28bdb72b55668d18e09d73d2619d8255c27c2c89f5ae2792393c27d3e07e,50157,ok,
data/flower_photos/dandelion/4575406391_7a62c5f90f_n.jpg,data/flower_photos/dandelion/4575406391_7a62c5f90f_n.jpg,dandelion,320,240,1.3333333333333333,RGB,JPEG,RGB,,ab57f66bfc88ec3cf49cf350d738603eb65bb0e2f7745adf53df971fc2a714c2,50271,ok,
data/flower_photos/dandelion/458011386_ec89115a19.jpg,data/flower_photos/dandelion/458011386_ec89115a19.jpg,dandelion,500,333,1.5015015015015014,RGB,JPEG,RGB,,cc9b624a7a3fb7df2da9eb6cb99754241e093f1376d05af943cb9cbcbccf6c1f,111920,ok,
data/flower_photos/dandelion/4586018734_6de9c513c2.jpg,data/flower_photos/dandelion/4586018734_6de9c513c2.jpg,dandelion,500,333,1.5015015015015014,RGB,JPEG,RGB,,118907a1d4c7294811535b358084ac483346fbe372ad78da103bf35b8a708ae7,139882,ok,
data/flower_photos/dandelion/4588529727_4a79c61577.jpg,data/flower_photos/dandelion/4588529727_4a79c61577.jpg,dandelion,500,333,1.5015015015015014,RGB,JPEG,RGB,,e4c30f876ccfbb1e4f4a0b8f9f2a6ebb4b1184fe65da37f0750cd6703d427104,151774,ok,
data/flower_photos/dandelion/4589787911_851cb80157_n.jpg,data/flower_photos/dandelion/4589787911_851cb80157_n.jpg,dandelion,320,214,1.4953271028037383,RGB,JPEG,RGB,,521d67797959cc5f6718615f18c709aeee73bc94482c4066711de30f0a8e035d,43941,ok,
data/flower_photos/dandelion/459633569_5ddf6bc116_m.jpg,data/flower_photos/dandelion/459633569_5ddf6bc116_m.jpg,dandelion,240,240,1.0,RGB,JPEG,RGB,,5f13984c36516a93716bcd990689155f614921909ad273b84f17f635b9f98bb2,15377,ok,
data/flower_photos/dandelion/459748276_69101b0cec_n.jpg,data/flower_photos/dandelion/459748276_69101b0cec_n.jpg,dandelion,320,240,1.3333333333333333,RGB,JPEG,RGB,,850b446b91d48e4e88f4f434905661b8d83472d8cdf799d355fb9bd755caf0c1,45685,ok,
data/flower_photos/dandelion/4598938531_9749b3b56a.jpg,data/flower_photos/dandelion/4598938531_9749b3b56a.jpg,dandelion,500,333,1.5015015015015014,RGB,JPEG,RGB,,d163cab97558d5069a7504a4151f9ab7c6aaf4690df548ab6f012a5fb42631f9,99091,ok,
data/flower_photos/dandelion/4601270210_60136f2b87_n.jpg,data/flower_photos/dandelion/4601270210_60136f2b87_n.jpg,dandelion,320,257,1.245136186770428,RGB,JPEG,RGB,,6a15afd3f067f63e2473a198e3979fdf7c39e8a1688d9a464018d5330e935861,41530,ok,
data/flower_photos/dandelion/4606893762_c2f26c7e91_n.jpg,data/flower_photos/dandelion/4606893762_c2f26c7e91_n.jpg,dandelion,320,278,1.1510791366906474,RGB,JPEG,RGB,,a3e5d32965e927a984f88819fd79856ddf5acc080e32af302810aa908ce824fe,59164,ok,
data/flower_photos/dandelion/4607183665_3472643bc8.jpg,data/flower_photos/dandelion/4607183665_3472643bc8.jpg,dandelion,500,333,1.5015015015015014,RGB,JPEG,RGB,,f1382ba661a6bc69755f96a43d698ad9309a396cd7edb31eb258b3f6922614f5,88672,ok,
data/flower_photos/dandelion/4610125337_50798408b8_m.jpg,data/flower_photos/dandelion/4610125337_50798408b8_m.jpg,dandelion,180,240,0.75,RGB,JPEG,RGB,,405e2ba0907f13887c059b5f4d28800b0b9fbf7311d8c9da0890174423553089,30203,ok,
data/flower_photos/dandelion/461632542_0387557eff.jpg,data/flower_photos/dandelion/461632542_0387557eff.jpg,dandelion,500,334,1.4970059880239521,RGB,JPEG,RGB,,a9c776f7f95416bf80355d7e2c49b92bca4e6116e631bde1f1a2fdfa87bdb61e,62657,ok,
data/flower_photos/dandelion/4622115595_a0de9f2013_n.jpg,data/flower_photos/dandelion/4622115595_a0de9f2013_n.jpg,dandelion,320,240,1.3333333333333333,RGB,JPEG,RGB,,691c77b0a26dd1e236cd7108bf8fc1078b1c2e894aeecbfd1f35c00b8115e696,26613,ok,
data/flower_photos/dandelion/4624036600_11a4744254_n.jpg,data/flower_photos/dandelion/4624036600_11a4744254_n.jpg,dandelion,320,240,1.3333333333333333,RGB,JPEG,RGB,,20f628fbf29076096501648719dfbfdd118f4be2895a49f640e9d8d21bd25723,32071,ok,
data/flower_photos/dandelion/4629844753_4e02015d29_m.jpg,data/flower_photos/dandelion/4629844753_4e02015d29_m.jpg,dandelion,180,240,0.75,RGB,JPEG,RGB,,326f07d553cedcae067f8c57ec243f83fad4705f2bc625ea525aa2cd0cfc0c86,29415,ok,
data/flower_photos/dandelion/4632235020_d00ce1e497.jpg,data/flower_photos/dandelion/4632235020_d00ce1e497.jpg,dandelion,500,333,1.5015015015015014,RGB,JPEG,RGB,,4562fca4ec839730a2f6e92b9a5e36187721cd1b91c596a7e169dec1a3da61c9,88378,ok,
data/flower_photos/dandelion/4632251871_9f324a7bb5.jpg,data/flower_photos/dandelion/4632251871_9f324a7bb5.jpg,dandelion,500,332,1.5060240963855422,RGB,JPEG,RGB,,44bd29746f3365faa812812820d34bbc9afe5b6c679d9ed810546bc9ee5642be,96140,ok,
data/flower_photos/dandelion/4632757134_40156d7d5b.jpg,data/flower_photos/dandelion/4632757134_40156d7d5b.jpg,dandelion,500,333,1.5015015015015014,RGB,JPEG,RGB,,985428c364a672a88c7073b239347936c7000bfaec527305b9736d5b3b351dc5,105949,ok,
data/flower_photos/dandelion/4632761610_768360d425.jpg,data/flower_photos/dandelion/4632761610_768360d425.jpg,dandelion,500,333,1.5015015015015014,RGB,JPEG,RGB,,86fb1131a9780b42b982079cb2d3f6a78ec55f11d2420fd1a2c99ad6b7a9da1f,120435,ok,
data/flower_photos/dandelion/4632863567_5f9af7de97_n.jpg,data/flower_photos/dandelion/4632863567_5f9af7de97_n.jpg,dandelion,320,213,1.5023474178403755,RGB,JPEG,RGB,,70c22fb9f73228fbf37a79ec22c21825d1f947785e9f2fd4bcf8e486e64a509f,12328,ok,
data/flower_photos/dandelion/4633323785_20676ff914_m.jpg,data/flower_photos/dandelion/4633323785_20676ff914_m.jpg,dandelion,240,240,1.0,RGB,JPEG,RGB,,5abf1cce0be0a68edd27d78fe1a65592770fc0671001bcbe1f7ea700561eda7d,15434,ok,
data/flower_photos/dandelion/4633514720_22e82c5f7c_m.jpg,data/flower_photos/dandelion/4633514720_22e82c5f7c_m.jpg,dandelion,240,240,1.0,RGB,JPEG,RGB,,0d0f330cda72dc90ea0db90f6c63f4fe1d1dd27f81fc6c550bb110b11cfeb673,39768,ok,
data/flower_photos/dandelion/4633792226_80f89c89ec_m.jpg,data/flower_photos/dandelion/4633792226_80f89c89ec_m.jpg,dandelion,240,240,1.0,RGB,JPEG,RGB,,e9453bd2bbbb587a2a1f14ed2cc79f98344514c14a8c0d94307ae6f61c2aadbf,43386,ok,
data/flower_photos/dandelion/4634716478_1cbcbee7ca.jpg,data/flower_photos/dandelion/4634716478_1cbcbee7ca.jpg,dandelion,500,299,1.6722408026755853,RGB,JPEG,RGB,,3f10a11b6bf006606b82c2b6c894979b1a1ec61dcc55cbda703cbc15f3953b22,35609,ok,
data/flower_photos/dandelion/4635296297_9ce69e4a6e.jpg,data/flower_photos/dandelion/4635296297_9ce69e4a6e.jpg,dandelion,500,333,1.5015015015015014,RGB,JPEG,RGB,,444548d8593c43ddd76b965a2ae0afb7d8907d73c91e38d7549554c47864d4db,164466,ok,
data/flower_photos/dandelion/463736819_f779800165.jpg,data/flower_photos/dandelion/463736819_f779800165.jpg,dandelion,500,333,1.5015015015015014,RGB,JPEG,RGB,,e3969f8974888c22b98f923ab63db938b1e7f0cf55bc326764fef60fc94ae791,153100,ok,
data/flower_photos/dandelion/4638438929_2ec76083c8_m.jpg,data/flower_photos/dandelion/4638438929_2ec76083c8_m.jpg,dandelion,240,220,1.0909090909090908,RGB,JPEG,RGB,,0df62867543d4fd730a66cc087b49f2552b8e55b42e975b997d201a0b71a9176,20537,ok,
data/flower_photos/dandelion/4645101643_9c9d9df13e.jpg,data/flower_photos/dandelion/4645101643_9c9d9df13e.jpg,dandelion,500,333,1.5015015015015014,RGB,JPEG,RGB,,5408dd52bcadb4ca8cd56987367b2e3a1502da0967f1a89f6de17eeb068ede29,110071,ok,
data/flower_photos/dandelion/4645161319_c308fc31ef_n.jpg,data/flower_photos/dandelion/4645161319_c308fc31ef_n.jpg,dandelion,320,240,1.3333333333333333,RGB,JPEG,RGB,,d1a6529b0a2ba398ad665afaf843f918d8fccb296d8dbd5a1aa414c721a724a2,30880,ok,
data/flower_photos/dandelion/4654848357_9549351e0b_n.jpg,data/flower_photos/dandelion/4654848357_9549351e0b_n.jpg,dandelion,320,213,1.5023474178403755,RGB,JPEG,RGB,,bfd2dbef9de237da11da210a20c3501c23fa2600e7d03dac565ffcd14f60c52a,35756,ok,
data/flower_photos/dandelion/4657801292_73bef15031.jpg,data/flower_photos/dandelion/4657801292_73bef15031.jpg,dandelion,500,333,1.5015015015015014,RGB,JPEG,RGB,,c214b47c471d284c2e3701e2e00bad1dc7a118fd8d5efc7066f29ffdc5f6f473,108692,ok,
data/flower_photos/dandelion/4669006062_6b3d260037_n.jpg,data/flower_photos/dandelion/4669006062_6b3d260037_n.jpg,dandelion,320,240,1.3333333333333333,RGB,JPEG,RGB,,bd752f5c28f3a91ed9a0f0276fd122231cdcd77e49a0d9ff47f47fd410c29390,32725,ok,
data/flower_photos/dandelion/4669815582_0a994fb4fd_m.jpg,data/flower_photos/dandelion/4669815582_0a994fb4fd_m.jpg,dandelion,180,240,0.75,RGB,JPEG,RGB,,622090f276386a160711a50801098f283e29170b773adf7aee78d48a146fc729,33649,ok,
data/flower_photos/dandelion/4675287055_5938ed62c4.jpg,data/flower_photos/dandelion/4675287055_5938ed62c4.jpg,dandelion,500,332,1.5060240963855422,RGB,JPEG,RGB,,ddc569e404f75c513aebc629e1640893300503ca9e0dd84522bd885d9871c9b4,96582,ok,
data/flower_photos/dandelion/4676527148_d701b9202f_n.jpg,data/flower_photos/dandelion/4676527148_d701b9202f_n.jpg,dandelion,320,267,1.198501872659176,RGB,JPEG,RGB,,bd71af7e28fc24915cf914bca565ee1bec7df781d87c8e75377f92e69e8d692d,27588,ok,
data/flower_photos/dandelion/4684022752_89631bd98e_n.jpg,data/flower_photos/dandelion/4684022752_89631bd98e_n.jpg,dandelion,320,244,1.3114754098360655,RGB,JPEG,RGB,,616bbcddeaaa19d5d87181772c7e99cb701390f4d9082f97b20d3e938deaaa51,43636,ok,
data/flower_photos/dandelion/468749497_951c571eff_n.jpg,data/flower_photos/dandelion/468749497_951c571eff_n.jpg,dandelion,320,240,1.3333333333333333,RGB,JPEG,RGB,,f731719397bf7f40d04b319324b88a013c97997f8465b81b08c6f4dc82791c79,44994,ok,
data/flower_photos/dandelion/4691257171_23a29aaa33_n.jpg,data/flower_photos/dandelion/4691257171_23a29aaa33_n.jpg,dandelion,320,213,1.5023474178403755,RGB,JPEG,RGB,,95d362bd55ff0096fb4ef18e28109faee50cadadafba21ed326efcad8489876f,43134,ok,
data/flower_photos/dandelion/4696437766_85952d0196.jpg,data/flower_photos/dandelion/4696437766_85952d0196.jpg,dandelion,500,333,1.5015015015015014,RGB,JPEG,RGB,,a8693f5347224db528d81fcc1f4980ebc4d52abb715059fd2b9125feb544ecaf,144823,ok,
data/flower_photos/dandelion/4708723476_a1b476a373.jpg,data/flower_photos/dandelion/4708723476_a1b476a373.jpg,dandelion,500,333,1.5015015015015014,RGB,JPEG,RGB,,17b432740334aac594e0e5d1c6de057da98a43a868e804651b6ddc8b721b2f4c,58464,ok,
data/flower_photos/dandelion/4713958242_fbcfe9a61b_m.jpg,data/flower_photos/dandelion/4713958242_fbcfe9a61b_m.jpg,dandelion,180,240,0.75,RGB,JPEG,RGB,,5f22691ba37c8c36d4069760811aaaa0cdd712b5dbf3b6f331e904fb12f48668,39727,ok,
data/flower_photos/dandelion/4714026966_93846ddb74_m.jpg,data/flower_photos/dandelion/4714026966_93846ddb74_m.jpg,dandelion,180,240,0.75,RGB,JPEG,RGB,,8bcf8dde1bd043554795c1656d2cda8c55cc6b6eee671314b7c9dcb7a8ad0b93,25452,ok,
data/flower_photos/dandelion/4716316039_044e4d2d1a.jpg,data/flower_photos/dandelion/4716316039_044e4d2d1a.jpg,dandelion,500,332,1.5060240963855422,RGB,JPEG,RGB,,fd757ec4f03e7edd587a7179515664e4d3ae98f29225ac2e28cc20eff0772603,99975,ok,
data/flower_photos/dandelion/4721773235_429acdf496_n.jpg,data/flower_photos/dandelion/4721773235_429acdf496_n.jpg,dandelion,320,259,1.2355212355212355,RGB,JPEG,RGB,,2b466aaac11a36b27803259ef77917455b386025ccda22a2746ec1176dc4cdaf,28469,ok,
data/flower_photos/dandelion/477207005_6327db8393_m.jpg,data/flower_photos/dandelion/477207005_6327db8393_m.jpg,dandelion,237,240,0.9875,RGB,JPEG,RGB,,a787e9d524047aa50114f61a84486fcf6497f0cdc7875ef571238a1680c63986,23860,ok,
data/flower_photos/dandelion/477316928_a70a31a704_m.jpg,data/flower_photos/dandelion/477316928_a70a31a704_m.jpg,dandelion,159,240,0.6625,RGB,JPEG,RGB,,75f4b098cc36f7653c207922aeb4f1be052d05bb13326fce663c31db4d6de0c7,12767,ok,
data/flower_photos/dandelion/478851599_25bfd70605_n.jpg,data/flower_photos/dandelion/478851599_25bfd70605_n.jpg,dandelion,320,274,1.167883211678832,RGB,JPEG,RGB,,31729b53fe1d35b5ab9b656c3d52c4195c839c2210c52c97fafcf70862815a0b,31245,ok,
data/flower_photos/dandelion/479115838_0771a6cdff.jpg,data/flower_photos/dandelion/479115838_0771a6cdff.jpg,dandelion,500,333,1.5015015015015014,RGB,JPEG,RGB,,8db9fcef0820d2d384aa29e3652f3e52f64301dba8c1e2c682649e97a39be008,80843,ok,
data/flower_photos/dandelion/479495978_ee22cf05be.jpg,data/flower_photos/dandelion/479495978_ee22cf05be.jpg,dandelion,500,267,1.8726591760299625,RGB,JPEG,RGB,,6dc5576f7b3929222a367b06acca5d991fbe45524974c31880f39b5ad5284cf4,127886,ok,
data/flower_photos/dandelion/480621885_4c8b50fa11_m.jpg,data/flower_photos/dandelion/480621885_4c8b50fa11_m.jpg,dandelion,240,240,1.0,RGB,JPEG,RGB,,afbd8ab33415f87ca60eb7a03e86bd6c9244dd535b95caced34351d8a00af141,14973,ok,
data/flower_photos/dandelion/483097906_2c35054346.jpg,data/flower_photos/dandelion/483097906_2c35054346.jpg,dandelion,500,375,1.3333333333333333,RGB,JPEG,RGB,,fa76ee3f234409485f3b9593fdb4cf499733e6146f29e30421b28f6cf482ece6,129264,ok,
data/flower_photos/dandelion/4844697927_c70d644f40_n.jpg,data/flower_photos/dandelion/4844697927_c70d644f40_n.jpg,dandelion,320,212,1.509433962264151,RGB,JPEG,RGB,,74f080588b3e103a0488639870d30a79b5c4a06ef4fc1ea77149d5013bf44aef,32462,ok,
data/flower_photos/dandelion/4847150510_7a5db086fa.jpg,data/flower_photos/dandelion/4847150510_7a5db086fa.jpg,dandelion,500,333,1.5015015015015014,RGB,JPEG,RGB,,32eda5ba0005b31320b1bc87b74bce0b366fbe27d15f38be86b5179535393891,106138,ok,
data/flower_photos/dandelion/4858372040_52216eb0bd.jpg,data/flower_photos/dandelion/4858372040_52216eb0bd.jpg,dandelion,500,333,1.5015015015015014,RGB,JPEG,RGB,,cc0bfaa6cc198f8b8ec09f3492995b29500b1a477243605d2069817664f82f48,82604,ok,
data/flower_photos/dandelion/4862011506_4faf6d127e_n.jpg,data/flower_photos/dandelion/4862011506_4faf6d127e_n.jpg,dandelion,320,212,1.509433962264151,RGB,JPEG,RGB,,b314fce9a4954c6d6adf64df52e230c757cc43875b59b9cc2310dd15defbefb2,39781,ok,
data/flower_photos/dandelion/486234138_688e01aa9b_n.jpg,data/flower_photos/dandelion/486234138_688e01aa9b_n.jpg,dandelion,320,248,1.2903225806451613,RGB,JPEG,RGB,,6d72b7fd7d62ca35741ac602fd7bd48082b01c23c812179739589a3bd0dd09b9,27979,ok,
data/flower_photos/dandelion/4893356345_24d67eff9f_m.jpg,data/flower_photos/dandelion/4893356345_24d67eff9f_m.jpg,dandelion,188,240,0.7833333333333333,RGB,JPEG,RGB,,e53e3b93e34b9e4b6f28e8c3138ffe5bd8645aae62f8ac1c3716c8db5391dc77,25737,ok,
data/flower_photos/dandelion/493696003_f93ffb3abd_n.jpg,data/flower_photos/dandelion/493696003_f93ffb3abd_n.jpg,dandelion,320,240,1.3333333333333333,RGB,JPEG,RGB,,4e946420ba761859e3038f4b19b15433cc435d4aa2b6e7a5601b216d7036daac,45403,ok,
data/flower_photos/dandelion/494108764_e00178af6e.jpg,data/flower_photos/dandelion/494108764_e00178af6e.jpg,dandelion,500,333,1.5015015015015014,RGB,JPEG,RGB,,e3b6240d166795ce3bfb90f6043d36b38e963e6f1fa7400d7f6f1f349fb98748,114774,ok,
data/flower_photos/dandelion/4944731313_023a0508fd_n.jpg,data/flower_photos/dandelion/4944731313_023a0508fd_n.jpg,dandelion,320,213,1.5023474178403755,RGB,JPEG,RGB,,123be57271db771417a781526093cb824bdb302f58801234cd54ab274307fb04,29847,ok,
data/flower_photos/dandelion/4953240903_a121fba81f_m.jpg,data/flower_photos/dandelion/4953240903_a121fba81f_m.jpg,dandelion,240,240,1.0,RGB,JPEG,RGB,,26ad83972b5707263c218de0a77430d3034ca5df19942db640ff12877b0abbf5,28597,ok,
data/flower_photos/dandelion/5003160931_cf8cbb846f.jpg,data/flower_photos/dandelion/5003160931_cf8cbb846f.jpg,dandelion,500,281,1.7793594306049823,RGB,JPEG,RGB,,3c29fdc45c116ae6d235c93d0fe61ff81e5bd95f316fc34e462b59583d945136,70073,ok,
data/flower_photos/dandelion/501987276_744448580c_m.jpg,data/flower_photos/dandelion/501987276_744448580c_m.jpg,dandelion,240,215,1.1162790697674418,RGB,JPEG,RGB,,929e5ffb1f238a7538e212d7cc8ab49169ca0c1b6a1e8c5dcabca5536c0213e4,19984,ok,
data/flower_photos/dandelion/501987288_c69c4e0c90_m.jpg,data/flower_photos/dandelion/501987288_c69c4e0c90_m.jpg,dandelion,240,228,1.0526315789473684,RGB,JPEG,RGB,,c7083fe4fcd2dc58f45f572494f11037bcfc1c2fd3b5d235df4ca331b808b5d6,22849,ok,
data/flower_photos/dandelion/5024965767_230f140d60_n.jpg,data/flower_photos/dandelion/5024965767_230f140d60_n.jpg,dandelion,320,256,1.25,RGB,JPEG,RGB,,45a0de4c8e0633eaebb7323234631ba787bfc7bde4ff238ef2e7080cb9e3b24f,56241,ok,
data/flower_photos/dandelion/5033866477_a77cccba49_m.jpg,data/flower_photos/dandelion/5033866477_a77cccba49_m.jpg,dandelion,180,240,0.75,RGB,JPEG,RGB,,dae4e7d28afecb3814d7e850a652b53852f45cc6c354a6ee09c5092b12b5b19f,20344,ok,
data/flower_photos/dandelion/5045509402_6e052ce443.jpg,data/flower_photos/dandelion/5045509402_6e052ce443.jpg,dandelion,500,333,1.5015015015015014,RGB,JPEG,RGB,,d1dc081df0e7e94595acd0b60c661a4f9aea2467b21579485ab6fc19446b2021,95244,ok,
data/flower_photos/dandelion/506659320_6fac46551e.jpg,data/flower_photos/dandelion/506659320_6fac46551e.jpg,dandelion,500,333,1.5015015015015014,RGB,JPEG,RGB,,10ea8ec5b01b40bd6eae27f3ad9ae6be26de3247f3819dda863e00c278d905f7,48250,ok,
data/flower_photos/dandelion/506660896_c903cca1f0.jpg,data/flower_photos/dandelion/506660896_c903cca1f0.jpg,dandelion,500,333,1.5015015015015014,RGB,JPEG,RGB,,ad04dcff0fa1839dc037973615e6b1a7c8c35e002d8e08886e63b13a43b0089d,55932,ok,
data/flower_photos/dandelion/510677438_73e4b91c95_m.jpg,data/flower_photos/dandelion/510677438_73e4b91c95_m.jpg,dandelion,240,240,1.0,RGB,JPEG,RGB,,e83b2934825e1b73bbf476681d76aa539370d1562ca55ba9a33952d8d557b0c1,30172,ok,
data/flower_photos/dandelion/510874382_f7e3435043.jpg,data/flower_photos/dandelion/510874382_f7e3435043.jpg,dandelion,500,333,1.5015015015015014,RGB,JPEG,RGB,,74a79f67d4f30e3f5315522716eddc740e4bcc6c5656d8d3ad7adc7e67c9e9de,129720,ok,
data/flower_photos/dandelion/510897767_918260db93.jpg,data/flower_photos/dandelion/510897767_918260db93.jpg,dandelion,500,333,1.5015015015015014,RGB,JPEG,RGB,,5d6a08b90a5abf3b7c2c51b13f405dc449f6ee89a5da36141e5ff55b0200a985,119554,ok,
data/flower_photos/dandelion/5109496141_8dcf673d43_n.jpg,data/flower_photos/dandelion/5109496141_8dcf673d43_n.jpg,dandelion,320,240,1.3333333333333333,RGB,JPEG,RGB,,9d43844bb1ba0a234b45e833d7d6d5e8879760192ca6d6b43508cf4dc55c0503,35700,ok,
data/flower_photos/dandelion/5109501167_2d9bbb0f27_m.jpg,data/flower_photos/dandelion/5109501167_2d9bbb0f27_m.jpg,dandelion,240,240,1.0,RGB,JPEG,RGB,,8c1fe293d99aa7c4f9b17a5f34a9f9879b005142825426e67c910c8cd94d5b6d,18109,ok,
data/flower_photos/dandelion/5110102140_787d325757_n.jpg,data/flower_photos/dandelion/5110102140_787d325757_n.jpg,dandelion,320,240,1.3333333333333333,RGB,JPEG,RGB,,ce2d3288bbffb7bac7f1b480662444541b9102f1a13cf4ee33ac8fca0460d4d9,21581,ok,
data/flower_photos/dandelion/5110103388_78dc02558e_n.jpg,data/flower_photos/dandelion/5110103388_78dc02558e_n.jpg,dandelion,320,254,1.2598425196850394,RGB,JPEG,RGB,,e18b8824f78620b3fde8bd824f73799bbac1168bef7e520dfc1679abcb68a7d1,23558,ok,
data/flower_photos/dandelion/5110104894_a52c685516_n.jpg,data/flower_photos/dandelion/5110104894_a52c685516_n.jpg,dandelion,320,240,1.3333333333333333,RGB,JPEG,RGB,,a4a435791d46e0ef40ffa1d24455de0988662467dd212eb7d8ca40c431c9d8bd,31694,ok,
data/flower_photos/dandelion/5129135346_3fa8e804d8_n.jpg,data/flower_photos/dandelion/5129135346_3fa8e804d8_n.jpg,dandelion,320,249,1.285140562248996,RGB,JPEG,RGB,,cebadbdbebb0c6e92eb52fd3239a361eb5e1f6239b6207180557f23655ffa084,30682,ok,
data/flower_photos/dandelion/5140791232_52f2c5b41d_n.jpg,data/flower_photos/dandelion/5140791232_52f2c5b41d_n.jpg,dandelion,320,240,1.3333333333333333,RGB,JPEG,RGB,,1b40448a23f42dbec67b45bf8d231a8a5aa4ec77268262d19646c73d3ef506e9,36695,ok,
data/flower_photos/dandelion/515143813_b3afb08bf9.jpg,data/flower_photos/dandelion/515143813_b3afb08bf9.jpg,dandelion,500,375,1.3333333333333333,RGB,JPEG,RGB,,830b38a07d5d38a0d5ce3d3b1fb5ea0ad76d9c668a0a48b9dab495f3bcc9ef85,116216,ok,
data/flower_photos/dandelion/5217892384_3edce91761_m.jpg,data/flower_photos/dandelion/5217892384_3edce91761_m.jpg,dandelion,216,240,0.9,RGB,JPEG,RGB,,4efb7850d0fa3ed394d607a33f1672b9e3d607dbf0e495217f660e9c461d9e41,38048,ok,
data/flower_photos/dandelion/5416388641_c66d52d2ff_m.jpg,data/flower_photos/dandelion/5416388641_c66d52d2ff_m.jpg,dandelion,159,240,0.6625,RGB,JPEG,RGB,,d5d79fd4b07ba6318c9ff8622540f908cf65215fa5af011395f08f16fdea3213,17390,ok,
data/flower_photos/dandelion/5446666484_365f3be83a_n.jpg,data/flower_photos/dandelion/5446666484_365f3be83a_n.jpg,dandelion,320,246,1.3008130081300813,RGB,JPEG,RGB,,300ee35e96902e5c791a0cb5a21b30033599d681bb95e4f728ee5e05c2f76dee,35371,ok,
data/flower_photos/dandelion/5572197407_a0047238a6.jpg,data/flower_photos/dandelion/5572197407_a0047238a6.jpg,dandelion,500,332,1.5060240963855422,RGB,JPEG,RGB,,fff39c5ead70873fbf9a582bb41267b24c86ddce17401545c53d23cb2aa736a0,97003,ok,
data/flower_photos/dandelion/5596093561_09b0301136_n.jpg,data/flower_photos/dandelion/5596093561_09b0301136_n.jpg,dandelion,320,256,1.25,RGB,JPEG,RGB,,9b48989b355a2fc9addc85e421cdc99b4bffee95b2a752343a517c99cfb2de07,62431,ok,
data/flower_photos/dandelion/5598014250_684c28bd5c_n.jpg,data/flower_photos/dandelion/5598014250_684c28bd5c_n.jpg,dandelion,320,240,1.3333333333333333,RGB,JPEG,RGB,,30ac788e3bee1683a4bbd5c62b587bb143cfabc9e3e542d3d402998ddc02b154,54646,ok,
data/flower_photos/dandelion/5598591979_ed9af1b3e9_n.jpg,data/flower_photos/dandelion/5598591979_ed9af1b3e9_n.jpg,dandelion,320,265,1.2075471698113207,RGB,JPEG,RGB,,c100f13d86089238f60f088f689c9f957c57e5d7dbcc07fddc9b80494537364c,45537,ok,
data/flower_photos/dandelion/5598845098_13e8e9460f.jpg,data/flower_photos/dandelion/5598845098_13e8e9460f.jpg,dandelion,500,341,1.466275659824047,RGB,JPEG,RGB,,9bc7eb7668d5162df105754b7b2f213881ee128e99d68336630780f21a02cc42,128226,ok,
data/flower_photos/dandelion/5600240736_4a90c10579_n.jpg,data/flower_photos/dandelion/5600240736_4a90c10579_n.jpg,dandelion,320,240,1.3333333333333333,RGB,JPEG,RGB,,c8afe361686edbd35b71289ed145271dd4e475b224964bb343b282f77efffd47,48114,ok,
data/flower_photos/dandelion/5605093210_5fecb71c61.jpg,data/flower_photos/dandelion/5605093210_5fecb71c61.jpg,dandelion,500,329,1.5197568389057752,RGB,JPEG,RGB,,63b6c7b301b363c86720c6f967c5fa6b705371af255b881571357b2886ab7a53,59482,ok,
data/flower_photos/dandelion/5605502523_05acb00ae7_n.jpg,data/flower_photos/dandelion/5605502523_05acb00ae7_n.jpg,dandelion,320,240,1.3333333333333333,RGB,JPEG,RGB,,658111938b9de3217b5d4bc37e6ed34616c4e23cbef78ab3e3b71d48193dafba,41737,ok,
data/flower_photos/dandelion/5607256228_2294c201b3.jpg,data/flower_photos/dandelion/5607256228_2294c201b3.jpg,dandelion,500,320,1.5625,RGB,JPEG,RGB,,f459ade0cf5669d457a77af4a96b406a140337b334899e3c5abf522c5db41801,80658,ok,
data/flower_photos/dandelion/5607669502_ccd2a76668_n.jpg,data/flower_photos/dandelion/5607669502_ccd2a76668_n.jpg,dandelion,320,228,1.4035087719298245,RGB,JPEG,RGB,,2fdcb934467c077fdb19fd28746fcb9c9e408ddd89963f0e4f8d687a708a3929,26840,ok,
data/flower_photos/dandelion/5607983792_f8b8766ff7.jpg,data/flower_photos/dandelion/5607983792_f8b8766ff7.jpg,dandelion,500,334,1.4970059880239521,RGB,JPEG,RGB,,af8e4588a7b03f4516c4b43ac1adee0a72d082b68b681cd375d95421ac1411d4,106509,ok,
data/flower_photos/dandelion/5608832856_f5d49de778.jpg,data/flower_photos/dandelion/5608832856_f5d49de778.jpg,dandelion,500,333,1.5015015015015014,RGB,JPEG,RGB,,dd0768f03911d0cdd53e753a2c55a0f895d51bf56eb5764591d893be40a99d79,63756,ok,
data/flower_photos/dandelion/5613466853_e476bb080e.jpg,data/flower_photos/dandelion/5613466853_e476bb080e.jpg,dandelion,500,333,1.5015015015015014,RGB,JPEG,RGB,,b53aab568021925ff2b052e5ba364a65f7a7e9b16d7508ced7f4c17698fa22a5,126379,ok,
data/flower_photos/dandelion/5623492051_8e5ce438bd.jpg,data/flower_photos/dandelion/5623492051_8e5ce438bd.jpg,dandelion,500,332,1.5060240963855422,RGB,JPEG,RGB,,5fde20c690462e1b3e7e334c995e965831a575ef915dcdf2f8d1ba4db14349bf,73407,ok,
data/flower_photos/dandelion/5623855601_ecaebdb8fe.jpg,data/flower_photos/dandelion/5623855601_ecaebdb8fe.jpg,dandelion,500,333,1.5015015015015014,RGB,JPEG,RGB,,66d6260aee07747a591ea60d9d4b1b6b0288b7dcc38d7e82cf0fa20b9f638587,114528,ok,
data/flower_photos/dandelion/5628296138_9031791fab.jpg,data/flower_photos/dandelion/5628296138_9031791fab.jpg,dandelion,500,333,1.5015015015015014,RGB,JPEG,RGB,,ecc8743758aa03a5e9bee6ce62a1f25e64e45540eeba9e42b1fab7aff040a816,55825,ok,
data/flower_photos/dandelion/5628515159_6b437ff1e5_n.jpg,data/flower_photos/dandelion/5628515159_6b437ff1e5_n.jpg,dandelion,320,240,1.3333333333333333,RGB,JPEG,RGB,,9139a2f8368c92d467cd90233746997e821659a9cf91e55f0746130c506a4719,29780,ok,
data/flower_photos/dandelion/5629940298_634f35125c.jpg,data/flower_photos/dandelion/5629940298_634f35125c.jpg,dandelion,500,332,1.5060240963855422,RGB,JPEG,RGB,,185646a3ddcd3eb2747390777b7b5bbb8580334961535d28046d10d9fa725b49,217345,ok,
data/flower_photos/dandelion/5642429835_a0cbf1bab7_n.jpg,data/flower_photos/dandelion/5642429835_a0cbf1bab7_n.jpg,dandelion,320,240,1.3333333333333333,RGB,JPEG,RGB,,551bc53a10f41a566d8619647a2370bc6b226f437312a04b8076235630938065,40103,ok,
data/flower_photos/dandelion/5643666851_dc3f42399d_m.jpg,data/flower_photos/dandelion/5643666851_dc3f42399d_m.jpg,dandelion,240,240,1.0,RGB,JPEG,RGB,,e5fc8d0ac1a19875d331c9d29d2fac5a7bdda965cbc51641927a9f108dae60d7,38182,ok,
data/flower_photos/dandelion/5644234724_cb0917ee33_m.jpg,data/flower_photos/dandelion/5644234724_cb0917ee33_m.jpg,dandelion,240,240,1.0,RGB,JPEG,RGB,,3f30241a23754c20cacd807c66803ed516a017cfdcb8222feb0be285435d6dd0,40383,ok,
data/flower_photos/dandelion/5647842237_b1c5196718_n.jpg,data/flower_photos/dandelion/5647842237_b1c5196718_n.jpg,dandelion,320,240,1.3333333333333333,RGB,JPEG,RGB,,6784289f9b40c42168c3c7b7b7cb94c7f608ef86106048361da1a4f351f5c125,27474,ok,
data/flower_photos/dandelion/5651310874_c8be336c2b.jpg,data/flower_photos/dandelion/5651310874_c8be336c2b.jpg,dandelion,500,332,1.5060240963855422,RGB,JPEG,RGB,,f1362efb91d2fa65cdf3083f67b0c0b3ff5ed312321421fa20d9bf512f55c02e,92122,ok,
data/flower_photos/dandelion/5654859907_c2be3b0f1e_n.jpg,data/flower_photos/dandelion/5654859907_c2be3b0f1e_n.jpg,dandelion,320,256,1.25,RGB,JPEG,RGB,,40ce0d312e0e9ed7aa45fdd8c6f0688659de2d6be32d32e932a535509af885e3,28199,ok,
data/flower_photos/dandelion/5655177340_78fc36ce59_m.jpg,data/flower_photos/dandelion/5655177340_78fc36ce59_m.jpg,dandelion,240,240,1.0,RGB,JPEG,RGB,,3a30a9ee3675a73a629487d6dc29219ae24cce2b9f7faba22269c54cc38d79f5,25231,ok,
data/flower_photos/dandelion/5670543216_8c4cb0caa8_m.jpg,data/flower_photos/dandelion/5670543216_8c4cb0caa8_m.jpg,dandelion,197,240,0.8208333333333333,RGB,JPEG,RGB,,2a9804017fff2722a946540c8f4b8b92ac88f0a98a77b9b62a3a03b2e1b389ab,36454,ok,
data/flower_photos/dandelion/5673112305_02fe19297b_n.jpg,data/flower_photos/dandelion/5673112305_02fe19297b_n.jpg,dandelion,320,240,1.3333333333333333,RGB,JPEG,RGB,,9a77183177c4e074c0ed05d119d11aae6c332f839a07136399adc0f06377e90a,50620,ok,
data/flower_photos/dandelion/5674707921_1ffd141bab_n.jpg,data/flower_photos/dandelion/5674707921_1ffd141bab_n.jpg,dandelion,320,240,1.3333333333333333,RGB,JPEG,RGB,,942803b002845d46db4837f39214e61bb6525dde3f1b47f23adb0d723d640d1d,46855,ok,
data/flower_photos/dandelion/5675705011_82729927ca_n.jpg,data/flower_photos/dandelion/5675705011_82729927ca_n.jpg,dandelion,320,282,1.1347517730496455,RGB,JPEG,RGB,,34eec7be293e0e1b4c6245593a0d25c4ecdddafc0647e1d0624ddf3a0938d818,29898,ok,
data/flower_photos/dandelion/5676682203_70d797f760.jpg,data/flower_photos/dandelion/5676682203_70d797f760.jpg,dandelion,500,333,1.5015015015015014,RGB,JPEG,RGB,,779ab048092571274975f3438439b899601c0ed507012950e1aebfb091800c9e,80557,ok,
data/flower_photos/dandelion/5681951567_d3b03bfd2a_m.jpg,data/flower_photos/dandelion/5681951567_d3b03bfd2a_m.jpg,dandelion,203,240,0.8458333333333333,RGB,JPEG,RGB,,edc4e0cdf5d90c344344f751eacf5c42db399b7080d5fd82234e87dd5f1dfd77,59565,ok,
data/flower_photos/dandelion/570127230_ce409f90f8_n.jpg,data/flower_photos/dandelion/570127230_ce409f90f8_n.jpg,dandelion,320,289,1.1072664359861593,RGB,JPEG,RGB,,8c057dcf90015ed6eec7925e16d3d8abd8417c7b5e671ccc031a21bde34ec8ea,36950,ok,
data/flower_photos/dandelion/5705695593_d79286ac0d.jpg,data/flower_photos/dandelion/5705695593_d79286ac0d.jpg,dandelion,500,332,1.5060240963855422,RGB,JPEG,RGB,,20161ffc57facc2c2a358eaee1e0313e591533d32b90068696974b94938a777e,103214,ok,
data/flower_photos/dandelion/5715788902_9dd2b4ef1d.jpg,data/flower_photos/dandelion/5715788902_9dd2b4ef1d.jpg,dandelion,500,330,1.5151515151515151,RGB,JPEG,RGB,,0d8ab8f835391fc36b41447245aa967c05395e0a4d00447bd06b17a4452976fb,101046,ok,
data/flower_photos/dandelion/5716633491_55e6f02645_n.jpg,data/flower_photos/dandelion/5716633491_55e6f02645_n.jpg,dandelion,320,240,1.3333333333333333,RGB,JPEG,RGB,,ec7069dd53caf7a9d27895e5c03cbc60f6becbbf5d24d6db7b4690e8ecf4c271,26140,ok,
data/flower_photos/dandelion/5725836812_a7d1c5540d_m.jpg,data/flower_photos/dandelion/5725836812_a7d1c5540d_m.jpg,dandelion,240,240,1.0,RGB,JPEG,RGB,,496729dd4264d8be56abe816406f468774460a977cefcf2ccca13d2a23973b96,18413,ok,
data/flower_photos/dandelion/5726984343_ae124aed97.jpg,data/flower_photos/dandelion/5726984343_ae124aed97.jpg,dandelion,500,287,1.7421602787456445,RGB,JPEG,RGB,,4631c6e8e3bcaa2ef1d111bf1788c035750eba6541ee7bd4306b04e3245315e3,88204,ok,
data/flower_photos/dandelion/5727534342_419604c177_n.jpg,data/flower_photos/dandelion/5727534342_419604c177_n.jpg,dandelion,320,234,1.3675213675213675,RGB,JPEG,RGB,,8efc499ad6a55f2c5a8f7212fe9e883ca12c9d812d23ba272ad0fd65023a59b5,55733,ok,
data/flower_photos/dandelion/5740633858_8fd54c23c9_n.jpg,data/flower_photos/dandelion/5740633858_8fd54c23c9_n.jpg,dandelion,320,212,1.509433962264151,RGB,JPEG,RGB,,6ce4c2a6e46e449264965751345aa65e4e454d8866e63fb9dc1ad2426f55cd33,25271,ok,
data/flower_photos/dandelion/5744236092_de84b4e38d_n.jpg,data/flower_photos/dandelion/5744236092_de84b4e38d_n.jpg,dandelion,320,240,1.3333333333333333,RGB,JPEG,RGB,,2a9a200bdf23afc09979d7d8f6b63c951df7c1f37e26dac71c951840dd84ceaf,28479,ok,
data/flower_photos/dandelion/5745882709_fb6fc8f02a_n.jpg,data/flower_photos/dandelion/5745882709_fb6fc8f02a_n.jpg,dandelion,320,240,1.3333333333333333,RGB,JPEG,RGB,,311ee8a65176f383b4b29225794e7366dbebb1359171ba22e9ee56c7211a534c,18001,ok,
data/flower_photos/dandelion/5749815755_12f9214649_n.jpg,data/flower_photos/dandelion/5749815755_12f9214649_n.jpg,dandelion,320,240,1.3333333333333333,RGB,JPEG,RGB,,7c041a8c5de24b0aaebe2b2cd62c17961c53bcf0960e201026c61370686e13b5,45345,ok,
data/flower_photos/dandelion/5757012454_c37f305b73.jpg,data/flower_photos/dandelion/5757012454_c37f305b73.jpg,dandelion,500,333,1.5015015015015014,RGB,JPEG,RGB,,ee515f2718ef3bf3352e1e677e3b81105955f9b95958166905a55a102f99b221,112765,ok,
data/flower_photos/dandelion/5760890854_c3e009bc8a_n.jpg,data/flower_photos/dandelion/5760890854_c3e009bc8a_n.jpg,dandelion,320,240,1.3333333333333333,RGB,JPEG,RGB,,d3eb55db28f36eaf968a97bfa481176c2f61dbc20b88c3f217bf6d47980dac65,52200,ok,
data/flower_photos/dandelion/5762590366_5cf7a32b87_n.jpg,data/flower_photos/dandelion/5762590366_5cf7a32b87_n.jpg,dandelion,320,240,1.3333333333333333,RGB,JPEG,RGB,,95509b64aaee586d15b6bc69dad5c369abdfb0e5185c59a80d389e25dda762b2,27776,ok,
data/flower_photos/dandelion/5767676943_4f9c7323f3_n.jpg,data/flower_photos/dandelion/5767676943_4f9c7323f3_n.jpg,dandelion,320,240,1.3333333333333333,RGB,JPEG,RGB,,4eeadae13bdff0b657d9bf2290575ef659ba6c00895345254ae85212b92f9cdd,34457,ok,
data/flower_photos/dandelion/5768217474_f6b1eef6d5_n.jpg,data/flower_photos/dandelion/5768217474_f6b1eef6d5_n.jpg,dandelion,320,240,1.3333333333333333,RGB,JPEG,RGB,,ea201309e81839c6d67052acf3bcf059b96bff965e91d3946be221f76376c807,35951,ok,
data/flower_photos/dandelion/5772194932_60b833091f.jpg,data/flower_photos/dandelion/5772194932_60b833091f.jpg,dandelion,500,334,1.4970059880239521,RGB,JPEG,RGB,,0f512edffc78607cdc017d90647562e298b07bc5891259b5fada88b5a4179fe8,116608,ok,
data/flower_photos/dandelion/5776879272_95008399c3.jpg,data/flower_photos/dandelion/5776879272_95008399c3.jpg,dandelion,500,292,1.7123287671232876,RGB,JPEG,RGB,,6dcaef4e3bc2c74de6ba413f33cd3708a104d1b809b5bf62f8c33e1d2c1f06e8,101080,ok,
data/flower_photos/dandelion/578938011_34918b1468.jpg,data/flower_photos/dandelion/578938011_34918b1468.jpg,dandelion,500,299,1.6722408026755853,RGB,JPEG,RGB,,7ddf2022a5d799ba4cad3f7bc5c45439dff0419cd7087592171a992291d2c623,75551,ok,
data/flower_photos/dandelion/5797606814_ccac615312_m.jpg,data/flower_photos/dandelion/5797606814_ccac615312_m.jpg,dandelion,186,240,0.775,RGB,JPEG,RGB,,d1ced5450984f64edb8adf1395e7468f3162961685548f8f63e9f338c4d2b884,33481,ok,
data/flower_photos/dandelion/5829610661_8439ba4a77_n.jpg,data/flower_photos/dandelion/5829610661_8439ba4a77_n.jpg,dandelion,320,248,1.2903225806451613,RGB,JPEG,RGB,,6b857a45d16e7b66753958479b79aa43bc39afef98839d21819bf026fbbf6aed,51825,ok,
data/flower_photos/dandelion/5862288632_1df5eb6dd0.jpg,data/flower_photos/dandelion/5862288632_1df5eb6dd0.jpg,dandelion,500,334,1.4970059880239521,RGB,JPEG,RGB,,c1da38e5d2c73bfc113f7abfa43b128f40682c6dba277ec611bbc464e1f106c4,95600,ok,
data/flower_photos/dandelion/5863928177_8ae1425e76_n.jpg,data/flower_photos/dandelion/5863928177_8ae1425e76_n.jpg,dandelion,320,228,1.4035087719298245,RGB,JPEG,RGB,,954e57dd4467d22cc0c4532ee8f6ef3efda2519ced475d5efdeeeeca925b758c,55221,ok,
data/flower_photos/dandelion/5875763050_82f32f2eed_m.jpg,data/flower_photos/dandelion/5875763050_82f32f2eed_m.jpg,dandelion,240,240,1.0,RGB,JPEG,RGB,,df4cfa8ff249fd426350ff8ddb8817c64a48cac238768e35eccb631b6c15fe76,63411,ok,
data/flower_photos/dandelion/5886830036_2b99899c95.jpg,data/flower_photos/dandelion/5886830036_2b99899c95.jpg,dandelion,500,331,1.5105740181268883,RGB,JPEG,RGB,,f570648517ffa44a029470004250452600633b402fe8ab429fb7057c1b09e36d,147643,ok,
data/flower_photos/dandelion/5909154147_9da14d1730_n.jpg,data/flower_photos/dandelion/5909154147_9da14d1730_n.jpg,dandelion,320,273,1.1721611721611722,RGB,JPEG,RGB,,edc3a8ef8b7afe2f6967da95c86017aae9496e65f845246dfa638f9f3b8913a5,62846,ok,
data/flower_photos/dandelion/5996421299_b9bf488c1a_n.jpg,data/flower_photos/dandelion/5996421299_b9bf488c1a_n.jpg,dandelion,320,213,1.5023474178403755,RGB,JPEG,RGB,,d7d34369d41896147bdede6aa407b46a8bdd8c40009e15147b13fe6a70eb70eb,47894,ok,
data/flower_photos/dandelion/6012046444_fd80afb63a_n.jpg,data/flower_photos/dandelion/6012046444_fd80afb63a_n.jpg,dandelion,320,256,1.25,RGB,JPEG,RGB,,e6776a57b403a83650fb82269e0585f9b53e8fb7c8bcbd9919c05560f3b925c4,27164,ok,
data/flower_photos/dandelion/6019234426_d25ea1230a_m.jpg,data/flower_photos/dandelion/6019234426_d25ea1230a_m.jpg,dandelion,240,239,1.00418410041841,RGB,JPEG,RGB,,89c037c99ce2b103a1476030c9a0ae53e1b93fa3148249a4f5ec7de25d7180ad,26104,ok,
data/flower_photos/dandelion/6035460327_4bbb708eab_n.jpg,data/flower_photos/dandelion/6035460327_4bbb708eab_n.jpg,dandelion,320,213,1.5023474178403755,RGB,JPEG,RGB,,ba6f26a4b03ab647100116ef2591c27ae878d014aafeebe480e56a12b4a1e376,21096,ok,
data/flower_photos/dandelion/6044710875_0459796d1b_m.jpg,data/flower_photos/dandelion/6044710875_0459796d1b_m.jpg,dandelion,207,240,0.8625,RGB,JPEG,RGB,,9dde1f58d41d2a87e1adce0f79a1442b7ba6df0b453367f4b036f5d45b88afd1,25985,ok,
data/flower_photos/dandelion/6060576850_984176cf4f_n.jpg,data/flower_photos/dandelion/6060576850_984176cf4f_n.jpg,dandelion,320,240,1.3333333333333333,RGB,JPEG,RGB,,058d8343b8d085aa7d502c396b8b43a2093bd57135103ba28070640ba1c9d9c7,45761,ok,
data/flower_photos/dandelion/6103898045_e066cdeedf_n.jpg,data/flower_photos/dandelion/6103898045_e066cdeedf_n.jpg,dandelion,320,240,1.3333333333333333,RGB,JPEG,RGB,,10b2af7589b82e2c1b45433213125ce8788a29dfbfaddb0b8b11fad1df473fd1,39453,ok,
data/flower_photos/dandelion/6104442744_ee2bcd32e7_n.jpg,data/flower_photos/dandelion/6104442744_ee2bcd32e7_n.jpg,dandelion,320,240,1.3333333333333333,RGB,JPEG,RGB,,c0b35e1b2509c539166d1eaf2c26a515ee46ce689fe0505eb87830b9943588d4,36363,ok,
data/flower_photos/dandelion/61242541_a04395e6bc.jpg,data/flower_photos/dandelion/61242541_a04395e6bc.jpg,dandelion,400,246,1.6260162601626016,RGB,JPEG,RGB,,f62da0564ceff29aeb65276a23c2b26683e44d21c6beeaaa5ed685605d728a5c,26460,ok,
data/flower_photos/dandelion/6132275522_ce46b33c33_m.jpg,data/flower_photos/dandelion/6132275522_ce46b33c33_m.jpg,dandelion,240,212,1.1320754716981132,RGB,JPEG,RGB,,c9b43e06d0308d2aede35a751e5969e1f0e6c21c9c1e87648e9f40b18081e77b,38587,ok,
data/flower_photos/dandelion/6146107825_45f708ecd7_n.jpg,data/flower_photos/dandelion/6146107825_45f708ecd7_n.jpg,dandelion,320,213,1.5023474178403755,RGB,JPEG,RGB,,bc2911cdbd2bbd24caecf36cd5ff09034c58f37f3a7b7badf72d3f3a9410c930,22420,ok,
data/flower_photos/dandelion/6208857436_14a65fe4af_n.jpg,data/flower_photos/dandelion/6208857436_14a65fe4af_n.jpg,dandelion,320,238,1.3445378151260505,RGB,JPEG,RGB,,26fda12aa8ef14d3617bd093c1feed845f4fddbdb67b26d8699b5e558594ec77,36970,ok,
data/flower_photos/dandelion/62293290_2c463891ff_m.jpg,data/flower_photos/dandelion/62293290_2c463891ff_m.jpg,dandelion,180,240,0.75,RGB,JPEG,RGB,,c17598cd34501ee7a64b9cb1addec807af66c0d9640558986069952b4deba738,28456,ok,
data/flower_photos/dandelion/6229634119_af5fec0a22.jpg,data/flower_photos/dandelion/6229634119_af5fec0a22.jpg,dandelion,500,333,1.5015015015015014,RGB,JPEG,RGB,,8ce77ef87b765f00faf0c9806533c0af03c2070284d795f6ad5eb2957056dd75,94171,ok,
data/flower_photos/dandelion/6250363717_17732e992e_n.jpg,data/flower_photos/dandelion/6250363717_17732e992e_n.jpg,dandelion,320,240,1.3333333333333333,RGB,JPEG,RGB,,959ce821b314c0f756658bab263582d950737fd627034d440c28d2747f91a07f,14462,ok,
data/flower_photos/dandelion/6400843175_ef07053f8f_m.jpg,data/flower_photos/dandelion/6400843175_ef07053f8f_m.jpg,dandelion,240,240,1.0,RGB,JPEG,RGB,,84c712e0d37b34fe42d057d549193f60af039e0999529099a6a2158880546374,31612,ok,
data/flower_photos/dandelion/645330051_06b192b7e1.jpg,data/flower_photos/dandelion/645330051_06b192b7e1.jpg,dandelion,500,333,1.5015015015015014,RGB,JPEG,RGB,,e1fe454f2d763c7cfcc32fa72d5a1aa48995a37cd319139d2c8e9372557803be,175511,ok,
data/flower_photos/dandelion/6495802659_98b57e0cca_m.jpg,data/flower_photos/dandelion/6495802659_98b57e0cca_m.jpg,dandelion,180,240,0.75,RGB,JPEG,RGB,,826b78627602259dd0c3a623b9ba1f2967122ed159d41fe2879957d0f8e934c4,18060,ok,
data/flower_photos/dandelion/674407101_57676c40fb.jpg,data/flower_photos/dandelion/674407101_57676c40fb.jpg,dandelion,500,375,1.3333333333333333,RGB,JPEG,RGB,,4a961fefb4e27ac451b8c299f14a35e6afff13ced39ae33f2db7cd8fa8223c8d,67391,ok,
data/flower_photos/dandelion/6888894675_524a6accab_n.jpg,data/flower_photos/dandelion/6888894675_524a6accab_n.jpg,dandelion,320,213,1.5023474178403755,RGB,JPEG,RGB,,9481e41dd1a76469d8cd54cd27f43801e4e078e94f3e01dbeb8230d15a7a6008,21585,ok,
data/flower_photos/dandelion/6897671808_57230e04c5_n.jpg,data/flower_photos/dandelion/6897671808_57230e04c5_n.jpg,dandelion,320,213,1.5023474178403755,RGB,JPEG,RGB,,837ce495ac210f8cf39761e19c043db3a69ad144d7890472598b7fbbe191a99b,23412,ok,
data/flower_photos/dandelion/6900157914_c3387c11d8.jpg,data/flower_photos/dandelion/6900157914_c3387c11d8.jpg,dandelion,500,333,1.5015015015015014,RGB,JPEG,RGB,,b4b514dfd8ac88c4c9a6d6089947aa2aa2bef9e583ef601a0cdaed94998c1f9a,137597,ok,
data/flower_photos/dandelion/6901435398_b3192ff7f8_m.jpg,data/flower_photos/dandelion/6901435398_b3192ff7f8_m.jpg,dandelion,179,240,0.7458333333333333,RGB,JPEG,RGB,,745f2ddd1447a3245b4d97b51adaf5ec120b5d54673f98e2bcf72276ef423cd7,13305,ok,
data/flower_photos/dandelion/6918170172_3215766bf4_m.jpg,data/flower_photos/dandelion/6918170172_3215766bf4_m.jpg,dandelion,179,240,0.7458333333333333,RGB,JPEG,RGB,,7d415627a07d9977e39384f1e95a97aacfe55515e2f139373b4f46002ef78b0c,29625,ok,
data/flower_photos/dandelion/6953830582_8525e0423c_n.jpg,data/flower_photos/dandelion/6953830582_8525e0423c_n.jpg,dandelion,320,213,1.5023474178403755,RGB,JPEG,RGB,,0bbd020e669a987671a803854f836e3df40b5073475a8117a3ea1302d21c0493,27873,ok,
data/flower_photos/dandelion/6954604340_d3223ed296_m.jpg,data/flower_photos/dandelion/6954604340_d3223ed296_m.jpg,dandelion,229,240,0.9541666666666667,RGB,JPEG,RGB,,0f8ad75ede96b8394f1bb184e8667c346d211eb2ecca53d85191392a94ef0991,21667,ok,
data/flower_photos/dandelion/6968202872_cfcb5b77fb.jpg,data/flower_photos/dandelion/6968202872_cfcb5b77fb.jpg,dandelion,500,281,1.7793594306049823,RGB,JPEG,RGB,,ec07fee6e31c7d747170e99a7b6351a571a433065ae0a88a623c5f4750efeafb,50271,ok,
data/flower_photos/dandelion/6972675188_37f1f1d6f6.jpg,data/flower_photos/dandelion/6972675188_37f1f1d6f6.jpg,dandelion,500,333,1.5015015015015014,RGB,JPEG,RGB,,78056e540bb49a6fa55a717bcf9f643609c4aadfa74fcf1d9355014e5271604e,50536,ok,
data/flower_photos/dandelion/6983105424_f33cc9b08d_m.jpg,data/flower_photos/dandelion/6983105424_f33cc9b08d_m.jpg,dandelion,180,240,0.75,RGB,JPEG,RGB,,8f392267be6361ccb9c8b79efa4e87abf4e505e0340c4d809fd8250021f1c88d,23462,ok,
data/flower_photos/dandelion/6983113346_21551e1b52_n.jpg,data/flower_photos/dandelion/6983113346_21551e1b52_n.jpg,dandelion,320,240,1.3333333333333333,RGB,JPEG,RGB,,2eebb35dbc4b9d697f29d86abb6c420da00c7a11db7732ff35f9bba8f861b2d9,32894,ok,
data/flower_photos/dandelion/6983120596_8b9f084ac2_n.jpg,data/flower_photos/dandelion/6983120596_8b9f084ac2_n.jpg,dandelion,320,240,1.3333333333333333,RGB,JPEG,RGB,,252fa5701b3aac60e2fa8e02ee6825c79b9bfe534aae0f4ce455f584f4f64356,35558,ok,
data/flower_photos/dandelion/6985099958_5249a4688b.jpg,data/flower_photos/dandelion/6985099958_5249a4688b.jpg,dandelion,500,333,1.5015015015015014,RGB,JPEG,RGB,,81daaf4be7a13774080c58e2f7d5beb9e87c4394a8e8d4f36d9d24c42d4a866b,82950,ok,
data/flower_photos/dandelion/6994925894_030e157fe0.jpg,data/flower_photos/dandelion/6994925894_030e157fe0.jpg,dandelion,500,333,1.5015015015015014,RGB,JPEG,RGB,,299cd00898ab7603e5597d77f126ea7ddb9eb9fd1566799d35c293b8f3760a5a,116222,ok,
data/flower_photos/dandelion/6994931102_4667c0352e.jpg,data/flower_photos/dandelion/6994931102_4667c0352e.jpg,dandelion,500,333,1.5015015015015014,RGB,JPEG,RGB,,b4d045230335da9e4e43e30ea9a50452b024a9c26b6b9ca01f8c897c501637d3,113100,ok,
data/flower_photos/dandelion/6994931380_a7588c1192_m.jpg,data/flower_photos/dandelion/6994931380_a7588c1192_m.jpg,dandelion,197,240,0.8208333333333333,RGB,JPEG,RGB,,4fddcc939757e3174f952d5e67a89bc6840c137c09a8a24782d70ac808fb6f9f,26380,ok,
data/flower_photos/dandelion/6994933428_307b092ce7_m.jpg,data/flower_photos/dandelion/6994933428_307b092ce7_m.jpg,dandelion,189,240,0.7875,RGB,JPEG,RGB,,a118d1a1db58ee4b5f0bda50c24e6ff026cb8bb88b8000a99c59c3e63a9a25b3,19865,ok,
data/flower_photos/dandelion/6994938270_bf51d0fe63.jpg,data/flower_photos/dandelion/6994938270_bf51d0fe63.jpg,dandelion,500,333,1.5015015015015014,RGB,JPEG,RGB,,559aee335993db7aece1a2b74f4e40e4ae08ba6559b697d53de12be0caaadc52,59162,ok,
data/flower_photos/dandelion/7004645518_ff0f862eff_n.jpg,data/flower_photos/dandelion/7004645518_ff0f862eff_n.jpg,dandelion,320,211,1.5165876777251184,RGB,JPEG,RGB,,588584003a54363136c61400b5a683b7c75742d4ef6854a7c67c50e289e0ced8,24519,ok,
data/flower_photos/dandelion/7015947703_11b30c20c9_n.jpg,data/flower_photos/dandelion/7015947703_11b30c20c9_n.jpg,dandelion,320,240,1.3333333333333333,RGB,JPEG,RGB,,e333f301be0bab175edc92d03266facd574b029ec4801af8a6fbed87f00441f3,35405,ok,
data/flower_photos/dandelion/7040710179_7f86a17a3c_n.jpg,data/flower_photos/dandelion/7040710179_7f86a17a3c_n.jpg,dandelion,320,229,1.3973799126637554,RGB,JPEG,RGB,,a173ee3b4a0a711f08b59697a823baeaba226400ce97d953fb7bf6c5caa294d8,35359,ok,
data/flower_photos/dandelion/7062171343_db61c92737_n.jpg,data/flower_photos/dandelion/7062171343_db61c92737_n.jpg,dandelion,320,213,1.5023474178403755,RGB,JPEG,RGB,,935af8cf9b0e29355589413acaef1c0bc6e902f5e609ca55c1426e49c325da0c,25449,ok,
data/flower_photos/dandelion/7099259755_1c66420206_n.jpg,data/flower_photos/dandelion/7099259755_1c66420206_n.jpg,dandelion,320,239,1.3389121338912133,RGB,JPEG,RGB,,9f1cc432ecdeb6ee69d81b87b8780b9210b8d1fde7a5e61a61c234a38744ae52,22131,ok,
data/flower_photos/dandelion/7116950607_49b19102ba_n.jpg,data/flower_photos/dandelion/7116950607_49b19102ba_n.jpg,dandelion,320,240,1.3333333333333333,RGB,JPEG,RGB,,5acf910e24768232c49ddade451b58f64e0a30deea14520ab8887322d55b5cce,21500,ok,
data/flower_photos/dandelion/7132482331_01769e36e9_n.jpg,data/flower_photos/dandelion/7132482331_01769e36e9_n.jpg,dandelion,320,257,1.245136186770428,RGB,JPEG,RGB,,51fa8a8cdfebad6bd4e2a83f70d132f05c45f03a147faf89a58f079fd2ab223f,29895,ok,
data/flower_photos/dandelion/7132605107_f5e033d725_n.jpg,data/flower_photos/dandelion/7132605107_f5e033d725_n.jpg,dandelion,320,213,1.5023474178403755,RGB,JPEG,RGB,,dc678f5f31ac2e54515e3256d06869595bc0e02452d6a943f11aca0f18f7cc02,27642,ok,
data/flower_photos/dandelion/7132676187_7a4265b16f_n.jpg,data/flower_photos/dandelion/7132676187_7a4265b16f_n.jpg,dandelion,320,213,1.5023474178403755,RGB,JPEG,RGB,,73b668c278d1db84be1b97e8d2bc38e5e23c45cda99a8f9d4ecccb4fb77e7d29,23010,ok,
data/flower_photos/dandelion/7132677385_bcbdcc6001.jpg,data/flower_photos/dandelion/7132677385_bcbdcc6001.jpg,dandelion,500,333,1.5015015015015014,RGB,JPEG,RGB,,f822903773856892111d753128f15202703a64ed95828a6e1593b818c7a08fa2,104711,ok,
data/flower_photos/dandelion/7141013005_d2f168c373.jpg,data/flower_photos/dandelion/7141013005_d2f168c373.jpg,dandelion,500,301,1.6611295681063123,RGB,JPEG,RGB,,8c971afde2591ff719d591501e719e23393f7770b372bae32884ee761e5fc56f,108324,ok,
data/flower_photos/dandelion/7141019507_4a44c6e888_m.jpg,data/flower_photos/dandelion/7141019507_4a44c6e888_m.jpg,dandelion,185,240,0.7708333333333334,RGB,JPEG,RGB,,cff0d57e478dde52e24ede915a3a10ac74ec20503c7298baa94135df75899eed,21404,ok,
data/flower_photos/dandelion/7148085703_b9e8bcd6ca_n.jpg,data/flower_photos/dandelion/7148085703_b9e8bcd6ca_n.jpg,dandelion,320,213,1.5023474178403755,RGB,JPEG,RGB,,436a91a66b353c08e3d19847933a7ea4786caa406d2383fd479b643313268968,16691,ok,
data/flower_photos/dandelion/7153497513_076486e26b_n.jpg,data/flower_photos/dandelion/7153497513_076486e26b_n.jpg,dandelion,320,240,1.3333333333333333,RGB,JPEG,RGB,,e367544beb834b7b8e98f5fd2a47eaa428de2a201ef5d6bdc99ad6f9bf2a64fb,26106,ok,
data/flower_photos/dandelion/7162551630_3647eb9254.jpg,data/flower_photos/dandelion/7162551630_3647eb9254.jpg,dandelion,500,333,1.5015015015015014,RGB,JPEG,RGB,,397ff57d4d931b73c54d319a33b8041f89d9be5b4ef3ded5d5e3f4e2907d81cb,107356,ok,
data/flower_photos/dandelion/7164500544_332b75aa3b.jpg,data/flower_photos/dandelion/7164500544_332b75aa3b.jpg,dandelion,500,333,1.5015015015015014,RGB,JPEG,RGB,,c4265e838ec5b9f3dd51b62316dd13aae641e2f1c2ac3565597a66d26f49062f,113796,ok,
data/flower_photos/dandelion/7165651120_2279ebf6d1.jpg,data/flower_photos/dandelion/7165651120_2279ebf6d1.jpg,dandelion,500,333,1.5015015015015014,RGB,JPEG,RGB,,31e748492d9938894ceb908dfb5c86ab02e9ea0c9f02daca1fc094e8eaed2e96,35658,ok,
data/flower_photos/dandelion/7179487220_56e4725195_m.jpg,data/flower_photos/dandelion/7179487220_56e4725195_m.jpg,dandelion,240,240,1.0,RGB,JPEG,RGB,,638fbd1ff8ee7e03dec5fe9ed1d1ae3204cca54d49c402d0838dd08a77cb1ab4,18752,ok,
data/flower_photos/dandelion/7184780734_3baab127c2_m.jpg,data/flower_photos/dandelion/7184780734_3baab127c2_m.jpg,dandelion,240,240,1.0,RGB,JPEG,RGB,,15e5eff9fd893e96fff4d5cd32dd43f5765c91fcc6571ee63a78b12f9c705be8,14626,ok,
data/flower_photos/dandelion/7188112181_571434b058_n.jpg,data/flower_photos/dandelion/7188112181_571434b058_n.jpg,dandelion,320,280,1.1428571428571428,RGB,JPEG,RGB,,2fc14093950fdffd2107460861544616424c2c237fd79a45369a1e18dc4d0c03,45692,ok,
data/flower_photos/dandelion/7193058132_36fd883048_m.jpg,data/flower_photos/dandelion/7193058132_36fd883048_m.jpg,dandelion,240,240,1.0,RGB,JPEG,RGB,,374104642071a385913dc31c235428db36d5126babb89a8660cc1122be951265,24453,ok,
data/flower_photos/dandelion/7196409186_a59957ce0b_m.jpg,data/flower_photos/dandelion/7196409186_a59957ce0b_m.jpg,dandelion,159,240,0.6625,RGB,JPEG,RGB,,cd63db5fe6b8720a92a20f33b379b755a37c9aad1a955687b860287acc556159,10096,ok,
data/flower_photos/dandelion/7196683612_6c4cf05b24.jpg,data/flower_photos/dandelion/7196683612_6c4cf05b24.jpg,dandelion,500,333,1.5015015015015014,RGB,JPEG,RGB,,04f63b554765df940f98f0447ce24645f6c213fc2fa52d1b446e0920753e5392,44349,ok,
data/flower_photos/dandelion/7197581386_8a51f1bb12_n.jpg,data/flower_photos/dandelion/7197581386_8a51f1bb12_n.jpg,dandelion,320,240,1.3333333333333333,RGB,JPEG,RGB,,8feeb4b94ed65ccd625602854875e7697f1baa37ec72c35cd94f06fc5e39c48c,14899,ok,
data/flower_photos/dandelion/7218569994_de7045c0c0.jpg,data/flower_photos/dandelion/7218569994_de7045c0c0.jpg,dandelion,500,333,1.5015015015015014,RGB,JPEG,RGB,,9632df3b20cff665d6a91e09c119ac75d07473619e9f765b881f4828bf1028ba,64525,ok,
data/flower_photos/dandelion/7222962522_36952a67b6_n.jpg,data/flower_photos/dandelion/7222962522_36952a67b6_n.jpg,dandelion,320,213,1.5023474178403755,RGB,JPEG,RGB,,61168aeb838c4a37b48b04dd63567da4006fabdcb2d0f67f5d75a1627c07c622,22751,ok,
data/flower_photos/dandelion/7226987694_34552c3115_n.jpg,data/flower_photos/dandelion/7226987694_34552c3115_n.jpg,dandelion,320,213,1.5023474178403755,RGB,JPEG,RGB,,d1d2e41e09ea5fd3ee0cf3c684f462567dfa083f7d76a01f22b563395c1fcaa0,37676,ok,
data/flower_photos/dandelion/7232035352_84a39e99ba_n.jpg,data/flower_photos/dandelion/7232035352_84a39e99ba_n.jpg,dandelion,320,213,1.5023474178403755,RGB,JPEG,RGB,,f61441551b3a4e09a8df77c47113b463bf5646df76c76ba6a1cff75cc38eb000,28044,ok,
data/flower_photos/dandelion/7243174412_d3628e4cc4_m.jpg,data/flower_photos/dandelion/7243174412_d3628e4cc4_m.jpg,dandelion,240,240,1.0,RGB,JPEG,RGB,,01bb82eb77cbf5792875aed3f50dfe87104e6ee60640991c04f7fbaf2f4f7967,18193,ok,
data/flower_photos/dandelion/7243478942_30bf542a2d_m.jpg,data/flower_photos/dandelion/7243478942_30bf542a2d_m.jpg,dandelion,240,240,1.0,RGB,JPEG,RGB,,370499cc4d804c8074e0b582d4bd1d40a89dc55f7503d89b7d3664201ed900c3,21395,ok,
data/flower_photos/dandelion/7247192002_39b79998f0_n.jpg,data/flower_photos/dandelion/7247192002_39b79998f0_n.jpg,dandelion,320,240,1.3333333333333333,RGB,JPEG,RGB,,db4bac5f4c4e25cb541798cfbb051011a0894f3d76eafb34287be17cc63c429a,37630,ok,
data/flower_photos/dandelion/7249354462_21925f7d95_n.jpg,data/flower_photos/dandelion/7249354462_21925f7d95_n.jpg,dandelion,320,213,1.5023474178403755,RGB,JPEG,RGB,,000b0fffadf2d18c3bf81d4e5b72c805ba66a9e7a647398c1629dc31099eadd0,21937,ok,
data/flower_photos/dandelion/7262863194_682209e9fb.jpg,data/flower_photos/dandelion/7262863194_682209e9fb.jpg,dandelion,500,333,1.5015015015015014,RGB,JPEG,RGB,,257b6cdbd6f669860163c35a1d95df09e40135146588b31b00ce221db9830d41,83205,ok,
data/flower_photos/dandelion/7267547016_c8903920bf.jpg,data/flower_photos/dandelion/7267547016_c8903920bf.jpg,dandelion,500,333,1.5015015015015014,RGB,JPEG,RGB,,691daa3f8dd710202449280d95e9095746a08d8c0af50ae1a43239693006348b,80773,ok,
data/flower_photos/dandelion/7270523166_b62fc9e5f1_m.jpg,data/flower_photos/dandelion/7270523166_b62fc9e5f1_m.jpg,dandelion,159,240,0.6625,RGB,JPEG,RGB,,0abd15a9983ff4e52b6c5f8ffc1e73b012046e5a0e10e9b91d1a67cef2bb5f0a,7019,ok,
data/flower_photos/dandelion/7280217714_fb9ffccf2d_n.jpg,data/flower_photos/dandelion/7280217714_fb9ffccf2d_n.jpg,dandelion,320,213,1.5023474178403755,RGB,JPEG,RGB,,edad1b128345ed9092ea1b092df02f995fac91ff16bcf6af568f38963e392401,32152,ok,
data/flower_photos/dandelion/7280221020_98b473b20d_n.jpg,data/flower_photos/dandelion/7280221020_98b473b20d_n.jpg,dandelion,320,213,1.5023474178403755,RGB,JPEG,RGB,,c3dc899cb3784178120532d781749f94e15a3fe3cad14a66a4c1125c2ad4a583,39088,ok,
data/flower_photos/dandelion/7280222348_a87725ca77.jpg,data/flower_photos/dandelion/7280222348_a87725ca77.jpg,dandelion,500,333,1.5015015015015014,RGB,JPEG,RGB,,7b58049be3b7b0de6f6cebaded0625eb50a64593113f4dd460fe499a972d646d,120448,ok,
data/flower_photos/dandelion/7280227122_7ea2bef7f4_n.jpg,data/flower_photos/dandelion/7280227122_7ea2bef7f4_n.jpg,dandelion,320,213,1.5023474178403755,RGB,JPEG,RGB,,cda51d2ddbbc4c934ed40f66ab1b5e0a9bf72ace5c774e05a9debb842a25e5e0,36575,ok,
data/flower_photos/dandelion/7291185504_b740bbeba4_m.jpg,data/flower_photos/dandelion/7291185504_b740bbeba4_m.jpg,dandelion,240,240,1.0,RGB,JPEG,RGB,,6600bfe729f9f66d941b56e718467272d29f118f5a99a268971abd9edbbba032,17778,ok,
data/flower_photos/dandelion/7295618968_c08a326cc1_m.jpg,data/flower_photos/dandelion/7295618968_c08a326cc1_m.jpg,dandelion,240,240,1.0,RGB,JPEG,RGB,,2fa7be234aeb577d28a5c9bd2c80e1ca75cde3b860b187904f70b5e75ec18430,34883,ok,
data/flower_photos/dandelion/7308600792_27cff2f73f.jpg,data/flower_photos/dandelion/7308600792_27cff2f73f.jpg,dandelion,500,333,1.5015015015015014,RGB,JPEG,RGB,,d6758fd9a12460dcb2b08ff117c6e77b264fb9933584a296be5bf6b8a5817e39,83953,ok,
data/flower_photos/dandelion/7315832212_b0ceeb8de8_n.jpg,data/flower_photos/dandelion/7315832212_b0ceeb8de8_n.jpg,dandelion,320,272,1.1764705882352942,RGB,JPEG,RGB,,29b7ca75ff1c6cf32e189aa79a3fe69efc4a330a97f35203b64992e6779f2e9c,37523,ok,
data/flower_photos/dandelion/7355522_b66e5d3078_m.jpg,data/flower_photos/dandelion/7355522_b66e5d3078_m.jpg,dandelion,240,240,1.0,RGB,JPEG,RGB,,a83198cb3d7aed61b80667f5b3ce910d97ef7307585269af3658d1a20b070a34,22091,ok,
data/flower_photos/dandelion/7367491658_9eb4dc2384_m.jpg,data/flower_photos/dandelion/7367491658_9eb4dc2384_m.jpg,dandelion,240,240,1.0,RGB,JPEG,RGB,,342a7aa34f530d19a1ecff96b02788306377bb6ca813898567b1891be3d47b8d,29946,ok,
data/flower_photos/dandelion/7368435774_0045b9dc4e.jpg,data/flower_photos/dandelion/7368435774_0045b9dc4e.jpg,dandelion,500,333,1.5015015015015014,RGB,JPEG,RGB,,bbb163929bed7d62d0d43e58786d261f9e5cd740bc48b8e73d5dad804c1be2a1,64976,ok,
data/flower_photos/dandelion/7368449232_c99f49b2e6_n.jpg,data/flower_photos/dandelion/7368449232_c99f49b2e6_n.jpg,dandelion,320,225,1.4222222222222223,RGB,JPEG,RGB,,7bf50d57617fde24e26e7e23b6621a58549d3b4d6078672c615c7dcba5c430fe,19260,ok,
data/flower_photos/dandelion/7401173270_ebaf04c9b0_n.jpg,data/flower_photos/dandelion/7401173270_ebaf04c9b0_n.jpg,dandelion,320,239,1.3389121338912133,RGB,JPEG,RGB,,9a0242293b725be544b6a1847479bdd5b94938f73188ce4dd9a28f7ac51e4375,15257,ok,
data/flower_photos/dandelion/7425858848_d04dab08dd_n.jpg,data/flower_photos/dandelion/7425858848_d04dab08dd_n.jpg,dandelion,320,227,1.4096916299559472,RGB,JPEG,RGB,,f34f4f41eb1ec8fe894e4a311256d5ef6efe2afce9f772e3e8794e018fb5b0ce,20553,ok,
data/flower_photos/dandelion/7448453384_fb9caaa9af_n.jpg,data/flower_photos/dandelion/7448453384_fb9caaa9af_n.jpg,dandelion,320,231,1.3852813852813852,RGB,JPEG,RGB,,14a4b3b45415e59c79226db748819281c9bbd11777cd55f019c116919cc1b9ea,17486,ok,
data/flower_photos/dandelion/7465850028_cdfaae235a_n.jpg,data/flower_photos/dandelion/7465850028_cdfaae235a_n.jpg,dandelion,320,232,1.3793103448275863,RGB,JPEG,RGB,,95aa6b5c19920b52f1e73e7213c1f4d473853a062dc3c935402391b52f9622c9,43450,ok,
data/flower_photos/dandelion/7469617666_0e1a014917.jpg,data/flower_photos/dandelion/7469617666_0e1a014917.jpg,dandelion,500,333,1.5015015015015014,RGB,JPEG,RGB,,8d23c861c866e4068c79a9996ce33e3ec05480ca029eb1c2300f5db17b5f6dca,132158,ok,
data/flower_photos/dandelion/751941983_58e1ae3957_m.jpg,data/flower_photos/dandelion/751941983_58e1ae3957_m.jpg,dandelion,240,223,1.0762331838565022,RGB,JPEG,RGB,,46cc90e279908d3a973f3faf8e173bb537af8d8c4ce575e5e3ce751718fdf7af,23531,ok,
data/flower_photos/dandelion/7719263062_3c8a307a5d.jpg,data/flower_photos/dandelion/7719263062_3c8a307a5d.jpg,dandelion,500,333,1.5015015015015014,RGB,JPEG,RGB,,e8314cdbd7fe0b99391a9bda7e0263cd061ed6b489338a98111716a5e47357a6,84491,ok,
data/flower_photos/dandelion/7808430998_31ba639031_n.jpg,data/flower_photos/dandelion/7808430998_31ba639031_n.jpg,dandelion,320,213,1.5023474178403755,RGB,JPEG,RGB,,1ae60cb9cf9bf84459304da3328181504c22d22b2c25dd16dfc9f5d13e01a3d8,23273,ok,
data/flower_photos/dandelion/7808545612_546cfca610_m.jpg,data/flower_photos/dandelion/7808545612_546cfca610_m.jpg,dandelion,168,240,0.7,RGB,JPEG,RGB,,f7c99030c491ae59cbf8a52ec118ba5c8a0a80771c23885dbd9be6c78baccdde,9148,ok,
data/flower_photos/dandelion/7843447416_847e6ba7f4_m.jpg,data/flower_photos/dandelion/7843447416_847e6ba7f4_m.jpg,dandelion,240,240,1.0,RGB,JPEG,RGB,,7ded73da8032f5c8ee0f86e892581c4e9e2a03714f5163dac2860aa7681df6e2,20430,ok,
data/flower_photos/dandelion/7884440256_91c033732d.jpg,data/flower_photos/dandelion/7884440256_91c033732d.jpg,dandelion,500,333,1.5015015015015014,RGB,JPEG,RGB,,e7b8c19ebb9ad90b170567897b261475ee3f4f5de70bbc46964ac06d93f4643c,95805,ok,
data/flower_photos/dandelion/7950892504_33142110c2.jpg,data/flower_photos/dandelion/7950892504_33142110c2.jpg,dandelion,500,333,1.5015015015015014,RGB,JPEG,RGB,,d8e07a465cd3995e92e589abd4e6ca6b2a0da22434c635593ca48daa03ea616a,74202,ok,
data/flower_photos/dandelion/7950901292_2dea05f9a2_n.jpg,data/flower_photos/dandelion/7950901292_2dea05f9a2_n.jpg,dandelion,320,213,1.5023474178403755,RGB,JPEG,RGB,,bf7de501ed1e9830c81aa2cde8bf469061f9e1833a7cd6bccd9cd5d914b2d231,28442,ok,
data/flower_photos/dandelion/7998106328_c3953f70e9_n.jpg,data/flower_photos/dandelion/7998106328_c3953f70e9_n.jpg,dandelion,320,240,1.3333333333333333,RGB,JPEG,RGB,,30f88e302ccf76793036cf50c48e31b3e6c192a7b5eaf51c8de03cb0b7e46f6b,20311,ok,
data/flower_photos/dandelion/8011324555_375b7b5b0a.jpg,data/flower_photos/dandelion/8011324555_375b7b5b0a.jpg,dandelion,500,332,1.5060240963855422,RGB,JPEG,RGB,,83b56bf7edc60b4522d2339eca9c16f3996e451319a707d16fc1a34d217e1cd0,70486,ok,
data/flower_photos/dandelion/8058286066_acdf082487_n.jpg,data/flower_photos/dandelion/8058286066_acdf082487_n.jpg,dandelion,320,229,1.3973799126637554,RGB,JPEG,RGB,,4107ca0c68c3780177ef03393f7f3bfc80f1e53fe341ed6be9643a0327f33f3d,48307,ok,
data/flower_photos/dandelion/8079778274_f2a400f749_n.jpg,data/flower_photos/dandelion/8079778274_f2a400f749_n.jpg,dandelion,320,240,1.3333333333333333,RGB,JPEG,RGB,,d9408a4460f892973bbb2733f5d541229caffae3354c3a3b763d9de90780e37a,48118,ok,
data/flower_photos/dandelion/808239968_318722e4db.jpg,data/flower_photos/dandelion/808239968_318722e4db.jpg,dandelion,500,333,1.5015015015015014,RGB,JPEG,RGB,,dfd2343cc91f57ab9ddf89a4530204fcd66029f4264af56dd5fde472496ec354,209843,ok,
data/flower_photos/dandelion/8083321316_f62ea76f72_n.jpg,data/flower_photos/dandelion/8083321316_f62ea76f72_n.jpg,dandelion,320,213,1.5023474178403755,RGB,JPEG,RGB,,f2a13c7a14343a6d924b0d2f30b19274f117e544d48539aedbc28e1579cb047d,29650,ok,
data/flower_photos/dandelion/80846315_d997645bea_n.jpg,data/flower_photos/dandelion/80846315_d997645bea_n.jpg,dandelion,320,240,1.3333333333333333,RGB,JPEG,RGB,,9436a5adb5e137cc18e106f5630ba0545c630b759738cc4964bdcd395035ff2e,31717,ok,
data/flower_photos/dandelion/8168031302_6e36f39d87.jpg,data/flower_photos/dandelion/8168031302_6e36f39d87.jpg,dandelion,500,331,1.5105740181268883,RGB,JPEG,RGB,,50b69cd0288419a34cad3200cc2276f0acd232389d8a867534a58b7c04d3bce6,53842,ok,
data/flower_photos/dandelion/8181477_8cb77d2e0f_n.jpg,data/flower_photos/dandelion/8181477_8cb77d2e0f_n.jpg,dandelion,320,240,1.3333333333333333,RGB,JPEG,RGB,,5d900292d99ac2c12566a0660b7445c7a6385b46703a639a6c1efd4acf825305,41387,ok,
data/flower_photos/dandelion/8194560480_bfc1fb5801.jpg,data/flower_photos/dandelion/8194560480_bfc1fb5801.jpg,dandelion,500,333,1.5015015015015014,RGB,JPEG,RGB,,f8cf9f74810b2611cdcf2f358adf1e2b58d314a76b8a37333ebfab23476c6d8e,102299,ok,
data/flower_photos/dandelion/8209318399_ae72aefdb5.jpg,data/flower_photos/dandelion/8209318399_ae72aefdb5.jpg,dandelion,500,331,1.5105740181268883,RGB,JPEG,RGB,,ca25b5ccb391425ca47562b8357d67ae628be359bcb0d392ecce5d62342325c8,84134,ok,
data/flower_photos/dandelion/8220011556_28e0cab67f.jpg,data/flower_photos/dandelion/8220011556_28e0cab67f.jpg,dandelion,500,333,1.5015015015015014,RGB,JPEG,RGB,,f7dc226359c3046a8f63b9a6a6e686da84ac01c36e9025cd2a72a3de3eddba29,92107,ok,
data/flower_photos/dandelion/8223949_2928d3f6f6_n.jpg,data/flower_photos/dandelion/8223949_2928d3f6f6_n.jpg,dandelion,320,240,1.3333333333333333,RGB,JPEG,RGB,,4de0719c6d63fa9fd66a696a5da18ac480aa51ca191d168c6915a1d621601b11,58502,ok,
data/flower_photos/dandelion/8223968_6b51555d2f_n.jpg,data/flower_photos/dandelion/8223968_6b51555d2f_n.jpg,dandelion,320,240,1.3333333333333333,RGB,JPEG,RGB,,e95f8711691a06831ad49130057f51dcd0e0afb103157c2fb9e042844b4ac5b8,60867,ok,
data/flower_photos/dandelion/8267315764_129f2e1d77_m.jpg,data/flower_photos/dandelion/8267315764_129f2e1d77_m.jpg,dandelion,240,240,1.0,RGB,JPEG,RGB,,7d0e772d8cf13c2e9d5bb5ff1d15556d078e83953b664032bb1d869090cbae38,17429,ok,
data/flower_photos/dandelion/8270191872_61e47ae3b8_m.jpg,data/flower_photos/dandelion/8270191872_61e47ae3b8_m.jpg,dandelion,186,240,0.775,RGB,JPEG,RGB,,b257e39789ede4e42f0c17e3550e3ec65023d830b5392b1d8a0ec593761bfb3d,29166,ok,
data/flower_photos/dandelion/8327657321_2cbceec396_n.jpg,data/flower_photos/dandelion/8327657321_2cbceec396_n.jpg,dandelion,320,264,1.2121212121212122,RGB,JPEG,RGB,,087fb289112c8a02ccc52578d6171b6f9ffe87129b6d61954392edd489e52631,40852,ok,
data/flower_photos/dandelion/8376558865_19c5cd6fd6_n.jpg,data/flower_photos/dandelion/8376558865_19c5cd6fd6_n.jpg,dandelion,320,213,1.5023474178403755,RGB,JPEG,RGB,,ca418308efd03a53ef7997a221246e064c9dadf5110260a057d78cb35205631f,25195,ok,
data/flower_photos/dandelion/8475758_4c861ab268_m.jpg,data/flower_photos/dandelion/8475758_4c861ab268_m.jpg,dandelion,180,240,0.75,RGB,JPEG,RGB,,5a9418535e7b547d661e35aa588d16fddc35b3a5235b714bbf491da65f419af9,31268,ok,
data/flower_photos/dandelion/8475769_3dea463364_m.jpg,data/flower_photos/dandelion/8475769_3dea463364_m.jpg,dandelion,180,240,0.75,RGB,JPEG,RGB,,dfeb4e2d2e372dfae5545a365a5c9e25fc94fe570b08a782437b61ebb75f5a53,29187,ok,
data/flower_photos/dandelion/8497389500_45636fdd14.jpg,data/flower_photos/dandelion/8497389500_45636fdd14.jpg,dandelion,500,281,1.7793594306049823,RGB,JPEG,RGB,,6ced5d01bac59dd9846cb3371bebdcbae00015e14162999fc3101986d4246fe6,105525,ok,
data/flower_photos/dandelion/8533312924_ee09412645_n.jpg,data/flower_photos/dandelion/8533312924_ee09412645_n.jpg,dandelion,320,240,1.3333333333333333,RGB,JPEG,RGB,,44ce5c05915e86ae243dc475f488deb169df6864013af06de3d4816b958d5903,26877,ok,
data/flower_photos/dandelion/854593001_c57939125f_n.jpg,data/flower_photos/dandelion/854593001_c57939125f_n.jpg,dandelion,320,240,1.3333333333333333,RGB,JPEG,RGB,,0252c1a3faa59472836b0320d18028f0a5d829c81cf4e4af524fd03b7d5d3fb1,39429,ok,
data/flower_photos/dandelion/8613502159_d9ea67ba63.jpg,data/flower_photos/dandelion/8613502159_d9ea67ba63.jpg,dandelion,500,333,1.5015015015015014,RGB,JPEG,RGB,,ecb372dbebe758e03b5a892a2b4e432086f8500db25a28e9dd0f57fc5d358293,100946,ok,
data/flower_photos/dandelion/8632704230_ccafc5f7e2.jpg,data/flower_photos/dandelion/8632704230_ccafc5f7e2.jpg,dandelion,500,333,1.5015015015015014,RGB,JPEG,RGB,,8ecaf6309d5fab5275b7e412dcc6bba292089ba1490883ea08410df9424bbfeb,81579,ok,
data/flower_photos/dandelion/8642679391_0805b147cb_m.jpg,data/flower_photos/dandelion/8642679391_0805b147cb_m.jpg,dandelion,240,240,1.0,RGB,JPEG,RGB,,3a6c2358fc00e486e385d977555b557ac9fc2fb621be310456395a5263f6805a,19060,ok,
data/flower_photos/dandelion/8647874151_aac8db2588_m.jpg,data/flower_photos/dandelion/8647874151_aac8db2588_m.jpg,dandelion,159,240,0.6625,RGB,JPEG,RGB,,1f8c4a475ac67ace52faf4c226dc1d4f9a0dc0a91c51d49a351858563924575f,16237,ok,
data/flower_photos/dandelion/8663932737_0a603ab718_n.jpg,data/flower_photos/dandelion/8663932737_0a603ab718_n.jpg,dandelion,320,240,1.3333333333333333,RGB,JPEG,RGB,,9652919433036095385eb951586ead7674c91c748461ccc0ab37aa665d8ef874,37295,ok,
data/flower_photos/dandelion/8681169825_19a21c6bf5_m.jpg,data/flower_photos/dandelion/8681169825_19a21c6bf5_m.jpg,dandelion,159,240,0.6625,RGB,JPEG,RGB,,0273db966611ef6a481ab2d6f5144c492bd10276078af665d0891771939317fe,11008,ok,
data/flower_photos/dandelion/8681388520_c697dee897_n.jpg,data/flower_photos/dandelion/8681388520_c697dee897_n.jpg,dandelion,320,240,1.3333333333333333,RGB,JPEG,RGB,,b5a038cf116ca6204264243b2febd63949791b1f9b40b31d8219903da4a3947f,27273,ok,
data/flower_photos/dandelion/8681420404_6ae114f036_n.jpg,data/flower_photos/dandelion/8681420404_6ae114f036_n.jpg,dandelion,320,240,1.3333333333333333,RGB,JPEG,RGB,,c5297c3a1c326ef0304b15d807a575f4c23df71cb82d40544ecb42f61228e094,31144,ok,
data/flower_photos/dandelion/8684108_a85764b22d_n.jpg,data/flower_photos/dandelion/8684108_a85764b22d_n.jpg,dandelion,320,240,1.3333333333333333,RGB,JPEG,RGB,,8e08b8df17597c621dd4067ffd6b6af6ee08ef12b47821eb27619ab1d172d81e,59598,ok,
data/flower_photos/dandelion/8684925862_d736e153bf_n.jpg,data/flower_photos/dandelion/8684925862_d736e153bf_n.jpg,dandelion,320,270,1.1851851851851851,RGB,JPEG,RGB,,ea72410533cb249eaa3180d3397ff0f26b71418e9c08bf68ff2e0143b4622f3d,37033,ok,
data/flower_photos/dandelion/8687729737_a7fbeded2c_m.jpg,data/flower_photos/dandelion/8687729737_a7fbeded2c_m.jpg,dandelion,180,240,0.75,RGB,JPEG,RGB,,b8bbe1b2d38856f1e4f951ea5fe1f4f6e81c77fe5061bf82af9c00ed3ebc7b1d,27693,ok,
data/flower_photos/dandelion/8689302100_be76a16ccc_n.jpg,data/flower_photos/dandelion/8689302100_be76a16ccc_n.jpg,dandelion,320,240,1.3333333333333333,RGB,JPEG,RGB,,8ebab9d59793376e3b0b74bf8518596ddc869e331a20fa6d186af645f54bd341,30915,ok,
data/flower_photos/dandelion/8689302980_9bd2f7b9fe_n.jpg,data/flower_photos/dandelion/8689302980_9bd2f7b9fe_n.jpg,dandelion,320,240,1.3333333333333333,RGB,JPEG,RGB,,482341a3abda9a8db16b1d05eb15e83df3787dff2dc3fa481eb965087d330513,32369,ok,
data/flower_photos/dandelion/8691437509_9ac8441db7_n.jpg,data/flower_photos/dandelion/8691437509_9ac8441db7_n.jpg,dandelion,320,247,1.2955465587044535,RGB,JPEG,RGB,,0007f09bb3d363fe44895a1b0072dea698f438770e5ad6bd5c188f9cdf17caf3,14017,ok,
data/flower_photos/dandelion/8701999625_8d83138124.jpg,data/flower_photos/dandelion/8701999625_8d83138124.jpg,dandelion,500,335,1.492537313432836,RGB,JPEG,RGB,,6415035bccd6ba869c4c050b972ad469dbfbacf9580e70b135038f2897dd5a3a,226110,ok,
data/flower_photos/dandelion/8707349105_6d06b543b0.jpg,data/flower_photos/dandelion/8707349105_6d06b543b0.jpg,dandelion,500,333,1.5015015015015014,RGB,JPEG,RGB,,307c8e64f5ac5ef28ad39064c7b5e03a322d65be817f19e7ce24262e2f258931,121093,ok,
data/flower_photos/dandelion/8716513637_2ba0c4e6cd_n.jpg,data/flower_photos/dandelion/8716513637_2ba0c4e6cd_n.jpg,dandelion,320,227,1.4096916299559472,RGB,JPEG,RGB,,10d078287c4b8efc756e85c4d402523b27f4b36ac6930416366d95b6da0545f0,31227,ok,
data/flower_photos/dandelion/8717157979_05cbc10cc1.jpg,data/flower_photos/dandelion/8717157979_05cbc10cc1.jpg,dandelion,500,331,1.5105740181268883,RGB,JPEG,RGB,,b83265eed5d2d752401a3795647e27d20f652692edcccdabf63283f1040bee70,96034,ok,
data/flower_photos/dandelion/8717161615_4c1e403083.jpg,data/flower_photos/dandelion/8717161615_4c1e403083.jpg,dandelion,500,331,1.5105740181268883,RGB,JPEG,RGB,,992a1b0b618ee3ab198e3595fe932a0828cf2e65762bb218555a8261a382995f,104913,ok,
data/flower_photos/dandelion/8717787983_c83bdf39fe_n.jpg,data/flower_photos/dandelion/8717787983_c83bdf39fe_n.jpg,dandelion,320,213,1.5023474178403755,RGB,JPEG,RGB,,152851f34ada58da78231574ba6488265e49d771d4831dc77d349764926af608,29189,ok,
data/flower_photos/dandelion/8719032054_9a3ce4f0ff.jpg,data/flower_photos/dandelion/8719032054_9a3ce4f0ff.jpg,dandelion,500,281,1.7793594306049823,RGB,JPEG,RGB,,1f5e90db0e65e93a8e03d58469cc208f3db71e04eb557aaae691489f695783a8,124033,ok,
data/flower_photos/dandelion/8719388716_1a392c4c0e_n.jpg,data/flower_photos/dandelion/8719388716_1a392c4c0e_n.jpg,dandelion,320,213,1.5023474178403755,RGB,JPEG,RGB,,c21739ccc931f74f19d4ab883475bf1656cbada4a6ca6ca317958e5e9d8b0867,22654,ok,
data/flower_photos/dandelion/8720503800_cab5c62a34.jpg,data/flower_photos/dandelion/8720503800_cab5c62a34.jpg,dandelion,500,333,1.5015015015015014,RGB,JPEG,RGB,,2beeea73fa905ca85933c38da9d54b1a13f100d12a272c1d3f66828abae0530a,74460,ok,
data/flower_photos/dandelion/8723679596_391a724d4f_m.jpg,data/flower_photos/dandelion/8723679596_391a724d4f_m.jpg,dandelion,240,240,1.0,RGB,JPEG,RGB,,9ffdda5b618542357d767357b2244db4013c294cf482066467e425dab8d77fbc,21366,ok,
data/flower_photos/dandelion/8724252904_db9a5104df_m.jpg,data/flower_photos/dandelion/8724252904_db9a5104df_m.jpg,dandelion,179,240,0.7458333333333333,RGB,JPEG,RGB,,e499a603cd7ec3be7e904653e594f3f0fd3276b054e6e5fb4f36042d913f9399,10338,ok,
data/flower_photos/dandelion/8727612532_6f3d0904aa_n.jpg,data/flower_photos/dandelion/8727612532_6f3d0904aa_n.jpg,dandelion,320,213,1.5023474178403755,RGB,JPEG,RGB,,7d66902b67dde8a08ee2cc901a25cd526fea8772588c35e0f2c5cbd63d57f66d,26002,ok,
data/flower_photos/dandelion/8733226215_161309f8ec.jpg,data/flower_photos/dandelion/8733226215_161309f8ec.jpg,dandelion,500,286,1.7482517482517483,RGB,JPEG,RGB,,05a9ba084bf9a0203f8d4bb5c872d472afa980b4417d785779b86a66a6dcfe4a,89337,ok,
data/flower_photos/dandelion/8735646181_fa9787d4e0.jpg,data/flower_photos/dandelion/8735646181_fa9787d4e0.jpg,dandelion,500,333,1.5015015015015014,RGB,JPEG,RGB,,33bf6cf3cd9e9b528f3be071e8d79bdd2354ef56ee984fff78ed09adfbfb8981,98147,ok,
data/flower_photos/dandelion/8737699225_19e0c9f0fa_m.jpg,data/flower_photos/dandelion/8737699225_19e0c9f0fa_m.jpg,dandelion,240,240,1.0,RGB,JPEG,RGB,,2fd89906e6852e91c6934ae2fc0567a4d771bb1668d9c5d705dac6766ccbedea,11993,ok,
data/flower_photos/dandelion/8738317694_eca2ce3bfc_n.jpg,data/flower_photos/dandelion/8738317694_eca2ce3bfc_n.jpg,dandelion,320,240,1.3333333333333333,RGB,JPEG,RGB,,7528a7221dc6ec9f40fd0dc14e0e1e175c9e3bbb33cc2786267e806cbc6943c7,19042,ok,
data/flower_photos/dandelion/8739657154_6db14796c9.jpg,data/flower_photos/dandelion/8739657154_6db14796c9.jpg,dandelion,500,333,1.5015015015015014,RGB,JPEG,RGB,,3003ac564724009661c667ffde112e301f78722bff442c88a649da0885375340,109769,ok,
data/flower_photos/dandelion/8740218495_23858355d8_n.jpg,data/flower_photos/dandelion/8740218495_23858355d8_n.jpg,dandelion,320,241,1.3278008298755186,RGB,JPEG,RGB,,d315e9492091a64ea52e88d49e921f4df3e28f3df0b688b4cbc796f9c94296e6,22151,ok,
data/flower_photos/dandelion/8740787470_67230d0609.jpg,data/flower_photos/dandelion/8740787470_67230d0609.jpg,dandelion,500,333,1.5015015015015014,RGB,JPEG,RGB,,a3ed0267bbe9c691ec67b44728307e09a61840fcd0ad6c0447dd17e05da8e087,81834,ok,
data/flower_photos/dandelion/8744249948_36cb1969f8_m.jpg,data/flower_photos/dandelion/8744249948_36cb1969f8_m.jpg,dandelion,159,240,0.6625,RGB,JPEG,RGB,,3205c81a0dc5c01525afecb3be025a755a6610ddf1f8a26b1027c081e6e0b9cd,13348,ok,
data/flower_photos/dandelion/8747223572_dcd9601e99.jpg,data/flower_photos/dandelion/8747223572_dcd9601e99.jpg,dandelion,500,333,1.5015015015015014,RGB,JPEG,RGB,,747b05d836805d06d80af715867bba7688c4bbcc7ab894f67233d34fe32fb92e,88558,ok,
data/flower_photos/dandelion/8748402330_c00f9fbf7f_n.jpg,data/flower_photos/dandelion/8748402330_c00f9fbf7f_n.jpg,dandelion,320,235,1.3617021276595744,RGB,JPEG,RGB,,b4688841d2c83faae1e385fd584305c7505ad26a12d1c49c1d127a2d0bb02318,29995,ok,
data/flower_photos/dandelion/8749577087_dc2521615f_n.jpg,data/flower_photos/dandelion/8749577087_dc2521615f_n.jpg,dandelion,320,214,1.4953271028037383,RGB,JPEG,RGB,,b0b307588130d65ba4b510975997236fc6a524b4e675ab18e295c3a71e0102e6,34697,ok,
data/flower_photos/dandelion/8754822932_948afc7cef.jpg,data/flower_photos/dandelion/8754822932_948afc7cef.jpg,dandelion,500,333,1.5015015015015014,RGB,JPEG,RGB,,9efecb8faaee99c805530dc1cbbac313c90b0a5ba110cf7b7af96898d20bbfcd,52792,ok,
data/flower_photos/dandelion/8756906129_b05a1b26f2.jpg,data/flower_photos/dandelion/8756906129_b05a1b26f2.jpg,dandelion,500,333,1.5015015015015014,RGB,JPEG,RGB,,c01199903fc37a004712d4d9c06332f424a64df784606de5cefe36d7d00d3818,69505,ok,
data/flower_photos/dandelion/8757650550_113d7af3bd.jpg,data/flower_photos/dandelion/8757650550_113d7af3bd.jpg,dandelion,500,267,1.8726591760299625,RGB,JPEG,RGB,,a8454956d280bce0a5af2220755d98b655edb590b7e34d5d60c9620b53906359,92981,ok,
data/flower_photos/dandelion/8759118120_9eac064e38_n.jpg,data/flower_photos/dandelion/8759118120_9eac064e38_n.jpg,dandelion,320,241,1.3278008298755186,RGB,JPEG,RGB,,a2c943d28b66ce0976c3d699b38535eb0f2a7ec149a9ce8eed6b25824b2db22a,31335,ok,
data/flower_photos/dandelion/8780964418_7a01a7f48a_n.jpg,data/flower_photos/dandelion/8780964418_7a01a7f48a_n.jpg,dandelion,320,240,1.3333333333333333,RGB,JPEG,RGB,,c250bc021970f68b7188f9e6ad5917b890473c820bd211a051705418e46d31c6,44721,ok,
data/flower_photos/dandelion/8791577794_7573712cb4_n.jpg,data/flower_photos/dandelion/8791577794_7573712cb4_n.jpg,dandelion,320,240,1.3333333333333333,RGB,JPEG,RGB,,6c828c5e8e8e1c28990ff7a0459d2a52576f29bb169243cdca0d5e10f8aed83a,52674,ok,
data/flower_photos/dandelion/8797114213_103535743c_m.jpg,data/flower_photos/dandelion/8797114213_103535743c_m.jpg,dandelion,240,240,1.0,RGB,JPEG,RGB,,e526e5143a62560bc2579ac10b06cb69d14e72ed47e99097f18bcb8c078a8919,10817,ok,
data/flower_photos/dandelion/8805314187_1aed702082_n.jpg,data/flower_photos/dandelion/8805314187_1aed702082_n.jpg,dandelion,320,240,1.3333333333333333,RGB,JPEG,RGB,,8660a6ded6ac12579b453eb7352b0d277d8dfbf74ac0caab68aaa43053901a5a,42031,ok,
data/flower_photos/dandelion/8831808134_315aedb37b.jpg,data/flower_photos/dandelion/8831808134_315aedb37b.jpg,dandelion,500,281,1.7793594306049823,RGB,JPEG,RGB,,b01d5e54253ba77b28978464a2cb6c922cfd5c7687550690d32a9e7f324a8e4f,101013,ok,
data/flower_photos/dandelion/8842317179_d59cf218cb_n.jpg,data/flower_photos/dandelion/8842317179_d59cf218cb_n.jpg,dandelion,320,213,1.5023474178403755,RGB,JPEG,RGB,,2fec7995670cd4f68c9ba46b7a172ab35383a46295d6b37fe06a5264e06073f0,26814,ok,
data/flower_photos/dandelion/8842482175_92a14b4934_m.jpg,data/flower_photos/dandelion/8842482175_92a14b4934_m.jpg,dandelion,240,240,1.0,RGB,JPEG,RGB,,c9f0ec4e0db34f0c08057f2336f8a4767e820f8110001d361fcde527143c67e7,17079,ok,
data/flower_photos/dandelion/8880158802_6e10a452c7_m.jpg,data/flower_photos/dandelion/8880158802_6e10a452c7_m.jpg,dandelion,240,240,1.0,RGB,JPEG,RGB,,51c84b2b8f46735aa1e3a7b51429c6409148059e0a7fb3b75d6a0d8aad4a7956,15519,ok,
data/flower_photos/dandelion/8905148527_ba9f55cd78.jpg,data/flower_photos/dandelion/8905148527_ba9f55cd78.jpg,dandelion,500,333,1.5015015015015014,RGB,JPEG,RGB,,0340c400eb39f0ea707ccd8ddf9d6b469010a09250deda6cd30d792e66af48e1,152843,ok,
data/flower_photos/dandelion/8915661673_9a1cdc3755_m.jpg,data/flower_photos/dandelion/8915661673_9a1cdc3755_m.jpg,dandelion,240,240,1.0,RGB,JPEG,RGB,,1ec36f93b18b107e77bd72b3f2e68db33ef34b92ec824f7e9ac06b555e220bac,10954,ok,
data/flower_photos/dandelion/8929523512_c87897b84e.jpg,data/flower_photos/dandelion/8929523512_c87897b84e.jpg,dandelion,500,333,1.5015015015015014,RGB,JPEG,RGB,,c380c8e8a16ef04c9c326e2bb5bd5fcecbb56e8176dcb942cce40e3851a75b31,85964,ok,
data/flower_photos/dandelion/8935456132_8dc4d3b679_n.jpg,data/flower_photos/dandelion/8935456132_8dc4d3b679_n.jpg,dandelion,320,240,1.3333333333333333,RGB,JPEG,RGB,,cb2ea0cd21dc33163903024ea2de2abdd386bacda4c7ba4ef199b2f73d4f7d7c,23981,ok,
data/flower_photos/dandelion/8935477500_89f22cca03_n.jpg,data/flower_photos/dandelion/8935477500_89f22cca03_n.jpg,dandelion,320,249,1.285140562248996,RGB,JPEG,RGB,,87eb22b7fc7c6780d5fda3d2e21419efca6c89c14ad8b63e03767450175b641e,31941,ok,
data/flower_photos/dandelion/8952484062_31d1d97e45.jpg,data/flower_photos/dandelion/8952484062_31d1d97e45.jpg,dandelion,500,333,1.5015015015015014,RGB,JPEG,RGB,,0589233f0b756d3fa07e2d28d7bc325170c0ca11b892c6d00b49b0ef58823036,142478,ok,
data/flower_photos/dandelion/8956863946_f96be02aae_n.jpg,data/flower_photos/dandelion/8956863946_f96be02aae_n.jpg,dandelion,320,213,1.5023474178403755,RGB,JPEG,RGB,,394adc7e3353ee5b3321aedb4d7d5451b964a3943359a2ddabcc55a456c5fc2a,49959,ok,
data/flower_photos/dandelion/8963359346_65ca69c59d_n.jpg,data/flower_photos/dandelion/8963359346_65ca69c59d_n.jpg,dandelion,320,240,1.3333333333333333,RGB,JPEG,RGB,,aa2c7c79c4bab34e64d6f8ab2be5bfaa03de0140c66941f8bfb2fb0fde54c2b6,23887,ok,
data/flower_photos/dandelion/8966818334_483f4489be_n.jpg,data/flower_photos/dandelion/8966818334_483f4489be_n.jpg,dandelion,320,240,1.3333333333333333,RGB,JPEG,RGB,,b504b6eb73cf9b5bf41a31a1ff5817c20de403f7d0cfaa66e2b9f5efd960ad26,59815,ok,
data/flower_photos/dandelion/8969938579_4c2032dd96_n.jpg,data/flower_photos/dandelion/8969938579_4c2032dd96_n.jpg,dandelion,320,247,1.2955465587044535,RGB,JPEG,RGB,,a4ccd36eecc8bca340004f4ae824fc00d16b2f0671b4803d7884691dd8fd550c,43970,ok,
data/flower_photos/dandelion/8978962053_0727b41d26.jpg,data/flower_photos/dandelion/8978962053_0727b41d26.jpg,dandelion,500,313,1.597444089456869,RGB,JPEG,RGB,,2810b2872a4103f9bb9f4025120eb2140b01400e214ee3f2ef8b4fb6788d851f,74272,ok,
data/flower_photos/dandelion/8979062599_86cac547b8.jpg,data/flower_photos/dandelion/8979062599_86cac547b8.jpg,dandelion,500,333,1.5015015015015014,RGB,JPEG,RGB,,78634616e30139bad6906f9a4e322f59fbdd595ef115e234ba33518c51e6e850,109073,ok,
data/flower_photos/dandelion/8979087213_28f572174c.jpg,data/flower_photos/dandelion/8979087213_28f572174c.jpg,dandelion,500,313,1.597444089456869,RGB,JPEG,RGB,,ba6952f2ab8f2008128eabd67b2c0dc44399baf42ccb752cf58e94914aa82411,93341,ok,
data/flower_photos/dandelion/8980145452_efbd6e3b04.jpg,data/flower_photos/dandelion/8980145452_efbd6e3b04.jpg,dandelion,500,281,1.7793594306049823,RGB,JPEG,RGB,,eef29b3d5804bd1ed4d0b55cf49905f80dc7ffd2e5f4e4c47e177336cf8a60af,61886,ok,
data/flower_photos/dandelion/8980164828_04fbf64f79_n.jpg,data/flower_photos/dandelion/8980164828_04fbf64f79_n.jpg,dandelion,320,240,1.3333333333333333,RGB,JPEG,RGB,,3bc63b57f9f5c93993fa37bea2489194160967bddfc8bf3ec882876d7eb3cdc2,25327,ok,
data/flower_photos/dandelion/8980266062_8387f6cc89.jpg,data/flower_photos/dandelion/8980266062_8387f6cc89.jpg,dandelion,500,281,1.7793594306049823,RGB,JPEG,RGB,,ca8ccca181d4241270469e808daf686dd479b1c6f09c4f62daed471de71114e0,82241,ok,
data/flower_photos/dandelion/8980273068_cf7e8b880a_n.jpg,data/flower_photos/dandelion/8980273068_cf7e8b880a_n.jpg,dandelion,320,240,1.3333333333333333,RGB,JPEG,RGB,,b7ec17488083969eb555b5d9f3fb70326f8febb410d4755766f064837e9d4c6d,32887,ok,
data/flower_photos/dandelion/8980460785_b5e6842e59_n.jpg,data/flower_photos/dandelion/8980460785_b5e6842e59_n.jpg,dandelion,320,240,1.3333333333333333,RGB,JPEG,RGB,,b979663db952466ee8956466985c49a8d39676b900fcd28bde4507c19897400d,32824,ok,
data/flower_photos/dandelion/8981659922_7b1be892e7_m.jpg,data/flower_photos/dandelion/8981659922_7b1be892e7_m.jpg,dandelion,180,240,0.75,RGB,JPEG,RGB,,f60f65d99ba4cfa6f81e876c0f1d68e9455788243480a01ac1e07a07204e2e18,23403,ok,
data/flower_photos/dandelion/8981828144_4b66b4edb6_n.jpg,data/flower_photos/dandelion/8981828144_4b66b4edb6_n.jpg,dandelion,320,240,1.3333333333333333,RGB,JPEG,RGB,,cea6a87aad58cec246161d0c842aa4c43ab5d8e56b2f024e081218d154dc21b1,21871,ok,
data/flower_photos/dandelion/8989067485_aab399460b_n.jpg,data/flower_photos/dandelion/8989067485_aab399460b_n.jpg,dandelion,320,261,1.2260536398467432,RGB,JPEG,RGB,,7ad50eb9f19133d7a3fd0365e878e1b5b942a8234c7bcaa16f3efd0e75806421,48433,ok,
data/flower_photos/dandelion/9010116368_2f51f1e086_n.jpg,data/flower_photos/dandelion/9010116368_2f51f1e086_n.jpg,dandelion,320,213,1.5023474178403755,RGB,JPEG,RGB,,a26f324021138771f316b806d70215f0efe954d4b7863f279c2e8d311c45b5e9,18194,ok,
data/flower_photos/dandelion/9011235009_58c7b244c1_n.jpg,data/flower_photos/dandelion/9011235009_58c7b244c1_n.jpg,dandelion,320,212,1.509433962264151,RGB,JPEG,RGB,,c9b1d9331f6dfb73b89836c85acddc0696e6bec237f10109dea6461eae7d358a,24915,ok,
data/flower_photos/dandelion/9029297232_de50698e2f_n.jpg,data/flower_photos/dandelion/9029297232_de50698e2f_n.jpg,dandelion,320,240,1.3333333333333333,RGB,JPEG,RGB,,cebfa69a8006e36ceceece178400e693f3bddd817183d431c851cbca94edf788,21962,ok,
data/flower_photos/dandelion/9029756865_db8891807a_n.jpg,data/flower_photos/dandelion/9029756865_db8891807a_n.jpg,dandelion,320,281,1.1387900355871887,RGB,JPEG,RGB,,5f4247ea296cb5efbc7c40e84210c99639e00af923c585d6afe986dfcb510bca,28333,ok,
data/flower_photos/dandelion/9111669902_9471c3a49c_n.jpg,data/flower_photos/dandelion/9111669902_9471c3a49c_n.jpg,dandelion,320,220,1.4545454545454546,RGB,JPEG,RGB,,c73541bd2079356b19a5cb9c018d876e1350c9f31b6f8f062219b24c045d0629,38048,ok,
data/flower_photos/dandelion/9152356642_06ae73113f.jpg,data/flower_photos/dandelion/9152356642_06ae73113f.jpg,dandelion,500,333,1.5015015015015014,RGB,JPEG,RGB,,49f6c0bde183692aadef31f67c92326595a4f8ad889ccfa423d6ce4a9d89486f,101356,ok,
data/flower_photos/dandelion/9188647508_3b56e62f69.jpg,data/flower_photos/dandelion/9188647508_3b56e62f69.jpg,dandelion,500,333,1.5015015015015014,RGB,JPEG,RGB,,ec9bb931909df1aecea9c202de60c58669da6016526a4b8ded91a8cf26e3257e,100639,ok,
data/flower_photos/dandelion/9200211647_be34ce978b.jpg,data/flower_photos/dandelion/9200211647_be34ce978b.jpg,dandelion,500,331,1.5105740181268883,RGB,JPEG,RGB,,91f511b4c6be0198178be22e12cfef40add868e65bf3093eb5b169b7d1dd60d2,81947,ok,
data/flower_photos/dandelion/921252114_91e334b950.jpg,data/flower_photos/dandelion/921252114_91e334b950.jpg,dandelion,500,414,1.2077294685990339,RGB,JPEG,RGB,,2075acedc437da81487c16c0d081f2ee8402787f6e5fd2f65315a1ead5898737,95974,ok,
data/flower_photos/dandelion/9262004825_710346cde9_n.jpg,data/flower_photos/dandelion/9262004825_710346cde9_n.jpg,dandelion,320,275,1.1636363636363636,RGB,JPEG,RGB,,e37a4a3b01b653f8de5ab53214e7d97c8b42caba2f348d3b2a6517a319458585,62562,ok,
data/flower_photos/dandelion/9293460423_7fbb1e3c32_n.jpg,data/flower_photos/dandelion/9293460423_7fbb1e3c32_n.jpg,dandelion,320,240,1.3333333333333333,RGB,JPEG,RGB,,7ebdc00f894e3d5085c5f426f9159f87a9d076a2f0c2b7f7ae9830132a75d720,27312,ok,
data/flower_photos/dandelion/9300335851_cdf1cef7a9.jpg,data/flower_photos/dandelion/9300335851_cdf1cef7a9.jpg,dandelion,500,332,1.5060240963855422,RGB,JPEG,RGB,,4594664305e516eec0cd3a601f910e3db1f1191868f494a9dea21e9097914160,134584,ok,
data/flower_photos/dandelion/9301891790_971dcfb35d_m.jpg,data/flower_photos/dandelion/9301891790_971dcfb35d_m.jpg,dandelion,240,224,1.0714285714285714,RGB,JPEG,RGB,,88063611398ee828c7b8e1d50ea69773c267c05e36323db3ece31ac0e24af74a,27010,ok,
data/flower_photos/dandelion/9472854850_fc9e1db673.jpg,data/flower_photos/dandelion/9472854850_fc9e1db673.jpg,dandelion,500,327,1.529051987767584,RGB,JPEG,RGB,,cc5828ef876114c90c78977f29515bf7f68d8c313dd186fa4835c83225fcf772,81389,ok,
data/flower_photos/dandelion/9517326597_5d116a0166.jpg,data/flower_photos/dandelion/9517326597_5d116a0166.jpg,dandelion,500,333,1.5015015015015014,RGB,JPEG,RGB,,ea3e6a3006db14b4f449c55a5d1e69645ee4f86ae68bc4fa8f7a9e0fa7888167,76442,ok,
data/flower_photos/dandelion/9533964635_f38e6fa3c3.jpg,data/flower_photos/dandelion/9533964635_f38e6fa3c3.jpg,dandelion,500,333,1.5015015015015014,RGB,JPEG,RGB,,ccdcdfa65c874172566335aef178b16ec0efb425d1cce8b5c512ef36360db22d,107094,ok,
data/flower_photos/dandelion/9595369280_dd88b61814.jpg,data/flower_photos/dandelion/9595369280_dd88b61814.jpg,dandelion,500,333,1.5015015015015014,RGB,JPEG,RGB,,b59fec8e15e8012a8906f235d2102c50be2062a6eebe91d6f8383ad35095a414,93651,ok,
data/flower_photos/dandelion/9613826015_f345354874.jpg,data/flower_photos/dandelion/9613826015_f345354874.jpg,dandelion,500,333,1.5015015015015014,RGB,JPEG,RGB,,3ee39f02fc89963dfd91f7e6168f4a0cecb1b2cb43a6085c255d33fe1f79532e,95017,ok,
data/flower_photos/dandelion/9617087594_ec2a9b16f6.jpg,data/flower_photos/dandelion/9617087594_ec2a9b16f6.jpg,dandelion,500,333,1.5015015015015014,RGB,JPEG,RGB,,05c3d587f23c1c7c90c86b4881ff199cf163341e3fef1000d24eaf75d2aed9f0,106087,ok,
data/flower_photos/dandelion/9646730031_f3d5014416_n.jpg,data/flower_photos/dandelion/9646730031_f3d5014416_n.jpg,dandelion,320,213,1.5023474178403755,RGB,JPEG,RGB,,cca523391e7e6fb7814040cab434f0be99a28e462e057dd2e71c89b350ebe452,32289,ok,
data/flower_photos/dandelion/9719816995_8f211abf02_n.jpg,data/flower_photos/dandelion/9719816995_8f211abf02_n.jpg,dandelion,320,236,1.3559322033898304,RGB,JPEG,RGB,,0a0470000fe3ca827b80607de5f72e001a3b7ff1136474a0335cb6f429f743b2,52248,ok,
data/flower_photos/dandelion/9726260379_4e8ee66875_m.jpg,data/flower_photos/dandelion/9726260379_4e8ee66875_m.jpg,dandelion,180,240,0.75,RGB,JPEG,RGB,,9c43a2b7e1f12a3d573b5f72af96236df29958fdbb12e1e14f30abca47b11609,17366,ok,
data/flower_photos/dandelion/9759608055_9ab623d193.jpg,data/flower_photos/dandelion/9759608055_9ab623d193.jpg,dandelion,500,333,1.5015015015015014,RGB,JPEG,RGB,,2e65011c557956a5d151712a16584bd076c90c4381ac16eb4a0ea26941dfe602,73209,ok,
data/flower_photos/dandelion/9818247_e2eac18894.jpg,data/flower_photos/dandelion/9818247_e2eac18894.jpg,dandelion,500,412,1.2135922330097086,RGB,JPEG,RGB,,c38199c6e20afabcadac4657ca7ccd0b3422f7fe630944eb2805a204d2d93496,99366,ok,
data/flower_photos/dandelion/9853885425_4a82356f1d_m.jpg,data/flower_photos/dandelion/9853885425_4a82356f1d_m.jpg,dandelion,240,240,1.0,RGB,JPEG,RGB,,9effc3dc9e8fcae0d33ca7f712bc913b244e55941cf6494561ec461801457238,17657,ok,
data/flower_photos/dandelion/98992760_53ed1d26a9.jpg,data/flower_photos/dandelion/98992760_53ed1d26a9.jpg,dandelion,500,333,1.5015015015015014,RGB,JPEG,RGB,,eac018612d6a15011f94e4f7a56d2805e0fa1456bf397eb3bd0d067a71315064,89798,ok,
data/flower_photos/dandelion/9939430464_5f5861ebab.jpg,data/flower_photos/dandelion/9939430464_5f5861ebab.jpg,dandelion,500,334,1.4970059880239521,RGB,JPEG,RGB,,dcb8f459f2455df685d391e310e852d0ebaae83f4050adbdd4376b8dc155a452,40261,ok,
data/flower_photos/dandelion/9965757055_ff01b5ee6f_n.jpg,data/flower_photos/dandelion/9965757055_ff01b5ee6f_n.jpg,dandelion,320,240,1.3333333333333333,RGB,JPEG,RGB,,6393e89e3a16eeba5b0bce2558ac5d906e0d338968cbbd4b89c92199f166503b,42549,ok,
data/flower_photos/roses/10090824183_d02c613f10_m.jpg,data/flower_photos/roses/10090824183_d02c613f10_m.jpg,roses,179,240,0.7458333333333333,RGB,JPEG,RGB,,6e42dd14083dcddd8d5db6d9893cca3ca3df9a95bd070d111ac3e2a87322ec90,20205,ok,
data/flower_photos/roses/102501987_3cdb8e5394_n.jpg,data/flower_photos/roses/102501987_3cdb8e5394_n.jpg,roses,320,240,1.3333333333333333,RGB,JPEG,RGB,,668205384fe3b77d8a2a56e50a8db14de78399b1d22aeb261e8d9ed9adfc910b,29833,ok,
data/flower_photos/roses/10503217854_e66a804309.jpg,data/flower_photos/roses/10503217854_e66a804309.jpg,roses,500,333,1.5015015015015014,RGB,JPEG,RGB,,f1e02da9ee536673564eccb2a9070ad99730f568891e91d761c56f74d4985f76,208607,ok,
data/flower_photos/roses/10894627425_ec76bbc757_n.jpg,data/flower_photos/roses/10894627425_ec76bbc757_n.jpg,roses,320,231,1.3852813852813852,RGB,JPEG,RGB,,25d5b018c0e6d5b9e86bbfac035c20dc9a17ed32d856fd16d376d92c213bf2f8,57961,ok,
data/flower_photos/roses/110472418_87b6a3aa98_m.jpg,data/flower_photos/roses/110472418_87b6a3aa98_m.jpg,roses,180,240,0.75,RGB,JPEG,RGB,,dc870f042144ad9cfd053a7e4e6378bf1bc8d689fbee03769855162e71e9c080,27085,ok,
data/flower_photos/roses/11102341464_508d558dfc_n.jpg,data/flower_photos/roses/11102341464_508d558dfc_n.jpg,roses,320,276,1.1594202898550725,RGB,JPEG,RGB,,ef56d0935cfa318b6500e01d7bebf1e321ab32a7412b6dd135a5cc3af66f9e37,70494,ok,
data/flower_photos/roses/11233672494_d8bf0a3dbf_n.jpg,data/flower_photos/roses/11233672494_d8bf0a3dbf_n.jpg,roses,320,240,1.3333333333333333,RGB,JPEG,RGB,,25b00fc2cd8b1b27ca2d245540fcdee531de28980d0ae7f1881e6eed99820061,33581,ok,
data/flower_photos/roses/11694025703_9a906fedc1_n.jpg,data/flower_photos/roses/11694025703_9a906fedc1_n.jpg,roses,320,228,1.4035087719298245,RGB,JPEG,RGB,,9e427df084457585425199c54cf20de2807ce81d2881e26224d832210cafdb84,70372,ok,
data/flower_photos/roses/118974357_0faa23cce9_n.jpg,data/flower_photos/roses/118974357_0faa23cce9_n.jpg,roses,320,241,1.3278008298755186,RGB,JPEG,RGB,,17b650264ac630e485eaf84582972caa19db3155c0b0d3295b348a3a2ca2b67c,52997,ok,
data/flower_photos/roses/11944957684_2cc806276e.jpg,data/flower_photos/roses/11944957684_2cc806276e.jpg,roses,500,333,1.5015015015015014,RGB,JPEG,RGB,,fc3661df6e8581bba0edb3d01c5466432823231b0f27763339354220b553490d,100567,ok,
data/flower_photos/roses/12045735155_42547ce4e9_n.jpg,data/flower_photos/roses/12045735155_42547ce4e9_n.jpg,roses,320,228,1.4035087719298245,RGB,JPEG,RGB,,1562875df85548ac5bb8a530ffab263d4122ae35c16bee954d2a409dfbc6981d,54206,ok,
data/flower_photos/roses/12165480946_c4a3fe182d_n.jpg,data/flower_photos/roses/12165480946_c4a3fe182d_n.jpg,roses,320,256,1.25,RGB,JPEG,RGB,,890d4f2401b5f87fd7254062285cc949461a7edb37e335aff02cbc98bdafe228,53127,ok,
data/flower_photos/roses/12202373204_34fb07205b.jpg,data/flower_photos/roses/12202373204_34fb07205b.jpg,roses,500,333,1.5015015015015014,RGB,JPEG,RGB,,c648f136aad8cf6dde838e8426adad885838f3f07bbf0eebeffe40193af55e0e,88711,ok,
data/flower_photos/roses/12238827553_cf427bfd51_n.jpg,data/flower_photos/roses/12238827553_cf427bfd51_n.jpg,roses,320,254,1.2598425196850394,RGB,JPEG,RGB,,e029dbbdffbcd318029cc307337da072becb54e7d8a3cf0c5b5035150ae77904,37362,ok,
data/flower_photos/roses/12240165555_98625b1e88_n.jpg,data/flower_photos/roses/12240165555_98625b1e88_n.jpg,roses,320,219,1.461187214611872,RGB,JPEG,RGB,,d2bd47891156e8ad8e9f3f922eb6580f7ea2cf8ba9e581b16d94c26c23ba6464,66273,ok,
data/flower_photos/roses/12240303_80d87f77a3_n.jpg,data/flower_photos/roses/12240303_80d87f77a3_n.jpg,roses,320,240,1.3333333333333333,RGB,JPEG,RGB,,094183dcfb25d0e7a6a025ce25bf0eeb87eb194da4e68f3253eac0616fc153d6,31382,ok,
data/flower_photos/roses/12240577184_b0de0e53ea_n.jpg,data/flower_photos/roses/12240577184_b0de0e53ea_n.jpg,roses,320,247,1.2955465587044535,RGB,JPEG,RGB,,ce24bdd841a38f05656a6de4c40b99f83eba5cac53411d7182e25231a41b8306,43266,ok,
data/flower_photos/roses/12243068283_ee4c2683e2_n.jpg,data/flower_photos/roses/12243068283_ee4c2683e2_n.jpg,roses,320,234,1.3675213675213675,RGB,JPEG,RGB,,22c3224da56c98fbe1a392e865248614051648beb86a607b3c19bbaeda1890f7,40220,ok,
data/flower_photos/roses/12243069253_e512464095_n.jpg,data/flower_photos/roses/12243069253_e512464095_n.jpg,roses,320,254,1.2598425196850394,RGB,JPEG,RGB,,4b3e20225763de65c8e53d6d3637344c57c355152f6024e00de836404077f03c,42498,ok,
data/flower_photos/roses/123128873_546b8b7355_n.jpg,data/flower_photos/roses/123128873_546b8b7355_n.jpg,roses,320,240,1.3333333333333333,RGB,JPEG,RGB,,9d0a8b85fde17245797dcc12bb377ac4c682cee334951a665f872829edac0a8e,54729,ok,
data/flower_photos/roses/12323085443_8ac0cdb713_n.jpg,data/flower_photos/roses/12323085443_8ac0cdb713_n.jpg,roses,320,256,1.25,RGB,JPEG,RGB,,1796984bcbcb4073f726ebe12740517821c81f5e30f7e5a27b05376ec3c8421f,68120,ok,
data/flower_photos/roses/12338444334_72fcc2fc58_m.jpg,data/flower_photos/roses/12338444334_72fcc2fc58_m.jpg,roses,240,240,1.0,RGB,JPEG,RGB,,1d414092324ed17e78aed38cd2d5a34bf0b7c1dde3d6bd98b9ef5f4fbf8a5928,36234,ok,
data/flower_photos/roses/12395698413_c0388278f7.jpg,data/flower_photos/roses/12395698413_c0388278f7.jpg,roses,500,335,1.492537313432836,RGB,JPEG,RGB,,2179da094b05bee3fd88f7f4985a02f7f534166058ec70ae2704252587a83dd1,103935,ok,
data/flower_photos/roses/12406229175_82e2ac649c_n.jpg,data/flower_photos/roses/12406229175_82e2ac649c_n.jpg,roses,320,231,1.3852813852813852,RGB,JPEG,RGB,,56b2e948b65457595b3b2710fee982895861d33127eef221702e9172f2c8ef70,30404,ok,
data/flower_photos/roses/12406418663_af20dc225f_n.jpg,data/flower_photos/roses/12406418663_af20dc225f_n.jpg,roses,320,231,1.3852813852813852,RGB,JPEG,RGB,,bede11bdeefa211d4d09302c7c91f5d0e2168244145aa473e8bdb9f82c6dd430,51324,ok,
data/flower_photos/roses/12407768513_3440238148_n.jpg,data/flower_photos/roses/12407768513_3440238148_n.jpg,roses,320,231,1.3852813852813852,RGB,JPEG,RGB,,a2764e3638ee6447764348c97aa04fda654dfe8524668db0ba4dbe80124d1a14,39627,ok,
data/flower_photos/roses/12434194695_a7c4e73c6b_n.jpg,data/flower_photos/roses/12434194695_a7c4e73c6b_n.jpg,roses,320,213,1.5023474178403755,RGB,JPEG,RGB,,bf8d5faf57dea877cade887a1d6a2873a51a92f1f3cdb21a0d395b303aaac187,34165,ok,
data/flower_photos/roses/12450781274_eb78723921.jpg,data/flower_photos/roses/12450781274_eb78723921.jpg,roses,500,326,1.5337423312883436,RGB,JPEG,RGB,,578d60a2e8a5227636f7225c288410bdb2f3e743d18a7fa43c3b4aa6da7fd7ba,94323,ok,
data/flower_photos/roses/12562723334_a2e0a9e3c8_n.jpg,data/flower_photos/roses/12562723334_a2e0a9e3c8_n.jpg,roses,320,240,1.3333333333333333,RGB,JPEG,RGB,,ef1b87b185dd415a85fc10b9c2a2873e499e58d33846326f1f5554a9ef79af1f,47791,ok,
data/flower_photos/roses/12572786553_634868f7f2_n.jpg,data/flower_photos/roses/12572786553_634868f7f2_n.jpg,roses,320,253,1.2648221343873518,RGB,JPEG,RGB,,c7b314f0603dc613c7851211ddb24221a13ab11bcd565cfc605606dce753c40b,28978,ok,
data/flower_photos/roses/13231224664_4af5293a37.jpg,data/flower_photos/roses/13231224664_4af5293a37.jpg,roses,500,345,1.4492753623188406,RGB,JPEG,RGB,,6a15273da64ceb0a8f05a72f54f797d5e79b863d1140c8d2cbf1902711986b77,66498,ok,
data/flower_photos/roses/13235124703_a7e1266e44.jpg,data/flower_photos/roses/13235124703_a7e1266e44.jpg,roses,500,328,1.524390243902439,RGB,JPEG,RGB,,50c48ffab7aa9a76cd37041daf9ed019a2ff78f804b4b772400dbbd98c2decd7,131592,ok,
data/flower_photos/roses/13264214185_d6aa79b3bd.jpg,data/flower_photos/roses/13264214185_d6aa79b3bd.jpg,roses,500,333,1.5015015015015014,RGB,JPEG,RGB,,0c4f9e68ad6fe3a9e6d7cf60383e5a7b0632cde6eb1ba7a4a174c41152206f7d,58911,ok,
data/flower_photos/roses/13279526615_a3b0059bec.jpg,data/flower_photos/roses/13279526615_a3b0059bec.jpg,roses,500,332,1.5060240963855422,RGB,JPEG,RGB,,46b91381260d682e53477d930c57cad2fb41bd2256e387d7169ea77122e5cec5,94281,ok,
data/flower_photos/roses/13342823005_16d3df58df_n.jpg,data/flower_photos/roses/13342823005_16d3df58df_n.jpg,roses,320,212,1.509433962264151,RGB,JPEG,RGB,,c5bb5fd70efc34d2082f6418dcc8e9b408a8f3c10c88d1fcec3ccc8dd4a80ed2,18468,ok,
data/flower_photos/roses/1392579828_ab5a139052.jpg,data/flower_photos/roses/1392579828_ab5a139052.jpg,roses,500,333,1.5015015015015014,RGB,JPEG,RGB,,8285395252aabf4ed24c63a38b874d87d062b31cc3ccee4f8f854a27f97a859f,149547,ok,
data/flower_photos/roses/13929462317_96342a9a44.jpg,data/flower_photos/roses/13929462317_96342a9a44.jpg,roses,500,313,1.597444089456869,RGB,JPEG,RGB,,2f0a2092f068d8168ebe506eba1a5128d0568a0e3cacc1c7871a0ca1dc07048e,111012,ok,
data/flower_photos/roses/13979889721_42a59ca9fa_m.jpg,data/flower_photos/roses/13979889721_42a59ca9fa_m.jpg,roses,199,240,0.8291666666666667,RGB,JPEG,RGB,,193a72dcaf52a9020a3c8a1a8a953d6ee727113f5f857e979f5d0babc8706f3b,35571,ok,
data/flower_photos/roses/14001990976_bd2da42dbc.jpg,data/flower_photos/roses/14001990976_bd2da42dbc.jpg,roses,500,333,1.5015015015015014,RGB,JPEG,RGB,,a8bdad72dc86e55719f73fd43f7e2c1ad82bc61cde26277c2b7bb756b95aba81,95651,ok,
data/flower_photos/roses/14019883858_e5d2a0ec10_n.jpg,data/flower_photos/roses/14019883858_e5d2a0ec10_n.jpg,roses,320,231,1.3852813852813852,RGB,JPEG,RGB,,a36c41f3039e330635d66d66287d8b60f7f57cbb912540f329b7cddc08d323cd,47165,ok,
data/flower_photos/roses/1402130395_0b89d76029.jpg,data/flower_photos/roses/1402130395_0b89d76029.jpg,roses,500,375,1.3333333333333333,RGB,JPEG,RGB,,8f1887cf0e0366dfd7febfe6b28fdcaaea518aa75c3b1c94674fc10d0e8dd238,100928,ok,
data/flower_photos/roses/14107161906_5737e0e4ec.jpg,data/flower_photos/roses/14107161906_5737e0e4ec.jpg,roses,500,313,1.597444089456869,RGB,JPEG,RGB,,cddda871b8a50fda96be615d8a5db07505980e79bad7a5a007d1c4a56ef3135c,130477,ok,
data/flower_photos/roses/14145188939_b4de638bd3_n.jpg,data/flower_photos/roses/14145188939_b4de638bd3_n.jpg,roses,320,220,1.4545454545454546,RGB,JPEG,RGB,,16ba5011018bbc46370139148742f4d267a81f5bac913a92903206cb98476a71,20312,ok,
data/flower_photos/roses/14154164774_3b39d36778.jpg,data/flower_photos/roses/14154164774_3b39d36778.jpg,roses,500,333,1.5015015015015014,RGB,JPEG,RGB,,253f1d398be207eacaa3169691b98af97c23394b79fa4f533a21cc47d7e9d19c,133854,ok,
data/flower_photos/roses/14166797345_d2ab9da518.jpg,data/flower_photos/roses/14166797345_d2ab9da518.jpg,roses,500,331,1.5105740181268883,RGB,JPEG,RGB,,5550ff43c8736bc63f0d62de2761a86075b404bdef91258bd391667b7c420ee4,58922,ok,
data/flower_photos/roses/14172324538_2147808483_n.jpg,data/flower_photos/roses/14172324538_2147808483_n.jpg,roses,320,227,1.4096916299559472,RGB,JPEG,RGB,,b29a1fc805e46f1edcfa08e739f9bdf611fb388621ffcb112bcb92311e2023db,12684,ok,
data/flower_photos/roses/14176042519_5792b37555.jpg,data/flower_photos/roses/14176042519_5792b37555.jpg,roses,500,314,1.5923566878980893,RGB,JPEG,RGB,,97ab9612e0d6c123bad9c08273a46296c080b048c445824f0abe15e324c50af7,59892,ok,
data/flower_photos/roses/14221192676_eb8c89a7d6_n.jpg,data/flower_photos/roses/14221192676_eb8c89a7d6_n.jpg,roses,320,240,1.3333333333333333,RGB,JPEG,RGB,,7c2cfcc33de80407c026f79e7a5b54b07c6b192a4b10d136b3b6f7a0cbbf1863,54024,ok,
data/flower_photos/roses/14267691818_301aceda07.jpg,data/flower_photos/roses/14267691818_301aceda07.jpg,roses,500,333,1.5015015015015014,RGB,JPEG,RGB,,a2570848aa6799896eb3991daf0a563c46edf62675cb4da75556a74c884b988a,79766,ok,
data/flower_photos/roses/14312910041_b747240d56_n.jpg,data/flower_photos/roses/14312910041_b747240d56_n.jpg,roses,320,240,1.3333333333333333,RGB,JPEG,RGB,,1f74c2dcf68614c02c8520ab35d16d51b4ea94ddbf0f08a06716987d81f347f3,59070,ok,
data/flower_photos/roses/14381787252_e8e12e277a_n.jpg,data/flower_photos/roses/14381787252_e8e12e277a_n.jpg,roses,320,229,1.3973799126637554,RGB,JPEG,RGB,,beba3cf776674396145ae4d59204ed29f186d7b53d01ec76c19a5e89a2e7c8c5,35252,ok,
data/flower_photos/roses/14408977935_a397e796b8_m.jpg,data/flower_photos/roses/14408977935_a397e796b8_m.jpg,roses,180,240,0.75,RGB,JPEG,RGB,,c71fd2ce1f4036cf36de0bdd3b6f056430cbd0826774d4f5ecaa3dbaa7b8585b,26112,ok,
data/flower_photos/roses/14414100710_753a36fce9.jpg,data/flower_photos/roses/14414100710_753a36fce9.jpg,roses,500,333,1.5015015015015014,RGB,JPEG,RGB,,0750b4b6bf7f8f58653743d6debd84c5cff7acbb7457ed429fd5939f5d37ad39,25455,ok,
data/flower_photos/roses/14414117598_cf70df30de.jpg,data/flower_photos/roses/14414117598_cf70df30de.jpg,roses,500,333,1.5015015015015014,RGB,JPEG,RGB,,8d1b5102cfa23ce9a81ad43d1a28a61579d8314946d8048f9386dcffe7573327,46836,ok,
data/flower_photos/roses/14414123198_24606fb32d.jpg,data/flower_photos/roses/14414123198_24606fb32d.jpg,roses,500,333,1.5015015015015014,RGB,JPEG,RGB,,615cc6037751edd1d3a9223021dfcb6c55eefac004b210f23e93991e07397783,33665,ok,
data/flower_photos/roses/1445228333_59a07e0801.jpg,data/flower_photos/roses/1445228333_59a07e0801.jpg,roses,500,333,1.5015015015015014,RGB,JPEG,RGB,,e81aefcf35f7e44e7fb3b808dabdf8578cbd3f8fc6ba84b8b0cff6f3da3ce015,129826,ok,
data/flower_photos/roses/1446090416_f0cad5fde4.jpg,data/flower_photos/roses/1446090416_f0cad5fde4.jpg,roses,500,333,1.5015015015015014,RGB,JPEG,RGB,,437ee50cf8b877a421a7de21ce468734aa4f5f3dc2d1fb5ff868e2b09e761478,95277,ok,
data/flower_photos/roses/1446097778_97149b8362.jpg,data/flower_photos/roses/1446097778_97149b8362.jpg,roses,500,333,1.5015015015015014,RGB,JPEG,RGB,,b19c2e324cdb11ab37a9b64c396a0f8acdb8449fd807addf54e07cde9ecc5b7a,100650,ok,
data/flower_photos/roses/14494590921_3bb1dc7b88_n.jpg,data/flower_photos/roses/14494590921_3bb1dc7b88_n.jpg,roses,320,240,1.3333333333333333,RGB,JPEG,RGB,,2bd84bcbacb7e578227b738e736ff1b17831d6808b04c24c167a8a78d7855dda,56610,ok,
data/flower_photos/roses/14510185271_b5d75dd98e_n.jpg,data/flower_photos/roses/14510185271_b5d75dd98e_n.jpg,roses,320,240,1.3333333333333333,RGB,JPEG,RGB,,1a3650f7647a0586529e0c26a3fa468beb1fd58a791fb31ce0846bdab927393b,30426,ok,
data/flower_photos/roses/14573732424_1bb91e2e42_n.jpg,data/flower_photos/roses/14573732424_1bb91e2e42_n.jpg,roses,320,235,1.3617021276595744,RGB,JPEG,RGB,,2ac0ba95fa6c530b9dcc8aa723325499860b62be74557868eb7c0d779e537bfd,35863,ok,
data/flower_photos/roses/145862135_ab710de93c_n.jpg,data/flower_photos/roses/145862135_ab710de93c_n.jpg,roses,320,238,1.3445378151260505,RGB,JPEG,RGB,,27fe36bbd7a9dd636b4771c7a04058f84429209b624604a00ebc32ff60039edf,48879,ok,
data/flower_photos/roses/14597445311_8acb60247e.jpg,data/flower_photos/roses/14597445311_8acb60247e.jpg,roses,500,333,1.5015015015015014,RGB,JPEG,RGB,,61636e4f1f698d21c483f522599899f69ab9301928f7e95839aa6c7e0f4b3a56,39616,ok,
data/flower_photos/roses/1461381091_aaaa663bbe_n.jpg,data/flower_photos/roses/1461381091_aaaa663bbe_n.jpg,roses,320,240,1.3333333333333333,RGB,JPEG,RGB,,f118231d2105edd07598a0d40f815ca122d487fffaa39b732cb1825ac159d623,32866,ok,
data/flower_photos/roses/14683774134_6367640585.jpg,data/flower_photos/roses/14683774134_6367640585.jpg,roses,500,333,1.5015015015015014,RGB,JPEG,RGB,,979e3d158a69237a1e5d559b1a01a1b6942fc7f2cdc509a27e2583662a719308,84268,ok,
data/flower_photos/roses/14687731322_5613f76353.jpg,data/flower_photos/roses/14687731322_5613f76353.jpg,roses,500,333,1.5015015015015014,RGB,JPEG,RGB,,445d68133f90604d0cfa93ac5e8f06ccbc248a7ee1662aa1032cbb605258854c,90643,ok,
data/flower_photos/roses/1469726748_f359f4a8c5.jpg,data/flower_photos/roses/1469726748_f359f4a8c5.jpg,roses,500,375,1.3333333333333333,RGB,JPEG,RGB,,9fea44dc46455f5e06291c4d954f8d42c3c7b41558238b0f8b7f9e42e3e4ee17,154400,ok,
data/flower_photos/roses/14747962886_2bff6bb323_m.jpg,data/flower_photos/roses/14747962886_2bff6bb323_m.jpg,roses,203,240,0.8458333333333333,RGB,JPEG,RGB,,94da9abd7b59079c082034746582997bc191716d85b28d6ce323642f6aaa2f27,16459,ok,
data/flower_photos/roses/14810868100_87eb739f26_m.jpg,data/flower_photos/roses/14810868100_87eb739f26_m.jpg,roses,178,240,0.7416666666666667,RGB,JPEG,RGB,,49493d4beb1614d57dda74b1dbba5009203acda188a2253f757e82145467d0f1,19225,ok,
data/flower_photos/roses/1485142251_ca89254442.jpg,data/flower_photos/roses/1485142251_ca89254442.jpg,roses,500,375,1.3333333333333333,RGB,JPEG,RGB,,53cfddedbfddafd107b3a03285fa5bd94f1ccf8a3796f95fa9010a50f9f70bca,101232,ok,
data/flower_photos/roses/14880561916_79aeb812fd_n.jpg,data/flower_photos/roses/14880561916_79aeb812fd_n.jpg,roses,320,211,1.5165876777251184,RGB,JPEG,RGB,,786ec7fd697881dde6313b47e9c093b8ca3bf72acf1b978123b025835f442ad9,15507,ok,
data/flower_photos/roses/14943194730_f48b4d4547_n.jpg,data/flower_photos/roses/14943194730_f48b4d4547_n.jpg,roses,320,213,1.5023474178403755,RGB,JPEG,RGB,,1814ade287e6462330f12799bac56840791ecc31c86b01c22cfb6540022dc6c0,33711,ok,
data/flower_photos/roses/14970973709_968910640e_n.jpg,data/flower_photos/roses/14970973709_968910640e_n.jpg,roses,320,245,1.3061224489795917,RGB,JPEG,RGB,,6fd5635e3c9ef14088a47f54e6995a56fe1268a4939765d765d724da16e259b4,30300,ok,
data/flower_photos/roses/14982802401_a3dfb22afb.jpg,data/flower_photos/roses/14982802401_a3dfb22afb.jpg,roses,500,332,1.5060240963855422,RGB,JPEG,RGB,,aeed754f011f464f695db0fa3b6ab25150e250a0550b4ec6ed9b34e1244cd738,62739,ok,
data/flower_photos/roses/14993880427_95d0f27257.jpg,data/flower_photos/roses/14993880427_95d0f27257.jpg,roses,500,301,1.6611295681063123,RGB,JPEG,RGB,,d759e9c86bffaf264d890ba873baeedccf1a556aef58a0820030c727bb612277,72408,ok,
data/flower_photos/roses/15011625580_7974c44bce.jpg,data/flower_photos/roses/15011625580_7974c44bce.jpg,roses,500,333,1.5015015015015014,RGB,JPEG,RGB,,2ab74606c9180dd99d052b2f2b0b449a899b47115357fdd463cfb9f6374b6bbc,51780,ok,
data/flower_photos/roses/15032112248_30c5284e54_n.jpg,data/flower_photos/roses/15032112248_30c5284e54_n.jpg,roses,320,263,1.2167300380228137,RGB,JPEG,RGB,,6f53ca79f476103019580b2170b7e30ba105af555318e41181938566f5f0aba0,54345,ok,
data/flower_photos/roses/15060816740_68e1b2c31b.jpg,data/flower_photos/roses/15060816740_68e1b2c31b.jpg,roses,500,312,1.6025641025641026,RGB,JPEG,RGB,,35fe05a9ee29d98491b00892b12fa22809f5d497bd08a8167c4eb05fa25f9c1a,54330,ok,
data/flower_photos/roses/15061894841_e5aca59ecd_n.jpg,data/flower_photos/roses/15061894841_e5aca59ecd_n.jpg,roses,320,244,1.3114754098360655,RGB,JPEG,RGB,,87d84b8bf93c7a6de999d2558089615728cc163ac4835f5f69fc2f36471103f8,55486,ok,
data/flower_photos/roses/15094168139_8f636ffa1d_n.jpg,data/flower_photos/roses/15094168139_8f636ffa1d_n.jpg,roses,320,254,1.2598425196850394,RGB,JPEG,RGB,,b20f001d735614d3d1435bc2e3780d42a015df85aa46a91e80df5773eeab528c,47289,ok,
data/flower_photos/roses/15104537437_f6730b38c3_n.jpg,data/flower_photos/roses/15104537437_f6730b38c3_n.jpg,roses,320,248,1.2903225806451613,RGB,JPEG,RGB,,8d70ba297d2a634a9ab6168c8610fb69a3b3d75054a3a0935f354654f2b55c99,26502,ok,
data/flower_photos/roses/15172358234_28706749a5.jpg,data/flower_photos/roses/15172358234_28706749a5.jpg,roses,500,284,1.7605633802816902,RGB,JPEG,RGB,,2030e334c9ea0c3ba5abe830417f0690eb72e94c48b6c602ad40d03f47c196b1,68001,ok,
data/flower_photos/roses/15174615529_144ae28bdb_n.jpg,data/flower_photos/roses/15174615529_144ae28bdb_n.jpg,roses,320,213,1.5023474178403755,RGB,JPEG,RGB,,f2de18095dad56e860490d609b289f959dd82d41860094a871179bb002b70d72,41702,ok,
data/flower_photos/roses/15184419268_7230e9728e.jpg,data/flower_photos/roses/15184419268_7230e9728e.jpg,roses,500,310,1.6129032258064515,RGB,JPEG,RGB,,72fbcb19df313ec630e65e87184be7d7f55402fd9856b23dd1c0a30b0b84ac9c,45854,ok,
data/flower_photos/roses/15186434972_e353da940a.jpg,data/flower_photos/roses/15186434972_e353da940a.jpg,roses,500,333,1.5015015015015014,RGB,JPEG,RGB,,76646a70f1aab2b5dfe75d6ce3c7dc72fad3d9e9f682039663cf7edd34a0cf2a,90525,ok,
data/flower_photos/roses/15190665092_5c1c37a066_m.jpg,data/flower_photos/roses/15190665092_5c1c37a066_m.jpg,roses,240,227,1.0572687224669604,RGB,JPEG,RGB,,ba8f531a9cb791166b8145433a2f298a5c73e5bce658bce1e1c76ea68f0c8ef0,22426,ok,
data/flower_photos/roses/15202632426_d88efb321a_n.jpg,data/flower_photos/roses/15202632426_d88efb321a_n.jpg,roses,320,240,1.3333333333333333,RGB,JPEG,RGB,,79240a11bddee59073bf0f3ebd274c9d302906d060c27bd4447d5ef90a8a0ee0,17835,ok,
data/flower_photos/roses/15222804561_0fde5eb4ae_n.jpg,data/flower_photos/roses/15222804561_0fde5eb4ae_n.jpg,roses,320,250,1.28,RGB,JPEG,RGB,,9b7c356270698c031bce3e0692bc4e25afe009af265db03d615053a9e92a4509,23833,ok,
data/flower_photos/roses/15236835789_6009b8f33d.jpg,data/flower_photos/roses/15236835789_6009b8f33d.jpg,roses,500,333,1.5015015015015014,RGB,JPEG,RGB,,824516be4e5a78b0ee4bbef3e844ec0545fe823e64a481ece4768536e8471c73,70265,ok,
data/flower_photos/roses/15255964274_cf2ecdf702.jpg,data/flower_photos/roses/15255964274_cf2ecdf702.jpg,roses,500,333,1.5015015015015014,RGB,JPEG,RGB,,992daf85dbde9d5ffdbaed2eab9d9db57cb51eb5f0b52572b24e7d654a9f679c,57087,ok,
data/flower_photos/roses/15255964454_0a64eb67fa.jpg,data/flower_photos/roses/15255964454_0a64eb67fa.jpg,roses,500,333,1.5015015015015014,RGB,JPEG,RGB,,c75e064e18bb9d728ac40a5827282057d97c52b4818781b3fb3ff2dcf5865d28,57610,ok,
data/flower_photos/roses/15274443248_76b9f3eb24.jpg,data/flower_photos/roses/15274443248_76b9f3eb24.jpg,roses,500,301,1.6611295681063123,RGB,JPEG,RGB,,3f03031fcb8b6a6f63a7392c2cf73dabf006e60d16a0eae5c63324553ce39a61,81702,ok,
data/flower_photos/roses/15277801151_5ed88f40f0_n.jpg,data/flower_photos/roses/15277801151_5ed88f40f0_n.jpg,roses,320,248,1.2903225806451613,RGB,JPEG,RGB,,039e4af2b8e60c99fe5b8d3787fc68097504fd717c9394ea23f6d421e8e88819,29662,ok,
data/flower_photos/roses/15312360171_57bde98799_n.jpg,data/flower_photos/roses/15312360171_57bde98799_n.jpg,roses,320,256,1.25,RGB,JPEG,RGB,,cf154cf2a3cb2902717b75af76cccd227baa0244cc5e917f4a1617ff50a783e7,35627,ok,
data/flower_photos/roses/15319767030_e6c5602a77_m.jpg,data/flower_photos/roses/15319767030_e6c5602a77_m.jpg,roses,240,240,1.0,RGB,JPEG,RGB,,9e884adceb7ab1381a5a638153ca0e27caa19b228f6c867147fa83cf36431fb0,14703,ok,
data/flower_photos/roses/15333843782_060cef3030.jpg,data/flower_photos/roses/15333843782_060cef3030.jpg,roses,500,320,1.5625,RGB,JPEG,RGB,,6f7677cb32ab5b8a0ca36f93bf74411751f582a23572894092e86871fd7c38a4,166168,ok,
data/flower_photos/roses/1540738662_7b4152e344_m.jpg,data/flower_photos/roses/1540738662_7b4152e344_m.jpg,roses,214,240,0.8916666666666667,RGB,JPEG,RGB,,b80c5edea3cde2203f52aef32b76815efb095955c2e0a93fe195097ec0b5f649,16019,ok,
data/flower_photos/roses/15419696882_9394168a10_n.jpg,data/flower_photos/roses/15419696882_9394168a10_n.jpg,roses,320,224,1.4285714285714286,RGB,JPEG,RGB,,a7edbc2beddea34ddb54a590b7365f21d30c1a4ad999d1d632aca0e520eca8bc,19021,ok,
data/flower_photos/roses/15424480096_45bb574b33.jpg,data/flower_photos/roses/15424480096_45bb574b33.jpg,roses,500,333,1.5015015015015014,RGB,JPEG,RGB,,f30cf6d294cf2ee98876329c7904d16f10cda4f5f8292dd9d06f3135d4d2f1cf,43333,ok,
data/flower_photos/roses/15498482197_8878cdfb07_n.jpg,data/flower_photos/roses/15498482197_8878cdfb07_n.jpg,roses,320,257,1.245136186770428,RGB,JPEG,RGB,,dccedb4d8bcae51202416f9a5d5d99fea1e24f8d33dbfd764c49f34721402c84,28987,ok,
data/flower_photos/roses/15509799653_0562d4a4fa.jpg,data/flower_photos/roses/15509799653_0562d4a4fa.jpg,roses,500,333,1.5015015015015014,RGB,JPEG,RGB,,6c04fb453d621104dbc76677035bb6d602e89ce31f5e167a0a9980505f1061d1,35177,ok,
data/flower_photos/roses/15537825851_a80b6321d7_n.jpg,data/flower_photos/roses/15537825851_a80b6321d7_n.jpg,roses,320,213,1.5023474178403755,RGB,JPEG,RGB,,4832ac5a678e4124cde20720bb446a1a280f3c01a198564c7d3e0a91f732bd91,26052,ok,
data/flower_photos/roses/15566697073_9a214b700e_n.jpg,data/flower_photos/roses/15566697073_9a214b700e_n.jpg,roses,320,256,1.25,RGB,JPEG,RGB,,70c3a532207ba7a1a3d8e66ad106aa5b26667981257459926028b301f722b562,51360,ok,
data/flower_photos/roses/15602874619_03fd934bed.jpg,data/flower_photos/roses/15602874619_03fd934bed.jpg,roses,500,333,1.5015015015015014,RGB,JPEG,RGB,,58fa4b0b4d749cb2d3b482a3c48bcada53bbe182cce1086291fc45df4779a0b5,157284,ok,
data/flower_photos/roses/1562198683_8cd8cb5876_n.jpg,data/flower_photos/roses/1562198683_8cd8cb5876_n.jpg,roses,320,213,1.5023474178403755,RGB,JPEG,RGB,,05d09e8fd2125d7ca2615768ddec09e5c64996e8caacc358b6c6b7598a721b8f,21142,ok,
data/flower_photos/roses/15674450867_0ced942941_n.jpg,data/flower_photos/roses/15674450867_0ced942941_n.jpg,roses,320,240,1.3333333333333333,RGB,JPEG,RGB,,474b6b365bf71fe53d8b564cc3fce0cbe78632ba46126fdb24cd2fbb48c1a732,28749,ok,
data/flower_photos/roses/15681454551_b6f73ce443_n.jpg,data/flower_photos/roses/15681454551_b6f73ce443_n.jpg,roses,320,224,1.4285714285714286,RGB,JPEG,RGB,,0b05cd89ae0a1f2b9f3255771b93fd7501be8155c7be6985d00723922e0dbec9,18931,ok,
data/flower_photos/roses/15697872479_ed48e9dd73_n.jpg,data/flower_photos/roses/15697872479_ed48e9dd73_n.jpg,roses,320,243,1.316872427983539,RGB,JPEG,RGB,,c8e517b6812b763358578a8fae0eaf7f8b30593f3c09751c7484b3af321f9ce0,45317,ok,
data/flower_photos/roses/15699509054_d3e125286f_n.jpg,data/flower_photos/roses/15699509054_d3e125286f_n.jpg,roses,320,213,1.5023474178403755,RGB,JPEG,RGB,,2789db0b7135aed7df88a442a5bc73e255c8ee3bd074d2c55e8a0deb4ffccb93,28695,ok,
data/flower_photos/roses/15712574834_2f121c7cf9_m.jpg,data/flower_photos/roses/15712574834_2f121c7cf9_m.jpg,roses,164,240,0.6833333333333333,RGB,JPEG,RGB,,4c835bf4e6463d07c95c4cb7427f39e16576b16c80a15360e98ba6377b6b12ae,32855,ok,
data/flower_photos/roses/15738649506_2b4c2fd933_m.jpg,data/flower_photos/roses/15738649506_2b4c2fd933_m.jpg,roses,224,240,0.9333333333333333,RGB,JPEG,RGB,,162a288e518d553073063181d2ba8671b4cdf677e83cfba41fee91582f659b9a,38172,ok,
data/flower_photos/roses/15750320284_22ef21c682.jpg,data/flower_photos/roses/15750320284_22ef21c682.jpg,roses,500,333,1.5015015015015014,RGB,JPEG,RGB,,7d82a11d7884067cc135e2d7be49797e438fdcc71653998177fedccd90b3e851,111713,ok,
data/flower_photos/roses/15761264350_4caaf080f6_m.jpg,data/flower_photos/roses/15761264350_4caaf080f6_m.jpg,roses,159,240,0.6625,RGB,JPEG,RGB,,b1bb31d019f3bb3b60d5f564e8e8bd23ecc05abd052c02c5eb458fe27038609e,19201,ok,
data/flower_photos/roses/15802657001_40fe77c030_m.jpg,data/flower_photos/roses/15802657001_40fe77c030_m.jpg,roses,159,240,0.6625,RGB,JPEG,RGB,,cd714a96cbeac130e694bb48460287f923bd6a77609bc7d8971c385a3fd58274,18296,ok,
data/flower_photos/roses/15820572326_be2ea4a55c_n.jpg,data/flower_photos/roses/15820572326_be2ea4a55c_n.jpg,roses,320,240,1.3333333333333333,RGB,JPEG,RGB,,7717382c005fe3a9ebc7a1f67d72cb3d6faaa29588ae54a9fb0e176799dea02d,19652,ok,
data/flower_photos/roses/15821959372_518b9dcf57_n.jpg,data/flower_photos/roses/15821959372_518b9dcf57_n.jpg,roses,320,240,1.3333333333333333,RGB,JPEG,RGB,,089c51100a65663bf55f5bbc22678321b84305038f7aa0dce2cf09f5c6eb7269,29601,ok,
data/flower_photos/roses/15822837396_96b392fda8_m.jpg,data/flower_photos/roses/15822837396_96b392fda8_m.jpg,roses,159,240,0.6625,RGB,JPEG,RGB,,b8847d7cbe9a2c1cfadb90bd7a5eb0f2f2e71ef162d5cb34c466c4039dc90134,26826,ok,
data/flower_photos/roses/15859434664_67bf3ef29f.jpg,data/flower_photos/roses/15859434664_67bf3ef29f.jpg,roses,500,300,1.6666666666666667,RGB,JPEG,RGB,,df4ec96deda1c5957d7ea31b3c670242bec911bb8e232e5b939fffa43793fe7f,83564,ok,
data/flower_photos/roses/15901230359_1819e96b89_n.jpg,data/flower_photos/roses/15901230359_1819e96b89_n.jpg,roses,320,228,1.4035087719298245,RGB,JPEG,RGB,,ecad941d23980e7fe11f9429a8d87f092960c731b41289c894524ffbbb961a50,45967,ok,
data/flower_photos/roses/159079265_d77a9ac920_n.jpg,data/flower_photos/roses/159079265_d77a9ac920_n.jpg,roses,320,246,1.3008130081300813,RGB,JPEG,RGB,,8005df1d12506c4d1be24dd06ccc42179784a78e2871f8f36e757e49c756011c,58720,ok,
data/flower_photos/roses/15922772266_1167a06620.jpg,data/flower_photos/roses/15922772266_1167a06620.jpg,roses,500,333,1.5015015015015014,RGB,JPEG,RGB,,6784c09ff4eeec0e0ac148cdc74682f99c424ac89d85321d95161e20da9204e9,55307,ok,dup_1437
data/flower_photos/roses/15949087094_a8f565295c_m.jpg,data/flower_photos/roses/15949087094_a8f565295c_m.jpg,roses,159,240,0.6625,RGB,JPEG,RGB,,e5c24e709de0e29408e85fe3920a83985b87e5c8eb62789863d2eeb460e1993c,24900,ok,
data/flower_photos/roses/15951588433_c0713cbfc6_m.jpg,data/flower_photos/roses/15951588433_c0713cbfc6_m.jpg,roses,160,240,0.6666666666666666,RGB,JPEG,RGB,,22bf9746eca2534376a386b51563b571c739bfb34cd9e07f3ca79b0a6484f011,28004,ok,
data/flower_photos/roses/15965652160_de91389965_m.jpg,data/flower_photos/roses/15965652160_de91389965_m.jpg,roses,240,208,1.1538461538461537,RGB,JPEG,RGB,,6238eabebef764e11aee5ba85a7f7e960758784555ecfa7b9cde1f525ec5bed5,22159,ok,
data/flower_photos/roses/15977362155_461030c196_m.jpg,data/flower_photos/roses/15977362155_461030c196_m.jpg,roses,233,240,0.9708333333333333,RGB,JPEG,RGB,,b19378ec895cfbb17f155f42cb34f023d9584573a97904703ab44200b6ce7e43,29268,ok,
data/flower_photos/roses/15999816377_4b95e0b538_n.jpg,data/flower_photos/roses/15999816377_4b95e0b538_n.jpg,roses,320,256,1.25,RGB,JPEG,RGB,,39a1e658808302a21345f8a74cb4153960f52e3cc4400587d5df2e88b6764663,55118,ok,
data/flower_photos/roses/16018886851_c32746cb72.jpg,data/flower_photos/roses/16018886851_c32746cb72.jpg,roses,500,305,1.639344262295082,RGB,JPEG,RGB,,b1d88b01653d317eb99b52f18508f008c14e57b265c17811c21343083ed54b83,146832,ok,
data/flower_photos/roses/16051111039_0f0626a241_n.jpg,data/flower_photos/roses/16051111039_0f0626a241_n.jpg,roses,320,240,1.3333333333333333,RGB,JPEG,RGB,,c2bdfb0135a01ad628922715f30b88f5321671af4858b32cee985afccb8cea42,28979,ok,
data/flower_photos/roses/16078501836_3ac067e18a.jpg,data/flower_photos/roses/16078501836_3ac067e18a.jpg,roses,500,333,1.5015015015015014,RGB,JPEG,RGB,,5b74e01be2700a9d5a9c929b636edd056b4ea7146e8895926e25db93f69b1075,42567,ok,
data/flower_photos/roses/160954292_6c2b4fda65_n.jpg,data/flower_photos/roses/160954292_6c2b4fda65_n.jpg,roses,320,213,1.5023474178403755,RGB,JPEG,RGB,,380d13a1a11b14dee2b808bd61c83da75cbaa57df9e27205134d23b212a8d8e4,23668,ok,
data/flower_photos/roses/16100313047_c2e23cbb3d_n.jpg,data/flower_photos/roses/16100313047_c2e23cbb3d_n.jpg,roses,320,213,1.5023474178403755,RGB,JPEG,RGB,,1c8f09762ce4772214b7fcb538674e7a293abe3fa0b7f8921e1c8b1cbf595ee8,62485,ok,
data/flower_photos/roses/16149016979_23ef42b642_m.jpg,data/flower_photos/roses/16149016979_23ef42b642_m.jpg,roses,182,240,0.7583333333333333,RGB,JPEG,RGB,,82afd2cfce97478bb57b50dc0550090ac5337d11c99f7826439bc00494dafef3,22009,ok,
data/flower_photos/roses/16152175716_55d6968e08_n.jpg,data/flower_photos/roses/16152175716_55d6968e08_n.jpg,roses,320,240,1.3333333333333333,RGB,JPEG,RGB,,2fdc31329160b35f12ffc1e08f46dc50c8e0a0b1f2d86fea80858c9341a58102,58316,ok,
data/flower_photos/roses/16152205512_9d6cb80fb6.jpg,data/flower_photos/roses/16152205512_9d6cb80fb6.jpg,roses,500,333,1.5015015015015014,RGB,JPEG,RGB,,1c8e26e5b1f79a852a7fec169beb7101302aed330b95e18ca4827bf76e65fbb1,132161,ok,
data/flower_photos/roses/16155980245_6ab8d7b888.jpg,data/flower_photos/roses/16155980245_6ab8d7b888.jpg,roses,500,334,1.4970059880239521,RGB,JPEG,RGB,,f666e59adff583e22768f2bde5f317c43faaf074e463bc8db22db256cdca4278,34833,ok,
data/flower_photos/roses/16157873719_bf0bdf8558_n.jpg,data/flower_photos/roses/16157873719_bf0bdf8558_n.jpg,roses,320,213,1.5023474178403755,RGB,JPEG,RGB,,b0c931395b85e96278de12d7e011e08ad9d3fdbbe18fb0d5d75319669d193b69,24070,ok,
data/flower_photos/roses/16209331331_343c899d38.jpg,data/flower_photos/roses/16209331331_343c899d38.jpg,roses,500,243,2.05761316872428,RGB,JPEG,RGB,,becf2d679f067d0adffd39d59a79767bd19c1df6baf69a3aa99a0c538f6e276d,111139,ok,
data/flower_photos/roses/16229215579_e7dd808e9c.jpg,data/flower_photos/roses/16229215579_e7dd808e9c.jpg,roses,500,333,1.5015015015015014,RGB,JPEG,RGB,,b43d1c91a84c01211a7b1b2a5a634f56ca8785038aa525034c29f6e234df19c4,107933,ok,
data/flower_photos/roses/16258946661_f9739cdc0a.jpg,data/flower_photos/roses/16258946661_f9739cdc0a.jpg,roses,500,333,1.5015015015015014,RGB,JPEG,RGB,,dcc2cc126e4751dd942dfd5aa8bbbf813659e4bef25f2c1e1eb770b1f151001b,139645,ok,
data/flower_photos/roses/16316557109_7fc55c1cbc_m.jpg,data/flower_photos/roses/16316557109_7fc55c1cbc_m.jpg,roses,161,240,0.6708333333333333,RGB,JPEG,RGB,,b67c5b8300efea1758dbdccf896905f2666c4b57932c3fc7a91c4efc2a63bae9,33847,ok,
data/flower_photos/roses/16334786972_1b3e71cab8_m.jpg,data/flower_photos/roses/16334786972_1b3e71cab8_m.jpg,roses,163,240,0.6791666666666667,RGB,JPEG,RGB,,2878c7d5c9e5d6fc70487718bb5b7a89264a5e324bd7757708ad5f891ed62114,25154,ok,
data/flower_photos/roses/16339359979_6d742660b8_n.jpg,data/flower_photos/roses/16339359979_6d742660b8_n.jpg,roses,320,240,1.3333333333333333,RGB,JPEG,RGB,,7340933d700a7c284a8ae2d5977a429e837fc0daa4cb17c49ce8e09cfa3fc167,48284,ok,
data/flower_photos/roses/16374919860_4e445de29f_n.jpg,data/flower_photos/roses/16374919860_4e445de29f_n.jpg,roses,320,240,1.3333333333333333,RGB,JPEG,RGB,,c4b0ceedbf5020e1cbbbaa95e8123361d3e98dc7c8112ae2033caa151d516886,31989,ok,
data/flower_photos/roses/16424992340_c1d9eb72b4.jpg,data/flower_photos/roses/16424992340_c1d9eb72b4.jpg,roses,500,334,1.4970059880239521,RGB,JPEG,RGB,,a33fc3a80cf1f62ac9c11d6b09592009658a66ac8244f503d906883615379b4d,45144,ok,
data/flower_photos/roses/16449467833_d82aac5749_m.jpg,data/flower_photos/roses/16449467833_d82aac5749_m.jpg,roses,161,240,0.6708333333333333,RGB,JPEG,RGB,,2a813bc58df4735a23ca55af6d471b713fc9ed310c1cce911765cff2f21c13f2,24932,ok,
data/flower_photos/roses/1645761726_2b1be95472.jpg,data/flower_photos/roses/1645761726_2b1be95472.jpg,roses,500,333,1.5015015015015014,RGB,JPEG,RGB,,25f5e71ca839b51073a950831fff1d29941ffcd6d7be8b815ea791343318e5ec,114006,ok,
data/flower_photos/roses/16476788181_0e2ffc719a.jpg,data/flower_photos/roses/16476788181_0e2ffc719a.jpg,roses,500,333,1.5015015015015014,RGB,JPEG,RGB,,06515acd5d137cb21007911b1ededd5f43f993028cadb8f83a34f1f2786eaf58,35076,ok,
data/flower_photos/roses/16484100863_979beacb08.jpg,data/flower_photos/roses/16484100863_979beacb08.jpg,roses,500,333,1.5015015015015014,RGB,JPEG,RGB,,1bf69f70280fa980cbe358b7c1d16ba28761126da35cec4240779d5273080519,101670,ok,
data/flower_photos/roses/16525204061_9b47be3726_m.jpg,data/flower_photos/roses/16525204061_9b47be3726_m.jpg,roses,240,240,1.0,RGB,JPEG,RGB,,958198544b764d740c172148935bcf47af5c7da626f3ee3630e9b507b0c5f432,24048,ok,
data/flower_photos/roses/16545641666_2781e542a0_m.jpg,data/flower_photos/roses/16545641666_2781e542a0_m.jpg,roses,162,240,0.675,RGB,JPEG,RGB,,8f97cbbfae47ad8ab9cac1aae2572edd3cea78d9b074c39cf2a40ab827528a33,29717,ok,
data/flower_photos/roses/16552686350_db8db55cd2.jpg,data/flower_photos/roses/16552686350_db8db55cd2.jpg,roses,500,328,1.524390243902439,RGB,JPEG,RGB,,bf71bf5e70efdd9e638107006ea5feb3c15cc5e099a6fc5e53526ed1ce3eabd4,150059,ok,
data/flower_photos/roses/165985535_7178ce6350.jpg,data/flower_photos/roses/165985535_7178ce6350.jpg,roses,500,333,1.5015015015015014,RGB,JPEG,RGB,,f51996b6ba7fdc87259257ff4ddae41c31f5adea646d73aca49bf9ef7b7ed87c,134349,ok,
data/flower_photos/roses/16643944275_3cd4cd966c.jpg,data/flower_photos/roses/16643944275_3cd4cd966c.jpg,roses,500,332,1.5060240963855422,RGB,JPEG,RGB,,bd868c948d7399751cddb1e2bb295914f8ff91f2d28f62f211f6092983efefe5,46598,ok,
data/flower_photos/roses/1666341535_99c6f7509f_n.jpg,data/flower_photos/roses/1666341535_99c6f7509f_n.jpg,roses,320,287,1.1149825783972125,RGB,JPEG,RGB,,3cdc3f824471f42ff6e1f922a29705430ae359893595f1e7d3c0acf30415e8e9,66403,ok,
data/flower_photos/roses/16666836810_216f50e9c3_m.jpg,data/flower_photos/roses/16666836810_216f50e9c3_m.jpg,roses,185,240,0.7708333333333334,RGB,JPEG,RGB,,21dfc82ccaa1643f503febcaf7d78c79652db5fd190b7a681e6afb1d896e27a2,27801,ok,
data/flower_photos/roses/16670921315_0fc48d7ab2_n.jpg,data/flower_photos/roses/16670921315_0fc48d7ab2_n.jpg,roses,320,240,1.3333333333333333,RGB,JPEG,RGB,,72c08da40433da749edfade0b0553715c9ef260fd43600cc9755158ddd5c7305,35828,ok,
data/flower_photos/roses/1667199972_7ba7d999c1_m.jpg,data/flower_photos/roses/1667199972_7ba7d999c1_m.jpg,roses,180,240,0.75,RGB,JPEG,RGB,,7e5d2399b998340f70e1ac80720a10d91535d7a7b61c4ca7843eed1664cd7ce3,24514,ok,
data/flower_photos/roses/16691277899_9433f39155_n.jpg,data/flower_photos/roses/16691277899_9433f39155_n.jpg,roses,320,256,1.25,RGB,JPEG,RGB,,156631b6fd0922965931e018cafc49b9ed76e56df5c5af7b9d41e9cc220ecd3a,30654,ok,
data/flower_photos/roses/16772483324_09f24813a1_n.jpg,data/flower_photos/roses/16772483324_09f24813a1_n.jpg,roses,320,240,1.3333333333333333,RGB,JPEG,RGB,,d4dbd1d7d4d0ba75280a633353b003b023730ccafe3a576b2908dfd1aec05ed0,70259,ok,
data/flower_photos/roses/16903172207_2cd7aca66a.jpg,data/flower_photos/roses/16903172207_2cd7aca66a.jpg,roses,500,281,1.7793594306049823,RGB,JPEG,RGB,,f3667db4c232605a2359630a2bf5933e6c98a8653a77ba6f5c1d0a2debbd1222,98005,ok,
data/flower_photos/roses/16961613890_695b36aab2_m.jpg,data/flower_photos/roses/16961613890_695b36aab2_m.jpg,roses,178,240,0.7416666666666667,RGB,JPEG,RGB,,08d1786c4aebe8aad5b2169df0ad0cd8f804ae104aa83d41f28018fa87420e6a,26276,ok,
data/flower_photos/roses/17040847367_b54d05bf52.jpg,data/flower_photos/roses/17040847367_b54d05bf52.jpg,roses,500,253,1.976284584980237,RGB,JPEG,RGB,,b38bc08b49e21045f9cd291b274aabad70cf54263ff93d91a1d5b782fba62c14,36229,ok,
data/flower_photos/roses/17051448596_69348f7fce_m.jpg,data/flower_photos/roses/17051448596_69348f7fce_m.jpg,roses,180,240,0.75,RGB,JPEG,RGB,,e2cca184b8cf7838732ab202217f7de0b9bf4312a7b609ab09c02c8ec81039e7,27518,ok,
data/flower_photos/roses/17062080069_36ac7907d2_n.jpg,data/flower_photos/roses/17062080069_36ac7907d2_n.jpg,roses,320,238,1.3445378151260505,RGB,JPEG,RGB,,0e438be36c57df2b8279ed15b8300157e79d7887f6e38cf130f604311fd6eab0,22655,ok,
data/flower_photos/roses/17077876795_6dd1b03f54_m.jpg,data/flower_photos/roses/17077876795_6dd1b03f54_m.jpg,roses,182,240,0.7583333333333333,RGB,JPEG,RGB,,aee62bcc5391974055d5cbf0e9feb46726553a564025b727f14b8a01658060bf,24861,ok,
data/flower_photos/roses/17090993740_fcc8b60b81.jpg,data/flower_photos/roses/17090993740_fcc8b60b81.jpg,roses,500,334,1.4970059880239521,RGB,JPEG,RGB,,a3d269656a5de230d3f0feeda2c12a27380f45272f81b9b2622226fd13565203,75652,ok,
data/flower_photos/roses/17158274118_00ec99a23c.jpg,data/flower_photos/roses/17158274118_00ec99a23c.jpg,roses,500,334,1.4970059880239521,RGB,JPEG,RGB,,d46f088e8f82623a91632aceb26bf713160c45a5867804ef21a7fd3d58f26ec9,38655,ok,
data/flower_photos/roses/17165596357_392a12391f.jpg,data/flower_photos/roses/17165596357_392a12391f.jpg,roses,500,313,1.597444089456869,RGB,JPEG,RGB,,3e98ca370b8c002207130e6d9d00182b45b0da1789102210fbe6f4f10f53aa5f,53084,ok,
data/flower_photos/roses/172311368_49412f881b.jpg,data/flower_photos/roses/172311368_49412f881b.jpg,roses,500,330,1.5151515151515151,RGB,JPEG,RGB,,483f0fa4f486f14a8fd1c4d4c3a7b3c10fcb7b9789bddafc97daf78d8a8ee369,103027,ok,
data/flower_photos/roses/17302463621_d82be11f01_n.jpg,data/flower_photos/roses/17302463621_d82be11f01_n.jpg,roses,320,266,1.2030075187969924,RGB,JPEG,RGB,,f4179a18ca3374c6ff5f7abee4103c155f0746d5a32eccf3feca61c597d61131,68358,ok,
data/flower_photos/roses/17305246720_1866d6303b.jpg,data/flower_photos/roses/17305246720_1866d6303b.jpg,roses,500,313,1.597444089456869,RGB,JPEG,RGB,,61b156c5633a91ee508839bdd0215415697ec40e629698b4629d799e1c1e92e3,68553,ok,
data/flower_photos/roses/174109630_3c544b8a2f.jpg,data/flower_photos/roses/174109630_3c544b8a2f.jpg,roses,500,375,1.3333333333333333,RGB,JPEG,RGB,,86e99bded3eaf3fd73946258a43b7ff24e7dc03cb746fe9ceb26af1b079c1a75,109285,ok,
data/flower_photos/roses/17449165090_dfb27af360_n.jpg,data/flower_photos/roses/17449165090_dfb27af360_n.jpg,roses,320,240,1.3333333333333333,RGB,JPEG,RGB,,1504410941a2148ea51d779844defdefb4f2cbaf24c41bf6383b0797109b6edc,38818,ok,
data/flower_photos/roses/17554868955_35f48516cd_m.jpg,data/flower_photos/roses/17554868955_35f48516cd_m.jpg,roses,240,240,1.0,RGB,JPEG,RGB,,847557437e2e297cc29ef56556a7f5a4f96f853e664de5653bfd30c994b99978,41558,ok,
data/flower_photos/roses/1756973583_4aac7df00d_m.jpg,data/flower_photos/roses/1756973583_4aac7df00d_m.jpg,roses,240,215,1.1162790697674418,RGB,JPEG,RGB,,59b70e78fbf13e230f8b3795a9bbfe8d4ec0593412292f077c75db5291e6eca2,15612,ok,
data/flower_photos/roses/1757822526_fe30b9b3ca_m.jpg,data/flower_photos/roses/1757822526_fe30b9b3ca_m.jpg,roses,217,240,0.9041666666666667,RGB,JPEG,RGB,,db2596fadbc17af79ff7019de104a4d7f95742c8d2787182390d0e80a37ee503,17157,ok,
data/flower_photos/roses/17700322054_1c4fdaa034_m.jpg,data/flower_photos/roses/17700322054_1c4fdaa034_m.jpg,roses,159,240,0.6625,RGB,JPEG,RGB,,f69360818ec5bc16348862237733701c108b0f673dee086ab111842676ff509e,26767,ok,
data/flower_photos/roses/17702388233_f29dc14834_m.jpg,data/flower_photos/roses/17702388233_f29dc14834_m.jpg,roses,159,240,0.6625,RGB,JPEG,RGB,,2438676e999628e58ecdd41fd9c00b5ab693b8f89c99aea10d6266cf4a200809,32936,ok,
data/flower_photos/roses/1775233884_12ff5a124f.jpg,data/flower_photos/roses/1775233884_12ff5a124f.jpg,roses,500,375,1.3333333333333333,RGB,JPEG,RGB,,f7bd1a60c48cf84675580749bd66794ccb61910eaf59d020ab892a35d44f1ed8,137438,ok,
data/flower_photos/roses/1788484468_f73afa6c32_n.jpg,data/flower_photos/roses/1788484468_f73afa6c32_n.jpg,roses,320,241,1.3278008298755186,RGB,JPEG,RGB,,ae1f32373a7044287b743ebab5640a26ae8246ae2102399bf4d8532d60f2cc2e,55032,ok,
data/flower_photos/roses/1793211631_68c31a74dc.jpg,data/flower_photos/roses/1793211631_68c31a74dc.jpg,roses,500,404,1.2376237623762376,RGB,JPEG,RGB,,bd32cf6b6204198369a76747af75798cd8137699c61536b931b42ef420560e3e,141180,ok,
data/flower_photos/roses/17953368844_be3d18cf30_m.jpg,data/flower_photos/roses/17953368844_be3d18cf30_m.jpg,roses,159,240,0.6625,RGB,JPEG,RGB,,256a18084d83279882c3501b83043f577a4185914b9c6bcc275775c08cdadade,28116,ok,
data/flower_photos/roses/17990320484_93bba345d2_m.jpg,data/flower_photos/roses/17990320484_93bba345d2_m.jpg,roses,240,234,1.0256410256410255,RGB,JPEG,RGB,,28de1f5249a2f2bbad1382a133a36a2ec13a7e2412110df7d0bd85e44b129492,26740,ok,
data/flower_photos/roses/1801614110_bb9fa46830.jpg,data/flower_photos/roses/1801614110_bb9fa46830.jpg,roses,500,333,1.5015015015015014,RGB,JPEG,RGB,,f7be58993041d8bfdc1f7156e727eea401179e2cde4011eb98b33efa4b5a85dd,131600,ok,
data/flower_photos/roses/180613732_3a7aba0b80_n.jpg,data/flower_photos/roses/180613732_3a7aba0b80_n.jpg,roses,320,240,1.3333333333333333,RGB,JPEG,RGB,,0ea1daa9b1f2343cc5195dc305aa897cb116f583869ca3cfeb3a2a2fb51abf71,56499,ok,
data/flower_photos/roses/1813435848_7852708394_n.jpg,data/flower_photos/roses/1813435848_7852708394_n.jpg,roses,320,244,1.3114754098360655,RGB,JPEG,RGB,,23d9eb09e73990db95c6eefab99f7e9b09201879eea078040874dad3c1a3173c,35964,ok,
data/flower_photos/roses/18220342690_f1c20134bd.jpg,data/flower_photos/roses/18220342690_f1c20134bd.jpg,roses,500,333,1.5015015015015014,RGB,JPEG,RGB,,c630bca4b543431b8f13782a610bf8e211e516e1003d7f0bd950360c1d1924b4,119807,ok,
data/flower_photos/roses/1831404161_d2df86fd70.jpg,data/flower_photos/roses/1831404161_d2df86fd70.jpg,roses,500,333,1.5015015015015014,RGB,JPEG,RGB,,de7fd2c87c743d696f0e7dca62fd7d5cdf1beaf978f52142ac23a2431b3a5ecf,122653,ok,
data/flower_photos/roses/18376177250_86060cbdc9.jpg,data/flower_photos/roses/18376177250_86060cbdc9.jpg,roses,500,330,1.5151515151515151,RGB,JPEG,RGB,,c92e6922e568ec6cfec39eb7a69a0ed42e8e5618d47bbac20f8fe5ba82fbfa55,49838,ok,
data/flower_photos/roses/18389368680_91c24a2087_z.jpg,data/flower_photos/roses/18389368680_91c24a2087_z.jpg,roses,640,274,2.335766423357664,RGB,JPEG,RGB,,8ed7875acb85715415785d24bc1bdadbc529be326c35cd90f3afc711c91ec367,63812,ok,
data/flower_photos/roses/18563353954_b761d97155_m.jpg,data/flower_photos/roses/18563353954_b761d97155_m.jpg,roses,169,240,0.7041666666666667,RGB,JPEG,RGB,,9d587e9360119e75fa1440f723b46e03a7a5b31cbb76c7ba11d5b2d3a4a687ae,29069,ok,
data/flower_photos/roses/18584002386_cec0df537d_n.jpg,data/flower_photos/roses/18584002386_cec0df537d_n.jpg,roses,320,240,1.3333333333333333,RGB,JPEG,RGB,,51244bfcf23c26f6f29cef33f5c4af91f23e8c8b1dbc225f8fba5769ac2ac727,32692,ok,
data/flower_photos/roses/18599603859_f2ec616ddf_n.jpg,data/flower_photos/roses/18599603859_f2ec616ddf_n.jpg,roses,320,213,1.5023474178403755,RGB,JPEG,RGB,,9559a7f7750d61e50bb51c363e33e3b220aa7b3b85442bde3f9f58817b7fe54c,26872,ok,
data/flower_photos/roses/18741313803_1bbf842fc6_n.jpg,data/flower_photos/roses/18741313803_1bbf842fc6_n.jpg,roses,320,213,1.5023474178403755,RGB,JPEG,RGB,,ce14e54f9ce99b469f6b96f81f8e1b9d1985fc770e8a447ee322ac4fb24e8bc1,57821,ok,
data/flower_photos/roses/18760363474_a707331322_n.jpg,data/flower_photos/roses/18760363474_a707331322_n.jpg,roses,320,220,1.4545454545454546,RGB,JPEG,RGB,,6b4f43693af0b43a9af08270f7980ed8c1071ff00905e6275997606b40218041,32642,ok,
data/flower_photos/roses/18990187093_09f2bff8fc_m.jpg,data/flower_photos/roses/18990187093_09f2bff8fc_m.jpg,roses,188,240,0.7833333333333333,RGB,JPEG,RGB,,1c7b4b4a7d8240acedcc27217495023880c50540ecf97de67f3fcffb2870ef5b,22898,ok,
data/flower_photos/roses/19153732586_9de58c8f53_n.jpg,data/flower_photos/roses/19153732586_9de58c8f53_n.jpg,roses,320,234,1.3675213675213675,RGB,JPEG,RGB,,0a98557d02f6d92115b98d354e82f73c442c67808c75fd1f0a190d3ba9599e70,68189,ok,
data/flower_photos/roses/19271410704_932d1f2c97_n.jpg,data/flower_photos/roses/19271410704_932d1f2c97_n.jpg,roses,320,240,1.3333333333333333,RGB,JPEG,RGB,,ac162b07a90e113e0ee933a8c63bad45e7df60099f9bc2d53811adde2cd2da0a,36739,ok,
data/flower_photos/roses/19440805164_920b28da61_n.jpg,data/flower_photos/roses/19440805164_920b28da61_n.jpg,roses,320,212,1.509433962264151,RGB,JPEG,RGB,,c17e5b95399d8a9fef3358be43ccfb1f02eb3442ab9a7e41ff67527965da59a4,19553,ok,
data/flower_photos/roses/1949195327_75f76c12b1.jpg,data/flower_photos/roses/1949195327_75f76c12b1.jpg,roses,500,375,1.3333333333333333,RGB,JPEG,RGB,,d07d234a4a166913233147a7964e6fabf461665e353329cee74afd69329b03a9,134914,ok,
data/flower_photos/roses/19566556880_476c66c5ee_n.jpg,data/flower_photos/roses/19566556880_476c66c5ee_n.jpg,roses,320,213,1.5023474178403755,RGB,JPEG,RGB,,48ca1a59836d9b8d4a7d4d07227415905f9bfaa08e7faaffe6deed2056f327da,32072,ok,
data/flower_photos/roses/19823402005_2db025dd66_m.jpg,data/flower_photos/roses/19823402005_2db025dd66_m.jpg,roses,240,240,1.0,RGB,JPEG,RGB,,a173ddef16104aa97e0986e559f4354bcbf80b3406916f9c331c217b451123e0,30673,ok,
data/flower_photos/roses/19919867648_043cf02fc3.jpg,data/flower_photos/roses/19919867648_043cf02fc3.jpg,roses,500,339,1.4749262536873156,RGB,JPEG,RGB,,841efc524634d83c9e26e7e9898f36a9e72ea3f89e48494dc01f2987048f48a8,46323,ok,
data/flower_photos/roses/19988406792_68201f76e3_n.jpg,data/flower_photos/roses/19988406792_68201f76e3_n.jpg,roses,320,240,1.3333333333333333,RGB,JPEG,RGB,,255dc1cdef77318d5b2bc381f55da777d1f16ea5b99daf243294e1a3ce041a4c,52371,ok,
data/flower_photos/roses/20409866779_ac473f55e0_m.jpg,data/flower_photos/roses/20409866779_ac473f55e0_m.jpg,roses,240,240,1.0,RGB,JPEG,RGB,,189dd5e65613de04fd989cb1659dac4c90b076f70219bebef23c411991d52bb3,25390,ok,
data/flower_photos/roses/2053476785_c162a3e358.jpg,data/flower_photos/roses/2053476785_c162a3e358.jpg,roses,500,333,1.5015015015015014,RGB,JPEG,RGB,,8f68d0d4bdfe86f3342645192eaee08e7805a3e260bbe15655bd0c6e5417b474,151017,ok,
data/flower_photos/roses/2059172936_032ffc12aa.jpg,data/flower_photos/roses/2059172936_032ffc12aa.jpg,roses,500,378,1.3227513227513228,RGB,JPEG,RGB,,95a81be225338fa4801dd4e44a6e476f04cf0ba05b00a599eb17354fc7dc0442,192637,ok,
data/flower_photos/roses/20596941736_f2c5f496cf.jpg,data/flower_photos/roses/20596941736_f2c5f496cf.jpg,roses,500,308,1.6233766233766234,RGB,JPEG,RGB,,ee6dc7ff5e30719021ac07c8be033b2ce8bdaeca5fd816702f1b4b95a2312288,96307,ok,
data/flower_photos/roses/20622485918_90fc000c86_n.jpg,data/flower_photos/roses/20622485918_90fc000c86_n.jpg,roses,320,240,1.3333333333333333,RGB,JPEG,RGB,,16092b4ad4ed0be04ea3fc718cf9dcd5e5a38378c0a17704668b43c1d11305ab,21674,ok,
data/flower_photos/roses/2065522422_cfdd80044a_n.jpg,data/flower_photos/roses/2065522422_cfdd80044a_n.jpg,roses,320,259,1.2355212355212355,RGB,JPEG,RGB,,5d649267da01cc125f049e33469dc6016a1cd1c2860b20e1c9b9169a3025bca3,30177,ok,
data/flower_photos/roses/20825078671_90b0389c70_m.jpg,data/flower_photos/roses/20825078671_90b0389c70_m.jpg,roses,240,240,1.0,RGB,JPEG,RGB,,270d18cdede3bb99f5f8f06b18ba28030a9309420e5a059b61ddd1d321ffa3b6,19798,ok,
data/flower_photos/roses/2093263381_afd51358a3.jpg,data/flower_photos/roses/2093263381_afd51358a3.jpg,roses,500,375,1.3333333333333333,RGB,JPEG,RGB,,750a8a0b7f5adcf3377a31ad2b45b4cee65f151539592756f1c2a8b884d1fae2,143117,ok,
data/flower_photos/roses/2122401867_cd86c5f114_n.jpg,data/flower_photos/roses/2122401867_cd86c5f114_n.jpg,roses,320,243,1.316872427983539,RGB,JPEG,RGB,,f23ffaa3c62e589d5619c6af0d51cf0c21157620d2c7234ada4bc01345f408d0,46693,ok,
data/flower_photos/roses/21346056089_e6f8074e5f_m.jpg,data/flower_photos/roses/21346056089_e6f8074e5f_m.jpg,roses,180,240,0.75,RGB,JPEG,RGB,,cb2228ac98291c40a8b42ee73628aece2179900efff810164be7bb9906bcef5a,19953,ok,
data/flower_photos/roses/21347496068_f4d3339607.jpg,data/flower_photos/roses/21347496068_f4d3339607.jpg,roses,500,333,1.5015015015015014,RGB,JPEG,RGB,,6b318336bf8ba464b47d1ac8a4fadac1f1a4a8009eaed61fed5a9d14efc6be1e,61178,ok,
data/flower_photos/roses/21413573151_e681c6a97a.jpg,data/flower_photos/roses/21413573151_e681c6a97a.jpg,roses,500,333,1.5015015015015014,RGB,JPEG,RGB,,f80dbc34b211a79bbab1ae0a021f018c1937735578d0eec4b8aa6b95ff4076f0,68356,ok,
data/flower_photos/roses/2141413229_3f0425f972_n.jpg,data/flower_photos/roses/2141413229_3f0425f972_n.jpg,roses,320,217,1.4746543778801844,RGB,JPEG,RGB,,2ebd667ee3697657145886ed54791dd0010e841adc9fda2aab179f4629576e94,27335,ok,
data/flower_photos/roses/21522100663_455b77a90c_n.jpg,data/flower_photos/roses/21522100663_455b77a90c_n.jpg,roses,320,240,1.3333333333333333,RGB,JPEG,RGB,,1ebe476b55daa604878c903422b88835e40de31b9d4c7174d441564c36ef72b1,41653,ok,
data/flower_photos/roses/2183357362_4b4da4b6b5.jpg,data/flower_photos/roses/2183357362_4b4da4b6b5.jpg,roses,500,392,1.2755102040816326,RGB,JPEG,RGB,,a33fb28bf4116909fb2db12e78a95b47883e1b981526e78d94bed6553f812457,142253,ok,
data/flower_photos/roses/218630974_5646dafc63_m.jpg,data/flower_photos/roses/218630974_5646dafc63_m.jpg,roses,180,240,0.75,RGB,JPEG,RGB,,e46ad9ff8f87f28044153c109264858f32303f761ce565c15ff9b1893026645b,18009,ok,
data/flower_photos/roses/2197754124_5c8a146761_n.jpg,data/flower_photos/roses/2197754124_5c8a146761_n.jpg,roses,320,240,1.3333333333333333,RGB,JPEG,RGB,,7e4bf3e3511ed6234e53c89d9aafc22afcab4a432242ad5853f9983b2bf4e5fa,38508,ok,
data/flower_photos/roses/22093190909_77223e6f53_n.jpg,data/flower_photos/roses/22093190909_77223e6f53_n.jpg,roses,320,262,1.2213740458015268,RGB,JPEG,RGB,,a00fd9d3fff6743921675b99837716867d6b807cedcdb61b47bc34996bc0d3b7,33671,ok,
data/flower_photos/roses/2215318403_06eb99176a.jpg,data/flower_photos/roses/2215318403_06eb99176a.jpg,roses,500,328,1.524390243902439,RGB,JPEG,RGB,,387cbe8a57855cf52467c4655faa93b23f6cc78ecec401d0ec781af7c72fd18f,101275,ok,
data/flower_photos/roses/2225411981_6638c3e988.jpg,data/flower_photos/roses/2225411981_6638c3e988.jpg,roses,500,428,1.1682242990654206,RGB,JPEG,RGB,,fa0699a649144961a07e1f42b8651242e150212bb7a8d49ed1dc531da6da07e8,120452,ok,
data/flower_photos/roses/22325299158_6e32e599f8_m.jpg,data/flower_photos/roses/22325299158_6e32e599f8_m.jpg,roses,240,235,1.0212765957446808,RGB,JPEG,RGB,,cba68c36da1ae7e551366afc8559c641a19dbf2214222693fd34abc6deb1f903,20678,ok,
data/flower_photos/roses/22385375599_1faf334f5d_n.jpg,data/flower_photos/roses/22385375599_1faf334f5d_n.jpg,roses,320,249,1.285140562248996,RGB,JPEG,RGB,,c27c4fe9506a2208c7c87df76e26cca8fd38fba1dd04f5d540a609b6430d6142,42169,ok,
data/flower_photos/roses/22506717337_0fd63e53e9.jpg,data/flower_photos/roses/22506717337_0fd63e53e9.jpg,roses,500,327,1.529051987767584,RGB,JPEG,RGB,,f181ddcb3b08c7c937d86356d58b69e7c7d96ae597ab8c6a260ea158b0e480ab,164132,ok,
data/flower_photos/roses/2258973326_03c0145f15_n.jpg,data/flower_photos/roses/2258973326_03c0145f15_n.jpg,roses,320,240,1.3333333333333333,RGB,JPEG,RGB,,5ad470a6460c06566f46e14652e166c081ec175fd40febe9913368fa1cdd16f3,25183,ok,
data/flower_photos/roses/2265390547_2409007cef_n.jpg,data/flower_photos/roses/2265390547_2409007cef_n.jpg,roses,320,228,1.4035087719298245,RGB,JPEG,RGB,,931ebd086fdc3fa5c5addaa601a67c468f9cc5469ea0424f0bf5254bc86d2773,36264,ok,
data/flower_photos/roses/2265579414_2e00a8f265_n.jpg,data/flower_photos/roses/2265579414_2e00a8f265_n.jpg,roses,320,240,1.3333333333333333,RGB,JPEG,RGB,,98cc63c7edaf7f030ab13ae3a66758cc9a3422c08ec14e045b4aad4090c4afd0,31793,ok,
data/flower_photos/roses/22679076_bdb4c24401_m.jpg,data/flower_photos/roses/22679076_bdb4c24401_m.jpg,roses,180,240,0.75,RGB,JPEG,RGB,,2d8e913a89af33870601cf51eb1ec97fd362a4c11fe5aea5bf05702de4914ffc,35309,ok,
data/flower_photos/roses/2273917656_6d6c038283.jpg,data/flower_photos/roses/2273917656_6d6c038283.jpg,roses,500,333,1.5015015015015014,RGB,JPEG,RGB,,4a5a3797f93783fde327b7e0cc3c54ffb9ca50c6bcfa1442b5117bebbbbc1ada,69350,ok,
data/flower_photos/roses/229488796_21ac6ee16d_n.jpg,data/flower_photos/roses/229488796_21ac6ee16d_n.jpg,roses,320,236,1.3559322033898304,RGB,JPEG,RGB,,772752288aa619cc4a0dd0d57664b4823ac5bbba007c32130c32e6c573f1cf2d,35647,ok,
data/flower_photos/roses/22982871191_ec61e36939_n.jpg,data/flower_photos/roses/22982871191_ec61e36939_n.jpg,roses,320,213,1.5023474178403755,RGB,JPEG,RGB,,012fc4c1bfa79e73b0371a3c904d657055477a2872c41403a05374eb40174982,18283,ok,
data/flower_photos/roses/2300959680_8d22fa5ee2.jpg,data/flower_photos/roses/2300959680_8d22fa5ee2.jpg,roses,500,336,1.4880952380952381,RGB,JPEG,RGB,,1e2cbb11edf5b6fed268004974f40580513288b2b1a20aec073051a5c86a6b1c,79349,ok,
data/flower_photos/roses/23232710191_cc57620cd5.jpg,data/flower_photos/roses/23232710191_cc57620cd5.jpg,roses,500,334,1.4970059880239521,RGB,JPEG,RGB,,09a1dd3a4cde5c56b313a352367aa007edd0b98296b38af84edf41f23306bafd,126647,ok,
data/flower_photos/roses/2325232198_751645d0bb_n.jpg,data/flower_photos/roses/2325232198_751645d0bb_n.jpg,roses,320,240,1.3333333333333333,RGB,JPEG,RGB,,261d43f585e91d5cbab2a8469b9b4e46c69f911b196413ec02ff244ad4a55ecf,25177,ok,
data/flower_photos/roses/2331651885_619653a5d3.jpg,data/flower_photos/roses/2331651885_619653a5d3.jpg,roses,500,334,1.4970059880239521,RGB,JPEG,RGB,,29ffadefc7f9b770059ae437733a38fc2bdda39f222195f47a025874ae73460b,92814,ok,
data/flower_photos/roses/2332478138_28f1d586e4_n.jpg,data/flower_photos/roses/2332478138_28f1d586e4_n.jpg,roses,320,213,1.5023474178403755,RGB,JPEG,RGB,,e8df2d737e9c5d32bbd6295f89a002c66375617379817b4a5a8a51f7848de73d,32922,ok,
data/flower_photos/roses/2347579838_dd6d2aaefc_n.jpg,data/flower_photos/roses/2347579838_dd6d2aaefc_n.jpg,roses,320,240,1.3333333333333333,RGB,JPEG,RGB,,38fa699a5c6ec208e39cd22bd82e64d7f808503e3e789340a6caa781f044cd43,44202,ok,
data/flower_photos/roses/2364976562_a184463083_m.jpg,data/flower_photos/roses/2364976562_a184463083_m.jpg,roses,180,240,0.75,RGB,JPEG,RGB,,ffb0929f78328c37df0985f150962575301d92f9f00be7e95969430af435d877,26756,ok,
data/flower_photos/roses/23891005905_17ce9e6936.jpg,data/flower_photos/roses/23891005905_17ce9e6936.jpg,roses,500,313,1.597444089456869,RGB,JPEG,RGB,,693e11c9e3aa8907b36ce4a31e7c1160afc626aaab75fc6dbbee767278d22b87,97892,ok,
data/flower_photos/roses/2392457180_f02dab5c65.jpg,data/flower_photos/roses/2392457180_f02dab5c65.jpg,roses,500,333,1.5015015015015014,RGB,JPEG,RGB,,dfe88c7dafaf58f4f31c8f030e55118b865758bad1b53f43e5d2be815bcd161d,131018,ok,
data/flower_photos/roses/2408236801_f43c6bcff2.jpg,data/flower_photos/roses/2408236801_f43c6bcff2.jpg,roses,500,333,1.5015015015015014,RGB,JPEG,RGB,,d4c9826ed5bf6d6d58b0f496efc67e29dfbdc1852b6be06d5e059b4da29d1700,110036,ok,
data/flower_photos/roses/2409069862_b128ee2a71.jpg,data/flower_photos/roses/2409069862_b128ee2a71.jpg,roses,500,333,1.5015015015015014,RGB,JPEG,RGB,,b2ecd093200e18da490a959959636e4ac48639c91db8a7c7712f29213179496b,130422,ok,
data/flower_photos/roses/2414954629_3708a1a04d.jpg,data/flower_photos/roses/2414954629_3708a1a04d.jpg,roses,500,334,1.4970059880239521,RGB,JPEG,RGB,,dde3ba120a686c1256e7d552dcf592036cebbae222edb939dfcc3f7e48a4b899,73725,ok,
data/flower_photos/roses/2423565102_2f1a00bb1b_n.jpg,data/flower_photos/roses/2423565102_2f1a00bb1b_n.jpg,roses,320,213,1.5023474178403755,RGB,JPEG,RGB,,4509f9081ee58ce76d0f4956945a23d251be134111ee9d74588c617c3afa46f8,30587,ok,
data/flower_photos/roses/2448812029_047d981092_m.jpg,data/flower_photos/roses/2448812029_047d981092_m.jpg,roses,240,240,1.0,RGB,JPEG,RGB,,1b4e27a3b84f89131c659e014a6e028b275c5caf94336669ab0bf1e8816dd779,42464,ok,
data/flower_photos/roses/2471103806_87ba53d997_n.jpg,data/flower_photos/roses/2471103806_87ba53d997_n.jpg,roses,320,213,1.5023474178403755,RGB,JPEG,RGB,,c0fae45a3141c0ad81636e8f17ef4e711b9801f88c617847edd41100e96624f6,42801,ok,
data/flower_photos/roses/24781114_bc83aa811e_n.jpg,data/flower_photos/roses/24781114_bc83aa811e_n.jpg,roses,320,256,1.25,RGB,JPEG,RGB,,b9031da680b6044b72cc2989602fe612bba2095ea7cd75d55f293b2299cb49e1,38355,ok,
data/flower_photos/roses/2491600761_7e9d6776e8_m.jpg,data/flower_photos/roses/2491600761_7e9d6776e8_m.jpg,roses,240,226,1.0619469026548674,RGB,JPEG,RGB,,120055ae4fcc81ef6cd928f6e9271c54f58d99b316faba18a4f075c37afc22bb,20462,ok,
data/flower_photos/roses/2501297526_cbd66a3f7e_m.jpg,data/flower_photos/roses/2501297526_cbd66a3f7e_m.jpg,roses,240,240,1.0,RGB,JPEG,RGB,,9bae04f3024e408e52323d99d8345a56525538861cc56b92f177bf7776dc0a20,23563,ok,
data/flower_photos/roses/2535466143_5823e48b63.jpg,data/flower_photos/roses/2535466143_5823e48b63.jpg,roses,500,375,1.3333333333333333,RGB,JPEG,RGB,,93a73ce0fa9e225788c75fc789cbba34be7db701cce61b62abd57a557b53c5c1,137385,ok,
data/flower_photos/roses/2535466393_6556afeb2f_m.jpg,data/flower_photos/roses/2535466393_6556afeb2f_m.jpg,roses,191,240,0.7958333333333333,RGB,JPEG,RGB,,1cebece1d9c61a3308586cb9f2838643dd9db57641b9bb5c421f712feccd7344,22329,ok,
data/flower_photos/roses/2535495431_e6f950443c.jpg,data/flower_photos/roses/2535495431_e6f950443c.jpg,roses,500,333,1.5015015015015014,RGB,JPEG,RGB,,db6f802df87f801e572e4dfc889487b1dfe7a704d2627d3ee022d8e33bb97abb,94439,ok,
data/flower_photos/roses/2536282942_b5ca27577e.jpg,data/flower_photos/roses/2536282942_b5ca27577e.jpg,roses,500,375,1.3333333333333333,RGB,JPEG,RGB,,52c3994950d05874ea99d21dfa1be8aec604539d73d1340ad5dc698ed24169fd,82254,ok,
data/flower_photos/roses/2550860627_998a4fc4c1.jpg,data/flower_photos/roses/2550860627_998a4fc4c1.jpg,roses,500,335,1.492537313432836,RGB,JPEG,RGB,,cec49d78d4164873727e686074dbb3c8a2a5fd8bbd1cb3108b29dbd7fb0d7165,106424,ok,
data/flower_photos/roses/2568105249_15720d081f_n.jpg,data/flower_photos/roses/2568105249_15720d081f_n.jpg,roses,320,232,1.3793103448275863,RGB,JPEG,RGB,,adbee3b2c33e0821449fcaebe4cfda6e366c43e53ebe504c9ae9efce9301fa8e,27587,ok,
data/flower_photos/roses/2607130050_9c34310004.jpg,data/flower_photos/roses/2607130050_9c34310004.jpg,roses,500,375,1.3333333333333333,RGB,JPEG,RGB,,08538299bc35d9c619f79dbd30dae149f4812bbfebba90b2d3dd4c4f64973fbf,104260,ok,
data/flower_photos/roses/2609353769_dc3654f12f.jpg,data/flower_photos/roses/2609353769_dc3654f12f.jpg,roses,500,375,1.3333333333333333,RGB,JPEG,RGB,,babe2254812d29d46994f61d7483c1822aedfbc52377883902837efd58b26425,106822,ok,
data/flower_photos/roses/2627513944_b1361e60ec_m.jpg,data/flower_photos/roses/2627513944_b1361e60ec_m.jpg,roses,180,240,0.75,RGB,JPEG,RGB,,7b544b334b9fe5511579c1d131fe2f6f2d921e2035d4d79626abcbe92af81565,23538,ok,
data/flower_photos/roses/2675221506_5286c0595f.jpg,data/flower_photos/roses/2675221506_5286c0595f.jpg,roses,500,375,1.3333333333333333,RGB,JPEG,RGB,,989f788301916091d6156ccc314aad15deea25f6d678d3330903edbb5e6d05b5,162987,ok,
data/flower_photos/roses/2677417735_a697052d2d_n.jpg,data/flower_photos/roses/2677417735_a697052d2d_n.jpg,roses,320,240,1.3333333333333333,RGB,JPEG,RGB,,d77388bf420275d609b21a79a082441bb6b4f94101aafbe21dd1cc0b22fd2aa5,29879,ok,
data/flower_photos/roses/2682566502_967e7eaa2a.jpg,data/flower_photos/roses/2682566502_967e7eaa2a.jpg,roses,500,313,1.597444089456869,RGB,JPEG,RGB,,9f573d659b40b17c14c19947139a82f7389fe40f2b276fe6abe67fb87e5ea448,81394,ok,
data/flower_photos/roses/269037241_07fceff56a_m.jpg,data/flower_photos/roses/269037241_07fceff56a_m.jpg,roses,201,240,0.8375,RGB,JPEG,RGB,,70d89c895cb2d5b5caf4102efd8bc1fd4530b64b759204db6ae7a6526356318e,10447,ok,
data/flower_photos/roses/2713683760_d98cd2a05b_m.jpg,data/flower_photos/roses/2713683760_d98cd2a05b_m.jpg,roses,240,219,1.095890410958904,RGB,JPEG,RGB,,97b80c105bad28683c6f7e95a573d80078822f5a2fbef0611199b88de686b354,21207,ok,
data/flower_photos/roses/272481307_1eb47ba3e0_n.jpg,data/flower_photos/roses/272481307_1eb47ba3e0_n.jpg,roses,320,240,1.3333333333333333,RGB,JPEG,RGB,,fcc6ecf37e24c30e5c8455f3af612506d2d64e11712e36576ac56341fd356588,38604,ok,
data/flower_photos/roses/2735666555_01d53e74fe.jpg,data/flower_photos/roses/2735666555_01d53e74fe.jpg,roses,500,374,1.3368983957219251,RGB,JPEG,RGB,,c1d7e81da5e4dfa39a2b4a235be7b6f4f6216a8e3ee8fcca3de72d6dbf82b286,61374,ok,
data/flower_photos/roses/2756028421_b3d5eea526_n.jpg,data/flower_photos/roses/2756028421_b3d5eea526_n.jpg,roses,320,279,1.146953405017921,RGB,JPEG,RGB,,ec593b6b37f983a32bdfb6c0affe71039d0b3de296609ee8ee888c47b3e5bd68,36286,ok,
data/flower_photos/roses/2777518561_105abc8cfc_n.jpg,data/flower_photos/roses/2777518561_105abc8cfc_n.jpg,roses,320,240,1.3333333333333333,RGB,JPEG,RGB,,c5dd73eb827465e4d3120467bd30cea74db502ba3db5196e85770997976173af,43194,ok,
data/flower_photos/roses/2788276815_8f730bd942.jpg,data/flower_photos/roses/2788276815_8f730bd942.jpg,roses,500,357,1.4005602240896358,RGB,JPEG,RGB,,33db32ebe9af375500f7fc1db4f2e95b0078001cf05b6156d9e80016c7183409,118893,ok,
data/flower_photos/roses/2863863372_605e29c03e_m.jpg,data/flower_photos/roses/2863863372_605e29c03e_m.jpg,roses,180,240,0.75,RGB,JPEG,RGB,,59008081b5ab1e0e71bc867d6c6eeb024802250144bf88ebe513a92d3bdb5539,25688,ok,
data/flower_photos/roses/2888138918_402096c7fb.jpg,data/flower_photos/roses/2888138918_402096c7fb.jpg,roses,500,332,1.5060240963855422,RGB,JPEG,RGB,,5af856faaaba97b4798baf6e8432ff38e35cc9216bb1af5b0035679b554fb25c,76425,ok,
data/flower_photos/roses/2892056920_918c52889b_m.jpg,data/flower_photos/roses/2892056920_918c52889b_m.jpg,roses,240,240,1.0,RGB,JPEG,RGB,,7f716d1dde4731cbc68d3093adbdc65607e4db96609c91f98cdd7e36e37145af,22607,ok,
data/flower_photos/roses/2949945463_366bc63079_n.jpg,data/flower_photos/roses/2949945463_366bc63079_n.jpg,roses,320,267,1.198501872659176,RGB,JPEG,RGB,,309cdbd3830938e42cbab77f3d2274c12f988eaf55bd85dfa4099b0ef8cbd63a,39227,ok,
data/flower_photos/roses/2951375433_ae2726d9d2_m.jpg,data/flower_photos/roses/2951375433_ae2726d9d2_m.jpg,roses,240,239,1.00418410041841,RGB,JPEG,RGB,,6a22313afd203a2d8d9f01184ecedea4ef86bce1e06860111f992d3d34e58b6f,39899,ok,
data/flower_photos/roses/295257304_de893fc94d.jpg,data/flower_photos/roses/295257304_de893fc94d.jpg,roses,500,375,1.3333333333333333,RGB,JPEG,RGB,,f225af6cd7420bbbd8bc35e619ddb1073abb4c0ea406eeb4c0e30db363ba28b3,107103,ok,
data/flower_photos/roses/2960709681_e95940c0f0_n.jpg,data/flower_photos/roses/2960709681_e95940c0f0_n.jpg,roses,320,252,1.2698412698412698,RGB,JPEG,RGB,,9408baf45af9b79a268adea2de08819cada0d6553098599edb3322409864412b,23183,ok,
data/flower_photos/roses/2973256732_1926295f35.jpg,data/flower_photos/roses/2973256732_1926295f35.jpg,roses,500,335,1.492537313432836,RGB,JPEG,RGB,,f3598131bebb46110d5a05c23282facb60ef6819f4e1540af6029e8f962c2a34,198957,ok,
data/flower_photos/roses/2976723295_b16ab04231.jpg,data/flower_photos/roses/2976723295_b16ab04231.jpg,roses,500,333,1.5015015015015014,RGB,JPEG,RGB,,186eeba576cc0bbe9e8315045e85968615a5b1de72adee0400ce78fcf2abb311,184073,ok,
data/flower_photos/roses/2980099495_cf272e90ca_m.jpg,data/flower_photos/roses/2980099495_cf272e90ca_m.jpg,roses,184,240,0.7666666666666667,RGB,JPEG,RGB,,18d4e8155791e26f1bf5a4281afa70e825f6332973c5e4c022f0ed3ae176d9d8,32125,ok,
data/flower_photos/roses/298670754_f25edda891.jpg,data/flower_photos/roses/298670754_f25edda891.jpg,roses,500,375,1.3333333333333333,RGB,JPEG,RGB,,5b0bb6d81b7b5a9b71e360b9afe34900a7370713bb3a1babc38e9e9316ec2f4f,93028,ok,
data/flower_photos/roses/3026375835_a20ecdd140_m.jpg,data/flower_photos/roses/3026375835_a20ecdd140_m.jpg,roses,240,240,1.0,RGB,JPEG,RGB,,1971b371b4a336204641ce1f970d8377af48b4c2296d9463ee1578bb95ebbdd2,29833,ok,
data/flower_photos/roses/3045046293_57f6d52065_m.jpg,data/flower_photos/roses/3045046293_57f6d52065_m.jpg,roses,180,240,0.75,RGB,JPEG,RGB,,5a201b4bacf8c0747beb096dd20c554a83c5829f8952b18b256099357898b726,27459,ok,
data/flower_photos/roses/3052753519_d087aaeacb_n.jpg,data/flower_photos/roses/3052753519_d087aaeacb_n.jpg,roses,320,240,1.3333333333333333,RGB,JPEG,RGB,,5ff707d40590a9eee6ef2105c8ade8f6efacc236eadb7112ce5ae10b0147918a,27566,ok,
data/flower_photos/roses/3065719996_c16ecd5551.jpg,data/flower_photos/roses/3065719996_c16ecd5551.jpg,roses,500,320,1.5625,RGB,JPEG,RGB,,227213047519729002cb0f1c32bfad0c69eabbb4f54275687954ed3f7ccdc143,104825,ok,
data/flower_photos/roses/3072908271_08764c732a_m.jpg,data/flower_photos/roses/3072908271_08764c732a_m.jpg,roses,224,240,0.9333333333333333,RGB,JPEG,RGB,,5cf07a95cde20f3d896f92bae177015266dcc78fe2624fd0d4d841ca26b00905,33211,ok,
data/flower_photos/roses/3074406590_91c697c805_n.jpg,data/flower_photos/roses/3074406590_91c697c805_n.jpg,roses,320,214,1.4953271028037383,RGB,JPEG,RGB,,a517b41a9d19f5e4b8d8df1b6d427361dd6a4ed65d492e555b7be9444c844463,45908,ok,
data/flower_photos/roses/3102535578_ec8c12a7b6_m.jpg,data/flower_photos/roses/3102535578_ec8c12a7b6_m.jpg,roses,180,240,0.75,RGB,JPEG,RGB,,350865e8871dc79073227f93925061015cb40cb6279159d4120efcee6aa4c102,15086,ok,
data/flower_photos/roses/3103591125_99107c8bbe_n.jpg,data/flower_photos/roses/3103591125_99107c8bbe_n.jpg,roses,320,240,1.3333333333333333,RGB,JPEG,RGB,,e1563ab4ec8c951f2f5d9c7812d113e2b8ab8165b65f7e44fb58604630f0cbc7,52300,ok,
data/flower_photos/roses/3104672186_5f75647448_n.jpg,data/flower_photos/roses/3104672186_5f75647448_n.jpg,roses,320,216,1.4814814814814814,RGB,JPEG,RGB,,47e51b5a4ce8597269e54981399e890c4f3cd2e67c0fe184dda2dab8d9e88888,30622,ok,
data/flower_photos/roses/3109712111_75cea2dee6.jpg,data/flower_photos/roses/3109712111_75cea2dee6.jpg,roses,500,333,1.5015015015015014,RGB,JPEG,RGB,,d1c2855010f221b4f5b19894bbbc32017cf5f5aca690ef776f3157c1ec1c10ed,135851,ok,
data/flower_photos/roses/3115889021_053f3b8e5a.jpg,data/flower_photos/roses/3115889021_053f3b8e5a.jpg,roses,500,312,1.6025641025641026,RGB,JPEG,RGB,,1fddae1c6b242b85441938c9aa9edc79c7a48c71849cc46ba8dce18aa2b5f6ec,177210,ok,
data/flower_photos/roses/3141434519_aaa64c4f65_n.jpg,data/flower_photos/roses/3141434519_aaa64c4f65_n.jpg,roses,320,246,1.3008130081300813,RGB,JPEG,RGB,,bdb46e1bd70fde8f04b644f07e9163bcf20fb86fc15430867d1516f4eb86b4e1,34031,ok,
data/flower_photos/roses/3145692843_d46ba4703c.jpg,data/flower_photos/roses/3145692843_d46ba4703c.jpg,roses,500,417,1.1990407673860912,RGB,JPEG,RGB,,59181c0d54c513c792339db764f5013455bbcc70bb3d48169d48e7e698cdfb6f,123680,ok,
data/flower_photos/roses/3171577977_8608282f04_m.jpg,data/flower_photos/roses/3171577977_8608282f04_m.jpg,roses,239,240,0.9958333333333333,RGB,JPEG,RGB,,fb5ceacd34bfedc8bbe7f75a5f805793dffc2281bc61bf98a14e51c9f8f96751,16038,ok,
data/flower_photos/roses/3179751458_9646d839f6_n.jpg,data/flower_photos/roses/3179751458_9646d839f6_n.jpg,roses,320,213,1.5023474178403755,RGB,JPEG,RGB,,d4965755e07419ef7c4ba44e8e7473a10ffaa5b102f1d1428b3a844500ec98da,26156,ok,
data/flower_photos/roses/319298955_0c72bd36bf.jpg,data/flower_photos/roses/319298955_0c72bd36bf.jpg,roses,500,333,1.5015015015015014,RGB,JPEG,RGB,,f8a9565b11f8b76725eaa0e0517bce1108a5d03bdf5d0a1d4655d9201e61d429,104937,ok,
data/flower_photos/roses/3203779656_3580151ea4_m.jpg,data/flower_photos/roses/3203779656_3580151ea4_m.jpg,roses,240,226,1.0619469026548674,RGB,JPEG,RGB,,e7d8630a7a60fcd0c4fdc096a446df9dd88193f657db1b0fa8c1cafae2b1beac,15374,ok,
data/flower_photos/roses/3208417632_19138d8e35_n.jpg,data/flower_photos/roses/3208417632_19138d8e35_n.jpg,roses,320,257,1.245136186770428,RGB,JPEG,RGB,,b8bef109ca425c4e8d7bb5c9a39b4158e6ea8cc51add2b9342eb34106a0a9c71,29669,ok,
data/flower_photos/roses/3231873181_faf2da6382.jpg,data/flower_photos/roses/3231873181_faf2da6382.jpg,roses,500,333,1.5015015015015014,RGB,JPEG,RGB,,0fce7bb4105480fc0b3b7538cb279422cc3b682389d21d87ce160bdf1cfdc07d,142439,ok,
data/flower_photos/roses/3236806990_a90c7bb520_m.jpg,data/flower_photos/roses/3236806990_a90c7bb520_m.jpg,roses,186,240,0.775,RGB,JPEG,RGB,,3c83a82e2ab31382b1a7c00228f7a602c3fe6ec847c81af3a5eca2d14dc82366,25064,ok,
data/flower_photos/roses/323872063_7264e7e018_m.jpg,data/flower_photos/roses/323872063_7264e7e018_m.jpg,roses,179,240,0.7458333333333333,RGB,JPEG,RGB,,3699acd34f8a8f6c162db396619b70539f52a4057d337ad9367e1dd277f92f41,21013,ok,
data/flower_photos/roses/3253243865_435c1f2c2b_m.jpg,data/flower_photos/roses/3253243865_435c1f2c2b_m.jpg,roses,198,240,0.825,RGB,JPEG,RGB,,340da5361fd19418a63871a274b7aee6a825f128f4f664b297034812a6df1d50,28885,ok,
data/flower_photos/roses/3264570182_c7ded528ba_m.jpg,data/flower_photos/roses/3264570182_c7ded528ba_m.jpg,roses,240,240,1.0,RGB,JPEG,RGB,,ad4052f74bfee6d7ab62884aa09e5355b4ce49c2a129d68836b516f5a489d698,35488,ok,
data/flower_photos/roses/326541992_d542103ca8_n.jpg,data/flower_photos/roses/326541992_d542103ca8_n.jpg,roses,320,240,1.3333333333333333,RGB,JPEG,RGB,,d06b0351afc0a18bc5c403a446040815c82a6a386219890afb848f6b413cb11e,50046,ok,
data/flower_photos/roses/3265902330_d8b1e44545.jpg,data/flower_photos/roses/3265902330_d8b1e44545.jpg,roses,500,421,1.187648456057007,RGB,JPEG,RGB,,60779a6d7d61565c7ca232495d4e1bbb7bb6279f7901e71cec5a1c3c3bfb1ebb,161763,ok,
data/flower_photos/roses/3268459296_a7346c6b2c.jpg,data/flower_photos/roses/3268459296_a7346c6b2c.jpg,roses,500,375,1.3333333333333333,RGB,JPEG,RGB,,74f45aa502545d15a57dbcf9a1ca676b59df7f54bbb3bb766e81d2d1fd5d461c,228886,ok,
data/flower_photos/roses/3276552939_8c31b22d3e.jpg,data/flower_photos/roses/3276552939_8c31b22d3e.jpg,roses,500,333,1.5015015015015014,RGB,JPEG,RGB,,4258d7ead501ef43f1a204e888340ff8f2e5c7caae4cc2de2103a00a9b56b078,99507,ok,
data/flower_photos/roses/3278709893_ba4956a572_n.jpg,data/flower_photos/roses/3278709893_ba4956a572_n.jpg,roses,320,213,1.5023474178403755,RGB,JPEG,RGB,,839697073f5c452c6aab90024678ec8d53ce14aa2f307be6301cfc7d08a5ed9a,30536,ok,
data/flower_photos/roses/3292434691_392071d702_n.jpg,data/flower_photos/roses/3292434691_392071d702_n.jpg,roses,320,213,1.5023474178403755,RGB,JPEG,RGB,,98ed708ee7943c7c9e4969c0036c86e0bf4f5b4558430cf662caa3c5c50fd3e5,28567,ok,
data/flower_photos/roses/3292654244_4a220ab96f_m.jpg,data/flower_photos/roses/3292654244_4a220ab96f_m.jpg,roses,240,240,1.0,RGB,JPEG,RGB,,cca629ad3235e278bcaf7daeea1b08b4f94d3ff182d8c3c6f4162e61ecadab87,11746,ok,
data/flower_photos/roses/3315973481_850d2253e9_n.jpg,data/flower_photos/roses/3315973481_850d2253e9_n.jpg,roses,320,240,1.3333333333333333,RGB,JPEG,RGB,,91bf773da28068e65b4fcd004fc3d84bc57eda6436dc7d46d8246dd50a00204c,34582,ok,
data/flower_photos/roses/3407482427_49d5c75291_m.jpg,data/flower_photos/roses/3407482427_49d5c75291_m.jpg,roses,240,240,1.0,RGB,JPEG,RGB,,b7053083d35a140992216c10b8ad38f7f4399fd7af219fc83df052316cf653c6,22227,ok,
data/flower_photos/roses/3412874275_ca78ee024d_m.jpg,data/flower_photos/roses/3412874275_ca78ee024d_m.jpg,roses,159,240,0.6625,RGB,JPEG,RGB,,4e00cfe44035735c66346a4fef9b4c32657116f418393cda76a6baab98bbc49a,19378,ok,
data/flower_photos/roses/3415176946_248afe9f32.jpg,data/flower_photos/roses/3415176946_248afe9f32.jpg,roses,500,333,1.5015015015015014,RGB,JPEG,RGB,,db604fcc8dbd20a674db65055a40496b678ff515363be9af08a3cced5c7a95ac,141895,ok,
data/flower_photos/roses/3422228549_f147d6e642.jpg,data/flower_photos/roses/3422228549_f147d6e642.jpg,roses,500,329,1.5197568389057752,RGB,JPEG,RGB,,63e92eb6bff655a3284925d5aae61646c993400e1fb390e5cbff2e9e9811aacc,192849,ok,
data/flower_photos/roses/3450344423_63ba3190e3.jpg,data/flower_photos/roses/3450344423_63ba3190e3.jpg,roses,500,400,1.25,RGB,JPEG,RGB,,c2b71c666980a986f2e19726f2c0fdd308d7046630cbc88ad95bb122213e2c94,121215,ok,
data/flower_photos/roses/3451177763_729a4d54af_n.jpg,data/flower_photos/roses/3451177763_729a4d54af_n.jpg,roses,320,240,1.3333333333333333,RGB,JPEG,RGB,,2f109139c9d0c3167d2e3053a900440dfa5a3690b059666f02c313a177133997,23396,ok,
data/flower_photos/roses/3465443774_6b0c75a3b1_n.jpg,data/flower_photos/roses/3465443774_6b0c75a3b1_n.jpg,roses,320,240,1.3333333333333333,RGB,JPEG,RGB,,63393959f19ecf209af6fb205f011196e9528e591e8271f82f67f2fd2972e83d,34463,ok,
data/flower_photos/roses/3475572132_01ae28e834_n.jpg,data/flower_photos/roses/3475572132_01ae28e834_n.jpg,roses,320,240,1.3333333333333333,RGB,JPEG,RGB,,4baddff34a2c783e052d680b717ff8f70eac6fc9ff11aeb10e4e6af298662398,35691,ok,
data/flower_photos/roses/3494252600_29f26e3ff0_n.jpg,data/flower_photos/roses/3494252600_29f26e3ff0_n.jpg,roses,320,240,1.3333333333333333,RGB,JPEG,RGB,,985a7c7ac178c7f5e66640002b873946b9f74801bd03b6795381f02048608aae,38841,ok,
data/flower_photos/roses/3500121696_5b6a69effb_n.jpg,data/flower_photos/roses/3500121696_5b6a69effb_n.jpg,roses,320,240,1.3333333333333333,RGB,JPEG,RGB,,35a672f63d562a5a65be5bc163a7e66cdc512d3ea38a3bfd3d9758f7b978d4c6,27123,ok,
data/flower_photos/roses/3526860692_4c551191b1_m.jpg,data/flower_photos/roses/3526860692_4c551191b1_m.jpg,roses,240,240,1.0,RGB,JPEG,RGB,,0bee79abfc393e44baa3795f0877d8fd20b05a2bcecf5df78b902a5f8af9efd3,19110,ok,
data/flower_photos/roses/353897245_5453f35a8e.jpg,data/flower_photos/roses/353897245_5453f35a8e.jpg,roses,500,375,1.3333333333333333,RGB,JPEG,RGB,,7a4d20d3bf36b6e176f12723bb8160b4b5635e46b925d704a52e4556f26b6285,119130,ok,
data/flower_photos/roses/3550491463_3eb092054c_m.jpg,data/flower_photos/roses/3550491463_3eb092054c_m.jpg,roses,180,240,0.75,RGB,JPEG,RGB,,750c1c5d2122d73769678b9ba2660cd11e0a4a371b5f70fccc04e8a1cc3e01d9,23768,ok,
data/flower_photos/roses/3554620445_082dd0bec4_n.jpg,data/flower_photos/roses/3554620445_082dd0bec4_n.jpg,roses,320,229,1.3973799126637554,RGB,JPEG,RGB,,70317ea25607d4e5ba2e6984f9e37a521c014527036fba3ad386980124d4e970,25156,ok,
data/flower_photos/roses/3556123230_936bf084a5_n.jpg,data/flower_photos/roses/3556123230_936bf084a5_n.jpg,roses,320,213,1.5023474178403755,RGB,JPEG,RGB,,88c17a3f4dd2f18eadac9890a38280de05fd099d6bfcbba0ce87a64f12e45f36,31597,ok,
data/flower_photos/roses/3560426426_1c66cb8330.jpg,data/flower_photos/roses/3560426426_1c66cb8330.jpg,roses,500,333,1.5015015015015014,RGB,JPEG,RGB,,195e4c0d4e554335bf385efa7d0c6d1ffa254f08a79809f3bbd77a77b0178990,73606,ok,
data/flower_photos/roses/3576488381_611f3446e0_n.jpg,data/flower_photos/roses/3576488381_611f3446e0_n.jpg,roses,320,240,1.3333333333333333,RGB,JPEG,RGB,,e9aade35bfa51b768e950f711dcbcf790650c855fe0042d11ca7a49a59d2075b,45194,ok,
data/flower_photos/roses/3621011057_0d03bd171b_n.jpg,data/flower_photos/roses/3621011057_0d03bd171b_n.jpg,roses,320,247,1.2955465587044535,RGB,JPEG,RGB,,d78a9054cd826b54a96ffff7f832cd6b3c7197bd4b50265c27553a2f70974ead,42817,ok,
data/flower_photos/roses/3624546109_8eb98f0cdb.jpg,data/flower_photos/roses/3624546109_8eb98f0cdb.jpg,roses,500,332,1.5060240963855422,RGB,JPEG,RGB,,e77c77c2103a807f85937971d14d557cf18d1420b0309e3adb51aaccb643d27f,122523,ok,
data/flower_photos/roses/3630246240_4fee9a33db.jpg,data/flower_photos/roses/3630246240_4fee9a33db.jpg,roses,500,333,1.5015015015015014,RGB,JPEG,RGB,,4bfd70cd0fbea8fdec5b93de61f9bcd9b3fc281c427925dcd147fd194fd403e6,59422,ok,
data/flower_photos/roses/3634244527_e72c47842c_n.jpg,data/flower_photos/roses/3634244527_e72c47842c_n.jpg,roses,320,240,1.3333333333333333,RGB,JPEG,RGB,,a8f8e11fbcbd39657e968852ebbff021fb69ff69c8fecbe9d4db4cb407ea9345,36589,ok,
data/flower_photos/roses/3654988152_b11178bbcb.jpg,data/flower_photos/roses/3654988152_b11178bbcb.jpg,roses,500,375,1.3333333333333333,RGB,JPEG,RGB,,ad29226da5b33b2052c0eed183d363ae957fc81cf79d05a83478b875e2b52eba,137040,ok,
data/flower_photos/roses/3655527028_0fab2b547d_n.jpg,data/flower_photos/roses/3655527028_0fab2b547d_n.jpg,roses,320,240,1.3333333333333333,RGB,JPEG,RGB,,2cf242a6a40083cfe25f2294c36870e3a87b66581b49d4c29634a0989d1c79db,42228,ok,
data/flower_photos/roses/3661675690_ed2d05fa5f_n.jpg,data/flower_photos/roses/3661675690_ed2d05fa5f_n.jpg,roses,320,245,1.3061224489795917,RGB,JPEG,RGB,,a11a08c52fdcbcf49e82c27007c0f11e6c0c38287c5ab57d17c6381895f277ec,27990,ok,
data/flower_photos/roses/3663244576_97f595cf4a.jpg,data/flower_photos/roses/3663244576_97f595cf4a.jpg,roses,500,375,1.3333333333333333,RGB,JPEG,RGB,,36d30a87ad0dc41484b6299ab8775d98cc710836f4c1993c899341d022d6c233,116866,ok,
data/flower_photos/roses/3664842094_5fd60ee26b.jpg,data/flower_photos/roses/3664842094_5fd60ee26b.jpg,roses,500,333,1.5015015015015014,RGB,JPEG,RGB,,92de2a956b6e94a7055dfb7827adbbb1fa461368e58993bef7cfc47fa7cb470c,141327,ok,
data/flower_photos/roses/3667366832_7a8017c528_n.jpg,data/flower_photos/roses/3667366832_7a8017c528_n.jpg,roses,320,240,1.3333333333333333,RGB,JPEG,RGB,,bfe416e2fde9a4824d0ab77fa314c630fadeb1b0c7dc2ff5bd84868897b98eac,26655,ok,
data/flower_photos/roses/3697780051_83e50a6dd1_m.jpg,data/flower_photos/roses/3697780051_83e50a6dd1_m.jpg,roses,240,228,1.0526315789473684,RGB,JPEG,RGB,,9dd2c23882ff9959f65114cff66d33ae40030baed4643749a81a1d85e34cc394,38024,ok,
data/flower_photos/roses/3705716290_cb7d803130_n.jpg,data/flower_photos/roses/3705716290_cb7d803130_n.jpg,roses,320,254,1.2598425196850394,RGB,JPEG,RGB,,4c58af16d150be0658a5c7a28ef49d2677d6a6ff0d49eec3148c44db329b0930,51912,ok,
data/flower_photos/roses/3713368809_eba7fa2fbf_m.jpg,data/flower_photos/roses/3713368809_eba7fa2fbf_m.jpg,roses,238,240,0.9916666666666667,RGB,JPEG,RGB,,a40ef581053b585a8c25ecf8b1944b6884452e78cda0823046d7a486237143e2,32263,ok,
data/flower_photos/roses/3742155164_14b557a51c_n.jpg,data/flower_photos/roses/3742155164_14b557a51c_n.jpg,roses,320,213,1.5023474178403755,RGB,JPEG,RGB,,5fa73591a22e8e97a0bbeda3f2042d8a05ed5a7af3106666403c73ac55527bda,66675,ok,
data/flower_photos/roses/3742168238_d961937e68_n.jpg,data/flower_photos/roses/3742168238_d961937e68_n.jpg,roses,320,274,1.167883211678832,RGB,JPEG,RGB,,94d2807efdb212ec1b3c263ccf7a2259289e855d1a28e538af0271e8d802cdbf,35562,ok,
data/flower_photos/roses/3751835302_d5a03f55e8_n.jpg,data/flower_photos/roses/3751835302_d5a03f55e8_n.jpg,roses,320,240,1.3333333333333333,RGB,JPEG,RGB,,916f7d2903ac77620240ecfabb38bceaf379f669c5463e91f8ff401832188f26,39699,ok,
data/flower_photos/roses/3753920123_c7ebc18ee3.jpg,data/flower_photos/roses/3753920123_c7ebc18ee3.jpg,roses,500,363,1.3774104683195592,RGB,JPEG,RGB,,8f9071f0e8f9052d168acf0edd71cfd1bd8d72c435244fb3da0c59f12041109e,108416,ok,
data/flower_photos/roses/3829990289_c0c3821e4d_m.jpg,data/flower_photos/roses/3829990289_c0c3821e4d_m.jpg,roses,180,240,0.75,RGB,JPEG,RGB,,11e024ecc3f97a772f6f2bda4d24d16601c4e576aa4c77269eb6678f5f2ca9c1,24882,ok,
data/flower_photos/roses/3871586333_5a708d5cf4_n.jpg,data/flower_photos/roses/3871586333_5a708d5cf4_n.jpg,roses,320,240,1.3333333333333333,RGB,JPEG,RGB,,3ce57ce4233ec90aff51434ed0c29a1b12f417a3fa273dd26ff9bafa8e791d3a,28337,ok,
data/flower_photos/roses/3872230296_6c477309f3_n.jpg,data/flower_photos/roses/3872230296_6c477309f3_n.jpg,roses,320,240,1.3333333333333333,RGB,JPEG,RGB,,dbcd8537b0ea4e9d3c3eba7be67a2685d6bd9b8ae11250787109e46da5b43408,28259,ok,
data/flower_photos/roses/3873271620_1d9d314f01_n.jpg,data/flower_photos/roses/3873271620_1d9d314f01_n.jpg,roses,320,222,1.4414414414414414,RGB,JPEG,RGB,,cef5be6eb0584a882404b59ab9da1fbddf029003e4d01ef1cec0e310f5040267,55731,ok,
data/flower_photos/roses/388405293_4db1d71f21_n.jpg,data/flower_photos/roses/388405293_4db1d71f21_n.jpg,roses,320,240,1.3333333333333333,RGB,JPEG,RGB,,aa1a513aa070195221aab86c4d7cf6544c9a2e0326b69548b76409fbc602f2e3,82728,ok,
data/flower_photos/roses/3903276582_fe05bf84c7_n.jpg,data/flower_photos/roses/3903276582_fe05bf84c7_n.jpg,roses,320,240,1.3333333333333333,RGB,JPEG,RGB,,1e50d53a4bfa28d7973f858fdecb8032246919b889bc18e07db61f432c4731cf,24761,ok,
data/flower_photos/roses/3909587261_f8cd3e7fe7.jpg,data/flower_photos/roses/3909587261_f8cd3e7fe7.jpg,roses,500,333,1.5015015015015014,RGB,JPEG,RGB,,a2664c0ffb7a09d2b95e7347cc91b9e6ac5bf76494d868ad8a315c3c89cfe32e,106095,ok,
data/flower_photos/roses/3921794817_276eb4386b.jpg,data/flower_photos/roses/3921794817_276eb4386b.jpg,roses,500,377,1.3262599469496021,RGB,JPEG,RGB,,c96e3f43b733a38a2e95cafe732f98815cec088fae9ab901af729c8ccfab32a1,101434,ok,
data/flower_photos/roses/3948347096_42261f047a_m.jpg,data/flower_photos/roses/3948347096_42261f047a_m.jpg,roses,163,240,0.6791666666666667,RGB,JPEG,RGB,,095a89370a7002bdddffadedf0f2092669f0793f4431bef020a57247f4f758eb,19679,ok,
data/flower_photos/roses/394990940_7af082cf8d_n.jpg,data/flower_photos/roses/394990940_7af082cf8d_n.jpg,roses,320,240,1.3333333333333333,RGB,JPEG,RGB,,fc24bb1d238dc040ad6d0faaa469e0fd8b264b23849afbe04f3baa487cabe38d,24949,ok,
data/flower_photos/roses/3971662839_5cb2963b20_n.jpg,data/flower_photos/roses/3971662839_5cb2963b20_n.jpg,roses,320,213,1.5023474178403755,RGB,JPEG,RGB,,ea13bb6ade4b259aa7ddcffbe4a80b9fe6625d75088d3d3c420f6770ce8f6c49,65826,ok,
data/flower_photos/roses/3997609936_8db20b7141_n.jpg,data/flower_photos/roses/3997609936_8db20b7141_n.jpg,roses,320,240,1.3333333333333333,RGB,JPEG,RGB,,25dc115e300fc7f2f2d59abb20059ca467e57c097cde7541aff81cf258b6b233,40554,ok,
data/flower_photos/roses/4061451210_1650590c6a.jpg,data/flower_photos/roses/4061451210_1650590c6a.jpg,roses,500,333,1.5015015015015014,RGB,JPEG,RGB,,2f40c108d1ac2b0dc1d875ee06179163b23be34b055b7367825e8cbb3e911c02,124530,ok,
data/flower_photos/roses/4065283966_9504b98269.jpg,data/flower_photos/roses/4065283966_9504b98269.jpg,roses,500,334,1.4970059880239521,RGB,JPEG,RGB,,ae4b3d7b0b5a156fa20d29a017a5432547971b56c890f1f6e8bc84d2559bdce0,46011,ok,
data/flower_photos/roses/4093390305_4010c736c9.jpg,data/flower_photos/roses/4093390305_4010c736c9.jpg,roses,500,325,1.5384615384615385,RGB,JPEG,RGB,,3fbce7f683ee71c8f7b49c402340e8d63c16f4084dd3f4a19c4bc8a0dd26d8ea,96947,ok,
data/flower_photos/roses/410421672_563550467c.jpg,data/flower_photos/roses/410421672_563550467c.jpg,roses,500,375,1.3333333333333333,RGB,JPEG,RGB,,0b72cee4a5bcd71d38f75b578314e28fdd6f27d7391f826346136baa5ffe6184,112995,ok,
data/flower_photos/roses/410425647_4586667858.jpg,data/flower_photos/roses/410425647_4586667858.jpg,roses,500,375,1.3333333333333333,RGB,JPEG,RGB,,ad0e1e7c0f8e212148afe09a35440572b17e302036754efe40dcfab71a20c509,114370,ok,
data/flower_photos/roses/4231745228_ece86330d9.jpg,data/flower_photos/roses/4231745228_ece86330d9.jpg,roses,500,340,1.4705882352941178,RGB,JPEG,RGB,,a987540ab45e40cf14375525f185cb9727e6225fb3332acc35a571670c47006b,151497,ok,
data/flower_photos/roses/4242976586_607a8f9843_n.jpg,data/flower_photos/roses/4242976586_607a8f9843_n.jpg,roses,320,241,1.3278008298755186,RGB,JPEG,RGB,,a23b2d3cb214416acfe21233bf13cb4c08f880796285296d28f466ff32547521,50170,ok,
data/flower_photos/roses/4243078361_7b92a932cd_n.jpg,data/flower_photos/roses/4243078361_7b92a932cd_n.jpg,roses,320,216,1.4814814814814814,RGB,JPEG,RGB,,d6c0414d215e5f55fee200a50ecc1dc1331f19c1f3fb1d549300d14e8805b8d8,43674,ok,
data/flower_photos/roses/4248222578_b4d5868b32.jpg,data/flower_photos/roses/4248222578_b4d5868b32.jpg,roses,500,264,1.893939393939394,RGB,JPEG,RGB,,f2cbc6886c0beeb5eaf6d56dfa652585590142dcf4564a66cd570d7d2515343c,128628,ok,
data/flower_photos/roses/4256169180_55df2048a0.jpg,data/flower_photos/roses/4256169180_55df2048a0.jpg,roses,500,439,1.1389521640091116,RGB,JPEG,RGB,,8270d0e261e5bc2e81d40a98d1bab626a9631696d48bd07071cb6213bed6a892,160807,ok,
data/flower_photos/roses/4267024012_295e7141a3_n.jpg,data/flower_photos/roses/4267024012_295e7141a3_n.jpg,roses,320,229,1.3973799126637554,RGB,JPEG,RGB,,c6251a20de91db6af1ab19a6649fd12979bf60398627569c76422d7f3757d94e,31351,ok,
data/flower_photos/roses/4279989256_9a48c0d194_n.jpg,data/flower_photos/roses/4279989256_9a48c0d194_n.jpg,roses,320,240,1.3333333333333333,RGB,JPEG,RGB,,ac6ccda71e8c7956677a830a6757a70ed808b5cdf657bd37d8662c4afb482e09,31004,ok,
data/flower_photos/roses/4279990882_031482f8b6_n.jpg,data/flower_photos/roses/4279990882_031482f8b6_n.jpg,roses,320,250,1.28,RGB,JPEG,RGB,,3c0f65fb37bd37e2486f9f0a2576ef0843187c923c860ecab7dfa83a8888cf04,32128,ok,
data/flower_photos/roses/4292443009_3a2831b0b9_m.jpg,data/flower_photos/roses/4292443009_3a2831b0b9_m.jpg,roses,195,240,0.8125,RGB,JPEG,RGB,,4affd73dae0dd1e57bead273b0a4c2a254a414b63a01c9126f2cdc9842e1e3a1,30597,ok,
data/flower_photos/roses/4325834819_ab56661dcc_m.jpg,data/flower_photos/roses/4325834819_ab56661dcc_m.jpg,roses,240,239,1.00418410041841,RGB,JPEG,RGB,,074b4139b019415072b232b6efb2bbffcb0edfeafd16b15174aa597eb566641c,13620,ok,
data/flower_photos/roses/4356781875_92c5cd93c0.jpg,data/flower_photos/roses/4356781875_92c5cd93c0.jpg,roses,500,333,1.5015015015015014,RGB,JPEG,RGB,,04a5f3a96bc3ebe5d8792518d64ae82e38beaacc2f5da4d58411c3b6760c7730,124021,ok,
data/flower_photos/roses/4360743371_6238b36d8c_m.jpg,data/flower_photos/roses/4360743371_6238b36d8c_m.jpg,roses,180,240,0.75,RGB,JPEG,RGB,,780b9c8824257e31e98df05f7b54649b74ed066f9c08c86a8b31dfb0b75f138e,25996,ok,
data/flower_photos/roses/4363734507_5cc4ed6e01.jpg,data/flower_photos/roses/4363734507_5cc4ed6e01.jpg,roses,500,434,1.152073732718894,RGB,JPEG,RGB,,d71cb169bdba39f79ac062e185ddc3699a59594ffd52e06f3ac0b31c838c8f82,105409,ok,
data/flower_photos/roses/4396642388_3081a38875_n.jpg,data/flower_photos/roses/4396642388_3081a38875_n.jpg,roses,320,240,1.3333333333333333,RGB,JPEG,RGB,,4fcc62eea55fcadd848a51ea2c3def27b41271e15df32e21b9b35e1fb1225388,27855,ok,
data/flower_photos/roses/4413509121_a62879598a.jpg,data/flower_photos/roses/4413509121_a62879598a.jpg,roses,500,333,1.5015015015015014,RGB,JPEG,RGB,,e7d81739efc7c9a11a97d5e884b05bb6ed1b1d12e26c1409bbd562032a835b05,72005,ok,
data/flower_photos/roses/4414135084_1ac7e6cd54.jpg,data/flower_photos/roses/4414135084_1ac7e6cd54.jpg,roses,500,333,1.5015015015015014,RGB,JPEG,RGB,,8300219e0d8a11892554157b2fcf1f6d6cdd16cfa28822cb140b56292eb77f37,55737,ok,
data/flower_photos/roses/4495885281_fe2a3b671d.jpg,data/flower_photos/roses/4495885281_fe2a3b671d.jpg,roses,500,333,1.5015015015015014,RGB,JPEG,RGB,,86779f4aaa99037923e78924ac15f62d1dc2e2ac90501d360239ec43d9151c38,60503,ok,
data/flower_photos/roses/4503599544_3822e7d1be.jpg,data/flower_photos/roses/4503599544_3822e7d1be.jpg,roses,500,333,1.5015015015015014,RGB,JPEG,RGB,,6a03e3b55c56df37b63869271b53c7a2c104a756a71fafccaafba1c2b552936d,114086,ok,
data/flower_photos/roses/4504220673_af754fcb40_n.jpg,data/flower_photos/roses/4504220673_af754fcb40_n.jpg,roses,320,213,1.5023474178403755,RGB,JPEG,RGB,,a1187085199ca80159daa26b52bbccdafd53f3cfa6949640b90af703e960bdb9,44569,ok,
data/flower_photos/roses/4504731519_9a260b6607_n.jpg,data/flower_photos/roses/4504731519_9a260b6607_n.jpg,roses,320,242,1.322314049586777,RGB,JPEG,RGB,,ccecdbf6f71eac9e492745dbf827c0f1fa84b347bca132bb5e41b80c865e9a50,51134,ok,
data/flower_photos/roses/4505921907_21c8002fde.jpg,data/flower_photos/roses/4505921907_21c8002fde.jpg,roses,500,333,1.5015015015015014,RGB,JPEG,RGB,,6a02dd0ee67612276c94248a1779e4029986a5d04f3d405463f674394b82ab72,113164,ok,
data/flower_photos/roses/4553266758_09d4dbdac9_n.jpg,data/flower_photos/roses/4553266758_09d4dbdac9_n.jpg,roses,320,271,1.1808118081180812,RGB,JPEG,RGB,,952024cdb7d5f355ae59dbde18220663f7e69202a883afbc63754a70971d0d3c,46868,ok,
data/flower_photos/roses/4558025386_2c47314528.jpg,data/flower_photos/roses/4558025386_2c47314528.jpg,roses,500,334,1.4970059880239521,RGB,JPEG,RGB,,acc56d854bd0223e98907fce88274d558d94ceae3e00c0ba3a70a236fd7899b4,106168,ok,
data/flower_photos/roses/4575042086_7674b76297_n.jpg,data/flower_photos/roses/4575042086_7674b76297_n.jpg,roses,320,268,1.1940298507462686,RGB,JPEG,RGB,,26b9431c2930f56ac74cff3a8b3111835b944f1b59b7fae4a232173be0a4027f,54171,ok,
data/flower_photos/roses/4588034197_e300b0872a_n.jpg,data/flower_photos/roses/4588034197_e300b0872a_n.jpg,roses,320,284,1.1267605633802817,RGB,JPEG,RGB,,f86aac5d5b138fe6a865953baa45bae4215d02a8b1be7cec832eb5aa53c5326c,58417,ok,
data/flower_photos/roses/459042023_6273adc312_n.jpg,data/flower_photos/roses/459042023_6273adc312_n.jpg,roses,320,240,1.3333333333333333,RGB,JPEG,RGB,,08f122f1921863312779f987a9dd80b64c3d3ef0c8b4a780ab959ff4d576bcab,35378,ok,
data/flower_photos/roses/4608559939_3487bf3b62_n.jpg,data/flower_photos/roses/4608559939_3487bf3b62_n.jpg,roses,320,254,1.2598425196850394,RGB,JPEG,RGB,,e7b1d47b034ccfd4cefdc9b9b3817d4f7c7b0bf9fc951142dc78dc681e6be6d7,19185,ok,
data/flower_photos/roses/4609166128_b7ed49b40b_m.jpg,data/flower_photos/roses/4609166128_b7ed49b40b_m.jpg,roses,240,236,1.0169491525423728,RGB,JPEG,RGB,,d9eb097df9725694120e33eacfa5b6c02a6367ce790258336c4d2be01c1f5339,18402,ok,
data/flower_photos/roses/4609168052_3d4e1d3804_n.jpg,data/flower_photos/roses/4609168052_3d4e1d3804_n.jpg,roses,320,284,1.1267605633802817,RGB,JPEG,RGB,,0c9d9f11f5d1c74dc463f994b8efd1002de95ed99cf53358d98ce553ac0412bb,16935,ok,
data/flower_photos/roses/4625089819_55c45a189c.jpg,data/flower_photos/roses/4625089819_55c45a189c.jpg,roses,500,333,1.5015015015015014,RGB,JPEG,RGB,,bf7bed82ed65af8699e419d62dea709482b399169afdb2a9f18051fade6a7890,103448,ok,
data/flower_photos/roses/4644336779_acd973528c.jpg,data/flower_photos/roses/4644336779_acd973528c.jpg,roses,500,351,1.4245014245014245,RGB,JPEG,RGB,,21f7d57d5fe86caf98997945a6c1be2cf0a88c78ddd5e27849a618b73e80d58a,103525,ok,
data/flower_photos/roses/4648680921_80dfc4f12a.jpg,data/flower_photos/roses/4648680921_80dfc4f12a.jpg,roses,500,297,1.6835016835016836,RGB,JPEG,RGB,,f56ed111adf94e8c55f41249dbd7c6e63d47b5c5ab63ee7ae965f21242bb1b0b,115665,ok,
data/flower_photos/roses/4654893119_45d232016b.jpg,data/flower_photos/roses/4654893119_45d232016b.jpg,roses,500,281,1.7793594306049823,RGB,JPEG,RGB,,588946b86d75b8a27f2224893d442b2a4ab3c60118914f83bb8653a862bdcc4d,75720,ok,
data/flower_photos/roses/466486216_ab13b55763.jpg,data/flower_photos/roses/466486216_ab13b55763.jpg,roses,500,333,1.5015015015015014,RGB,JPEG,RGB,,5f8f309f88ce0da296f9aba54abac4319b78bb746ab7719b9dded0fe08b43da6,214727,ok,
data/flower_photos/roses/4675532860_890504a4a3_m.jpg,data/flower_photos/roses/4675532860_890504a4a3_m.jpg,roses,160,240,0.6666666666666666,RGB,JPEG,RGB,,5ea5c1a6eb43b94d4e435478d2af4830488998159707ae1687512bec764e6852,48101,ok,
data/flower_photos/roses/4684127262_6c3346188d.jpg,data/flower_photos/roses/4684127262_6c3346188d.jpg,roses,500,246,2.032520325203252,RGB,JPEG,RGB,,ac8ffeab0fd477adb56e02e582f96513935a7f2609fbf04d16b603255d1aacf6,91840,ok,
data/flower_photos/roses/4694341873_65fe187a4e_n.jpg,data/flower_photos/roses/4694341873_65fe187a4e_n.jpg,roses,320,226,1.415929203539823,RGB,JPEG,RGB,,b783a78cc539c1d68198e647f2614c586f9861f73e510b189e7b47be431e59f4,30444,ok,
data/flower_photos/roses/4702438868_278b9cf41c_n.jpg,data/flower_photos/roses/4702438868_278b9cf41c_n.jpg,roses,320,251,1.2749003984063745,RGB,JPEG,RGB,,70d97b5b183b58a03ea562efb54eb09979ca44e75cb75dd3228c7f498daa28e8,42268,ok,
data/flower_photos/roses/4713531680_1110a2fa07_n.jpg,data/flower_photos/roses/4713531680_1110a2fa07_n.jpg,roses,320,240,1.3333333333333333,RGB,JPEG,RGB,,0b7c8fd00d8f0168cf096f434c559443afbe77e34e5393a25cee3d3204014dff,63143,ok,
data/flower_photos/roses/4713533500_fcc295de70_n.jpg,data/flower_photos/roses/4713533500_fcc295de70_n.jpg,roses,320,240,1.3333333333333333,RGB,JPEG,RGB,,42748cb7e328a82a7c40ec9b5ebeba1a7e55a24c31e389c446b9ad7b356a19c7,54423,ok,
data/flower_photos/roses/4723876257_d87b781986.jpg,data/flower_photos/roses/4723876257_d87b781986.jpg,roses,500,333,1.5015015015015014,RGB,JPEG,RGB,,2f08f22d51c420486614dbc223a5121242c6919b3613e9e40f6c9b47269766e3,147169,ok,
data/flower_photos/roses/4724951744_61877ec101_n.jpg,data/flower_photos/roses/4724951744_61877ec101_n.jpg,roses,320,225,1.4222222222222223,RGB,JPEG,RGB,,4bfb48029844883bd91101d15b2af6e92dd54b39255fd621b7ae9c2841d75dea,50881,ok,
data/flower_photos/roses/4731069260_b270f47803_n.jpg,data/flower_photos/roses/4731069260_b270f47803_n.jpg,roses,320,257,1.245136186770428,RGB,JPEG,RGB,,0cfd85316e80332dbedfcb7cc2f671f9b670a23a01fa6c0ba5a4cce43d3e3ea5,60938,ok,
data/flower_photos/roses/4735314389_94fe1b2a9f_n.jpg,data/flower_photos/roses/4735314389_94fe1b2a9f_n.jpg,roses,320,240,1.3333333333333333,RGB,JPEG,RGB,,42cdcf68da9d9ae3de7f9465e916d98440ecfd2ee6784e87b250c8ff1d63a2f5,31613,ok,
data/flower_photos/roses/4754734410_94d98463a5.jpg,data/flower_photos/roses/4754734410_94d98463a5.jpg,roses,500,333,1.5015015015015014,RGB,JPEG,RGB,,0b3750b7f9bcced873223bcd0852c43e100abac6d8fa5047c4bf200cd482d9c1,120759,ok,
data/flower_photos/roses/475936554_a2b38aaa8e.jpg,data/flower_photos/roses/475936554_a2b38aaa8e.jpg,roses,500,333,1.5015015015015014,RGB,JPEG,RGB,,fd183ad8dd920d42e225c510aa5b14d7b7dce11b8188515c79d40737a9be28c9,66157,ok,
data/flower_photos/roses/475947979_554062a608_m.jpg,data/flower_photos/roses/475947979_554062a608_m.jpg,roses,193,240,0.8041666666666667,RGB,JPEG,RGB,,71cbc37f076fabae39b85bc26b67eabc42271995f48fa62fb9e91b6a314e837a,16551,ok,
data/flower_photos/roses/4764674741_82b8f93359_n.jpg,data/flower_photos/roses/4764674741_82b8f93359_n.jpg,roses,320,240,1.3333333333333333,RGB,JPEG,RGB,,cc862a4c73ce727c7aa9de53697f272021a4cdf084f8b73da07342b0f5d4728c,37978,ok,
data/flower_photos/roses/4765063233_f64440c20b.jpg,data/flower_photos/roses/4765063233_f64440c20b.jpg,roses,500,332,1.5060240963855422,RGB,JPEG,RGB,,c4f7bf3673297893597d90bfdaa7f7471d0e88873dc0799e0700faef94562c9b,120916,ok,
data/flower_photos/roses/4797595918_79887b1229_n.jpg,data/flower_photos/roses/4797595918_79887b1229_n.jpg,roses,320,240,1.3333333333333333,RGB,JPEG,RGB,,0a236d0616b762492316ef007c0dea443abab56f122ae51518883f5247f76185,48367,ok,
data/flower_photos/roses/4804011140_7defedf4b7_m.jpg,data/flower_photos/roses/4804011140_7defedf4b7_m.jpg,roses,179,240,0.7458333333333333,RGB,JPEG,RGB,,a6a31bdc49df834a15cce907ae0775379307ef548b7b711a290bf75bcf92beba,15661,ok,
data/flower_photos/roses/4809566219_88f9a1aea3.jpg,data/flower_photos/roses/4809566219_88f9a1aea3.jpg,roses,500,334,1.4970059880239521,RGB,JPEG,RGB,,79d46ad970076b656a24b77b4a4aac1456ede0ab09d3603eb5e395bb4575255a,78451,ok,
data/flower_photos/roses/483444865_65962cea07_m.jpg,data/flower_photos/roses/483444865_65962cea07_m.jpg,roses,180,240,0.75,RGB,JPEG,RGB,,a6093a4d775e0e57beb013fe495e3f65ccb42e13634d56faf265e17d982b41dd,27803,ok,
data/flower_photos/roses/4860145119_b1c3cbaa4e_n.jpg,data/flower_photos/roses/4860145119_b1c3cbaa4e_n.jpg,roses,320,240,1.3333333333333333,RGB,JPEG,RGB,,7aaf117e2ba26eaa1a2cc859d1eba912d43eafe1c506bbe252fb8639e139ee1b,38160,ok,
data/flower_photos/roses/4881402397_1c664af2f7_n.jpg,data/flower_photos/roses/4881402397_1c664af2f7_n.jpg,roses,320,240,1.3333333333333333,RGB,JPEG,RGB,,87e7135c06a3005093bac612f84e28b5de66f11902f090f444087cabd99dd5ff,16359,ok,
data/flower_photos/roses/488849503_63a290a8c2_m.jpg,data/flower_photos/roses/488849503_63a290a8c2_m.jpg,roses,175,240,0.7291666666666666,RGB,JPEG,RGB,,ef26d9f253a039aab0e35d615591e708f6fa50ac02671d4904f0c1ec21c9c8b1,24838,ok,
data/flower_photos/roses/4900231976_f8ced2b42a_n.jpg,data/flower_photos/roses/4900231976_f8ced2b42a_n.jpg,roses,320,240,1.3333333333333333,RGB,JPEG,RGB,,357dc4935eee3b8c349c87af049a322fe52b4f21c08a50d88bc6b1558e7e456f,26659,ok,
data/flower_photos/roses/4910094611_8c7170fc95_n.jpg,data/flower_photos/roses/4910094611_8c7170fc95_n.jpg,roses,320,240,1.3333333333333333,RGB,JPEG,RGB,,544c16e9fc3f438738913cd807381ae5f0c9b06a88e69a73b12b50db32eb4449,37998,ok,
data/flower_photos/roses/4918137796_21f0922b0c_n.jpg,data/flower_photos/roses/4918137796_21f0922b0c_n.jpg,roses,320,240,1.3333333333333333,RGB,JPEG,RGB,,337cc6a28d78147a71223817ce5e8e9d21447507f5f0da10adec2bb2969e80ec,41155,ok,
data/flower_photos/roses/4921988677_e2eb0c9a24_m.jpg,data/flower_photos/roses/4921988677_e2eb0c9a24_m.jpg,roses,159,240,0.6625,RGB,JPEG,RGB,,6101da4b5c7f4bb677cddd6165498f72eafe1c954e5ce90a9bae2015fab5f4df,19194,ok,
data/flower_photos/roses/494803274_f84f21d53a.jpg,data/flower_photos/roses/494803274_f84f21d53a.jpg,roses,500,375,1.3333333333333333,RGB,JPEG,RGB,,87903579d343591406f15367a97b7c87009d4d03f38f0647991d6eeac1259833,146148,ok,
data/flower_photos/roses/4951581805_b049304f1b_n.jpg,data/flower_photos/roses/4951581805_b049304f1b_n.jpg,roses,320,238,1.3445378151260505,RGB,JPEG,RGB,,6c657d6c85d2c92c6e0383f90056d25f75ef784cd114b46cb108ac9017e8ac64,38574,ok,
data/flower_photos/roses/4979895172_ca06eba616.jpg,data/flower_photos/roses/4979895172_ca06eba616.jpg,roses,500,333,1.5015015015015014,RGB,JPEG,RGB,,715ce51ddb6a4f4320845e2fbdc027dbd6a7a01152a3838d9cab64f777d64f23,115737,ok,
data/flower_photos/roses/4998708839_c53ee536a8_n.jpg,data/flower_photos/roses/4998708839_c53ee536a8_n.jpg,roses,320,240,1.3333333333333333,RGB,JPEG,RGB,,41d062d05f5ba37e415380ac870fef8eb2f76b83b89f5ae5013ac86bb4ae9171,33440,ok,
data/flower_photos/roses/5050969148_a0090f762a.jpg,data/flower_photos/roses/5050969148_a0090f762a.jpg,roses,500,333,1.5015015015015014,RGB,JPEG,RGB,,12fd6def91104b1b0b0f6aa620d070cdda12dd2826f4711287d94d5298b7c0df,93049,ok,
data/flower_photos/roses/505517255_cfbb6f6394.jpg,data/flower_photos/roses/505517255_cfbb6f6394.jpg,roses,500,331,1.5105740181268883,RGB,JPEG,RGB,,85a8720dd470871794a11aeffc367cd337861cbbf716f3223d9ee25288b88159,99126,ok,
data/flower_photos/roses/5060519573_c628547e20_n.jpg,data/flower_photos/roses/5060519573_c628547e20_n.jpg,roses,320,240,1.3333333333333333,RGB,JPEG,RGB,,c136db26d9a0e8fbe7d0f6896573de9d3644999747ca14a35fb3e3bf1d67bfc7,38549,ok,
data/flower_photos/roses/5060536705_b370a5c543_n.jpg,data/flower_photos/roses/5060536705_b370a5c543_n.jpg,roses,320,240,1.3333333333333333,RGB,JPEG,RGB,,accb3e08bce8761c6e3ee220fd05ae9a2bd1096c149a963f31d06c57a8dd31da,83849,ok,
data/flower_photos/roses/5061135742_2870a7b691_n.jpg,data/flower_photos/roses/5061135742_2870a7b691_n.jpg,roses,320,240,1.3333333333333333,RGB,JPEG,RGB,,7111439765a1893a0b63576f823052239a962660457aae8473aa78a28eb106fc,38238,ok,
data/flower_photos/roses/5073473370_bdbb5a99fc.jpg,data/flower_photos/roses/5073473370_bdbb5a99fc.jpg,roses,500,333,1.5015015015015014,RGB,JPEG,RGB,,cf339a09f0d949973f01e2306adfa2e44e4487ab48d3f137930e754a571093ba,91169,ok,
data/flower_photos/roses/5083072098_81587295d5.jpg,data/flower_photos/roses/5083072098_81587295d5.jpg,roses,500,333,1.5015015015015014,RGB,JPEG,RGB,,c78eae382f6b822ba4a82e155dd1c009b8f291f691146190075eecfdcf69ca48,132076,ok,
data/flower_photos/roses/5086249859_d066b37b8a_m.jpg,data/flower_photos/roses/5086249859_d066b37b8a_m.jpg,roses,240,240,1.0,RGB,JPEG,RGB,,f860e8ac196fa7955a3e6b56d68ab8a6d1da54296767ad80e8a99fcba6af7a14,33107,ok,
data/flower_photos/roses/5088766459_f81f50e57d_n.jpg,data/flower_photos/roses/5088766459_f81f50e57d_n.jpg,roses,320,213,1.5023474178403755,RGB,JPEG,RGB,,a678625f547900ffa9622fab62c6d25ebcef2b5c0e82d9014f9764720ca6bc26,39690,ok,
data/flower_photos/roses/5089363428_2c5a1272ea.jpg,data/flower_photos/roses/5089363428_2c5a1272ea.jpg,roses,500,334,1.4970059880239521,RGB,JPEG,RGB,,21088822ee2a7b480085dfc517ceacb9fabf15266de902497077f343df29b66a,102100,ok,
data/flower_photos/roses/509239741_28e2cfe492_m.jpg,data/flower_photos/roses/509239741_28e2cfe492_m.jpg,roses,179,240,0.7458333333333333,RGB,JPEG,RGB,,0c6d46dc93924c3ded02066caa88c92940e470629e1a9bf44f2f70053072f8eb,17793,ok,
data/flower_photos/roses/512578026_f6e6f2ad26.jpg,data/flower_photos/roses/512578026_f6e6f2ad26.jpg,roses,500,338,1.4792899408284024,RGB,JPEG,RGB,,02dded472d53eeae8434dd42eb3e1f39a8c3fe722bfcdc0d0fc451029f577bf1,59324,ok,
data/flower_photos/roses/512694812_48ba9c0b49_n.jpg,data/flower_photos/roses/512694812_48ba9c0b49_n.jpg,roses,320,213,1.5023474178403755,RGB,JPEG,RGB,,d81b0bfcda2f784eed453b98fdd1e2ab113f76ec39da237aa7053c07c9a6144b,27611,ok,
data/flower_photos/roses/5148639829_781eb7d346.jpg,data/flower_photos/roses/5148639829_781eb7d346.jpg,roses,500,230,2.1739130434782608,RGB,JPEG,RGB,,f3c80b3423618c2e08c6934991eb128b218e83156adb22aa4945737fb7aee3b7,109118,ok,
data/flower_photos/roses/515121050_dcb99890be.jpg,data/flower_photos/roses/515121050_dcb99890be.jpg,roses,500,333,1.5015015015015014,RGB,JPEG,RGB,,6f220b29e129b009a77685df86ba44204dfe33269e18d229ae41289ece0db3d8,128140,ok,
data/flower_photos/roses/5156037859_1673720a11_m.jpg,data/flower_photos/roses/5156037859_1673720a11_m.jpg,roses,180,240,0.75,RGB,JPEG,RGB,,47e760b6c764ee95deba0f701c40679056e86f489ca76094bbe512288d14c15f,29928,ok,
data/flower_photos/roses/5159317458_bbb22e2f65_n.jpg,data/flower_photos/roses/5159317458_bbb22e2f65_n.jpg,roses,320,240,1.3333333333333333,RGB,JPEG,RGB,,f3836c0533a2b4bc8ce072b9da89e0f0b1edf8b8203c8d7a7c6e49ae18721223,28781,ok,
data/flower_photos/roses/5172171681_5934378f08.jpg,data/flower_photos/roses/5172171681_5934378f08.jpg,roses,500,333,1.5015015015015014,RGB,JPEG,RGB,,fb8da330e10fa1ead0042c0b28edaa9727e54c43bbb81ecf0ef42609a806bd74,96220,ok,
data/flower_photos/roses/5180896559_b8cfefc21e.jpg,data/flower_photos/roses/5180896559_b8cfefc21e.jpg,roses,500,299,1.6722408026755853,RGB,JPEG,RGB,,1a76077694e5c4246eb437c6230b25d0deb5aa35ac74b953697b76b3fee94b42,146323,ok,
data/flower_photos/roses/5181899042_0a6ffe0c8a_n.jpg,data/flower_photos/roses/5181899042_0a6ffe0c8a_n.jpg,roses,320,259,1.2355212355212355,RGB,JPEG,RGB,,57a7c59dc06238f26a8bc96e829c8ab765e0bf59e3fc86161695a68e0677e563,62008,ok,
data/flower_photos/roses/5182167964_9d1a0be0b8_n.jpg,data/flower_photos/roses/5182167964_9d1a0be0b8_n.jpg,roses,320,240,1.3333333333333333,RGB,JPEG,RGB,,067c73babc07e3c6a34fcae960a6e9e2807c813190aa026a9c58b4c5cd80cca8,39154,ok,
data/flower_photos/roses/5193918046_d44e4fcd75_m.jpg,data/flower_photos/roses/5193918046_d44e4fcd75_m.jpg,roses,217,240,0.9041666666666667,RGB,JPEG,RGB,,e11aedf2fb2e2bdeadd9bd249872389de3126d29a74ceb38d4265fb43dd3469e,46742,ok,
data/flower_photos/roses/5206847130_ee4bf0e4de_n.jpg,data/flower_photos/roses/5206847130_ee4bf0e4de_n.jpg,roses,320,213,1.5023474178403755,RGB,JPEG,RGB,,01217f50f18eb0e93f4c5ad90473be2857280a7046d8a0a7c980fb3b60269212,49243,ok,
data/flower_photos/roses/5212877807_a3ddf06a7c_n.jpg,data/flower_photos/roses/5212877807_a3ddf06a7c_n.jpg,roses,320,240,1.3333333333333333,RGB,JPEG,RGB,,f196aaaa8cd89c5cd441999c0cbf12031da8bc74d97d1b07cffb6b2a2bafa305,42098,ok,
data/flower_photos/roses/5212885371_fe27c406a2_n.jpg,data/flower_photos/roses/5212885371_fe27c406a2_n.jpg,roses,320,240,1.3333333333333333,RGB,JPEG,RGB,,98683bef403d1307abfce53e52a8958453a05a957927fb395c39b0508c8151ab,35734,ok,
data/flower_photos/roses/5223191368_01aedb6547_n.jpg,data/flower_photos/roses/5223191368_01aedb6547_n.jpg,roses,320,240,1.3333333333333333,RGB,JPEG,RGB,,a08ff278742828d10d713aabdd175bed7c9f53684b31ff53b372a12d3bcccb17,54852,ok,
data/flower_photos/roses/5231103167_a03280e9f6_n.jpg,data/flower_photos/roses/5231103167_a03280e9f6_n.jpg,roses,320,240,1.3333333333333333,RGB,JPEG,RGB,,4342eef43bf390aa8776192c3d3a21bdeac00e42f8963ba5f066ac032030a846,44890,ok,
data/flower_photos/roses/5234278003_d827fcd73b_m.jpg,data/flower_photos/roses/5234278003_d827fcd73b_m.jpg,roses,240,240,1.0,RGB,JPEG,RGB,,d7d1cdeec738ef6f6a7d14b0c29334674865b86b1182725c981640bfe6433fed,34176,ok,
data/flower_photos/roses/5249439791_196b4e7fc7.jpg,data/flower_photos/roses/5249439791_196b4e7fc7.jpg,roses,500,332,1.5060240963855422,RGB,JPEG,RGB,,75a4d0153a694674a589be2b6533a08f1d11d050ca7c6532d750a320aafd7fab,110841,ok,
data/flower_photos/roses/5249566718_6109630c83_m.jpg,data/flower_photos/roses/5249566718_6109630c83_m.jpg,roses,200,240,0.8333333333333334,RGB,JPEG,RGB,,3f4be8b3cec83c20208618f4d707069bdaaa987f29ced9c3895c99fe81fdab62,32802,ok,
data/flower_photos/roses/5273722065_c85d8543c2_m.jpg,data/flower_photos/roses/5273722065_c85d8543c2_m.jpg,roses,240,240,1.0,RGB,JPEG,RGB,,cb00bf4e8a3baa7374251e07f3eda3e6c24b9ca0459cd8545c679343c6a556a4,29580,ok,
data/flower_photos/roses/527513005_41497ca4dc.jpg,data/flower_photos/roses/527513005_41497ca4dc.jpg,roses,500,336,1.4880952380952381,RGB,JPEG,RGB,,28c567ad02d6af843d451d38bbd4a6d31147e853c9812c1a411f5977fee1e7a1,103265,ok,
data/flower_photos/roses/5292988046_a10f4b0365_n.jpg,data/flower_photos/roses/5292988046_a10f4b0365_n.jpg,roses,320,240,1.3333333333333333,RGB,JPEG,RGB,,5f23e0823b16cc924ffbdcaf5f7e59524f5045a2393da434e9bb8a54d0e6fff1,40972,ok,
data/flower_photos/roses/5332550500_ab341aefd8.jpg,data/flower_photos/roses/5332550500_ab341aefd8.jpg,roses,500,333,1.5015015015015014,RGB,JPEG,RGB,,ceff15a6c657f681c74a1266d762ef75aaa078a43937874e7a910f212c9d1ef0,229105,ok,
data/flower_photos/roses/5333437251_ce0aa6925d_n.jpg,data/flower_photos/roses/5333437251_ce0aa6925d_n.jpg,roses,320,213,1.5023474178403755,RGB,JPEG,RGB,,9585991f652e5fea806d173b29766055710375627544203d641a462d1c236141,70499,ok,
data/flower_photos/roses/534228982_4afbcece9b_m.jpg,data/flower_photos/roses/534228982_4afbcece9b_m.jpg,roses,205,240,0.8541666666666666,RGB,JPEG,RGB,,ef3886d42fb77bf8450f99f7b85522f74f56bd9c64e09e04b828a0e37d76fe7c,17348,ok,
data/flower_photos/roses/5360769702_ec28c53b9e_n.jpg,data/flower_photos/roses/5360769702_ec28c53b9e_n.jpg,roses,320,250,1.28,RGB,JPEG,RGB,,ca5ccf1f0e9944fad20808a3963c1488eb5fee11d1602d0fdc9b7b0917331eb9,48189,ok,
data/flower_photos/roses/537207677_f96a0507bb.jpg,data/flower_photos/roses/537207677_f96a0507bb.jpg,roses,500,375,1.3333333333333333,RGB,JPEG,RGB,,e458665ce458e4c0e920eeaebbe39fdeec0a3cc88b7bf105e63c2c6e6d36e270,139534,ok,
data/flower_photos/roses/537625768_791e973b40.jpg,data/flower_photos/roses/537625768_791e973b40.jpg,roses,500,314,1.5923566878980893,RGB,JPEG,RGB,,e7a5e927ac18a4295b4445bd031b779236653db994e896592250caa4ba057394,55940,ok,
data/flower_photos/roses/5398569540_7d134c42cb_n.jpg,data/flower_photos/roses/5398569540_7d134c42cb_n.jpg,roses,320,228,1.4035087719298245,RGB,JPEG,RGB,,9f86e3d72f44dea80f68c167aa474f1139e45f08caee17ceb1e32e6a207b7d57,43569,ok,
data/flower_photos/roses/5398974188_799753449c.jpg,data/flower_photos/roses/5398974188_799753449c.jpg,roses,500,333,1.5015015015015014,RGB,JPEG,RGB,,a7cbe46acacea2e4f11509052a5b28bcbbe97c67ae751283d043d0f3fa85df75,149566,ok,
data/flower_photos/roses/5402157745_a384f0583d_n.jpg,data/flower_photos/roses/5402157745_a384f0583d_n.jpg,roses,320,222,1.4414414414414414,RGB,JPEG,RGB,,809193ce3de04009fab7900e2e48ca4893181aed8fc125aa2ffcc2eab606c3fe,61291,ok,
data/flower_photos/roses/5419629292_2f06e4b295.jpg,data/flower_photos/roses/5419629292_2f06e4b295.jpg,roses,500,333,1.5015015015015014,RGB,JPEG,RGB,,de75d1a91a705e39c68c3896d4363790dfee1eac081b94b0189a88007243803c,132835,ok,
data/flower_photos/roses/5487945052_bcb8e9fc8b_m.jpg,data/flower_photos/roses/5487945052_bcb8e9fc8b_m.jpg,roses,240,240,1.0,RGB,JPEG,RGB,,f2262ac517904577f87034a6bd85854a208a9dc65165d142598fb66645f0fd92,49228,ok,
data/flower_photos/roses/5492988531_574cdc2bf0_n.jpg,data/flower_photos/roses/5492988531_574cdc2bf0_n.jpg,roses,320,240,1.3333333333333333,RGB,JPEG,RGB,,13f5bbaae757360559a0b5a2dcde970485ba77b968ad456c05e9af719cfbe422,24235,ok,
data/flower_photos/roses/5497730366_44d758d8f5.jpg,data/flower_photos/roses/5497730366_44d758d8f5.jpg,roses,500,334,1.4970059880239521,RGB,JPEG,RGB,,e2a61205f328e3e80f84c6a7adfa62b776828da40b2710f9e4b2328602087ecb,194090,ok,
data/flower_photos/roses/5526964611_76ef13025c_n.jpg,data/flower_photos/roses/5526964611_76ef13025c_n.jpg,roses,320,231,1.3852813852813852,RGB,JPEG,RGB,,40057695f0cf7b1e97caf036400f8a380f26b2c803e0149f27a0398bd3ae7a83,64192,ok,
data/flower_photos/roses/5529341024_0c35f2657d.jpg,data/flower_photos/roses/5529341024_0c35f2657d.jpg,roses,500,333,1.5015015015015014,RGB,JPEG,RGB,,0dda2eefd51a14f4291f3bd46ff432e3c3f3f72da3f6de52a04f97ea1d9762e5,183156,ok,
data/flower_photos/roses/5537794501_a0767743fd_n.jpg,data/flower_photos/roses/5537794501_a0767743fd_n.jpg,roses,320,255,1.2549019607843137,RGB,JPEG,RGB,,3971b55d58da1ddb62fa8047b94b761f51d0092d8cfb6c822b5fadf235f9ba01,22784,ok,
data/flower_photos/roses/5570018782_c56bee942f.jpg,data/flower_photos/roses/5570018782_c56bee942f.jpg,roses,500,251,1.9920318725099602,RGB,JPEG,RGB,,2745760ab53398569be299095b6e4f6e9253e887cbd6f8735fc7eeb38d525f65,212264,ok,
data/flower_photos/roses/5578760521_e54aca6bed_n.jpg,data/flower_photos/roses/5578760521_e54aca6bed_n.jpg,roses,320,213,1.5023474178403755,RGB,JPEG,RGB,,0a3955a1f0b097af9b241545a04627b062de85817a53ee97dd5d82b190b1bb7f,49919,ok,
data/flower_photos/roses/5578766623_542c91dfaa_n.jpg,data/flower_photos/roses/5578766623_542c91dfaa_n.jpg,roses,320,213,1.5023474178403755,RGB,JPEG,RGB,,c924919f6ae297e684e22dcb6c300d44971d21b57ce945f133ba682b60b90cc2,24601,ok,
data/flower_photos/roses/5602220566_5cdde8fa6c_n.jpg,data/flower_photos/roses/5602220566_5cdde8fa6c_n.jpg,roses,320,213,1.5023474178403755,RGB,JPEG,RGB,,15e2b400b34a5d1b3cd3aba51285b64cee0aa3d783bd27c9b359c8b2ad4c411e,30607,ok,
data/flower_photos/roses/5628552852_60bbe8d9b0_n.jpg,data/flower_photos/roses/5628552852_60bbe8d9b0_n.jpg,roses,320,240,1.3333333333333333,RGB,JPEG,RGB,,2d792043b0f40b1542aa72871b71bcfc2e3cba8ec33154505ba8588658fea16f,50408,ok,
data/flower_photos/roses/563847503_89e9756c80.jpg,data/flower_photos/roses/563847503_89e9756c80.jpg,roses,500,333,1.5015015015015014,RGB,JPEG,RGB,,e92833b46ed6bac09586fc6d11b8d39b230a46e9a5196c712dc2716501537e37,100097,ok,
data/flower_photos/roses/568715474_bdb64ccc32.jpg,data/flower_photos/roses/568715474_bdb64ccc32.jpg,roses,500,333,1.5015015015015014,RGB,JPEG,RGB,,7830011c2664e568213aa9fcc47083b634d8ecf442763700304fb1892a939dba,139800,ok,
data/flower_photos/roses/5717319579_190e85c7d1_m.jpg,data/flower_photos/roses/5717319579_190e85c7d1_m.jpg,roses,240,240,1.0,RGB,JPEG,RGB,,d00cb985f53d5ca8d62c260f19bc08debfe6288b9576bc36512d490cb73ede5a,29361,ok,
data/flower_photos/roses/5721768347_2ec4d2247b_n.jpg,data/flower_photos/roses/5721768347_2ec4d2247b_n.jpg,roses,320,240,1.3333333333333333,RGB,JPEG,RGB,,6304d789fff249a962704f3a9ba3f70d796e16e3ceb9753cc4b0241d0c6c0b7c,45049,ok,
data/flower_photos/roses/5731750490_ba3325b7ee_n.jpg,data/flower_photos/roses/5731750490_ba3325b7ee_n.jpg,roses,320,240,1.3333333333333333,RGB,JPEG,RGB,,358080b92c527d6451253bdc9c2cc561a74b890c57d6847ba8c553d06a547656,44436,ok,
data/flower_photos/roses/5736328472_8f25e6f6e7.jpg,data/flower_photos/roses/5736328472_8f25e6f6e7.jpg,roses,500,333,1.5015015015015014,RGB,JPEG,RGB,,9e6ecc938cf3aa912829fe5ca9b532955544d7f14250debb883b00c30402e90e,108384,ok,
data/flower_photos/roses/5777669976_a205f61e5b.jpg,data/flower_photos/roses/5777669976_a205f61e5b.jpg,roses,500,333,1.5015015015015014,RGB,JPEG,RGB,,e17fe58ec89378b27f20452db7a0f9b50ef76cca7c435e9188e74b2f0963afdc,100052,ok,
data/flower_photos/roses/5799616059_0ffda02e54.jpg,data/flower_photos/roses/5799616059_0ffda02e54.jpg,roses,500,332,1.5060240963855422,RGB,JPEG,RGB,,7e9a5b8d7ca53e86f21eb72d5cab89dc0c5b0e1a2bb3b6a7772456479bfcc888,235187,ok,
data/flower_photos/roses/5835539224_75967fc400_m.jpg,data/flower_photos/roses/5835539224_75967fc400_m.jpg,roses,180,240,0.75,RGB,JPEG,RGB,,ab1b5e6e6427772bb837660895a075b3b9b76c61b6c035395494fc33545bf422,32739,ok,
data/flower_photos/roses/5840476802_dfa40deb1f_m.jpg,data/flower_photos/roses/5840476802_dfa40deb1f_m.jpg,roses,205,240,0.8541666666666666,RGB,JPEG,RGB,,74f293984005592acdbf0386e9a3317f2f7de9f15cbecc300863189acdd37b94,11119,ok,
data/flower_photos/roses/5863698305_04a4277401_n.jpg,data/flower_photos/roses/5863698305_04a4277401_n.jpg,roses,320,240,1.3333333333333333,RGB,JPEG,RGB,,c724016732530c028f87511ca1320b57b39d9ab9ef20404939e1051a57c2da11,22056,ok,
data/flower_photos/roses/5892908233_6756199a43.jpg,data/flower_photos/roses/5892908233_6756199a43.jpg,roses,500,272,1.838235294117647,RGB,JPEG,RGB,,e48cad343e6f8a0ab87ae5b057c1c12d911d86a396954e625adcdc0ee47f3272,132397,ok,
data/flower_photos/roses/5897035797_e67bf68124_n.jpg,data/flower_photos/roses/5897035797_e67bf68124_n.jpg,roses,320,240,1.3333333333333333,RGB,JPEG,RGB,,9c650a5e8e92ab63191ef1b3492013a6f3b9322f36c714b9ccf82b380279c261,30095,ok,
data/flower_photos/roses/5960270643_1b8a94822e_m.jpg,data/flower_photos/roses/5960270643_1b8a94822e_m.jpg,roses,240,240,1.0,RGB,JPEG,RGB,,2734f4570e3bb883d9cdc3b943af6a0d357db872ee59e2305b55f3ec069a8f18,35279,ok,
data/flower_photos/roses/5961803532_9368212949_m.jpg,data/flower_photos/roses/5961803532_9368212949_m.jpg,roses,240,240,1.0,RGB,JPEG,RGB,,26e548f52b438d143a88a25a80d4b4c178d0e6324181e263f36519ab2ae1a84d,32555,ok,
data/flower_photos/roses/5979193298_639e877248.jpg,data/flower_photos/roses/5979193298_639e877248.jpg,roses,500,329,1.5197568389057752,RGB,JPEG,RGB,,793d652b764b2abd296c9a46244f50edd8fe1ff2dfabe3ddd49a0432f81fa679,71484,ok,
data/flower_photos/roses/5990626258_697f007308_n.jpg,data/flower_photos/roses/5990626258_697f007308_n.jpg,roses,320,240,1.3333333333333333,RGB,JPEG,RGB,,3197ba771fdc0cd43b4f89c4f8a03bb7fc54487c243cb1475ea36816f6a73be7,66987,ok,
data/flower_photos/roses/6016195304_75306bb79a.jpg,data/flower_photos/roses/6016195304_75306bb79a.jpg,roses,500,332,1.5060240963855422,RGB,JPEG,RGB,,7b5f2734b921d64dabf176731513d2adba6747d46167efc65b1c773cbf87e8df,188154,ok,
data/flower_photos/roses/6036837996_7fbdcdb3c5_n.jpg,data/flower_photos/roses/6036837996_7fbdcdb3c5_n.jpg,roses,320,272,1.1764705882352942,RGB,JPEG,RGB,,88ab495284aafc7b9ee093a67228af0be22ccdacf8a51e88bf1d9455be1a52ef,32741,ok,
data/flower_photos/roses/6039330368_c30ed224c4_m.jpg,data/flower_photos/roses/6039330368_c30ed224c4_m.jpg,roses,199,240,0.8291666666666667,RGB,JPEG,RGB,,63314aac325ae34851ddb0f873f408e70652d57bf3eab9237d2f5be471c7e3f1,35172,ok,
data/flower_photos/roses/6053143173_991c011b23.jpg,data/flower_photos/roses/6053143173_991c011b23.jpg,roses,500,333,1.5015015015015014,RGB,JPEG,RGB,,8c8e7a3e6ec52e720c302c0093123a89b7d1dc1053445e14171bd0d24c1fce7d,86133,ok,
data/flower_photos/roses/6069602140_866eecf7c2_m.jpg,data/flower_photos/roses/6069602140_866eecf7c2_m.jpg,roses,180,240,0.75,RGB,JPEG,RGB,,543fc41a1470b713f5d00d35e3325741721bbdfb5e565d50aac18faae9f39abc,25635,ok,
data/flower_photos/roses/6105809987_8f3d7a8d67_n.jpg,data/flower_photos/roses/6105809987_8f3d7a8d67_n.jpg,roses,320,240,1.3333333333333333,RGB,JPEG,RGB,,84243c68391022375ac983990be91dd4440329eb1e6d8681d73f39756d66647b,36272,ok,
data/flower_photos/roses/6108118824_5b0231a56d.jpg,data/flower_photos/roses/6108118824_5b0231a56d.jpg,roses,500,332,1.5060240963855422,RGB,JPEG,RGB,,d822f55a887833b038d29ce521d42ba9e9031ecfdbf0b85307aa894841dfabcc,90119,ok,
data/flower_photos/roses/6111589202_8b9555364c_m.jpg,data/flower_photos/roses/6111589202_8b9555364c_m.jpg,roses,240,240,1.0,RGB,JPEG,RGB,,70045d52f3505a4c0fc749882535dccc19f5b2600dc2a0e8176dc0ce6f0ee714,36761,ok,
data/flower_photos/roses/6125332325_b768e08bd9_n.jpg,data/flower_photos/roses/6125332325_b768e08bd9_n.jpg,roses,320,240,1.3333333333333333,RGB,JPEG,RGB,,c1b0d4e9b9c9e972aef095b3e2e007439d00891e3718c74f0ac2cd1bb964c581,33204,ok,
data/flower_photos/roses/6158504080_b844a9ae05.jpg,data/flower_photos/roses/6158504080_b844a9ae05.jpg,roses,500,333,1.5015015015015014,RGB,JPEG,RGB,,46d133cde2734800800d9432d3427a31fbc80a899f31cccbbcd29f94f043d274,87948,ok,
data/flower_photos/roses/6163179241_f093f45d95_n.jpg,data/flower_photos/roses/6163179241_f093f45d95_n.jpg,roses,320,263,1.2167300380228137,RGB,JPEG,RGB,,26473a7b8f89ee7bfe31d5e3895e305f18e505b16c0d4a4d329474a3575c161a,43245,ok,
data/flower_photos/roses/6209630964_e8de48fe04_m.jpg,data/flower_photos/roses/6209630964_e8de48fe04_m.jpg,roses,239,240,0.9958333333333333,RGB,JPEG,RGB,,a222ee979dbbcf06bad3b8345447ae7dcc532f4249e1be0eec233c971557ef5e,32852,ok,
data/flower_photos/roses/6231418894_7946a7712b_n.jpg,data/flower_photos/roses/6231418894_7946a7712b_n.jpg,roses,320,240,1.3333333333333333,RGB,JPEG,RGB,,f1524679e350a11a173c20cc6317f3174841781b8812270091ae196418a31683,27767,ok,
data/flower_photos/roses/6241886381_cc722785af.jpg,data/flower_photos/roses/6241886381_cc722785af.jpg,roses,500,334,1.4970059880239521,RGB,JPEG,RGB,,5f0d6c340f0c705c175885cdae7480bf52f0cd326828c15995bffefe27f6986b,157959,ok,
data/flower_photos/roses/6255593451_b8a3aa8f7a_m.jpg,data/flower_photos/roses/6255593451_b8a3aa8f7a_m.jpg,roses,192,240,0.8,RGB,JPEG,RGB,,daa4fe25e5da4f9fe9fda8e1f89881ef52bc09317c0b03c7928091dd4e923c08,24956,ok,
data/flower_photos/roses/6280787884_141cd7b382_n.jpg,data/flower_photos/roses/6280787884_141cd7b382_n.jpg,roses,320,200,1.6,RGB,JPEG,RGB,,b3440ae7bfff68f1917fcb610bb3bd4f1b57dcb2b791466172994bc470295fc3,39509,ok,
data/flower_photos/roses/6309548569_932fee8313_m.jpg,data/flower_photos/roses/6309548569_932fee8313_m.jpg,roses,180,240,0.75,RGB,JPEG,RGB,,aa33a20b648f475397a2a8538c0f7e515a3065759124005975e0b925f45d5fd8,17749,ok,
data/flower_photos/roses/6347846687_3f0a7c3176.jpg,data/flower_photos/roses/6347846687_3f0a7c3176.jpg,roses,500,313,1.597444089456869,RGB,JPEG,RGB,,802dd494026ad67ab215785379b3d678e91b5435c087eb5e4d018e862e0ae4c6,51363,ok,
data/flower_photos/roses/6347846935_51e3dc2481_n.jpg,data/flower_photos/roses/6347846935_51e3dc2481_n.jpg,roses,320,248,1.2903225806451613,RGB,JPEG,RGB,,64d319e8552c54068261add4e6f8101dbca556f0331905df81f52eae13dfd8e3,21365,ok,
data/flower_photos/roses/6347847065_83cf87333b_n.jpg,data/flower_photos/roses/6347847065_83cf87333b_n.jpg,roses,320,264,1.2121212121212122,RGB,JPEG,RGB,,df743c656fe88bc8b0d2f41156c5234c1d8e3e83885ba31cf9e14c48f1a9ec52,45222,ok,
data/flower_photos/roses/6363951285_a802238d4e.jpg,data/flower_photos/roses/6363951285_a802238d4e.jpg,roses,500,313,1.597444089456869,RGB,JPEG,RGB,,aadd2df2ee85c528de23ef952857e889c92c9ccae73370233515a6cd55cb4360,74838,ok,
data/flower_photos/roses/6363976189_e7155e5f9c.jpg,data/flower_photos/roses/6363976189_e7155e5f9c.jpg,roses,500,313,1.597444089456869,RGB,JPEG,RGB,,9312ba07faa883d646d8a21912172d95661feaf2ef77c0d21c9a18144ffeb1ef,149907,ok,
data/flower_photos/roses/6409000675_6eb6806e59.jpg,data/flower_photos/roses/6409000675_6eb6806e59.jpg,roses,500,333,1.5015015015015014,RGB,JPEG,RGB,,751582de75af5bbaf0aba98a7e51ed94b03359a6db75ff8be14396db687c2701,129240,ok,
data/flower_photos/roses/6473543547_4fefdbd5dc.jpg,data/flower_photos/roses/6473543547_4fefdbd5dc.jpg,roses,500,333,1.5015015015015014,RGB,JPEG,RGB,,5de6187bcef854459759078785e25e38cd562a415839fdc982342b83f82cbb6b,87470,ok,
data/flower_photos/roses/6570546331_ffb9dab0bf_n.jpg,data/flower_photos/roses/6570546331_ffb9dab0bf_n.jpg,roses,320,245,1.3061224489795917,RGB,JPEG,RGB,,f2bfae76e92c88cf9170ddc911aacccc9a3179cd74a230f7bd679b7e4db7d46c,28954,ok,
data/flower_photos/roses/6653567281_768a1fd160.jpg,data/flower_photos/roses/6653567281_768a1fd160.jpg,roses,500,334,1.4970059880239521,RGB,JPEG,RGB,,64b56bfab67b98c6b06a559bf2c019424858e580fd1f5d537e876cb4ce219241,63124,ok,
data/flower_photos/roses/6655078437_759fd626fd_n.jpg,data/flower_photos/roses/6655078437_759fd626fd_n.jpg,roses,320,221,1.4479638009049773,RGB,JPEG,RGB,,e10d79fd62dee45b6984db9e37c21d61a06e3110c7281662104ab3b5129d35ef,30659,ok,
data/flower_photos/roses/6676529655_9672b6f955_m.jpg,data/flower_photos/roses/6676529655_9672b6f955_m.jpg,roses,240,240,1.0,RGB,JPEG,RGB,,1b2c1f5a619edae2ceba62724edb70cc15971a8cab11e947332b0585421592af,34211,ok,
data/flower_photos/roses/6687138903_ff6ae12758_n.jpg,data/flower_photos/roses/6687138903_ff6ae12758_n.jpg,roses,320,240,1.3333333333333333,RGB,JPEG,RGB,,83d801c2846cce4727f6399cbd855ab334eb5ef94818f380722c531e5671206d,35723,ok,
data/flower_photos/roses/6690926183_afedba9f15_n.jpg,data/flower_photos/roses/6690926183_afedba9f15_n.jpg,roses,320,256,1.25,RGB,JPEG,RGB,,13d0442f9177744b0eb077d731f333858e6071ab07f1f3a4f2481fcca4b98be5,45233,ok,
data/flower_photos/roses/6732261031_861a1026fa_n.jpg,data/flower_photos/roses/6732261031_861a1026fa_n.jpg,roses,320,240,1.3333333333333333,RGB,JPEG,RGB,,aa953fcb452eb53114f9ac5cc1a7db46d755fac8c3550fbdef932f333f1621d4,16636,ok,
data/flower_photos/roses/6783408274_974796e92f.jpg,data/flower_photos/roses/6783408274_974796e92f.jpg,roses,500,333,1.5015015015015014,RGB,JPEG,RGB,,c1b7a8b11d40627dbf3a79683d60af96b9e5e6a10b138546d62d0bb3c599ec06,93245,ok,
data/flower_photos/roses/6803363808_9f9ce98186_m.jpg,data/flower_photos/roses/6803363808_9f9ce98186_m.jpg,roses,240,240,1.0,RGB,JPEG,RGB,,fb8f7d7d6f9c4fd3173eb7fa07d742357732a864998ce6323b22831377fc31c3,20422,ok,
data/flower_photos/roses/685724528_6cd5cbe203.jpg,data/flower_photos/roses/685724528_6cd5cbe203.jpg,roses,500,333,1.5015015015015014,RGB,JPEG,RGB,,2b56ca37ad1aaba3bd8e7bf3a2b27a02c0c207ff46dca94a487ef0f0096c5897,107470,ok,
data/flower_photos/roses/6864417932_36fa4ceecf_n.jpg,data/flower_photos/roses/6864417932_36fa4ceecf_n.jpg,roses,320,252,1.2698412698412698,RGB,JPEG,RGB,,cca8473505613f2d88d8f1789408f134c3d9a0495b7ac22d78edfcc241bb951c,49606,ok,
data/flower_photos/roses/6867597533_d65d1c39fb_n.jpg,data/flower_photos/roses/6867597533_d65d1c39fb_n.jpg,roses,320,240,1.3333333333333333,RGB,JPEG,RGB,,2d1a8c4be7ecb513c2a8a2122555f2b61499abfe20fb9dd782c177c880317b83,29780,ok,
data/flower_photos/roses/6879112993_5a29208438_n.jpg,data/flower_photos/roses/6879112993_5a29208438_n.jpg,roses,320,222,1.4414414414414414,RGB,JPEG,RGB,,2946f35e4231dd0463ca099d6ab5b601a23ef28957e26bbd25a3aae259a943de,34293,ok,
data/flower_photos/roses/6936225976_a91b60d8c2_m.jpg,data/flower_photos/roses/6936225976_a91b60d8c2_m.jpg,roses,240,240,1.0,RGB,JPEG,RGB,,1ff2c850bd1de43e808489c25cae47b00a96ce46717843bf631437e4f7bc6b09,28767,ok,
data/flower_photos/roses/6950609394_c53b8c6ac0_m.jpg,data/flower_photos/roses/6950609394_c53b8c6ac0_m.jpg,roses,240,228,1.0526315789473684,RGB,JPEG,RGB,,c11b40b94e81fa26e735b7c592d98eec88a11619aab8acb7b9d114ba7c8f34bd,26571,ok,
data/flower_photos/roses/6969041818_a505baa68e_m.jpg,data/flower_photos/roses/6969041818_a505baa68e_m.jpg,roses,225,240,0.9375,RGB,JPEG,RGB,,045402750a2849b413de95f63ac4142c0f10bab0747144c57c6609b67b9d2926,24723,ok,
data/flower_photos/roses/7147367479_f7a6ef0798.jpg,data/flower_photos/roses/7147367479_f7a6ef0798.jpg,roses,500,333,1.5015015015015014,RGB,JPEG,RGB,,ae09fb0cf0fab4e7d1afa84d4a081f8674b96947ff4eed2d4691369608238164,72209,ok,
data/flower_photos/roses/7186509956_c37c02fb43_n.jpg,data/flower_photos/roses/7186509956_c37c02fb43_n.jpg,roses,320,213,1.5023474178403755,RGB,JPEG,RGB,,dc543ed33b565bcd5bd18ca0fe023e69d7443a1b37cd892d1ccc42c10255a6b6,27204,ok,
data/flower_photos/roses/7187035716_5d0fb95c31_n.jpg,data/flower_photos/roses/7187035716_5d0fb95c31_n.jpg,roses,320,237,1.350210970464135,RGB,JPEG,RGB,,1a422a129b9984cafb30ef58a1d47fced73659b2cd9ffb027f5335fc69b5b90a,34372,ok,
data/flower_photos/roses/7211616670_2d49ecb3a5_m.jpg,data/flower_photos/roses/7211616670_2d49ecb3a5_m.jpg,roses,180,240,0.75,RGB,JPEG,RGB,,5a46e8bd772cd405a5676b1c35a2cf9b0dcd82057f31b51cdf3e41fc923466a5,27576,ok,
data/flower_photos/roses/7251352826_69b62cba2c_m.jpg,data/flower_photos/roses/7251352826_69b62cba2c_m.jpg,roses,240,240,1.0,RGB,JPEG,RGB,,7f901936d57a605935f38435d9c6fb78520eba0aa27be34d516e4cc63bfafbec,21306,ok,
data/flower_photos/roses/7285188160_49d84b95a3_m.jpg,data/flower_photos/roses/7285188160_49d84b95a3_m.jpg,roses,240,240,1.0,RGB,JPEG,RGB,,4f4292b79e2c94ccd6420f553ff89ffeb7e271a6cbb55af8ccaf720b16dab6c4,24350,ok,
data/flower_photos/roses/7302931078_30054c1970_n.jpg,data/flower_photos/roses/7302931078_30054c1970_n.jpg,roses,320,240,1.3333333333333333,RGB,JPEG,RGB,,3a76b2a51dc1fb1d12c671c8183516fec0e395e1a59f0c27e32d584115e69ec5,50030,ok,
data/flower_photos/roses/7304710956_015b41f802_m.jpg,data/flower_photos/roses/7304710956_015b41f802_m.jpg,roses,180,240,0.75,RGB,JPEG,RGB,,817072a39091b035fc23661774945eed9edc919c86810a540d96c84fe84d00c6,17379,ok,
data/flower_photos/roses/7316409504_7cf3707f8a_m.jpg,data/flower_photos/roses/7316409504_7cf3707f8a_m.jpg,roses,180,240,0.75,RGB,JPEG,RGB,,de6e8dba1e8bb67951237a171be0da46fa112a2bac35c9dc9b3f46ad7fc5a630,44264,ok,
data/flower_photos/roses/7345657862_689366e79a.jpg,data/flower_photos/roses/7345657862_689366e79a.jpg,roses,500,322,1.5527950310559007,RGB,JPEG,RGB,,d5a65a93db86f5ce590c633c31ebcad16769f1054d1202ad30ac5be50ec78be8,102758,ok,
data/flower_photos/roses/7376471712_e1be793f94.jpg,data/flower_photos/roses/7376471712_e1be793f94.jpg,roses,500,333,1.5015015015015014,RGB,JPEG,RGB,,376a0cd27e255150c275492817d536d94b90c3f4a43935a2af95e7cf2db68277,99954,ok,
data/flower_photos/roses/7376473742_532364cee5_n.jpg,data/flower_photos/roses/7376473742_532364cee5_n.jpg,roses,320,213,1.5023474178403755,RGB,JPEG,RGB,,92562643c7e48c35074874e23290289152c3161630e1f32877ad1b5bfa09d377,22311,ok,
data/flower_photos/roses/7409458444_0bfc9a0682_n.jpg,data/flower_photos/roses/7409458444_0bfc9a0682_n.jpg,roses,320,277,1.1552346570397112,RGB,JPEG,RGB,,06494c904ec24458cc0541a3e868bef9e4c4517c2689c6916aa3203ebaf12b80,33399,ok,
data/flower_photos/roses/7419966772_d6c1c22a81.jpg,data/flower_photos/roses/7419966772_d6c1c22a81.jpg,roses,500,282,1.7730496453900708,RGB,JPEG,RGB,,c5f79850294a1283a3e33c0a15dcdaa0fcccde0a9c4aa8a25630dd8670a8679f,113217,ok,
data/flower_photos/roses/7420699022_60fa574524_m.jpg,data/flower_photos/roses/7420699022_60fa574524_m.jpg,roses,240,240,1.0,RGB,JPEG,RGB,,ceb0d64c00ef50cbd36743bddb0ee62c8623c0570d33a791977e11fe4a0cee23,14969,ok,
data/flower_photos/roses/7455236056_b6d71a8dab.jpg,data/flower_photos/roses/7455236056_b6d71a8dab.jpg,roses,500,332,1.5060240963855422,RGB,JPEG,RGB,,8b5b917047f06ad5cacc5ac64b2f79a656fa5d6c119bcc658a7872898ea97cf7,134032,ok,
data/flower_photos/roses/7502389724_85b4a6c855_n.jpg,data/flower_photos/roses/7502389724_85b4a6c855_n.jpg,roses,320,282,1.1347517730496455,RGB,JPEG,RGB,,01133c2533d5cc1a9dcad4ee32ba6f42e7b9ea1fa5d62aa81f3c65d410c00e42,38677,ok,
data/flower_photos/roses/7525783408_0999483bf4_m.jpg,data/flower_photos/roses/7525783408_0999483bf4_m.jpg,roses,175,240,0.7291666666666666,RGB,JPEG,RGB,,57c7c2ba922e4a0158ef613ab1928be4ee1baed026bbcbfdb9e4fbf9d531b4c6,22968,ok,
data/flower_photos/roses/7551637034_55ae047756_n.jpg,data/flower_photos/roses/7551637034_55ae047756_n.jpg,roses,320,245,1.3061224489795917,RGB,JPEG,RGB,,56c14d06cf9c71f8c08b6b2d324fc21a51070e086f4f50e9c022692f24c5255d,32020,ok,
data/flower_photos/roses/756943228_e15a7b2318.jpg,data/flower_photos/roses/756943228_e15a7b2318.jpg,roses,500,375,1.3333333333333333,RGB,JPEG,RGB,,8b495e98ad2d7fec2c93d829db2492e276a05f4fb93e57347b407a2f347e0b3c,173960,ok,
data/flower_photos/roses/7683456068_02644b8382_m.jpg,data/flower_photos/roses/7683456068_02644b8382_m.jpg,roses,180,240,0.75,RGB,JPEG,RGB,,b3ee721a881db11aef37e201b76ef61efec05300faa81c1c7f2c9f9830191483,14836,ok,
data/flower_photos/roses/7820626638_3e2d712303.jpg,data/flower_photos/roses/7820626638_3e2d712303.jpg,roses,500,333,1.5015015015015014,RGB,JPEG,RGB,,421992e0945b9dda2022a84fb6c5222c63a4efb66017f010357706a28faabcd9,98081,ok,
data/flower_photos/roses/7865295712_bcc94d120c.jpg,data/flower_photos/roses/7865295712_bcc94d120c.jpg,roses,500,333,1.5015015015015014,RGB,JPEG,RGB,,d6430150285e5d630c0db1e4b14c521c5e90cb43be63a1e5be76cbeaba11f92d,72860,ok,
data/flower_photos/roses/8032328803_30afac8b07_m.jpg,data/flower_photos/roses/8032328803_30afac8b07_m.jpg,roses,240,240,1.0,RGB,JPEG,RGB,,2696d2658281345757d2ff387f902f61fc7bd9b0c948def3c703273c87c434de,18657,ok,
data/flower_photos/roses/8035908422_87220425d2_n.jpg,data/flower_photos/roses/8035908422_87220425d2_n.jpg,roses,320,213,1.5023474178403755,RGB,JPEG,RGB,,8ddac6ea3758c26ca317c669fca94ea2cb402078857f3cea94c7668052b8725e,72951,ok,
data/flower_photos/roses/8035910225_125beceb98_n.jpg,data/flower_photos/roses/8035910225_125beceb98_n.jpg,roses,320,213,1.5023474178403755,RGB,JPEG,RGB,,ca28407373c750ee8f7d0b585014885a3974216d50e17d6072ea3768bc88496b,59273,ok,
data/flower_photos/roses/8036594516_69a7da5f73_m.jpg,data/flower_photos/roses/8036594516_69a7da5f73_m.jpg,roses,240,240,1.0,RGB,JPEG,RGB,,1abf60a647cb89d7abd596a44e9fb022be4df3b91eabaf286b8c6e35ca836a70,41545,ok,
data/flower_photos/roses/8050213579_48e1e7109f.jpg,data/flower_photos/roses/8050213579_48e1e7109f.jpg,roses,500,333,1.5015015015015014,RGB,JPEG,RGB,,7b515781679e7d41629c0a31fdd36d1521150b6a5b597054e0dbad185b177251,76027,ok,
data/flower_photos/roses/8060338380_eb6c806624_n.jpg,data/flower_photos/roses/8060338380_eb6c806624_n.jpg,roses,320,240,1.3333333333333333,RGB,JPEG,RGB,,e97c7488ccd72114b98bb852973f9059ef29164ec969d0ed14f4bfb64d3230d6,44818,ok,
data/flower_photos/roses/8063462557_e0a8bd6c64_n.jpg,data/flower_photos/roses/8063462557_e0a8bd6c64_n.jpg,roses,320,248,1.2903225806451613,RGB,JPEG,RGB,,fe6272a6b2a97e80547e9f64e44479acb806a7d5e58ee1f8e7a49161fc757be7,33529,ok,
data/flower_photos/roses/8096324039_4db2555490.jpg,data/flower_photos/roses/8096324039_4db2555490.jpg,roses,500,331,1.5105740181268883,RGB,JPEG,RGB,,9307006efc3226ec88c7251ef468244952b97c416153da527b5f412a4dac71de,98451,ok,
data/flower_photos/roses/8125886145_ae99f91fd0.jpg,data/flower_photos/roses/8125886145_ae99f91fd0.jpg,roses,500,333,1.5015015015015014,RGB,JPEG,RGB,,7593433b811e445fdaf91768fd6f1b5bd75fc8aeec03457f5f327cda5df093a2,105196,ok,
data/flower_photos/roses/8181940917_1ac63937d5_n.jpg,data/flower_photos/roses/8181940917_1ac63937d5_n.jpg,roses,320,251,1.2749003984063745,RGB,JPEG,RGB,,ab60c008df7fe04b505bc90e370f0001b1bd0ba76a7ce6f27bd50df8642e5c7c,30753,ok,
data/flower_photos/roses/8209458141_38f38be65c_m.jpg,data/flower_photos/roses/8209458141_38f38be65c_m.jpg,roses,240,240,1.0,RGB,JPEG,RGB,,04b0b006d2efc6daede46b3b07c456aa9a97c45079e430b48c215e2544d50d12,16330,ok,
data/flower_photos/roses/8241471746_5d81fdd3c0_n.jpg,data/flower_photos/roses/8241471746_5d81fdd3c0_n.jpg,roses,320,240,1.3333333333333333,RGB,JPEG,RGB,,e4dd4ec3998dbd03507d99b217980557e8719b152a2e0636f0b99d10dbf6f731,46238,ok,
data/flower_photos/roses/8337607102_d9e0fa887e.jpg,data/flower_photos/roses/8337607102_d9e0fa887e.jpg,roses,500,333,1.5015015015015014,RGB,JPEG,RGB,,8c1a4e12e80136d30a11748383d9a78c7242d03c07510ef337ed2a409f1cc653,197861,ok,
data/flower_photos/roses/8388497874_1fe750cc95_m.jpg,data/flower_photos/roses/8388497874_1fe750cc95_m.jpg,roses,219,240,0.9125,RGB,JPEG,RGB,,8b639ae07ee209c8f644e9f79c916b8bd5b1b2e11a8ba31e251720e90dc2d523,44314,ok,
data/flower_photos/roses/8394286483_69fe04cc7f.jpg,data/flower_photos/roses/8394286483_69fe04cc7f.jpg,roses,500,333,1.5015015015015014,RGB,JPEG,RGB,,573ecd675ba2b2f132b11a3347bc27f947bdc6f8e121e3576623d6cd44a1f016,104149,ok,
data/flower_photos/roses/8437935944_aab997560a_n.jpg,data/flower_photos/roses/8437935944_aab997560a_n.jpg,roses,320,286,1.118881118881119,RGB,JPEG,RGB,,5b74787f83afb5f8d80f1a96434300b638cb1e0eee1d7523e02f95d4420ddac3,27559,ok,
data/flower_photos/roses/8442304572_2fdc9c7547_n.jpg,data/flower_photos/roses/8442304572_2fdc9c7547_n.jpg,roses,320,231,1.3852813852813852,RGB,JPEG,RGB,,0f8927920d0167435cb45b2abb8fe8abfb2757c76a42c05ddc18ec38d998dc53,29269,ok,
data/flower_photos/roses/8462246855_1bdfee7478.jpg,data/flower_photos/roses/8462246855_1bdfee7478.jpg,roses,500,333,1.5015015015015014,RGB,JPEG,RGB,,e16caa6f05487b5ed77d9d1c4569f7044a4b49ce4ebf5a38b2eb0c3327f2fe07,103652,ok,
data/flower_photos/roses/8502529435_c6e40d0df4.jpg,data/flower_photos/roses/8502529435_c6e40d0df4.jpg,roses,500,334,1.4970059880239521,RGB,JPEG,RGB,,cdb328e9c3af31cf3fb27ab7a3ff75150b3349b25199b9f5ce7d484e4d964ea8,129322,ok,
data/flower_photos/roses/850416050_31b3ff7086.jpg,data/flower_photos/roses/850416050_31b3ff7086.jpg,roses,500,325,1.5384615384615385,RGB,JPEG,RGB,,ecc6a6b4042e730936056b2449b9a4000f13ed8e71768ee060be336b5461a6b1,73501,ok,
data/flower_photos/roses/8516036987_8a06dfe1b5_n.jpg,data/flower_photos/roses/8516036987_8a06dfe1b5_n.jpg,roses,320,228,1.4035087719298245,RGB,JPEG,RGB,,f8c917b563586a3a9e18c709354382215e3e2729380e3e3c9b403dd5e7578c61,25978,ok,
data/flower_photos/roses/8523394349_61b31fdd8f_m.jpg,data/flower_photos/roses/8523394349_61b31fdd8f_m.jpg,roses,211,240,0.8791666666666667,RGB,JPEG,RGB,,92edf6270ecfa8ffe55b30b37195d9850aa33d2c7c51bed932c354a304b60ba7,12319,ok,
data/flower_photos/roses/8524505546_b242bd4928_n.jpg,data/flower_photos/roses/8524505546_b242bd4928_n.jpg,roses,320,256,1.25,RGB,JPEG,RGB,,49eef657df5c17da0b6e36ce9c15b14bf17bed88901613cc5466ba37f1dc1af4,23971,ok,
data/flower_photos/roses/8524505682_bda885af3a_n.jpg,data/flower_photos/roses/8524505682_bda885af3a_n.jpg,roses,320,228,1.4035087719298245,RGB,JPEG,RGB,,ca8c8e8557055daf677ceb6862488a2f9ac8952ca5b50a6e3303bf211f4f4528,22795,ok,
data/flower_photos/roses/8524505868_236f4c94b5.jpg,data/flower_photos/roses/8524505868_236f4c94b5.jpg,roses,500,281,1.7793594306049823,RGB,JPEG,RGB,,453c5e67b22ab49db86e082b11e0e0969d5229ebc1852aeb11c53aeabe1704e8,111149,ok,
data/flower_photos/roses/8562144481_1d629848ff.jpg,data/flower_photos/roses/8562144481_1d629848ff.jpg,roses,500,333,1.5015015015015014,RGB,JPEG,RGB,,89ca31261c7032a0bc92f022ede13dfc8bc75150bf6ec50cc16027dd86465e24,157683,ok,
data/flower_photos/roses/8590442797_07fa2141c0_n.jpg,data/flower_photos/roses/8590442797_07fa2141c0_n.jpg,roses,320,240,1.3333333333333333,RGB,JPEG,RGB,,2fc7fde9c53e26d8188f90fd992284ac1504bd9c590b30fcdd45ff779e22e730,21447,ok,
data/flower_photos/roses/8622493424_877ae35ed7.jpg,data/flower_photos/roses/8622493424_877ae35ed7.jpg,roses,500,334,1.4970059880239521,RGB,JPEG,RGB,,90bc3bc2b239fc5f85c9a051a8711b48f07b00e17313dc26ffaa2ee603ba5a43,142586,ok,
data/flower_photos/roses/8642943283_47e44d049d_m.jpg,data/flower_photos/roses/8642943283_47e44d049d_m.jpg,roses,240,240,1.0,RGB,JPEG,RGB,,58b2d761cc714b4a79ea646142b4705fb8d6909073642ecd8986d0c0244cef27,23730,ok,
data/flower_photos/roses/8644003462_2272de26eb.jpg,data/flower_photos/roses/8644003462_2272de26eb.jpg,roses,500,281,1.7793594306049823,RGB,JPEG,RGB,,75f359a07b100ac30c54d62171c4789bd2adc01aba7a8c19ce9d318f14557929,106668,ok,
data/flower_photos/roses/8667101118_87ea757b15.jpg,data/flower_photos/roses/8667101118_87ea757b15.jpg,roses,500,281,1.7793594306049823,RGB,JPEG,RGB,,26027d224001b0dea30bc4ba83c3ab2212375f761a614bd79e83e8cfb3eb7e87,75018,ok,
data/flower_photos/roses/8667746487_781af9e615_n.jpg,data/flower_photos/roses/8667746487_781af9e615_n.jpg,roses,320,236,1.3559322033898304,RGB,JPEG,RGB,,1c08109bba8fd9486b29c0086db3679f0d7463db9148b57911bd3c28fe80f645,50398,ok,
data/flower_photos/roses/8671682526_7058143c99.jpg,data/flower_photos/roses/8671682526_7058143c99.jpg,roses,500,332,1.5060240963855422,RGB,JPEG,RGB,,aa6d007463710c8910ec79f44370b6030b02a8a54bfc0c3a484ed3349131ba17,72290,ok,
data/flower_photos/roses/8674140377_ae7b0be523.jpg,data/flower_photos/roses/8674140377_ae7b0be523.jpg,roses,500,333,1.5015015015015014,RGB,JPEG,RGB,,f6240d347932b48fa1f398bd6ac0bff05b6a3d796853f19c0fbfa2fe80f96659,128263,ok,
data/flower_photos/roses/8692040971_826614516f_n.jpg,data/flower_photos/roses/8692040971_826614516f_n.jpg,roses,320,227,1.4096916299559472,RGB,JPEG,RGB,,b96b304b5ef9e24ac7a024209872364cc942a90b7c30c18309fcf0f5af43953a,36419,ok,
data/flower_photos/roses/8692051081_dffa8709e7_m.jpg,data/flower_photos/roses/8692051081_dffa8709e7_m.jpg,roses,240,230,1.0434782608695652,RGB,JPEG,RGB,,6ae3b1294adca0b6873aa2749b3d6c3c5e005b3548fd07260851cafd811c51a4,31762,ok,
data/flower_photos/roses/8723767157_c45bfd3ab6.jpg,data/flower_photos/roses/8723767157_c45bfd3ab6.jpg,roses,500,333,1.5015015015015014,RGB,JPEG,RGB,,bbf0180e46f69ba1401b1564cdb4b4aaff2ee94366c3e262c1a75d51c63f93a3,233918,ok,
data/flower_photos/roses/873660804_37f5c6a46e_n.jpg,data/flower_photos/roses/873660804_37f5c6a46e_n.jpg,roses,320,223,1.4349775784753362,RGB,JPEG,RGB,,4bd203e12e48b84dc298bdcc0fd201742496fe4e3acfd02aae2ec42aeea8ccbf,22896,ok,
data/flower_photos/roses/8742493617_c2a9bf854f_m.jpg,data/flower_photos/roses/8742493617_c2a9bf854f_m.jpg,roses,240,240,1.0,RGB,JPEG,RGB,,5a0ac85bd280a4c6f0f1076d79b525299d3d2193ab7e8ff497f94db810a8d03b,24225,ok,
data/flower_photos/roses/8742493689_fb852f0228_n.jpg,data/flower_photos/roses/8742493689_fb852f0228_n.jpg,roses,320,240,1.3333333333333333,RGB,JPEG,RGB,,0c844c50bbffddfd93d37fc02ccb56ea761921945ed39a2709dfe14c7d424253,32768,ok,
data/flower_photos/roses/8747396730_966149e6fe_n.jpg,data/flower_photos/roses/8747396730_966149e6fe_n.jpg,roses,320,247,1.2955465587044535,RGB,JPEG,RGB,,0bcd74706309f362c5b82e6e56f67c0c0c556c3613920f15dc8f564f2948445a,40377,ok,
data/flower_photos/roses/8775267816_726ddc6d92_n.jpg,data/flower_photos/roses/8775267816_726ddc6d92_n.jpg,roses,320,240,1.3333333333333333,RGB,JPEG,RGB,,d76f7f5b9c150d441a66a28403d5a1f889f0f29de9d53977bde70dec7d4ba9cb,59154,ok,
data/flower_photos/roses/8853083579_dd1dfa3188.jpg,data/flower_photos/roses/8853083579_dd1dfa3188.jpg,roses,500,334,1.4970059880239521,RGB,JPEG,RGB,,b2fe3272cd7cad50a4d1508a44d2a9f9df60daed97663c3e6ac3eb1f6ffdbdcd,95819,ok,
data/flower_photos/roses/8926641787_d2515dfe8f_m.jpg,data/flower_photos/roses/8926641787_d2515dfe8f_m.jpg,roses,240,240,1.0,RGB,JPEG,RGB,,02d145d0988381ed29ec9b62b7e0f9f39420699d1b985049e87f6000f6c7c780,54491,ok,
data/flower_photos/roses/8949720453_66e8304c30.jpg,data/flower_photos/roses/8949720453_66e8304c30.jpg,roses,500,260,1.9230769230769231,RGB,JPEG,RGB,,35bdf31fd2b9411122bcaa55c3479115cfcc267aebf2180c51f5b8ba691d7ab0,78862,ok,
data/flower_photos/roses/8960904651_9a0b727258.jpg,data/flower_photos/roses/8960904651_9a0b727258.jpg,roses,500,295,1.694915254237288,RGB,JPEG,RGB,,d668e01faa5e3d590940251abd6ab802671df05f811b18247d78dce9d8581751,148545,ok,
data/flower_photos/roses/898102603_2d5152f09a.jpg,data/flower_photos/roses/898102603_2d5152f09a.jpg,roses,500,391,1.278772378516624,RGB,JPEG,RGB,,e5de1d9dee6c9a2b112a52394ea9221d5dea268a20212ef51f704b3d07dda020,117312,ok,
data/flower_photos/roses/8983268106_dc913d17d8_m.jpg,data/flower_photos/roses/8983268106_dc913d17d8_m.jpg,roses,192,240,0.8,RGB,JPEG,RGB,,ce00562391a0bd65bdf71ce1cc0265fc1ace319034b6b925938771199dc3bf85,22219,ok,
data/flower_photos/roses/8987479080_32ab912d10_n.jpg,data/flower_photos/roses/8987479080_32ab912d10_n.jpg,roses,320,213,1.5023474178403755,RGB,JPEG,RGB,,482782035c1063e1ed21de306540be4b2d53eda20788839f800ca3a0a3b9dc6d,27447,ok,
data/flower_photos/roses/909277823_e6fb8cb5c8_n.jpg,data/flower_photos/roses/909277823_e6fb8cb5c8_n.jpg,roses,320,238,1.3445378151260505,RGB,JPEG,RGB,,5cdaec05e1dda96632856fd546780184ddc6e3838f747593992178fcff923bfd,33279,ok,
data/flower_photos/roses/9159362388_c6f4cf3812_n.jpg,data/flower_photos/roses/9159362388_c6f4cf3812_n.jpg,roses,320,240,1.3333333333333333,RGB,JPEG,RGB,,e7290013002b438df19c4f9dcf76d9c651f829bd2e634d7dc49c87a56aebd11e,31586,ok,
data/flower_photos/roses/9160289562_ab2718d19b.jpg,data/flower_photos/roses/9160289562_ab2718d19b.jpg,roses,500,325,1.5384615384615385,RGB,JPEG,RGB,,6de044b578af0fb72f5577215675141c0bbf5f91729457b8cf8ae761deacfd46,141097,ok,
data/flower_photos/roses/9164900485_605aa12da8.jpg,data/flower_photos/roses/9164900485_605aa12da8.jpg,roses,500,333,1.5015015015015014,RGB,JPEG,RGB,,6ac4cc779576a442dbc33b9b65ae88283b798022b943853d1f7d66e6ffd6e249,65897,ok,
data/flower_photos/roses/9164924345_6b63637acf.jpg,data/flower_photos/roses/9164924345_6b63637acf.jpg,roses,500,333,1.5015015015015014,RGB,JPEG,RGB,,f994dc022a01c0692dfaaf267c2ff136255cb89d8ffc2ccd15fc0888570f3839,80680,ok,
data/flower_photos/roses/9167147034_0a66ee3616_n.jpg,data/flower_photos/roses/9167147034_0a66ee3616_n.jpg,roses,320,213,1.5023474178403755,RGB,JPEG,RGB,,62019ecb28f38f22cad0ce2e9053617df5022108f34bb9780cb52a150fd4cfca,19142,ok,
data/flower_photos/roses/921138131_9e1393eb2b_m.jpg,data/flower_photos/roses/921138131_9e1393eb2b_m.jpg,roses,180,240,0.75,RGB,JPEG,RGB,,f66bacdbec9e572acbc1b6677ec1a3bd86434430e8dec757c8b2fed90d6e3697,13340,ok,
data/flower_photos/roses/9216321995_83df405ea9.jpg,data/flower_photos/roses/9216321995_83df405ea9.jpg,roses,500,333,1.5015015015015014,RGB,JPEG,RGB,,735e139b5017bc92da85b4bc2d4f4ddef8ace1df47e02ec11423693d0dfb31f8,65810,ok,
data/flower_photos/roses/9216323421_f737c1d50e.jpg,data/flower_photos/roses/9216323421_f737c1d50e.jpg,roses,500,333,1.5015015015015014,RGB,JPEG,RGB,,c94d9ef3ef6cb115bd156e1076a69db5ae67f50343b980fd6e9bf2f96de25904,50697,ok,
data/flower_photos/roses/9216324117_5fa1e2bc25_n.jpg,data/flower_photos/roses/9216324117_5fa1e2bc25_n.jpg,roses,320,250,1.28,RGB,JPEG,RGB,,2ec67a5c7da92c902c212245e810896b1aecef3ee5f78362b4ef391678fabfd7,32689,ok,
data/flower_photos/roses/921984328_a60076f070_m.jpg,data/flower_photos/roses/921984328_a60076f070_m.jpg,roses,223,240,0.9291666666666667,RGB,JPEG,RGB,,0537183bef1d016f81f44ffd7042b1f94e6a0ca0e5f906cd4b6f57ed3fa1d1ca,17141,ok,
data/flower_photos/roses/9298314004_c1a8146521.jpg,data/flower_photos/roses/9298314004_c1a8146521.jpg,roses,500,333,1.5015015015015014,RGB,JPEG,RGB,,dbac54f5463a45e97a48eca58988414f6769be19ea20ada37371116b41361bc1,124231,ok,
data/flower_photos/roses/9300754115_dd79670066_n.jpg,data/flower_photos/roses/9300754115_dd79670066_n.jpg,roses,320,250,1.28,RGB,JPEG,RGB,,ef4eaa369e865fdf1bddc88a6c13e836fc9ad1ecf7ce59c6f9658ed8fe4c0b5d,41468,ok,
data/flower_photos/roses/9309388105_12c0b8dd54_m.jpg,data/flower_photos/roses/9309388105_12c0b8dd54_m.jpg,roses,219,240,0.9125,RGB,JPEG,RGB,,7c7c383973cd151449a69358c2a90dfdd93e88c8b27dc0db93382a685d761b0e,16975,ok,
data/flower_photos/roses/9320934277_4fb95aef5d_n.jpg,data/flower_photos/roses/9320934277_4fb95aef5d_n.jpg,roses,320,213,1.5023474178403755,RGB,JPEG,RGB,,b3a29fe993e7d57cf53301203c6a2d6c6fe2b80c216b0c9a018b919b890567b5,15096,ok,
data/flower_photos/roses/9337528427_3d09b7012b.jpg,data/flower_photos/roses/9337528427_3d09b7012b.jpg,roses,500,333,1.5015015015015014,RGB,JPEG,RGB,,163370d4ecbb2842b92675ab6d5d809fa584748bd3d4e7e4c82f2becb3708b45,78640,ok,
data/flower_photos/roses/9338237628_4d2547608c.jpg,data/flower_photos/roses/9338237628_4d2547608c.jpg,roses,500,333,1.5015015015015014,RGB,JPEG,RGB,,99fdf45bdb918bb9fe4e7245e49d1817ca9621962e160cba43d1f1cd8d379624,72337,ok,
data/flower_photos/roses/9353111163_7a89b2df35_n.jpg,data/flower_photos/roses/9353111163_7a89b2df35_n.jpg,roses,320,241,1.3278008298755186,RGB,JPEG,RGB,,a6b5856685df834832800fe56990699e838ac0f51e5097508aebfc8ba01c5be7,24645,ok,
data/flower_photos/roses/9355706808_a9a723a8e8_n.jpg,data/flower_photos/roses/9355706808_a9a723a8e8_n.jpg,roses,320,255,1.2549019607843137,RGB,JPEG,RGB,,ff0023a1de341b0d0014319a2e0274953dab16623343d74921d4ddbeafacea6d,23955,ok,
data/flower_photos/roses/9369421752_db1ab2a6a4_m.jpg,data/flower_photos/roses/9369421752_db1ab2a6a4_m.jpg,roses,231,240,0.9625,RGB,JPEG,RGB,,d5a502e72fa18dba15aa65fd0a88fb46873143f6bad560ec3f84d082913f6806,34638,ok,
data/flower_photos/roses/9404876600_04f6d37685.jpg,data/flower_photos/roses/9404876600_04f6d37685.jpg,roses,500,333,1.5015015015015014,RGB,JPEG,RGB,,fc1f2ec7b7cc64e6760066abb614f10afaa4988017fbff9cbd87d3c35b769285,99055,ok,
data/flower_photos/roses/9406573080_60eab9278e_n.jpg,data/flower_photos/roses/9406573080_60eab9278e_n.jpg,roses,320,241,1.3278008298755186,RGB,JPEG,RGB,,fee05c028bf3ab34bcf055ca11feb2e3868d1c3c3068c967b82c47eccd86a665,49394,ok,
data/flower_photos/roses/9423755543_edb35141a3_n.jpg,data/flower_photos/roses/9423755543_edb35141a3_n.jpg,roses,320,256,1.25,RGB,JPEG,RGB,,66591f230b3581dbd767e95e2278e2d597f682106ace7baf083f51d2e9bc802f,63479,ok,
data/flower_photos/roses/9433167170_fa056d3175.jpg,data/flower_photos/roses/9433167170_fa056d3175.jpg,roses,500,333,1.5015015015015014,RGB,JPEG,RGB,,8bba212cd84cab0eb078926ccc1881d74b6e41fbf40cfeb0550a7a045af0d707,83234,ok,
data/flower_photos/roses/9458445402_79e4dfa89c.jpg,data/flower_photos/roses/9458445402_79e4dfa89c.jpg,roses,500,331,1.5105740181268883,RGB,JPEG,RGB,,ce7938ed18cf37ad3431ef174bfbe0703ba7013d7e93c53f4f92703d0a6f8637,135783,ok,
data/flower_photos/roses/9609569441_eeb8566e94.jpg,data/flower_photos/roses/9609569441_eeb8566e94.jpg,roses,500,333,1.5015015015015014,RGB,JPEG,RGB,,676f7495fc3503fa8cce80ddafdeb18ec327f25cc9bdac026a9d5206cc11c17e,69592,ok,
data/flower_photos/roses/9614492283_66020fb4eb_n.jpg,data/flower_photos/roses/9614492283_66020fb4eb_n.jpg,roses,320,240,1.3333333333333333,RGB,JPEG,RGB,,160aef13442ef949ac372572687a9b34aac3c301dfdf7fa85a9f9ab662eb4248,68861,ok,
data/flower_photos/roses/9633056561_6f1b7e8faf_m.jpg,data/flower_photos/roses/9633056561_6f1b7e8faf_m.jpg,roses,180,240,0.75,RGB,JPEG,RGB,,2633016ab04dfb90548e2d2f01685037a76d36b3acab17ad1302eae9490e973d,40101,ok,
data/flower_photos/roses/9702378513_229a96b754_m.jpg,data/flower_photos/roses/9702378513_229a96b754_m.jpg,roses,240,240,1.0,RGB,JPEG,RGB,,1ad7b1735dfcd5cae6c39d16fb01b1a80e56b119b6e0e468739c984beaac749a,22924,ok,
data/flower_photos/roses/99383371_37a5ac12a3_n.jpg,data/flower_photos/roses/99383371_37a5ac12a3_n.jpg,roses,320,229,1.3973799126637554,RGB,JPEG,RGB,,b74ba8a73aa59b78c7fb26bd0393aef5d157e1aac03735add30229b19f922ec5,30711,ok,
data/flower_photos/sunflowers/1008566138_6927679c8a.jpg,data/flower_photos/sunflowers/1008566138_6927679c8a.jpg,sunflowers,500,330,1.5151515151515151,RGB,JPEG,RGB,,3ea595aefc826f5ddce16af7c8add9a6e3c8b4d66cdb3184e0073806aa75377f,143247,ok,
data/flower_photos/sunflowers/1022552002_2b93faf9e7_n.jpg,data/flower_photos/sunflowers/1022552002_2b93faf9e7_n.jpg,sunflowers,320,240,1.3333333333333333,RGB,JPEG,RGB,,6f2dda7667fd04b9b3ae1579b216766ae57b086dcc370af2522950b753cd4282,42723,ok,
data/flower_photos/sunflowers/1022552036_67d33d5bd8_n.jpg,data/flower_photos/sunflowers/1022552036_67d33d5bd8_n.jpg,sunflowers,320,240,1.3333333333333333,RGB,JPEG,RGB,,fca103944f6cefb0df578833c98d4ba2979fb5ea77536d00789a56ee89ad1e75,60755,ok,
data/flower_photos/sunflowers/10386503264_e05387e1f7_m.jpg,data/flower_photos/sunflowers/10386503264_e05387e1f7_m.jpg,sunflowers,240,231,1.0389610389610389,RGB,JPEG,RGB,,e098ce088c72aca881dffd3477e6b3717ad140f50b75c2f0704385ded683931f,38533,ok,
data/flower_photos/sunflowers/10386522775_4f8c616999_m.jpg,data/flower_photos/sunflowers/10386522775_4f8c616999_m.jpg,sunflowers,213,240,0.8875,RGB,JPEG,RGB,,fd82a94e709ca402ac707fbbeae089ee2a3201262eaca46d839e072db5ed1749,41523,ok,
data/flower_photos/sunflowers/10386525005_fd0b7d6c55_n.jpg,data/flower_photos/sunflowers/10386525005_fd0b7d6c55_n.jpg,sunflowers,320,277,1.1552346570397112,RGB,JPEG,RGB,,d59bfb0ee45514699fe665f1005f2d18c77e6a6b663d1084846a2ca6584d6815,69406,ok,
data/flower_photos/sunflowers/10386525695_2c38fea555_n.jpg,data/flower_photos/sunflowers/10386525695_2c38fea555_n.jpg,sunflowers,320,240,1.3333333333333333,RGB,JPEG,RGB,,712f5554e7ce7b98c219bb26d3d744e86cf2f617650b9b5997ddc99c4197a0e0,64617,ok,
data/flower_photos/sunflowers/10386540106_1431e73086_m.jpg,data/flower_photos/sunflowers/10386540106_1431e73086_m.jpg,sunflowers,201,240,0.8375,RGB,JPEG,RGB,,8d7902e46f01d5a3d1b7e3ddd1cf2b2f55d2bea29cd2bda6470d17a72a380566,21651,ok,
data/flower_photos/sunflowers/10386540696_0a95ee53a8_n.jpg,data/flower_photos/sunflowers/10386540696_0a95ee53a8_n.jpg,sunflowers,320,232,1.3793103448275863,RGB,JPEG,RGB,,73183c0dc368565ab408e92461349c0b1cf97e4d15210e5c8807f495e3453fbe,43196,ok,
data/flower_photos/sunflowers/10386702973_e74a34c806_n.jpg,data/flower_photos/sunflowers/10386702973_e74a34c806_n.jpg,sunflowers,320,240,1.3333333333333333,RGB,JPEG,RGB,,8fe6056c2366fe078569c42e750b841d9f49f867b3c3aef6b722306d72e30854,60265,ok,
data/flower_photos/sunflowers/1043442695_4556c4c13d_n.jpg,data/flower_photos/sunflowers/1043442695_4556c4c13d_n.jpg,sunflowers,320,213,1.5023474178403755,RGB,JPEG,RGB,,6da661d5e285bd46d88da324d010f46d3d5122e94df1e56c96ba60f1a6987dd5,31208,ok,
data/flower_photos/sunflowers/1044296388_912143e1d4.jpg,data/flower_photos/sunflowers/1044296388_912143e1d4.jpg,sunflowers,500,333,1.5015015015015014,RGB,JPEG,RGB,,1bdd130710ce265e0aa43da79e1cef254a4ff10afb851aa5030eca044a0769f3,96120,ok,
data/flower_photos/sunflowers/1064662314_c5a7891b9f_m.jpg,data/flower_photos/sunflowers/1064662314_c5a7891b9f_m.jpg,sunflowers,180,240,0.75,RGB,JPEG,RGB,,71267d91d77673e260c1827659ca92fd437138820f359fd68ee59a0bd2a1600b,30324,ok,
data/flower_photos/sunflowers/10862313945_e8ed9202d9_m.jpg,data/flower_photos/sunflowers/10862313945_e8ed9202d9_m.jpg,sunflowers,180,240,0.75,RGB,JPEG,RGB,,972a3ddcf89540d1e99931dabe70f4defe706198ee5783f083a4f4841964185d,18341,ok,
data/flower_photos/sunflowers/11881770944_22b4f2f8f6_n.jpg,data/flower_photos/sunflowers/11881770944_22b4f2f8f6_n.jpg,sunflowers,320,214,1.4953271028037383,RGB,JPEG,RGB,,e133920e5e96bdd9d1189c503b3af87a4100b07734e6315cda827c34fb252759,43523,ok,
data/flower_photos/sunflowers/1217254584_4b3028b93d.jpg,data/flower_photos/sunflowers/1217254584_4b3028b93d.jpg,sunflowers,500,330,1.5151515151515151,RGB,JPEG,RGB,,d846f31a11610cdbcaae32f2d54067e6c68d95b6b3c9b3f461ef4fd1262f1ab2,140365,ok,
data/flower_photos/sunflowers/12282924083_fb80aa17d4_n.jpg,data/flower_photos/sunflowers/12282924083_fb80aa17d4_n.jpg,sunflowers,320,240,1.3333333333333333,RGB,JPEG,RGB,,1b5c472ad46c1e047fff115bcb65aa05e2ae3eb739a3c21b2b1f0efc1e8b0c2a,58884,ok,
data/flower_photos/sunflowers/1240624822_4111dde542.jpg,data/flower_photos/sunflowers/1240624822_4111dde542.jpg,sunflowers,500,332,1.5060240963855422,RGB,JPEG,RGB,,30036e6597f97e37d711f0707faf73ea8829b658b482895a498e4eb51edbf605,97215,ok,
data/flower_photos/sunflowers/1240625276_fb3bd0c7b1.jpg,data/flower_photos/sunflowers/1240625276_fb3bd0c7b1.jpg,sunflowers,500,332,1.5060240963855422,RGB,JPEG,RGB,,dfd3d983d19ad52ad01f92911693ebeb277fe2bc5714e40afdb36f653928cb8e,86831,ok,
data/flower_photos/sunflowers/1240626292_52cd5d7fb1_m.jpg,data/flower_photos/sunflowers/1240626292_52cd5d7fb1_m.jpg,sunflowers,159,240,0.6625,RGB,JPEG,RGB,,20eec0c85c1c05f9ee7b7796c9405fd848ec2022ecff3749893c940abda66cd3,24282,ok,
data/flower_photos/sunflowers/1244774242_25a20d99a9.jpg,data/flower_photos/sunflowers/1244774242_25a20d99a9.jpg,sunflowers,500,375,1.3333333333333333,RGB,JPEG,RGB,,fcc58984d5d2ce19b3af94d079688ca4bebc3503e03aaf9173aa86ddefd0c529,97480,ok,
data/flower_photos/sunflowers/12471290635_1f9e3aae16_n.jpg,data/flower_photos/sunflowers/12471290635_1f9e3aae16_n.jpg,sunflowers,320,214,1.4953271028037383,RGB,JPEG,RGB,,b89deea9260c61852347cd47dc9c9550adcf487d31c8841c61ac8bc0818d4eb0,41349,ok,
data/flower_photos/sunflowers/12471441503_d188b5f31a_m.jpg,data/flower_photos/sunflowers/12471441503_d188b5f31a_m.jpg,sunflowers,240,234,1.0256410256410255,RGB,JPEG,RGB,,9ebd83c28dfc1f9f365d9396f9d5b384fccbd74700a487e4e114705acf82acaa,29511,ok,
data/flower_photos/sunflowers/12471443383_b71e7a7480_m.jpg,data/flower_photos/sunflowers/12471443383_b71e7a7480_m.jpg,sunflowers,240,222,1.0810810810810811,RGB,JPEG,RGB,,ccd5a3f77ffeab0a29dc5146f99103be0849482e67767ba30f8112918ee6a150,28622,ok,
data/flower_photos/sunflowers/12471791574_bb1be83df4.jpg,data/flower_photos/sunflowers/12471791574_bb1be83df4.jpg,sunflowers,500,335,1.492537313432836,RGB,JPEG,RGB,,6031170ae9a06b58f1817607132b9182225096b239cbc587eb5df606f394a2a7,103147,ok,
data/flower_photos/sunflowers/1267876087_a1b3c63dc9.jpg,data/flower_photos/sunflowers/1267876087_a1b3c63dc9.jpg,sunflowers,500,375,1.3333333333333333,RGB,JPEG,RGB,,88b16f1456d0c6ae4a70e0977a4e0cd53c4145802e4630fcf1c1247ea9daeb20,143313,ok,
data/flower_photos/sunflowers/127192624_afa3d9cb84.jpg,data/flower_photos/sunflowers/127192624_afa3d9cb84.jpg,sunflowers,500,330,1.5151515151515151,RGB,JPEG,RGB,,b4bd1986df3e2fd82f20608fd438c5b7f819599288d481783144fa7cf173eed9,179259,ok,
data/flower_photos/sunflowers/1297092593_e573c0a3d6.jpg,data/flower_photos/sunflowers/1297092593_e573c0a3d6.jpg,sunflowers,500,335,1.492537313432836,RGB,JPEG,RGB,,9920a17894688a8d4298d8a2c107c3f8b1d810f7c24c7f0b7b64f7b5c0abe664,104742,ok,
data/flower_photos/sunflowers/13095941995_9a66faa713_n.jpg,data/flower_photos/sunflowers/13095941995_9a66faa713_n.jpg,sunflowers,320,212,1.509433962264151,RGB,JPEG,RGB,,ca06c8e9e490e2a1ac265738e533bc98f2712e372bf24f5e14a324092d3413cb,34891,ok,
data/flower_photos/sunflowers/13096076565_72c2c60875_n.jpg,data/flower_photos/sunflowers/13096076565_72c2c60875_n.jpg,sunflowers,320,212,1.509433962264151,RGB,JPEG,RGB,,a0027fa339f0d981a497242900646ee4c92e7282ea03a0bf6e62a353f23cfed9,30313,ok,
data/flower_photos/sunflowers/13117907313_86c99c6441.jpg,data/flower_photos/sunflowers/13117907313_86c99c6441.jpg,sunflowers,500,332,1.5060240963855422,RGB,JPEG,RGB,,f267acff79c0803499ac7871ea3cf4d3f69f4d0aa5163233b851f8ee3e46f93b,69412,ok,
data/flower_photos/sunflowers/1314584013_fe935fdeb1_n.jpg,data/flower_photos/sunflowers/1314584013_fe935fdeb1_n.jpg,sunflowers,320,229,1.3973799126637554,RGB,JPEG,RGB,,dcb0c167ac44ca643f12a2222f0b40ec602adab12bfdef9e07751d42b177bad4,40884,ok,
data/flower_photos/sunflowers/13354458753_7b586f7c95_n.jpg,data/flower_photos/sunflowers/13354458753_7b586f7c95_n.jpg,sunflowers,320,240,1.3333333333333333,RGB,JPEG,RGB,,a8f28e546585e0e4de0216d4cfbbd09526d98f450a8df0a16a4437ee691b1a9f,63571,ok,
data/flower_photos/sunflowers/13648603305_1268eda8b7_n.jpg,data/flower_photos/sunflowers/13648603305_1268eda8b7_n.jpg,sunflowers,320,234,1.3675213675213675,RGB,JPEG,RGB,,812bfb249f50613d41ae06316997b4b53b655a4310959d4011ab84c738f7b1ba,42858,ok,
data/flower_photos/sunflowers/1379256773_bb2eb0d95b_n.jpg,data/flower_photos/sunflowers/1379256773_bb2eb0d95b_n.jpg,sunflowers,320,240,1.3333333333333333,RGB,JPEG,RGB,,deeaa9f428fc3d9da90fc054c85ed9c71089f821f002e69f26a45c5ed2171f3b,50695,ok,
data/flower_photos/sunflowers/13959937305_2f5c532886_n.jpg,data/flower_photos/sunflowers/13959937305_2f5c532886_n.jpg,sunflowers,320,240,1.3333333333333333,RGB,JPEG,RGB,,03121d5d02193ab405c82a179b641a0b230133cd305dd4ef0219ef0263b44ca8,56087,ok,
data/flower_photos/sunflowers/14121915990_4b76718077_m.jpg,data/flower_photos/sunflowers/14121915990_4b76718077_m.jpg,sunflowers,180,240,0.75,RGB,JPEG,RGB,,814a23bff0e8f3b4ff1b090fd37e1cb595a2f54dabbdeab23b45270a374af83a,26437,ok,
data/flower_photos/sunflowers/14144522269_bc20029375_m.jpg,data/flower_photos/sunflowers/14144522269_bc20029375_m.jpg,sunflowers,240,240,1.0,RGB,JPEG,RGB,,ca33358aa9c7861fed81a3000dbb19068a8d0df65d79bc3436b1bc784fc1d6e6,32512,ok,
data/flower_photos/sunflowers/1419608016_707b887337_n.jpg,data/flower_photos/sunflowers/1419608016_707b887337_n.jpg,sunflowers,320,225,1.4222222222222223,RGB,JPEG,RGB,,ec88cb057fa430c5077eb80c856bbc54de64aef6753f4a87d86c3395cd573324,48465,ok,
data/flower_photos/sunflowers/14244273988_a7484f18b7_m.jpg,data/flower_photos/sunflowers/14244273988_a7484f18b7_m.jpg,sunflowers,240,240,1.0,RGB,JPEG,RGB,,93e4e5a5ff3237e44401573ae83084720bdbec3c55e1c1823033ba1099422634,24316,ok,
data/flower_photos/sunflowers/14244410747_22691ece4a_n.jpg,data/flower_photos/sunflowers/14244410747_22691ece4a_n.jpg,sunflowers,320,240,1.3333333333333333,RGB,JPEG,RGB,,87ba42b3d4211ccf1383c37b9826fb2733e082f1e3ac050739deabcc3a11604c,33615,ok,
data/flower_photos/sunflowers/14266917699_91b207888e.jpg,data/flower_photos/sunflowers/14266917699_91b207888e.jpg,sunflowers,500,292,1.7123287671232876,RGB,JPEG,RGB,,b230a86c9493990b6cd89dfb042a1d0dd08a41dc08ccb0ec5494748177359a4b,85141,ok,
data/flower_photos/sunflowers/14348961225_09bd803317_n.jpg,data/flower_photos/sunflowers/14348961225_09bd803317_n.jpg,sunflowers,320,240,1.3333333333333333,RGB,JPEG,RGB,,88bf02da76a0b752b406758726fb458d0b9c49283039ac9db98f60052f233bcc,75974,ok,
data/flower_photos/sunflowers/14397276020_49f9423614.jpg,data/flower_photos/sunflowers/14397276020_49f9423614.jpg,sunflowers,500,332,1.5060240963855422,RGB,JPEG,RGB,,e918cb8129a6e65edc336c40b04e11e530fe2cd3eae92fb27743a855815824db,92862,ok,
data/flower_photos/sunflowers/14460075029_5cd715bb72_m.jpg,data/flower_photos/sunflowers/14460075029_5cd715bb72_m.jpg,sunflowers,240,217,1.1059907834101383,RGB,JPEG,RGB,,ec8da5351b50d24fc197b14bfa04a2d49b6010e14d1268ac82bb305d62caeff2,38991,ok,
data/flower_photos/sunflowers/14460081668_eda8795693_m.jpg,data/flower_photos/sunflowers/14460081668_eda8795693_m.jpg,sunflowers,240,237,1.0126582278481013,RGB,JPEG,RGB,,4ec20a9a386fb3f69ec9feb59d2230ad974a0119a3d34a08f37decf44654ca22,42650,ok,
data/flower_photos/sunflowers/14472246629_72373111e6_m.jpg,data/flower_photos/sunflowers/14472246629_72373111e6_m.jpg,sunflowers,234,240,0.975,RGB,JPEG,RGB,,26853df810253285a09b393882942fc2c774b491ce09a8afae088edc882eb91f,40975,ok,
data/flower_photos/sunflowers/145303599_2627e23815_n.jpg,data/flower_photos/sunflowers/145303599_2627e23815_n.jpg,sunflowers,320,240,1.3333333333333333,RGB,JPEG,RGB,,081457d9aef80d608460d84660066e13a09c3d919736a7bbc38ba7aa6614f2e1,41394,ok,
data/flower_photos/sunflowers/14623719696_1bb7970208_n.jpg,data/flower_photos/sunflowers/14623719696_1bb7970208_n.jpg,sunflowers,320,229,1.3973799126637554,RGB,JPEG,RGB,,fca21930c86870abcaed76727184e31ee8461b0287d79816887099facb2584ab,54057,ok,
data/flower_photos/sunflowers/14623720226_aeeac66e0a_n.jpg,data/flower_photos/sunflowers/14623720226_aeeac66e0a_n.jpg,sunflowers,320,252,1.2698412698412698,RGB,JPEG,RGB,,dc101e821f48e4900b7e16ff68202481c7f962c1164cc4c1612ee1a2ac1cbdb9,53995,ok,
data/flower_photos/sunflowers/14646279002_9cdf97be97_n.jpg,data/flower_photos/sunflowers/14646279002_9cdf97be97_n.jpg,sunflowers,320,286,1.118881118881119,RGB,JPEG,RGB,,3c28d99ab3e722c3c130bf62fe443db5943a56cec6abb25a2d385c9172ffed8e,66190,ok,
data/flower_photos/sunflowers/14646280372_dd50be16e4_n.jpg,data/flower_photos/sunflowers/14646280372_dd50be16e4_n.jpg,sunflowers,320,252,1.2698412698412698,RGB,JPEG,RGB,,9b455e04c750405a95acb34fdaa3c44ecdd8439a774e07e2fe28922f9f1ce231,57195,ok,
data/flower_photos/sunflowers/14646281372_5f13794b47.jpg,data/flower_photos/sunflowers/14646281372_5f13794b47.jpg,sunflowers,500,325,1.5384615384615385,RGB,JPEG,RGB,,130218c89fa965a463593b08513ab795f059b2c69bd360255bbdc698bdc0b622,72602,ok,
data/flower_photos/sunflowers/14646282112_447cc7d1f9.jpg,data/flower_photos/sunflowers/14646282112_447cc7d1f9.jpg,sunflowers,500,333,1.5015015015015014,RGB,JPEG,RGB,,1f7a395a9578d818f3f8ef4762f615ce35cfef0960b8da80258f5fffc6e2ec2d,110830,ok,
data/flower_photos/sunflowers/14646283472_50a3ae1395.jpg,data/flower_photos/sunflowers/14646283472_50a3ae1395.jpg,sunflowers,500,333,1.5015015015015014,RGB,JPEG,RGB,,76b3f3a66e3c54272ba206122bee6e44a2d26b79c74fc540ba1b38cfa59d7de2,106680,ok,
data/flower_photos/sunflowers/14678298676_6db8831ee6_m.jpg,data/flower_photos/sunflowers/14678298676_6db8831ee6_m.jpg,sunflowers,209,240,0.8708333333333333,RGB,JPEG,RGB,,1718d059c49c9a9cc02083948056896570512f7dd0a7c6c6a863edf59c3d99c8,35748,ok,
data/flower_photos/sunflowers/14698136411_23bdcff7bf_n.jpg,data/flower_photos/sunflowers/14698136411_23bdcff7bf_n.jpg,sunflowers,320,284,1.1267605633802817,RGB,JPEG,RGB,,81ed5a3a988e8cc97beb74ba8a908a50fd9956ef95783462ff6f1ac9bff76c59,87175,ok,
data/flower_photos/sunflowers/14741812319_e1d32ffb84_n.jpg,data/flower_photos/sunflowers/14741812319_e1d32ffb84_n.jpg,sunflowers,320,245,1.3061224489795917,RGB,JPEG,RGB,,b1abfae01bbfc188fad197deeac37ba6d522804e744d748bd6eceb906d2ed26a,39555,ok,
data/flower_photos/sunflowers/14741813010_5d44e33088_n.jpg,data/flower_photos/sunflowers/14741813010_5d44e33088_n.jpg,sunflowers,320,219,1.461187214611872,RGB,JPEG,RGB,,99709f1b2a7a4ecfc756d0180742da66bb741bb9db1ae28534eceea5ebcd1f34,32790,ok,
data/flower_photos/sunflowers/14741813110_94964c39e2_n.jpg,data/flower_photos/sunflowers/14741813110_94964c39e2_n.jpg,sunflowers,320,239,1.3389121338912133,RGB,JPEG,RGB,,d0435d4875b497507de5691afeaa32e6e2f93126d038008a8a8ff2f3a5abf64b,41117,ok,
data/flower_photos/sunflowers/14741866338_bdc8bfc8d5_n.jpg,data/flower_photos/sunflowers/14741866338_bdc8bfc8d5_n.jpg,sunflowers,320,243,1.316872427983539,RGB,JPEG,RGB,,170b710d7cab9ab9385cede413361bfcb8d262659564bf61f824d46463a30709,47087,ok,
data/flower_photos/sunflowers/14741907467_fab96f3b2b_n.jpg,data/flower_photos/sunflowers/14741907467_fab96f3b2b_n.jpg,sunflowers,320,239,1.3389121338912133,RGB,JPEG,RGB,,78785e28f9452656ca8af92d72373fc40d2ebd8c4bea790c0abce1ca55bb22b8,43003,ok,
data/flower_photos/sunflowers/147804446_ef9244c8ce_m.jpg,data/flower_photos/sunflowers/147804446_ef9244c8ce_m.jpg,sunflowers,180,240,0.75,RGB,JPEG,RGB,,8df1e044363790ad8516b59850da02467700c7411d99769eb7137ccc9217cc3d,17492,ok,
data/flower_photos/sunflowers/14814264272_4b39a102f9_n.jpg,data/flower_photos/sunflowers/14814264272_4b39a102f9_n.jpg,sunflowers,320,213,1.5023474178403755,RGB,JPEG,RGB,,9249eec440fb99fc51de37e6a0bbb143c83bbb89ef8a24b248c70468c02a0fb4,49539,ok,
data/flower_photos/sunflowers/1484598527_579a272f53.jpg,data/flower_photos/sunflowers/1484598527_579a272f53.jpg,sunflowers,500,325,1.5384615384615385,RGB,JPEG,RGB,,ed3aa00bf541c18b81ae64cee591500995c404367e1b89f8b1279b21c006e4fe,142934,ok,
data/flower_photos/sunflowers/1485456230_58d8e45e88.jpg,data/flower_photos/sunflowers/1485456230_58d8e45e88.jpg,sunflowers,500,321,1.557632398753894,RGB,JPEG,RGB,,605cb44d966fb0922de4f141dd5a6944fbefe6ceca07abdb20b4bca1fc6ba457,149831,ok,
data/flower_photos/sunflowers/14858674096_ed0fc1a130.jpg,data/flower_photos/sunflowers/14858674096_ed0fc1a130.jpg,sunflowers,500,281,1.7793594306049823,RGB,JPEG,RGB,,e6343c2ff25e67a58c9a16894253890a504a875a0ddae7a02ff0366b0af7b653,117714,ok,
data/flower_photos/sunflowers/14881304632_54a9dfb8be.jpg,data/flower_photos/sunflowers/14881304632_54a9dfb8be.jpg,sunflowers,500,281,1.7793594306049823,RGB,JPEG,RGB,,1ba34efacab370ac4190dea1f5dc3720864037f00c6eb05f1affbe2c82f573d1,83311,ok,
data/flower_photos/sunflowers/14889392928_9742aed45b_m.jpg,data/flower_photos/sunflowers/14889392928_9742aed45b_m.jpg,sunflowers,240,221,1.085972850678733,RGB,JPEG,RGB,,1235dc340983196227bcd84cdd1d598b97348373dc96b60871d16a63b9b30d5f,32876,ok,dup_273
data/flower_photos/sunflowers/14889779907_3d401bbac7_m.jpg,data/flower_photos/sunflowers/14889779907_3d401bbac7_m.jpg,sunflowers,180,240,0.75,RGB,JPEG,RGB,,1ffa5ef8e0170805f05a2e0a41ed9714018731db59ab57b7157d5db7ef3471c1,38017,ok,
data/flower_photos/sunflowers/14901528533_ac1ce09063.jpg,data/flower_photos/sunflowers/14901528533_ac1ce09063.jpg,sunflowers,500,281,1.7793594306049823,RGB,JPEG,RGB,,0bc6400995416ba5031c4ddc35ad177f4530f7d1feb00333c03a5e8cc8c71039,93617,ok,
data/flower_photos/sunflowers/14921668662_3ffc5b9db3_n.jpg,data/flower_photos/sunflowers/14921668662_3ffc5b9db3_n.jpg,sunflowers,320,212,1.509433962264151,RGB,JPEG,RGB,,9b9a55c78d2ada1ec6e9d481919fc8ebe1d8794d6f95471f10b314eac4af0f85,40502,ok,
data/flower_photos/sunflowers/14925397351_c7f209d804_n.jpg,data/flower_photos/sunflowers/14925397351_c7f209d804_n.jpg,sunflowers,320,252,1.2698412698412698,RGB,JPEG,RGB,,10165f5edfc122f73c9c712e814194260a0c54c988752b1ef20950384755bf82,74329,ok,
data/flower_photos/sunflowers/14925397651_97dcddc383_n.jpg,data/flower_photos/sunflowers/14925397651_97dcddc383_n.jpg,sunflowers,320,252,1.2698412698412698,RGB,JPEG,RGB,,41bf92d5d358498915d33ea5ce70ffcdf109dc45f6a2f72443b0a12fb4ef474c,44931,ok,
data/flower_photos/sunflowers/14925397761_46ecfa24e0.jpg,data/flower_photos/sunflowers/14925397761_46ecfa24e0.jpg,sunflowers,500,293,1.7064846416382253,RGB,JPEG,RGB,,8c23d0dd4e72db32e7285f06662f494fe8d94da442e27c35717053f652bd191d,75756,ok,
data/flower_photos/sunflowers/14925398301_55a180f919_n.jpg,data/flower_photos/sunflowers/14925398301_55a180f919_n.jpg,sunflowers,320,252,1.2698412698412698,RGB,JPEG,RGB,,1e013f5d419481255b7b12fb525ebd0d2c9635554dadbc04e28e99f43185621c,45727,ok,
data/flower_photos/sunflowers/14925398441_107f3e0304_n.jpg,data/flower_photos/sunflowers/14925398441_107f3e0304_n.jpg,sunflowers,320,243,1.316872427983539,RGB,JPEG,RGB,,c5e7a7d7df3e326b96a6c20bc62d2ec9c5fafceb5b5c90b9435f77b49726b7b5,45120,ok,
data/flower_photos/sunflowers/14928117202_139d2142cc_n.jpg,data/flower_photos/sunflowers/14928117202_139d2142cc_n.jpg,sunflowers,320,218,1.4678899082568808,RGB,JPEG,RGB,,83a4377537325bcfc1cb44418dc346ebdc293ad8810edaeef9dc368450d32275,39907,ok,
data/flower_photos/sunflowers/14932787983_d6e05f2434_m.jpg,data/flower_photos/sunflowers/14932787983_d6e05f2434_m.jpg,sunflowers,180,240,0.75,RGB,JPEG,RGB,,1053d5ffb8e1a9701a35ba6d6106534f10da6c6908a66238596f72e1f4f6fe89,34503,ok,
data/flower_photos/sunflowers/14955545254_324cd4ee75.jpg,data/flower_photos/sunflowers/14955545254_324cd4ee75.jpg,sunflowers,500,331,1.5105740181268883,RGB,JPEG,RGB,,a5d060a6ae70994ff1acd2f62b5eff2cd686e37508ff098c0f5a11f75fd328ea,87828,ok,
data/flower_photos/sunflowers/14969295739_c132a08663_n.jpg,data/flower_photos/sunflowers/14969295739_c132a08663_n.jpg,sunflowers,320,240,1.3333333333333333,RGB,JPEG,RGB,,4fcd32800bff097678c7a4101073696a6a280cd8c83d984712e1d538001fed69,61637,ok,
data/flower_photos/sunflowers/15026703621_e15e9d55f0_n.jpg,data/flower_photos/sunflowers/15026703621_e15e9d55f0_n.jpg,sunflowers,320,200,1.6,RGB,JPEG,RGB,,eccca9ac830e786231a2bb9c7fbf78c08d6bec1024a9d926159f95cf46f46aee,43692,ok,
data/flower_photos/sunflowers/15030133005_9728102622_z.jpg,data/flower_photos/sunflowers/15030133005_9728102622_z.jpg,sunflowers,640,204,3.1372549019607843,RGB,JPEG,RGB,,f0d5242206b7ec3ef79319cf3a61730b169b5e1d0883c2e9189d3a48ea611bd9,122936,ok,
data/flower_photos/sunflowers/15042911059_b6153d94e7_n.jpg,data/flower_photos/sunflowers/15042911059_b6153d94e7_n.jpg,sunflowers,320,212,1.509433962264151,RGB,JPEG,RGB,,f18de42411e3b8fd38b629502e263603a13658f920ee1b1834cb23043cd3455b,20862,ok,
data/flower_photos/sunflowers/15043962658_dcf9dff5e9_n.jpg,data/flower_photos/sunflowers/15043962658_dcf9dff5e9_n.jpg,sunflowers,320,247,1.2955465587044535,RGB,JPEG,RGB,,78c774a3cb2b7135243a5d4b32ba4638278f5f8ede0601345c25d2aeb7b9948c,44098,ok,
data/flower_photos/sunflowers/15054750690_198b6ab0f2_n.jpg,data/flower_photos/sunflowers/15054750690_198b6ab0f2_n.jpg,sunflowers,320,285,1.1228070175438596,RGB,JPEG,RGB,,aa24e9e013aa435e9035ba1cc8c65e8d2af320d336f58dbd17b3e2c80e5fb8a6,25787,ok,
data/flower_photos/sunflowers/15054751430_5af76f6096_n.jpg,data/flower_photos/sunflowers/15054751430_5af76f6096_n.jpg,sunflowers,320,253,1.2648221343873518,RGB,JPEG,RGB,,79d0993f22ddd5c6ee84cbcd5228c97368d7cdd5ca30d514d929715bbcd3df42,38184,ok,
data/flower_photos/sunflowers/15054752730_fcf54d475e_m.jpg,data/flower_photos/sunflowers/15054752730_fcf54d475e_m.jpg,sunflowers,240,240,1.0,RGB,JPEG,RGB,,b03a4e9077ef931d7806be5eb744427d50d50a1c4134ee5e98cbae23f35c0f01,31983,ok,
data/flower_photos/sunflowers/15054753070_4f6ae0e763_m.jpg,data/flower_photos/sunflowers/15054753070_4f6ae0e763_m.jpg,sunflowers,240,229,1.0480349344978166,RGB,JPEG,RGB,,2af25ff9224a8f6eee4aba7e190f24e13353dcf157b2414474465aa6b6abf109,19951,ok,
data/flower_photos/sunflowers/15054864058_2edca122a9_n.jpg,data/flower_photos/sunflowers/15054864058_2edca122a9_n.jpg,sunflowers,320,273,1.1721611721611722,RGB,JPEG,RGB,,f063008532dd28dc291f94dcbc4ae8430e2e79fb2719a0cd32c9a006d2c4c035,26651,ok,
data/flower_photos/sunflowers/15054864508_0334b892be_m.jpg,data/flower_photos/sunflowers/15054864508_0334b892be_m.jpg,sunflowers,240,228,1.0526315789473684,RGB,JPEG,RGB,,4d1b144fbf1e21f85e64d6b4c2f119e650f7312e83f70635b970d4c4d9ea69ba,22942,ok,
data/flower_photos/sunflowers/15054865217_e398d0dc9f_n.jpg,data/flower_photos/sunflowers/15054865217_e398d0dc9f_n.jpg,sunflowers,320,256,1.25,RGB,JPEG,RGB,,0aa71564df06a077a34d33da2a10fcb0bd63abb8d06c53bbd188d86d7410ddca,28250,ok,
data/flower_photos/sunflowers/15054865768_2cc87ac9d4_m.jpg,data/flower_photos/sunflowers/15054865768_2cc87ac9d4_m.jpg,sunflowers,240,213,1.1267605633802817,RGB,JPEG,RGB,,fc89916e5de0630d50ccd116eeaf4d564d998992b107d5280b20106bb7822556,22025,ok,
data/flower_photos/sunflowers/15054866658_c1a6223403_m.jpg,data/flower_photos/sunflowers/15054866658_c1a6223403_m.jpg,sunflowers,240,231,1.0389610389610389,RGB,JPEG,RGB,,a5b968b0387aa0781280c42f965650012e426fc56cf5f31a4a7bc6a19489c2b0,27135,ok,
data/flower_photos/sunflowers/15054866898_60ee50ec6b_n.jpg,data/flower_photos/sunflowers/15054866898_60ee50ec6b_n.jpg,sunflowers,320,270,1.1851851851851851,RGB,JPEG,RGB,,aea221b600f472fb84efa49903751844cfe002c627e036ca1b05c50d11bd873a,32535,ok,
data/flower_photos/sunflowers/15066430311_fb57fa92b0_m.jpg,data/flower_photos/sunflowers/15066430311_fb57fa92b0_m.jpg,sunflowers,240,221,1.085972850678733,RGB,JPEG,RGB,,1235dc340983196227bcd84cdd1d598b97348373dc96b60871d16a63b9b30d5f,32876,ok,dup_273
data/flower_photos/sunflowers/15069459615_7e0fd61914_n.jpg,data/flower_photos/sunflowers/15069459615_7e0fd61914_n.jpg,sunflowers,320,239,1.3389121338912133,RGB,JPEG,RGB,,65ea2fd6f038f541bea6e28f077e666c755b81441ee6e2224191fc48f69b8d21,51208,ok,dup_1417
data/flower_photos/sunflowers/15072973261_73e2912ef2_n.jpg,data/flower_photos/sunflowers/15072973261_73e2912ef2_n.jpg,sunflowers,320,239,1.3389121338912133,RGB,JPEG,RGB,,65ea2fd6f038f541bea6e28f077e666c755b81441ee6e2224191fc48f69b8d21,51208,ok,dup_1417
data/flower_photos/sunflowers/15081164641_45a7b92b3a_m.jpg,data/flower_photos/sunflowers/15081164641_45a7b92b3a_m.jpg,sunflowers,240,240,1.0,RGB,JPEG,RGB,,b8a8cce3e8db2b4d5edd90c2b5e365d2b007287a3d0c751c0294bc0d8ccbba8f,42821,ok,
data/flower_photos/sunflowers/15108515192_f686dce398_n.jpg,data/flower_photos/sunflowers/15108515192_f686dce398_n.jpg,sunflowers,320,240,1.3333333333333333,RGB,JPEG,RGB,,0ad4b66f896449d34c041c911ee975d3df03ee4e7c20ad9edc2b55b9685152e8,62789,ok,
data/flower_photos/sunflowers/15118243470_7e0a7f159c_n.jpg,data/flower_photos/sunflowers/15118243470_7e0a7f159c_n.jpg,sunflowers,320,240,1.3333333333333333,RGB,JPEG,RGB,,09eeb8b3a75cff1f5d0c23582a59b795a1cc9124134e0b88c1fa215b59f84dd0,38322,ok,
data/flower_photos/sunflowers/15118397087_bfb7ea70d5_n.jpg,data/flower_photos/sunflowers/15118397087_bfb7ea70d5_n.jpg,sunflowers,320,240,1.3333333333333333,RGB,JPEG,RGB,,04c317cf4219957a3afdd88f23f9a0853480a337c8c939df5251444c9605f41f,33702,ok,
data/flower_photos/sunflowers/15122112402_cafa41934f.jpg,data/flower_photos/sunflowers/15122112402_cafa41934f.jpg,sunflowers,500,281,1.7793594306049823,RGB,JPEG,RGB,,16a3816bb2acd429b46ff46c10f8937750a2518e810f18b2b894ae8903f9f334,109688,ok,
data/flower_photos/sunflowers/15122871130_6a7d0b4372_n.jpg,data/flower_photos/sunflowers/15122871130_6a7d0b4372_n.jpg,sunflowers,320,240,1.3333333333333333,RGB,JPEG,RGB,,641027c25a43e4d122e0273da3509d2df63e8eeb5d430ca49d5e33df63c0ce10,37237,ok,
data/flower_photos/sunflowers/15123604714_dd034a4a3b_n.jpg,data/flower_photos/sunflowers/15123604714_dd034a4a3b_n.jpg,sunflowers,320,212,1.509433962264151,RGB,JPEG,RGB,,a50505187afea8e8356e5f60beb4e37b18ebd5e27145088efef10f5775cb7222,71592,ok,
data/flower_photos/sunflowers/151898652_b5f1c70b98_n.jpg,data/flower_photos/sunflowers/151898652_b5f1c70b98_n.jpg,sunflowers,320,240,1.3333333333333333,RGB,JPEG,RGB,,de4c6b14fc15398f7c7e39ce540ca41d74779febf8f0440f4d1615b66bc3f3f9,39290,ok,
data/flower_photos/sunflowers/15191613243_82ee8e0fe8.jpg,data/flower_photos/sunflowers/15191613243_82ee8e0fe8.jpg,sunflowers,500,333,1.5015015015015014,RGB,JPEG,RGB,,b2823d42ec515354e595814536ce3b78faab0517efb1e06bd8358902dca9d53d,117928,ok,
data/flower_photos/sunflowers/15207507116_8b7f894508_m.jpg,data/flower_photos/sunflowers/15207507116_8b7f894508_m.jpg,sunflowers,240,220,1.0909090909090908,RGB,JPEG,RGB,,6e0403e2c926ddeba339911b04ee76352cba7160f481bf64a77abd1a1c410a90,28769,ok,
data/flower_photos/sunflowers/15218421476_9d5f38e732_m.jpg,data/flower_photos/sunflowers/15218421476_9d5f38e732_m.jpg,sunflowers,240,240,1.0,RGB,JPEG,RGB,,2635a993711fc063188dc1af44b743e6ac1e322077d6aa9eea7969068387ef37,25472,ok,
data/flower_photos/sunflowers/15218871222_c104032ca1.jpg,data/flower_photos/sunflowers/15218871222_c104032ca1.jpg,sunflowers,500,332,1.5060240963855422,RGB,JPEG,RGB,,e905796785d4e67ca183a0f4abb50cb88169b42c3a2658016095fb4328025088,68493,ok,
data/flower_photos/sunflowers/15238348741_c2fb12ecf2_m.jpg,data/flower_photos/sunflowers/15238348741_c2fb12ecf2_m.jpg,sunflowers,238,240,0.9916666666666667,RGB,JPEG,RGB,,da9b48005bd5041014ceae0a20dcba8b3a3dbef802f9129aff382a402bb403e1,27502,ok,
data/flower_photos/sunflowers/15240466871_ec45b65554_m.jpg,data/flower_photos/sunflowers/15240466871_ec45b65554_m.jpg,sunflowers,159,240,0.6625,RGB,JPEG,RGB,,5a8ba9726562240e1d327065ae1687dcc7bf46fd9f8f49360a0add712d13b675,29760,ok,
data/flower_photos/sunflowers/15241052342_466b38b68d.jpg,data/flower_photos/sunflowers/15241052342_466b38b68d.jpg,sunflowers,500,271,1.845018450184502,RGB,JPEG,RGB,,8ba5718aa3ef2abca004e522eb971380eba955c3b88e0b5ce75c4159e35f034c,35266,ok,
data/flower_photos/sunflowers/15241431045_65201cf15a_n.jpg,data/flower_photos/sunflowers/15241431045_65201cf15a_n.jpg,sunflowers,320,264,1.2121212121212122,RGB,JPEG,RGB,,becbed1e59f4c2c271bcaaba0ede243864510fbb363e7a5f1c6438f7a7e57b59,39011,ok,
data/flower_photos/sunflowers/15243175532_ac28c48e14_m.jpg,data/flower_photos/sunflowers/15243175532_ac28c48e14_m.jpg,sunflowers,178,240,0.7416666666666667,RGB,JPEG,RGB,,c1003bc0fb65a57bfca28fd5dfe8fdd22780ed983ab917a016c372c36b959aff,31702,ok,
data/flower_photos/sunflowers/15266715291_dfa3f1d49f_n.jpg,data/flower_photos/sunflowers/15266715291_dfa3f1d49f_n.jpg,sunflowers,320,259,1.2355212355212355,RGB,JPEG,RGB,,f12f43cf6cf70135ed78d2caea097f9301eae55361d803d083b145343492429b,27249,ok,
data/flower_photos/sunflowers/15380755137_a2e67839ab_m.jpg,data/flower_photos/sunflowers/15380755137_a2e67839ab_m.jpg,sunflowers,240,234,1.0256410256410255,RGB,JPEG,RGB,,7c867b1208da5e8638d49ec8bbb1288e7b61b4dbb81f27163994cd9dc1268bfc,40787,ok,
data/flower_photos/sunflowers/15460162172_014bcce403.jpg,data/flower_photos/sunflowers/15460162172_014bcce403.jpg,sunflowers,500,281,1.7793594306049823,RGB,JPEG,RGB,,29e760ae910056cbd2f68d18d38aff23de722c0d4f87741402594ce3b579c8ec,113943,ok,
data/flower_photos/sunflowers/15472217046_2699b25584.jpg,data/flower_photos/sunflowers/15472217046_2699b25584.jpg,sunflowers,500,316,1.5822784810126582,RGB,JPEG,RGB,,c264460b35fe392062571f251824647947e607a5fe90b5977f3624226351f647,108500,ok,
data/flower_photos/sunflowers/15493195788_60530f2398_m.jpg,data/flower_photos/sunflowers/15493195788_60530f2398_m.jpg,sunflowers,240,240,1.0,RGB,JPEG,RGB,,a3ce2293f5f4350278814dbf0fc829c9bad26818e9aaecd338df1ab01498ca9a,35813,ok,
data/flower_photos/sunflowers/15495578821_92c6d14252_n.jpg,data/flower_photos/sunflowers/15495578821_92c6d14252_n.jpg,sunflowers,320,252,1.2698412698412698,RGB,JPEG,RGB,,2b9a412f651cd3d71e8c2441211c35bcd1c42ff185151b19a16c33c73f2e3ff9,58133,ok,
data/flower_photos/sunflowers/15495579081_661cb260d1_n.jpg,data/flower_photos/sunflowers/15495579081_661cb260d1_n.jpg,sunflowers,320,226,1.415929203539823,RGB,JPEG,RGB,,6aeed573ba3d269f237e789179664440a02611b9201230d9410a5e0dc02240cf,50588,ok,
data/flower_photos/sunflowers/15683877266_42e0fe3782_n.jpg,data/flower_photos/sunflowers/15683877266_42e0fe3782_n.jpg,sunflowers,320,240,1.3333333333333333,RGB,JPEG,RGB,,893bc279c366c712e63053df9e5f17126e08bb68d4fe000597506ed470dcf605,45523,ok,
data/flower_photos/sunflowers/15745084272_36402f5ee6_n.jpg,data/flower_photos/sunflowers/15745084272_36402f5ee6_n.jpg,sunflowers,320,229,1.3973799126637554,RGB,JPEG,RGB,,61dcf899a8093f53194aa37f35152b70316811db9e8894694ac0b1f1f736816c,43024,ok,
data/flower_photos/sunflowers/15839183375_49bf4f75e8_m.jpg,data/flower_photos/sunflowers/15839183375_49bf4f75e8_m.jpg,sunflowers,160,240,0.6666666666666666,RGB,JPEG,RGB,,8e297c3b6d509aa1f3b7210d5c20bd251b7b086fb54dad7d66ee441aca61087d,14891,ok,
data/flower_photos/sunflowers/1596293240_2d5b53495a_m.jpg,data/flower_photos/sunflowers/1596293240_2d5b53495a_m.jpg,sunflowers,240,180,1.3333333333333333,RGB,JPEG,RGB,,a711aa1096d8b469877563d2c147e22ded196a66c9f8693f8379e4abd1d072a6,20608,ok,
data/flower_photos/sunflowers/15973657966_d6f6005539_n.jpg,data/flower_photos/sunflowers/15973657966_d6f6005539_n.jpg,sunflowers,320,224,1.4285714285714286,RGB,JPEG,RGB,,68ff00b6d72a5c7683de845dd06e828396258283dd53248ee44b70c38ac58319,57931,ok,
data/flower_photos/sunflowers/16143151468_4f3c033e33.jpg,data/flower_photos/sunflowers/16143151468_4f3c033e33.jpg,sunflowers,500,333,1.5015015015015014,RGB,JPEG,RGB,,4311608f6ca95f7a3e5bb0432cf74d74d7db68dabcd58bd37ed7fc9f0401978b,93882,ok,
data/flower_photos/sunflowers/164668737_aeab0cb55e_n.jpg,data/flower_photos/sunflowers/164668737_aeab0cb55e_n.jpg,sunflowers,320,228,1.4035087719298245,RGB,JPEG,RGB,,3555539b270c3f6741c15e2b20d27cf8d87b5e32e0a4e16ec033116b8e14dccf,32409,ok,
data/flower_photos/sunflowers/164670176_9f5b9c7965.jpg,data/flower_photos/sunflowers/164670176_9f5b9c7965.jpg,sunflowers,500,333,1.5015015015015014,RGB,JPEG,RGB,,c070cd4e3ecb3a050c1d292a608a97b40edec598b0e76fdc4a78d6eeac1a53cd,124625,ok,
data/flower_photos/sunflowers/164670455_29d8e02bbd_n.jpg,data/flower_photos/sunflowers/164670455_29d8e02bbd_n.jpg,sunflowers,320,228,1.4035087719298245,RGB,JPEG,RGB,,f20ed6b7d9569c6bf5de25aef254f79c10ffd160320a71d471984aead869a302,35254,ok,
data/flower_photos/sunflowers/164671753_ab36d9cbb7_n.jpg,data/flower_photos/sunflowers/164671753_ab36d9cbb7_n.jpg,sunflowers,320,228,1.4035087719298245,RGB,JPEG,RGB,,87ffac38b99744ee3daab669979d1b345572ff619f24ef6402044fcbbd74a331,27246,ok,
data/flower_photos/sunflowers/164672339_f2b5b164f6.jpg,data/flower_photos/sunflowers/164672339_f2b5b164f6.jpg,sunflowers,500,333,1.5015015015015014,RGB,JPEG,RGB,,96be3521623d74025d21695931b1865d1c491ae5a8f19d1c20c7afd0a163641f,110594,ok,
data/flower_photos/sunflowers/16616096711_12375a0260_n.jpg,data/flower_photos/sunflowers/16616096711_12375a0260_n.jpg,sunflowers,320,200,1.6,RGB,JPEG,RGB,,21e2c9ac4bd4e82a49d94d8cfd1d1cc0659f42d4d93dbccbd25c40d9b02fd152,50740,ok,
data/flower_photos/sunflowers/16656015339_2ccb7cd18d.jpg,data/flower_photos/sunflowers/16656015339_2ccb7cd18d.jpg,sunflowers,500,333,1.5015015015015014,RGB,JPEG,RGB,,04fc2b6f7fc28cf944f5adf705db7df216660809b0aff0d7b5252d61adf7bf3d,85793,ok,
data/flower_photos/sunflowers/16832961488_5f7e70eb5e_n.jpg,data/flower_photos/sunflowers/16832961488_5f7e70eb5e_n.jpg,sunflowers,320,200,1.6,RGB,JPEG,RGB,,092c82d9af519eb978c55bb380a969a267348cbf4df971a8cc85a939a677f7bb,31282,ok,
data/flower_photos/sunflowers/16967372357_15b1b9a812_n.jpg,data/flower_photos/sunflowers/16967372357_15b1b9a812_n.jpg,sunflowers,320,240,1.3333333333333333,RGB,JPEG,RGB,,7ca9addda39a12f2d5f0fa5f541cdc04f786d39a8fff76775dbbd9f798a2ca2a,58612,ok,
data/flower_photos/sunflowers/16975010069_7afd290657_m.jpg,data/flower_photos/sunflowers/16975010069_7afd290657_m.jpg,sunflowers,174,240,0.725,RGB,JPEG,RGB,,fec501bdf38c61202334149fe3ba0d7c24e2eb991bc76f4079f13ae4166f3558,31287,ok,
data/flower_photos/sunflowers/16988605969_570329ff20_n.jpg,data/flower_photos/sunflowers/16988605969_570329ff20_n.jpg,sunflowers,320,240,1.3333333333333333,RGB,JPEG,RGB,,cb1eb1f6e55a1325a25474409871648ec6e827352e90305a6cc78cf7890ed8df,46017,ok,
data/flower_photos/sunflowers/17148843706_df148301ac_n.jpg,data/flower_photos/sunflowers/17148843706_df148301ac_n.jpg,sunflowers,320,240,1.3333333333333333,RGB,JPEG,RGB,,9f9ccb40fd56f64cf83f2cc01fb6b056c04336dd2d342ceb2053c11f583594d2,56510,ok,
data/flower_photos/sunflowers/1715303025_e7065327e2.jpg,data/flower_photos/sunflowers/1715303025_e7065327e2.jpg,sunflowers,500,333,1.5015015015015014,RGB,JPEG,RGB,,93045b1cd6c47aba04d03dae3404e4fd6538dc9e6b20e804e877adb07f0bddfe,93778,ok,
data/flower_photos/sunflowers/17433282043_441b0a07f4_n.jpg,data/flower_photos/sunflowers/17433282043_441b0a07f4_n.jpg,sunflowers,320,240,1.3333333333333333,RGB,JPEG,RGB,,8016feac6c75eda71ed48ddd83fb969c1f27b3fee24760ba3995138ed16df512,67458,ok,
data/flower_photos/sunflowers/175638423_058c07afb9.jpg,data/flower_photos/sunflowers/175638423_058c07afb9.jpg,sunflowers,500,375,1.3333333333333333,RGB,JPEG,RGB,,7785db59a2e1d5907ea5decd33c0a54e47f369109c1c26832f2890e3951bc56a,183017,ok,
data/flower_photos/sunflowers/1788133737_b1133d1aa7.jpg,data/flower_photos/sunflowers/1788133737_b1133d1aa7.jpg,sunflowers,500,375,1.3333333333333333,RGB,JPEG,RGB,,f94ff75dac6fd006b4c16d4476910d1dcff637ab3b351df34c95a82d45ae6660,136583,ok,
data/flower_photos/sunflowers/18097401209_910a46fae1_n.jpg,data/flower_photos/sunflowers/18097401209_910a46fae1_n.jpg,sunflowers,320,240,1.3333333333333333,RGB,JPEG,RGB,,1a11a86197a10c8a2e08ac6815fcaec83db47dfcf8ecc130c45f754646840c07,46195,ok,
data/flower_photos/sunflowers/18237156988_9ceb46a8de_n.jpg,data/flower_photos/sunflowers/18237156988_9ceb46a8de_n.jpg,sunflowers,320,240,1.3333333333333333,RGB,JPEG,RGB,,9e316ef92922b6ed18c13c058c453c73f447c86131db841429690ef8976096a7,66112,ok,
data/flower_photos/sunflowers/18237215308_a158d49f28_n.jpg,data/flower_photos/sunflowers/18237215308_a158d49f28_n.jpg,sunflowers,320,240,1.3333333333333333,RGB,JPEG,RGB,,133fbc499e3f354fa1e3e8788b7d709a0b5b7f9c7dfc781903713142e866ccf9,74553,ok,
data/flower_photos/sunflowers/18250039435_7654bc11be_n.jpg,data/flower_photos/sunflowers/18250039435_7654bc11be_n.jpg,sunflowers,320,240,1.3333333333333333,RGB,JPEG,RGB,,eac24c690ac0d7e6b3f780bed0a37ec6948e1db4e37b8040ba972759ed3fbe81,51980,ok,
data/flower_photos/sunflowers/184682095_46f8607278.jpg,data/flower_photos/sunflowers/184682095_46f8607278.jpg,sunflowers,500,332,1.5060240963855422,RGB,JPEG,RGB,,ccbc6f5b4d03d2b9d18f97c2fbc0fc96957d00711b6910fb7c1abc709930102e,143116,ok,
data/flower_photos/sunflowers/184682320_73ccf74710.jpg,data/flower_photos/sunflowers/184682320_73ccf74710.jpg,sunflowers,500,332,1.5060240963855422,RGB,JPEG,RGB,,1f99decb3da380cca9d286a24ebf134e378c57a9cba25b51f2145f0068523802,147767,ok,
data/flower_photos/sunflowers/184682506_8a9b8c662d.jpg,data/flower_photos/sunflowers/184682506_8a9b8c662d.jpg,sunflowers,500,332,1.5060240963855422,RGB,JPEG,RGB,,dc7763e1b459257baef73064ecc53702d049e4574be648d65197c4f514d7318e,161533,ok,
data/flower_photos/sunflowers/184682652_c927a49226_m.jpg,data/flower_photos/sunflowers/184682652_c927a49226_m.jpg,sunflowers,159,240,0.6625,RGB,JPEG,RGB,,46141cefda8548d47ebf052d140ac2fa5f26396072d33499d01f68bc1c32c400,24119,ok,
data/flower_photos/sunflowers/184682920_97ae41ce60_m.jpg,data/flower_photos/sunflowers/184682920_97ae41ce60_m.jpg,sunflowers,159,240,0.6625,RGB,JPEG,RGB,,6b4316a3bf99d2a74b36966aad35eb0f9985075e58dc79c2b25b62363050b4c3,22448,ok,
data/flower_photos/sunflowers/184683023_737fec5b18.jpg,data/flower_photos/sunflowers/184683023_737fec5b18.jpg,sunflowers,500,332,1.5060240963855422,RGB,JPEG,RGB,,c1bca80de06dfd1b8ffd0fe1c9b9a59bad0dcace9fca14980f141ff64bf90a2c,165471,ok,
data/flower_photos/sunflowers/18766965343_9f42d4bedc_m.jpg,data/flower_photos/sunflowers/18766965343_9f42d4bedc_m.jpg,sunflowers,240,240,1.0,RGB,JPEG,RGB,,571d1077d301a36fc614c4670bae7cf2553b1d15b5ce515171fcba63a24205dd,21777,ok,
data/flower_photos/sunflowers/1880606744_23e3dc4f6b_n.jpg,data/flower_photos/sunflowers/1880606744_23e3dc4f6b_n.jpg,sunflowers,320,240,1.3333333333333333,RGB,JPEG,RGB,,e49c28e0f3eb0fa1d3de127a006fa73a067c0045233acbd2c92b27e03c87b941,40951,ok,
data/flower_photos/sunflowers/18828277053_1493158b28.jpg,data/flower_photos/sunflowers/18828277053_1493158b28.jpg,sunflowers,500,331,1.5105740181268883,RGB,JPEG,RGB,,6457f451a41d1a946b7ad29f39ab3f64049430cd2abdeeb543660c5933a5825b,100713,ok,
data/flower_photos/sunflowers/18828283553_e46504ae38.jpg,data/flower_photos/sunflowers/18828283553_e46504ae38.jpg,sunflowers,500,331,1.5105740181268883,RGB,JPEG,RGB,,13a01c26e6331914bdcdc01eacc65081858b5e671eb4b1483293ede378f47b08,108763,ok,
data/flower_photos/sunflowers/18843967474_9cb552716b.jpg,data/flower_photos/sunflowers/18843967474_9cb552716b.jpg,sunflowers,500,291,1.7182130584192439,RGB,JPEG,RGB,,877c4c97dc8dd62970616c2dd2607d9bcd47d2faa4f163da753ae644e862df0f,81350,ok,
data/flower_photos/sunflowers/18972803569_1a0634f398_m.jpg,data/flower_photos/sunflowers/18972803569_1a0634f398_m.jpg,sunflowers,240,240,1.0,RGB,JPEG,RGB,,198ca08a497d9fdc5bb5736ece694814ca32282e48bf05c19e1720ab89b76051,36922,ok,
data/flower_photos/sunflowers/19349582128_68a662075e_n.jpg,data/flower_photos/sunflowers/19349582128_68a662075e_n.jpg,sunflowers,320,213,1.5023474178403755,RGB,JPEG,RGB,,91c1b9d7fa03e6f9a06f4cd30ffb740bc901e62fb11c07a3d3799f25d36bb9bf,33955,ok,
data/flower_photos/sunflowers/19359539074_d7e32e6616_n.jpg,data/flower_photos/sunflowers/19359539074_d7e32e6616_n.jpg,sunflowers,320,212,1.509433962264151,RGB,JPEG,RGB,,8fbb2c1f10c43b230502a731196f71c18de720019fb95e15e901b8c47efa70c8,28311,ok,
data/flower_photos/sunflowers/193874852_fb633d8d00_n.jpg,data/flower_photos/sunflowers/193874852_fb633d8d00_n.jpg,sunflowers,320,240,1.3333333333333333,RGB,JPEG,RGB,,eebae1ea44204544fcbe79da1a420ce0efd0abf47bff7305c6cdaf76d4a6112e,48325,ok,
data/flower_photos/sunflowers/193878348_43571127b9_n.jpg,data/flower_photos/sunflowers/193878348_43571127b9_n.jpg,sunflowers,320,240,1.3333333333333333,RGB,JPEG,RGB,,f0a37a297958a38c84a5ec228aefae436c8944560ce72fb600d8a4dca96609f8,69459,ok,
data/flower_photos/sunflowers/19442589512_e733cfea0f.jpg,data/flower_photos/sunflowers/19442589512_e733cfea0f.jpg,sunflowers,500,331,1.5105740181268883,RGB,JPEG,RGB,,2b8222315c005be4dc73c317e9c81d1e5ef5e2a0a8fb30e155d7ad73ef2b18e3,71852,ok,
data/flower_photos/sunflowers/19453165201_2aa747e0bf.jpg,data/flower_photos/sunflowers/19453165201_2aa747e0bf.jpg,sunflowers,500,331,1.5105740181268883,RGB,JPEG,RGB,,543ffeabc7bba86e2bf3eea34c6710215449dadccfabd8c5862b244debb4755d,94395,ok,
data/flower_photos/sunflowers/19504937128_a4ae90fcbd_m.jpg,data/flower_photos/sunflowers/19504937128_a4ae90fcbd_m.jpg,sunflowers,240,240,1.0,RGB,JPEG,RGB,,fc4c7a3a70c3384bd8a80c48c725a4a0faf82f6a7ab7df977fbb7d591ba6e469,28031,ok,
data/flower_photos/sunflowers/19508264965_d1dfb565ea_n.jpg,data/flower_photos/sunflowers/19508264965_d1dfb565ea_n.jpg,sunflowers,320,200,1.6,RGB,JPEG,RGB,,3bb359eb24834d2f27753b7b31ecc7a579c5602610c8992787c9ff000c9844fa,43073,ok,
data/flower_photos/sunflowers/19519101829_46af0b4547_m.jpg,data/flower_photos/sunflowers/19519101829_46af0b4547_m.jpg,sunflowers,192,240,0.8,RGB,JPEG,RGB,,501f9b3b0b3eaa490c6b0665aff46d6b2ac382d7c7ccb8f1f123d260c5d99fdb,35445,ok,
data/flower_photos/sunflowers/19595718862_c68896370c_m.jpg,data/flower_photos/sunflowers/19595718862_c68896370c_m.jpg,sunflowers,180,240,0.75,RGB,JPEG,RGB,,70cfaf7adf3ff3c0e9cae7972b70ea2b7d81ee530c0973b6df98ec1662311dfb,25465,ok,
data/flower_photos/sunflowers/19697910486_0086d893a2.jpg,data/flower_photos/sunflowers/19697910486_0086d893a2.jpg,sunflowers,500,281,1.7793594306049823,RGB,JPEG,RGB,,bebaf2257b41740be4d3cbd10cc6d78b1983aa5fa598715ec8bcbf0a73e0c62a,192335,ok,
data/flower_photos/sunflowers/197011740_21825de2bf.jpg,data/flower_photos/sunflowers/197011740_21825de2bf.jpg,sunflowers,500,375,1.3333333333333333,RGB,JPEG,RGB,,8b4b359665de5b0ced0c1794c687378476658103b744c6aada543151a2125254,131632,ok,
data/flower_photos/sunflowers/19710076021_f5bb162540.jpg,data/flower_photos/sunflowers/19710076021_f5bb162540.jpg,sunflowers,500,281,1.7793594306049823,RGB,JPEG,RGB,,888447961e7c3962740c509dacf84ff9cf1b471ae6b39a8eb021e7ef359577ee,97938,ok,
data/flower_photos/sunflowers/19710925313_31682fa22b_m.jpg,data/flower_photos/sunflowers/19710925313_31682fa22b_m.jpg,sunflowers,240,210,1.1428571428571428,RGB,JPEG,RGB,,fe829ac4d57a2f33834294ea618e139e76d713208d89b2cb5ab6584b48338b3f,28455,ok,
data/flower_photos/sunflowers/19756232959_17cde3b9f0_m.jpg,data/flower_photos/sunflowers/19756232959_17cde3b9f0_m.jpg,sunflowers,195,240,0.8125,RGB,JPEG,RGB,,824840beee5e6d98c9a9136aeb84f3a67de4263b463b76ada6fbf695c2d764cf,44081,ok,
data/flower_photos/sunflowers/19784656639_cd7f0a4a26_m.jpg,data/flower_photos/sunflowers/19784656639_cd7f0a4a26_m.jpg,sunflowers,169,240,0.7041666666666667,RGB,JPEG,RGB,,1ed7080a9c153fd0b38152645c2882f00ed31f16894da2ddabf9dc00b72c0f68,25779,ok,
data/flower_photos/sunflowers/19915160340_ec904edbdf_n.jpg,data/flower_photos/sunflowers/19915160340_ec904edbdf_n.jpg,sunflowers,320,200,1.6,RGB,JPEG,RGB,,cbc70803cb4645cb4927289c28ef724db6edf74971af54f62f675964816b4c65,33322,ok,
data/flower_photos/sunflowers/200011914_93f57ed68b.jpg,data/flower_photos/sunflowers/200011914_93f57ed68b.jpg,sunflowers,500,375,1.3333333333333333,RGB,JPEG,RGB,,c0d9ff0722d4d52d27de3d13431ed8674d09aeb6ff83ab81ced52c7c203585a9,231147,ok,
data/flower_photos/sunflowers/20022771089_3cc7e5086d_m.jpg,data/flower_photos/sunflowers/20022771089_3cc7e5086d_m.jpg,sunflowers,240,240,1.0,RGB,JPEG,RGB,,68ba817d5bdab4c9360111cefc38d37d5590af6b6dddbe0786fa2a7a0c4c3f5f,18876,ok,
data/flower_photos/sunflowers/200288046_0032f322ff_n.jpg,data/flower_photos/sunflowers/200288046_0032f322ff_n.jpg,sunflowers,320,240,1.3333333333333333,RGB,JPEG,RGB,,db76d65edf17d8e4362264223fa94a76809cc5822be4ff530f55d982abb7773c,63954,ok,
data/flower_photos/sunflowers/200557977_bf24d9550b.jpg,data/flower_photos/sunflowers/200557977_bf24d9550b.jpg,sunflowers,500,375,1.3333333333333333,RGB,JPEG,RGB,,9deebefc5333b8888f214dd001e7cd858743a8dafaacf86d670fadba4b7837b3,159070,ok,
data/flower_photos/sunflowers/200557979_a16112aac1_n.jpg,data/flower_photos/sunflowers/200557979_a16112aac1_n.jpg,sunflowers,320,240,1.3333333333333333,RGB,JPEG,RGB,,d0ab697479b30b1d5c2f47c4cb8e88baba40ce99754c8c50d3e8dd92e17b91cd,53285,ok,
data/flower_photos/sunflowers/200557981_f800fa1af9.jpg,data/flower_photos/sunflowers/200557981_f800fa1af9.jpg,sunflowers,500,375,1.3333333333333333,RGB,JPEG,RGB,,f0e8e9b33e3cea9d121ae5f85569ef1306765551f9bd30ac67f231cc8bdaa2ac,168681,ok,
data/flower_photos/sunflowers/200557983_10a88672fc.jpg,data/flower_photos/sunflowers/200557983_10a88672fc.jpg,sunflowers,500,375,1.3333333333333333,RGB,JPEG,RGB,,7be5d1e44c9b3f9b694833fff7b5fb77d0461dc0ebd847e4fc7518e542920812,151297,ok,
data/flower_photos/sunflowers/20078409301_aa8061bd0b_n.jpg,data/flower_photos/sunflowers/20078409301_aa8061bd0b_n.jpg,sunflowers,320,200,1.6,RGB,JPEG,RGB,,11380bd8ba400abba77028f1334269e99e65b113ddf4bf853b51b2772c35bb18,27734,ok,
data/flower_photos/sunflowers/20148493928_9f75a99783.jpg,data/flower_photos/sunflowers/20148493928_9f75a99783.jpg,sunflowers,500,323,1.5479876160990713,RGB,JPEG,RGB,,b41a408129a248af32de3ce0c0b104fc3b7eeebf0f6ef5fa4d909159744220a6,102814,ok,
data/flower_photos/sunflowers/20156280765_a6baea3176.jpg,data/flower_photos/sunflowers/20156280765_a6baea3176.jpg,sunflowers,500,313,1.597444089456869,RGB,JPEG,RGB,,a067aaa29224befdf9e2479348778eac4ebc0f44a53ceec4c1b94d2888c59bf3,39215,ok,
data/flower_photos/sunflowers/20171662239_f69b6c12bd_n.jpg,data/flower_photos/sunflowers/20171662239_f69b6c12bd_n.jpg,sunflowers,320,240,1.3333333333333333,RGB,JPEG,RGB,,0820374694aa8dab68340da337108364f3ff9a7555bf5ca4a1d6c819ef9e61f7,48601,ok,
data/flower_photos/sunflowers/201809908_0ef84bb351.jpg,data/flower_photos/sunflowers/201809908_0ef84bb351.jpg,sunflowers,500,375,1.3333333333333333,RGB,JPEG,RGB,,6ca79e6e85d5ee24019afcdfaa0af8f711ba66f0b61c4608b2cbc7396ec6c2ce,223314,ok,
data/flower_photos/sunflowers/20183028616_beb937e75c_m.jpg,data/flower_photos/sunflowers/20183028616_beb937e75c_m.jpg,sunflowers,240,240,1.0,RGB,JPEG,RGB,,a18bdc90fd0e7fbd4ad5100a46e9cef840b20d88b3219500a939d9d1b3611be7,51114,ok,
data/flower_photos/sunflowers/20183071136_c297e74fcc_m.jpg,data/flower_photos/sunflowers/20183071136_c297e74fcc_m.jpg,sunflowers,240,240,1.0,RGB,JPEG,RGB,,04a42f3d082966f36459ac4c2cb45dccb6f7050a1391c4205999fede5d966106,33067,ok,
data/flower_photos/sunflowers/20258015499_93b9951800_m.jpg,data/flower_photos/sunflowers/20258015499_93b9951800_m.jpg,sunflowers,226,240,0.9416666666666667,RGB,JPEG,RGB,,4689e71dac62b767793a3dc1e1b2a95154cd30e2b58669eac727a78684a07b8a,27379,ok,
data/flower_photos/sunflowers/20342824594_9740b7b160.jpg,data/flower_photos/sunflowers/20342824594_9740b7b160.jpg,sunflowers,500,331,1.5105740181268883,RGB,JPEG,RGB,,dc30e45af61afd12ba09a6ec69c49a4dcb57c9812f6b3c2e3f14fcebb8f38388,67542,ok,
data/flower_photos/sunflowers/20344282483_05abb0b837.jpg,data/flower_photos/sunflowers/20344282483_05abb0b837.jpg,sunflowers,500,331,1.5105740181268883,RGB,JPEG,RGB,,4a53fbca24adf318d0fdc5c206fd390004e6ec74a092c9c6b97e8fb8e2537128,107037,ok,
data/flower_photos/sunflowers/20344366953_44fb51051b.jpg,data/flower_photos/sunflowers/20344366953_44fb51051b.jpg,sunflowers,500,331,1.5105740181268883,RGB,JPEG,RGB,,fe17b515a4bf84f0efb58f8cd1e0b78b41c39ccb0157459315b707845a7ad5c7,67542,ok,
data/flower_photos/sunflowers/20406385204_469f6749e2_n.jpg,data/flower_photos/sunflowers/20406385204_469f6749e2_n.jpg,sunflowers,320,240,1.3333333333333333,RGB,JPEG,RGB,,77e4fd0556b34efd3a247247488d742584392a17e1cb16d46a4042307532d2ef,24719,ok,
data/flower_photos/sunflowers/20407896403_a50fef58ac_n.jpg,data/flower_photos/sunflowers/20407896403_a50fef58ac_n.jpg,sunflowers,320,240,1.3333333333333333,RGB,JPEG,RGB,,b5950ea057cb7e0670f5647c81bc929cf7d22ef0d78b7c7b04c26f892f7c99bd,29312,ok,
data/flower_photos/sunflowers/20410533613_56da1cce7c.jpg,data/flower_photos/sunflowers/20410533613_56da1cce7c.jpg,sunflowers,500,334,1.4970059880239521,RGB,JPEG,RGB,,ee27cf3976052c8e08bcd858fb7094ce5263dcdcf096f935b7d55046aa657b41,43580,ok,
data/flower_photos/sunflowers/20410697750_c43973d1eb.jpg,data/flower_photos/sunflowers/20410697750_c43973d1eb.jpg,sunflowers,500,313,1.597444089456869,RGB,JPEG,RGB,,8faa2c6f9686e21e48d00e63e0b822f43b5b284549e126b79dbbe2713c94b98e,49203,ok,
data/flower_photos/sunflowers/20481273479_d459834a3e_n.jpg,data/flower_photos/sunflowers/20481273479_d459834a3e_n.jpg,sunflowers,320,238,1.3445378151260505,RGB,JPEG,RGB,,aa79658af9bd23283a6a34a0d93b23edf554ae180e9193763a85dc01152c12d1,39581,ok,
data/flower_photos/sunflowers/20621698991_dcb323911d.jpg,data/flower_photos/sunflowers/20621698991_dcb323911d.jpg,sunflowers,500,248,2.0161290322580645,RGB,JPEG,RGB,,018be29d7ffa4349b4814673278df14d77edb3c03257fcf8544ac544cda70708,85401,ok,
data/flower_photos/sunflowers/20658775992_1619cd0a9b_n.jpg,data/flower_photos/sunflowers/20658775992_1619cd0a9b_n.jpg,sunflowers,320,262,1.2213740458015268,RGB,JPEG,RGB,,e8f82544405bbd0632365589e412a78b16ff8afec4aaed938d06b3bfb84ec95f,55433,ok,
data/flower_photos/sunflowers/20667988875_6e73ac2879_n.jpg,data/flower_photos/sunflowers/20667988875_6e73ac2879_n.jpg,sunflowers,320,224,1.4285714285714286,RGB,JPEG,RGB,,9a6a125562e7c76ef89d81f81c6a2e84af1d35ff0be7477dc431dae20e848a77,37326,ok,
data/flower_photos/sunflowers/2067882323_8de6623ffd.jpg,data/flower_photos/sunflowers/2067882323_8de6623ffd.jpg,sunflowers,500,375,1.3333333333333333,RGB,JPEG,RGB,,f22f0b73c82b439a66ac3781af5a4b2662aa1a74cf719c8f991378f9c57d1b42,174091,ok,
data/flower_photos/sunflowers/20704967595_a9c9b8d431.jpg,data/flower_photos/sunflowers/20704967595_a9c9b8d431.jpg,sunflowers,500,333,1.5015015015015014,RGB,JPEG,RGB,,2353aa9a7f7c23126432b5752f65aa5ebe7af6cc0b006304d6c760d0a3d29f07,145378,ok,
data/flower_photos/sunflowers/20753711039_0b11d24b50_n.jpg,data/flower_photos/sunflowers/20753711039_0b11d24b50_n.jpg,sunflowers,320,213,1.5023474178403755,RGB,JPEG,RGB,,637af7c13bae1ab88c1650900fb9765682686db3b77c24ce50b80e4a8213e9cd,51246,ok,
data/flower_photos/sunflowers/20777358950_c63ea569a1.jpg,data/flower_photos/sunflowers/20777358950_c63ea569a1.jpg,sunflowers,500,331,1.5105740181268883,RGB,JPEG,RGB,,5e407a842ee9271056a8f545fcf01b8d644f731b1586af44d8133cb2381846b9,83997,ok,
data/flower_photos/sunflowers/20777375650_ef854bf645.jpg,data/flower_photos/sunflowers/20777375650_ef854bf645.jpg,sunflowers,500,331,1.5105740181268883,RGB,JPEG,RGB,,bbbb3c263cfdc0d63c129db0dd3e2ccd7f353a182ffa19c7df8458dae9dcd015,77205,ok,
data/flower_photos/sunflowers/20871601265_daa4be4291_n.jpg,data/flower_photos/sunflowers/20871601265_daa4be4291_n.jpg,sunflowers,320,217,1.4746543778801844,RGB,JPEG,RGB,,8a5bbf7489919ca4ab29c963bed4dd45b8ff8691cab05bfabe6e5b886fcfe798,38093,ok,
data/flower_photos/sunflowers/20905163782_312e2c3bda_n.jpg,data/flower_photos/sunflowers/20905163782_312e2c3bda_n.jpg,sunflowers,320,213,1.5023474178403755,RGB,JPEG,RGB,,328c63052c8b4bc7480bb859fe22615f5f358fe46bfb565d1981ca734891f00f,56401,ok,
data/flower_photos/sunflowers/20965412955_2c640b13bd.jpg,data/flower_photos/sunflowers/20965412955_2c640b13bd.jpg,sunflowers,500,331,1.5105740181268883,RGB,JPEG,RGB,,a807e1c1f4f089ee88ef3e80c22a9b18495ed1537e6260f26ef0b41757df6639,49561,ok,
data/flower_photos/sunflowers/20972862281_5367f4af88.jpg,data/flower_photos/sunflowers/20972862281_5367f4af88.jpg,sunflowers,500,331,1.5105740181268883,RGB,JPEG,RGB,,c697647885f8947fcbef8bad00c9c46a457dc9226d2ddad697dab6567de5f77b,51386,ok,
data/flower_photos/sunflowers/20972866151_e6a928b00a.jpg,data/flower_photos/sunflowers/20972866151_e6a928b00a.jpg,sunflowers,500,331,1.5105740181268883,RGB,JPEG,RGB,,874d3e2e9147a51324e7dae51ddca87ed2fbef75dc9cecf7c2050bcdb707d5b6,54556,ok,
data/flower_photos/sunflowers/210076535_80951bc5d5.jpg,data/flower_photos/sunflowers/210076535_80951bc5d5.jpg,sunflowers,500,375,1.3333333333333333,RGB,JPEG,RGB,,9d8aec40d02dac50632f11c384d7111bd15db9b83c6778b59ca68dbf4fd1cc00,184077,ok,
data/flower_photos/sunflowers/21134000558_d7d6c9b1fe_n.jpg,data/flower_photos/sunflowers/21134000558_d7d6c9b1fe_n.jpg,sunflowers,320,223,1.4349775784753362,RGB,JPEG,RGB,,37e5c64a217474ce5ca4461b6f1455088e4ce859e948da65e40b81d594bf9e94,59227,ok,
data/flower_photos/sunflowers/21349789961_18ba1af5b7_n.jpg,data/flower_photos/sunflowers/21349789961_18ba1af5b7_n.jpg,sunflowers,320,213,1.5023474178403755,RGB,JPEG,RGB,,20f13aea2f14d09763de064d93629f3cb809b1b13d64ba0b3a3900b380f0f175,30212,ok,
data/flower_photos/sunflowers/21374127408_5ffbe87bb2.jpg,data/flower_photos/sunflowers/21374127408_5ffbe87bb2.jpg,sunflowers,500,281,1.7793594306049823,RGB,JPEG,RGB,,400b7f70b32ec1d9ffc6d64ee02bb50e60a69897d3a30a7bc1e46a614f30d1ec,163109,ok,
data/flower_photos/sunflowers/21518663809_3d69f5b995_n.jpg,data/flower_photos/sunflowers/21518663809_3d69f5b995_n.jpg,sunflowers,320,231,1.3852813852813852,RGB,JPEG,RGB,,e46033fcc50865b4e5c2874b3ac9d4c8805af25d69eaaceb900e3ab3de0db795,41801,ok,
data/flower_photos/sunflowers/215798352_184d8040d1.jpg,data/flower_photos/sunflowers/215798352_184d8040d1.jpg,sunflowers,500,375,1.3333333333333333,RGB,JPEG,RGB,,89a8d86d851867e6a5f0ae39d9fe94eff1dc7b187a748904730b5238e94dbe28,197049,ok,
data/flower_photos/sunflowers/215798354_429de28c2d.jpg,data/flower_photos/sunflowers/215798354_429de28c2d.jpg,sunflowers,500,375,1.3333333333333333,RGB,JPEG,RGB,,61a8817c6bbcf0cf5d3c02315dd9551b3a777f1a543a7ea77d189c5c48261f11,156046,ok,
data/flower_photos/sunflowers/215798357_3f4bfa27b7.jpg,data/flower_photos/sunflowers/215798357_3f4bfa27b7.jpg,sunflowers,500,375,1.3333333333333333,RGB,JPEG,RGB,,6e4d4efb9d4ca153a5a8ee1e6082a97312e99eaa530cd7621ba341759b71fc08,141948,ok,
data/flower_photos/sunflowers/21728822928_9f6817325a_n.jpg,data/flower_photos/sunflowers/21728822928_9f6817325a_n.jpg,sunflowers,320,240,1.3333333333333333,RGB,JPEG,RGB,,5c046b51f0ad8fcf7048d55338fccb33523564ebe83513d2bba3515ab14792e1,44957,ok,
data/flower_photos/sunflowers/21796333524_38fc8e0ab5_n.jpg,data/flower_photos/sunflowers/21796333524_38fc8e0ab5_n.jpg,sunflowers,320,240,1.3333333333333333,RGB,JPEG,RGB,,b33f7075951b0b87b0909051a7c6390c8cc28a3d0da12b146f90d6bed65680b4,75859,ok,
data/flower_photos/sunflowers/21821266773_7113d34c35_m.jpg,data/flower_photos/sunflowers/21821266773_7113d34c35_m.jpg,sunflowers,179,240,0.7458333333333333,RGB,JPEG,RGB,,3716bdcbda4e6fddceef139df2d362d256fa72007a6db5c30635afb9f3066af4,34089,ok,
data/flower_photos/sunflowers/21984860006_20dfacea1c_m.jpg,data/flower_photos/sunflowers/21984860006_20dfacea1c_m.jpg,sunflowers,160,240,0.6666666666666666,RGB,JPEG,RGB,,d626ac2bf47b0c30f21186952514c3606700182d0644725f6b07575db1491408,20736,ok,
data/flower_photos/sunflowers/21995435890_e5672244a4_m.jpg,data/flower_photos/sunflowers/21995435890_e5672244a4_m.jpg,sunflowers,225,240,0.9375,RGB,JPEG,RGB,,8eb95563114db9ad90f2eb1cc73fbe9d1c18c488aa75844e06fee7d1938a7103,29484,ok,
data/flower_photos/sunflowers/22183521655_56221bf2a4_n.jpg,data/flower_photos/sunflowers/22183521655_56221bf2a4_n.jpg,sunflowers,320,240,1.3333333333333333,RGB,JPEG,RGB,,984d50a06e40222c053cd365e7f29cccde0d9064097013fadeb312e440c90d6d,48434,ok,
data/flower_photos/sunflowers/22183529245_ce13557515_m.jpg,data/flower_photos/sunflowers/22183529245_ce13557515_m.jpg,sunflowers,229,240,0.9541666666666667,RGB,JPEG,RGB,,3b136546088cf11539cd115600c862ab1af2393f9b6383f7f0bd047e3fcdd954,33598,ok,
data/flower_photos/sunflowers/22203670478_9ec5c2700b_n.jpg,data/flower_photos/sunflowers/22203670478_9ec5c2700b_n.jpg,sunflowers,320,213,1.5023474178403755,RGB,JPEG,RGB,,0445585d04851ec49b94c4a0c9271cdce8ac706f95f59c6fed034ee82c6d3642,47808,ok,
data/flower_photos/sunflowers/22255608949_172d7c8d22_m.jpg,data/flower_photos/sunflowers/22255608949_172d7c8d22_m.jpg,sunflowers,170,240,0.7083333333333334,RGB,JPEG,RGB,,0ab30e396a6fff617e179180a8a4142439703b5f74c6597ca9f685036356e3d9,44141,ok,
data/flower_photos/sunflowers/22405882322_d4561f8469_n.jpg,data/flower_photos/sunflowers/22405882322_d4561f8469_n.jpg,sunflowers,320,240,1.3333333333333333,RGB,JPEG,RGB,,6929ee9b7e554e3546e090c57f9c00ba6e53c23aa5c13ed1eb0fa3f331503b6b,74302,ok,
data/flower_photos/sunflowers/22405887122_75eda1872f_m.jpg,data/flower_photos/sunflowers/22405887122_75eda1872f_m.jpg,sunflowers,180,240,0.75,RGB,JPEG,RGB,,dc651b804ddfc6c4655c52877163c42e5d254f2bc8041dec52e0b6f262ba96c8,27075,ok,
data/flower_photos/sunflowers/22416421196_caf131c9fa_m.jpg,data/flower_photos/sunflowers/22416421196_caf131c9fa_m.jpg,sunflowers,240,216,1.1111111111111112,RGB,JPEG,RGB,,96d4f0493ab67bbf9b9bb92a726230c7aa69f208e80a587aa9fc4b2d3d4f532c,35102,ok,
data/flower_photos/sunflowers/22419079265_8902cddb7d_n.jpg,data/flower_photos/sunflowers/22419079265_8902cddb7d_n.jpg,sunflowers,320,240,1.3333333333333333,RGB,JPEG,RGB,,8b34c9a863b27c7cd93e673be35000ec485838d0f56a026020e3ba027431d2df,61552,ok,
data/flower_photos/sunflowers/22429146402_332fa2fc72_m.jpg,data/flower_photos/sunflowers/22429146402_332fa2fc72_m.jpg,sunflowers,202,240,0.8416666666666667,RGB,JPEG,RGB,,62caaa2475d91545eb626a70410626e4f16635d82d7db392fd29a52dd16df95b,33833,ok,
data/flower_photos/sunflowers/22429946721_e17a12cb39_n.jpg,data/flower_photos/sunflowers/22429946721_e17a12cb39_n.jpg,sunflowers,320,240,1.3333333333333333,RGB,JPEG,RGB,,88cc5ff117737487da124ac3c3f65862ac69d597a8028aca26f604eeb47bccf6,66047,ok,
data/flower_photos/sunflowers/22478719251_276cb094f9_n.jpg,data/flower_photos/sunflowers/22478719251_276cb094f9_n.jpg,sunflowers,320,200,1.6,RGB,JPEG,RGB,,74e728fcf195f0d03fbb4f6739bd251560c418a88dbc270dd29ce51cdbadc853,42673,ok,
data/flower_photos/sunflowers/22686342422_c0b9e2f38e.jpg,data/flower_photos/sunflowers/22686342422_c0b9e2f38e.jpg,sunflowers,500,331,1.5105740181268883,RGB,JPEG,RGB,,82475c29331997a3f76a8950aa6f71ebcba391b4fc455114506125ad3d2c904a,54056,ok,
data/flower_photos/sunflowers/22755811033_cd17b109e0.jpg,data/flower_photos/sunflowers/22755811033_cd17b109e0.jpg,sunflowers,500,333,1.5015015015015014,RGB,JPEG,RGB,,4a0a2cbf0c69a0a8222d2dbee4c76b06cc2f88c261d0f8ca31a2baac3c0ccbda,110169,ok,
data/flower_photos/sunflowers/22992257000_76dbc599e7_m.jpg,data/flower_photos/sunflowers/22992257000_76dbc599e7_m.jpg,sunflowers,240,238,1.0084033613445378,RGB,JPEG,RGB,,45c27065de790abb88c928a63f3529290ca0c8dc6bed2a043e6c768551c31f79,31596,ok,
data/flower_photos/sunflowers/2307673262_e1e1aefd29.jpg,data/flower_photos/sunflowers/2307673262_e1e1aefd29.jpg,sunflowers,500,400,1.25,RGB,JPEG,RGB,,6ded477a9ab89fc50d7aac996fbf19a84f2e55c5fb7bf29087acaed7146c6d92,105077,ok,
data/flower_photos/sunflowers/23204123212_ef32fbafbe.jpg,data/flower_photos/sunflowers/23204123212_ef32fbafbe.jpg,sunflowers,500,334,1.4970059880239521,RGB,JPEG,RGB,,14a0676d9c65295292e585132df0490d5516d9179b9b13705dcb112da69ef108,164080,ok,
data/flower_photos/sunflowers/23247483352_0defc7a6dc_n.jpg,data/flower_photos/sunflowers/23247483352_0defc7a6dc_n.jpg,sunflowers,320,200,1.6,RGB,JPEG,RGB,,d9021cec08dc5ef4355f22bdf2537084d923df7a9b4259331d0fbd43e6a081e1,36153,ok,
data/flower_photos/sunflowers/2328600790_90e2942557_n.jpg,data/flower_photos/sunflowers/2328600790_90e2942557_n.jpg,sunflowers,320,240,1.3333333333333333,RGB,JPEG,RGB,,5fedb8d5c50bd3f9a7af83b9e5840da170cc43a04b90e4a285efbe8d89ba3ee8,54977,ok,
data/flower_photos/sunflowers/23286304156_3635f7de05.jpg,data/flower_photos/sunflowers/23286304156_3635f7de05.jpg,sunflowers,500,334,1.4970059880239521,RGB,JPEG,RGB,,2f3165c4bb367c8c01393c16b082b317cdd8e427c21cba888b6aad85818c1b59,153754,ok,
data/flower_photos/sunflowers/23356825566_f5885875f2.jpg,data/flower_photos/sunflowers/23356825566_f5885875f2.jpg,sunflowers,500,333,1.5015015015015014,RGB,JPEG,RGB,,c660254ead064c0d85a11eea963aa681d0f0a5c3e898e25e4f84b7ae1c52a835,114192,ok,
data/flower_photos/sunflowers/235651658_a7b3e7cbdd.jpg,data/flower_photos/sunflowers/235651658_a7b3e7cbdd.jpg,sunflowers,500,333,1.5015015015015014,RGB,JPEG,RGB,,fbc3ee3827e481f76493f5a59b54dd60a0e8fce4f21214a3ac655816edfc3b25,72279,ok,
data/flower_photos/sunflowers/23645265812_24352ff6bf.jpg,data/flower_photos/sunflowers/23645265812_24352ff6bf.jpg,sunflowers,500,334,1.4970059880239521,RGB,JPEG,RGB,,ca10d633bca56839ccf1903bad8cd0beb26cee33a6f225ccffd216f945e6a556,157750,ok,
data/flower_photos/sunflowers/23894449029_bf0f34d35d_n.jpg,data/flower_photos/sunflowers/23894449029_bf0f34d35d_n.jpg,sunflowers,320,238,1.3445378151260505,RGB,JPEG,RGB,,8666216122f3a1b91ab2cfedfcb3249fe1627c9b402dc27e8c8bee0174d51063,34686,ok,
data/flower_photos/sunflowers/2425164088_4a5d2cdf21_n.jpg,data/flower_photos/sunflowers/2425164088_4a5d2cdf21_n.jpg,sunflowers,320,240,1.3333333333333333,RGB,JPEG,RGB,,7d7617ba3682b810da657ea895a052dc35e6fd30027427ef5f2f7546a2dd71cd,66369,ok,
data/flower_photos/sunflowers/244074259_47ce6d3ef9.jpg,data/flower_photos/sunflowers/244074259_47ce6d3ef9.jpg,sunflowers,500,375,1.3333333333333333,RGB,JPEG,RGB,,c2b8914eb03656461dea5bfb351a8ec81a8c9548002ef62f7d8e0440bced10c1,242637,ok,
data/flower_photos/sunflowers/2442985637_8748180f69.jpg,data/flower_photos/sunflowers/2442985637_8748180f69.jpg,sunflowers,386,320,1.20625,RGB,JPEG,RGB,,44faf4abb5b45a62a37d46a4f576a328eb57f3e285f7f82bc2e641ab0ef883f3,60101,ok,
data/flower_photos/sunflowers/2443095419_17b920d155_m.jpg,data/flower_photos/sunflowers/2443095419_17b920d155_m.jpg,sunflowers,194,240,0.8083333333333333,RGB,JPEG,RGB,,cee74c837bf1b77d218b64535b68b838d811f68bd91d607bb47c48bd3a119d0e,21109,ok,
data/flower_photos/sunflowers/2443921986_d4582c123a.jpg,data/flower_photos/sunflowers/2443921986_d4582c123a.jpg,sunflowers,465,288,1.6145833333333333,RGB,JPEG,RGB,,edcba1b5303f1b5ecc98e5beebe3dda4160ae9427f07abf31edff08dc852eef6,45525,ok,
data/flower_photos/sunflowers/24459548_27a783feda.jpg,data/flower_photos/sunflowers/24459548_27a783feda.jpg,sunflowers,500,375,1.3333333333333333,RGB,JPEG,RGB,,fd2d3de51ef8f146c2d4cdefe0abd69dd3175d5bfa6f2d9b1900dead9ee119dc,29211,ok,
data/flower_photos/sunflowers/24459750_eb49f6e4cb_m.jpg,data/flower_photos/sunflowers/24459750_eb49f6e4cb_m.jpg,sunflowers,180,240,0.75,RGB,JPEG,RGB,,597107e6a00b11eadf763ba2dc0f81f0ec59ad1c3dee2f26e4f525f183e05116,28474,ok,
data/flower_photos/sunflowers/253586685_ee5b5f5232.jpg,data/flower_photos/sunflowers/253586685_ee5b5f5232.jpg,sunflowers,500,333,1.5015015015015014,RGB,JPEG,RGB,,eefcb3f9ff4f518f7d41dafda88c15581d45a004d42e8e9bc2dd45bd5c1d6c65,97526,ok,
data/flower_photos/sunflowers/2575272111_f04d79b9af_n.jpg,data/flower_photos/sunflowers/2575272111_f04d79b9af_n.jpg,sunflowers,320,249,1.285140562248996,RGB,JPEG,RGB,,ec5a7f3c0762962c3909c6b8d98c4280411150680edffb3d9db8288e829aab3a,29455,ok,
data/flower_photos/sunflowers/2588234269_c4bfd0d8b9_n.jpg,data/flower_photos/sunflowers/2588234269_c4bfd0d8b9_n.jpg,sunflowers,320,240,1.3333333333333333,RGB,JPEG,RGB,,727e9d37bb631c79a649507d9ecd9c0af182629a01c25360e84a6255d77c4367,72181,ok,
data/flower_photos/sunflowers/2588453601_66f2a03cca_n.jpg,data/flower_photos/sunflowers/2588453601_66f2a03cca_n.jpg,sunflowers,320,240,1.3333333333333333,RGB,JPEG,RGB,,1f453fce8bdbabf0bfcf96a35d5c3a8a11b9aa81b5f6b3a8e2ba1bd7436d3714,77740,ok,
data/flower_photos/sunflowers/2598973480_07de93e91d_n.jpg,data/flower_photos/sunflowers/2598973480_07de93e91d_n.jpg,sunflowers,320,240,1.3333333333333333,RGB,JPEG,RGB,,637d42720ce467e4794ce74b85db7f97bbf41083be9c233867ab7e68932ded8f,39727,ok,
data/flower_photos/sunflowers/2619000556_6634478e64_n.jpg,data/flower_photos/sunflowers/2619000556_6634478e64_n.jpg,sunflowers,320,240,1.3333333333333333,RGB,JPEG,RGB,,29df3dce618fac3bf76da6fab1a6601927fe1e3b725ad9711560cee6d14ec582,45599,ok,
data/flower_photos/sunflowers/26254755_1bfc494ef1_n.jpg,data/flower_photos/sunflowers/26254755_1bfc494ef1_n.jpg,sunflowers,320,240,1.3333333333333333,RGB,JPEG,RGB,,1069aa69c0521ee66176d153773a59bf8aacfab190ed27710d4e48b427288114,44319,ok,
data/flower_photos/sunflowers/265422922_bbbde781d2_m.jpg,data/flower_photos/sunflowers/265422922_bbbde781d2_m.jpg,sunflowers,180,240,0.75,RGB,JPEG,RGB,,7a9b8a1c975182462c12824118840a807f8a921ba1d8a2cf3e3c2752b2b5ae43,29143,ok,
data/flower_photos/sunflowers/265450085_6e9f276e2e.jpg,data/flower_photos/sunflowers/265450085_6e9f276e2e.jpg,sunflowers,500,333,1.5015015015015014,RGB,JPEG,RGB,,ebab0d53a1102cedf0f1ac0a6b61c3fa1de391410ff13362f87323ed85cfb26d,221248,ok,
data/flower_photos/sunflowers/2678588376_6ca64a4a54_n.jpg,data/flower_photos/sunflowers/2678588376_6ca64a4a54_n.jpg,sunflowers,320,240,1.3333333333333333,RGB,JPEG,RGB,,c23ef4e35eee18366d4b300de6261f37d2cb80f872db4e1273962fbac1f47381,46236,ok,
data/flower_photos/sunflowers/2689228449_e0be72cf00_n.jpg,data/flower_photos/sunflowers/2689228449_e0be72cf00_n.jpg,sunflowers,320,213,1.5023474178403755,RGB,JPEG,RGB,,01247d75228d8308c3c1ff5bfab256bc356568bd601ded63a478cc27953787f9,53296,ok,
data/flower_photos/sunflowers/2694860538_b95d60122c_m.jpg,data/flower_photos/sunflowers/2694860538_b95d60122c_m.jpg,sunflowers,184,240,0.7666666666666667,RGB,JPEG,RGB,,50335287e4d7c02b79694afc05fec066cc77e5f72213a6c6cdfbfb62ac71d28c,18043,ok,
data/flower_photos/sunflowers/2697194548_ec8f8de97c_n.jpg,data/flower_photos/sunflowers/2697194548_ec8f8de97c_n.jpg,sunflowers,320,240,1.3333333333333333,RGB,JPEG,RGB,,b3783458fc561ad1865c9be926833b8b828b84ac6b491bdb11974e5b673f8aa2,47038,ok,
data/flower_photos/sunflowers/2706304885_4916102704_n.jpg,data/flower_photos/sunflowers/2706304885_4916102704_n.jpg,sunflowers,320,234,1.3675213675213675,RGB,JPEG,RGB,,2cf78ffc620a15dd31bceab10284872622b110c0f7e6abbc9407601627e1e106,67984,ok,
data/flower_photos/sunflowers/2706736074_b0fba20b3e.jpg,data/flower_photos/sunflowers/2706736074_b0fba20b3e.jpg,sunflowers,500,334,1.4970059880239521,RGB,JPEG,RGB,,ac0e35d7eb368964ea3ef27deb062c21503a6496b4cdfa34803f4af98d8b1ac1,221985,ok,
data/flower_photos/sunflowers/2720698862_486d3ec079_m.jpg,data/flower_photos/sunflowers/2720698862_486d3ec079_m.jpg,sunflowers,159,240,0.6625,RGB,JPEG,RGB,,588bca1fd641b3dac262eb6597c5e777269d904f38ca948f2a8bd8b1c8770bc0,26483,ok,
data/flower_photos/sunflowers/2721638730_34a9b7a78b.jpg,data/flower_photos/sunflowers/2721638730_34a9b7a78b.jpg,sunflowers,500,334,1.4970059880239521,RGB,JPEG,RGB,,568f3f1cfe80cf9374971b1a4ce1af7509911273f0c20920f9cb7ab60a57abe8,100058,ok,
data/flower_photos/sunflowers/2723995667_31f32294b4.jpg,data/flower_photos/sunflowers/2723995667_31f32294b4.jpg,sunflowers,500,301,1.6611295681063123,RGB,JPEG,RGB,,1b69eee97e2f54e03ff53664b1351823b5e215fa6da16c32e4d06fb27ae74576,107498,ok,
data/flower_photos/sunflowers/2729206569_9dd2b5a3ed.jpg,data/flower_photos/sunflowers/2729206569_9dd2b5a3ed.jpg,sunflowers,500,333,1.5015015015015014,RGB,JPEG,RGB,,ad51b7d9dbc3b607536bfb92b28939f57ee8d1860dab0d089b7e4ad351e9cc86,191303,ok,
data/flower_photos/sunflowers/2733109082_1351f6738a_n.jpg,data/flower_photos/sunflowers/2733109082_1351f6738a_n.jpg,sunflowers,320,240,1.3333333333333333,RGB,JPEG,RGB,,e86338c8f81b19ae5f4ce5e45d10d8d0361618dd8669c878e773db881ec13685,49450,ok,
data/flower_photos/sunflowers/27465811_9477c9d044.jpg,data/flower_photos/sunflowers/27465811_9477c9d044.jpg,sunflowers,500,375,1.3333333333333333,RGB,JPEG,RGB,,3ded07181a14c6050fe04ca165e4f23b7c8c0f010a897e6b176cc1b6f9a17d68,52792,ok,
data/flower_photos/sunflowers/27466794_57e4fe5656.jpg,data/flower_photos/sunflowers/27466794_57e4fe5656.jpg,sunflowers,500,375,1.3333333333333333,RGB,JPEG,RGB,,ab6d5ea26be01b4f4ef5ac84f2b77cd744b096154d778a80d26122d85ccd50da,41390,ok,
data/flower_photos/sunflowers/274846229_990e976683_n.jpg,data/flower_photos/sunflowers/274846229_990e976683_n.jpg,sunflowers,320,240,1.3333333333333333,RGB,JPEG,RGB,,033d0ee5fdbb1eeb7e774a677ec13ff4ae0b15ed363cd5a4ddc1c891aba0cac3,75087,ok,
data/flower_photos/sunflowers/274848710_5185cf33b1_n.jpg,data/flower_photos/sunflowers/274848710_5185cf33b1_n.jpg,sunflowers,320,240,1.3333333333333333,RGB,JPEG,RGB,,5695e8a422c0a3600039b6de177e812580846e88605b11f9898f6bdfb6a86916,70014,ok,
data/flower_photos/sunflowers/2759796022_55bd47bfa2_n.jpg,data/flower_photos/sunflowers/2759796022_55bd47bfa2_n.jpg,sunflowers,320,278,1.1510791366906474,RGB,JPEG,RGB,,fdf1d199759eacf3b70e976a38bd09805470de86dcec61a9a7974c946cf8e570,45431,ok,
data/flower_photos/sunflowers/2767658405_1e2043f44c_n.jpg,data/flower_photos/sunflowers/2767658405_1e2043f44c_n.jpg,sunflowers,320,213,1.5023474178403755,RGB,JPEG,RGB,,5a8a7a05c254db0e1baa78a0d9f1c4ec6a9bd9a6a5c43440ecc659bfb4e4633b,23013,ok,
data/flower_photos/sunflowers/2767688889_b176b0c3fb.jpg,data/flower_photos/sunflowers/2767688889_b176b0c3fb.jpg,sunflowers,500,334,1.4970059880239521,RGB,JPEG,RGB,,6bad5014ee00a3fce1be18bb77493c88e67a56f039ab8db4a9ec5dd89caa79bc,100039,ok,
data/flower_photos/sunflowers/2803725948_5fd1f2fc99_n.jpg,data/flower_photos/sunflowers/2803725948_5fd1f2fc99_n.jpg,sunflowers,320,239,1.3389121338912133,RGB,JPEG,RGB,,e026d9b39c3528687e923799e37de607cb665d0b98ee0f64ff2dd43c2c3c5a34,71788,ok,
data/flower_photos/sunflowers/2807106374_f422b5f00c.jpg,data/flower_photos/sunflowers/2807106374_f422b5f00c.jpg,sunflowers,500,333,1.5015015015015014,RGB,JPEG,RGB,,33b2bd809dc8d0b7424bc8c8044d06e4ae63c6d990938ab0a2090814e50f84f7,173526,ok,
data/flower_photos/sunflowers/2816256710_a2d3616fae.jpg,data/flower_photos/sunflowers/2816256710_a2d3616fae.jpg,sunflowers,500,376,1.3297872340425532,RGB,JPEG,RGB,,202784b6b4f49002c48e0499a34a4d8529b2b633dbfde0955b77d0181aabb45e,154538,ok,
data/flower_photos/sunflowers/2816503473_580306e772.jpg,data/flower_photos/sunflowers/2816503473_580306e772.jpg,sunflowers,500,375,1.3333333333333333,RGB,JPEG,RGB,,d597dde6d767ed7f0c282db1ed9cd6c4bb113004c3b6f69398f49cf3f57bd9e6,228792,ok,
data/flower_photos/sunflowers/2823659190_afdabee45c.jpg,data/flower_photos/sunflowers/2823659190_afdabee45c.jpg,sunflowers,500,335,1.492537313432836,RGB,JPEG,RGB,,b91802c6fd45c5e7ce822b22199dccc566017a9b4d7ae2281dad82de9fef1ae1,158145,ok,
data/flower_photos/sunflowers/287233531_74d4605814_m.jpg,data/flower_photos/sunflowers/287233531_74d4605814_m.jpg,sunflowers,240,232,1.0344827586206897,RGB,JPEG,RGB,,3f55a4a6bdde0b0ea1359d274718db05d0ce82bc58d5ed812aae36e0a651a712,33950,ok,
data/flower_photos/sunflowers/2883115609_5a69357b5d_m.jpg,data/flower_photos/sunflowers/2883115609_5a69357b5d_m.jpg,sunflowers,176,240,0.7333333333333333,RGB,JPEG,RGB,,ad05001b905b7a2d8225225a1454c0a7d0280e914e13d6b67aec5a92d229e7ce,24793,ok,
data/flower_photos/sunflowers/2883115621_4837267ea1_m.jpg,data/flower_photos/sunflowers/2883115621_4837267ea1_m.jpg,sunflowers,240,219,1.095890410958904,RGB,JPEG,RGB,,e951defda367fe6fbdd1526b2202b30162e21d765ca5fa0ff7cfcbf3f9b2c9aa,24173,ok,
data/flower_photos/sunflowers/2894191705_a1d2d80c80.jpg,data/flower_photos/sunflowers/2894191705_a1d2d80c80.jpg,sunflowers,500,332,1.5060240963855422,RGB,JPEG,RGB,,27912e656a4c3a80d165941166c1cbd22be7f56e6fb654bb6b26067cbc87debe,111068,ok,
data/flower_photos/sunflowers/2895404754_6d9f9416d7_n.jpg,data/flower_photos/sunflowers/2895404754_6d9f9416d7_n.jpg,sunflowers,320,213,1.5023474178403755,RGB,JPEG,RGB,,0b734812ca70794cda8852c12e2c22770fdf97efddb9b29eaefe448209c5e62d,59015,ok,
data/flower_photos/sunflowers/2927020075_54c9186797_n.jpg,data/flower_photos/sunflowers/2927020075_54c9186797_n.jpg,sunflowers,320,240,1.3333333333333333,RGB,JPEG,RGB,,95d762c8fdb22f65d83f8458c15e457edbccd748f31900603d12dba536a9e7f5,52556,ok,
data/flower_photos/sunflowers/2940221732_3507f3e927_n.jpg,data/flower_photos/sunflowers/2940221732_3507f3e927_n.jpg,sunflowers,320,240,1.3333333333333333,RGB,JPEG,RGB,,881a5defaacef2a02fd6666e822fa08f6570f735b063b72df064e2b43998b8d3,45619,ok,
data/flower_photos/sunflowers/2944298800_1984bd4f8a_m.jpg,data/flower_photos/sunflowers/2944298800_1984bd4f8a_m.jpg,sunflowers,180,240,0.75,RGB,JPEG,RGB,,1f166f78f821bf0ed142ffcd722fd988f64d5a3aac7710dcecec41bdd8464fbb,29072,ok,
data/flower_photos/sunflowers/2949654221_909b0c86a1_n.jpg,data/flower_photos/sunflowers/2949654221_909b0c86a1_n.jpg,sunflowers,320,240,1.3333333333333333,RGB,JPEG,RGB,,6f9d11500339abca8bfd792ef5e9ea5fd5d33853c517dc9c03398b6e6ce8aeed,55533,ok,
data/flower_photos/sunflowers/2950505226_529e013bf7_m.jpg,data/flower_photos/sunflowers/2950505226_529e013bf7_m.jpg,sunflowers,240,219,1.095890410958904,RGB,JPEG,RGB,,efbeee121ebfafcb45b0460a99e16f82a1c21ded26bd34e86ea4becbf1b25909,36890,ok,
data/flower_photos/sunflowers/2960610406_b61930727f_n.jpg,data/flower_photos/sunflowers/2960610406_b61930727f_n.jpg,sunflowers,320,240,1.3333333333333333,RGB,JPEG,RGB,,e6e633e55b3773786fe238132e86ffd8013f62b2b7b8f3ef7f5bfbaf93513b1b,45804,ok,
data/flower_photos/sunflowers/2979133707_84aab35b5d.jpg,data/flower_photos/sunflowers/2979133707_84aab35b5d.jpg,sunflowers,500,325,1.5384615384615385,RGB,JPEG,RGB,,9aa4accd19f8d3cd4dd621e39905fca875afae918f68c4e8123d3ed8f6898c53,144775,ok,
data/flower_photos/sunflowers/2979297519_17a08b37f6_m.jpg,data/flower_photos/sunflowers/2979297519_17a08b37f6_m.jpg,sunflowers,166,240,0.6916666666666667,RGB,JPEG,RGB,,96db805016dcbfea710e91c82ebf34eefd00174858bbf43d40d1add01844d1d3,27900,ok,
data/flower_photos/sunflowers/2980154410_bffd7a3452_n.jpg,data/flower_photos/sunflowers/2980154410_bffd7a3452_n.jpg,sunflowers,320,208,1.5384615384615385,RGB,JPEG,RGB,,ddbbbe7034c625d1312a4ea6ab87f16217af82468c3d1bd50406cdd4d6b1eaea,32835,ok,
data/flower_photos/sunflowers/2996573407_5e473b9359.jpg,data/flower_photos/sunflowers/2996573407_5e473b9359.jpg,sunflowers,500,333,1.5015015015015014,RGB,JPEG,RGB,,ce3dde9eff15e89f78092378061aa454209f69381f44470b5be7918c0d87b63c,79434,ok,
data/flower_photos/sunflowers/29972905_4cc537ff4b_n.jpg,data/flower_photos/sunflowers/29972905_4cc537ff4b_n.jpg,sunflowers,320,239,1.3389121338912133,RGB,JPEG,RGB,,71d4d18c07a60531725e35790c238769941da2db60c658551cf68cd87bca6c28,82776,ok,
data/flower_photos/sunflowers/3001531316_efae24d37d_n.jpg,data/flower_photos/sunflowers/3001531316_efae24d37d_n.jpg,sunflowers,320,240,1.3333333333333333,RGB,JPEG,RGB,,d07c0293127289b922de0a79093472029d068b047a6c2a41d569ba809e9b0e43,52418,ok,
data/flower_photos/sunflowers/3001533700_1c62fb8b4a_n.jpg,data/flower_photos/sunflowers/3001533700_1c62fb8b4a_n.jpg,sunflowers,320,240,1.3333333333333333,RGB,JPEG,RGB,,c3b898b8430812cb6d1ad4937144a598ea05b32274d872a58464eb6a1fdfa261,55310,ok,
data/flower_photos/sunflowers/3001536784_3bfd101b23_n.jpg,data/flower_photos/sunflowers/3001536784_3bfd101b23_n.jpg,sunflowers,320,240,1.3333333333333333,RGB,JPEG,RGB,,e064463656069ccbd42d1fc5c1eae21efe658df8b3cc1a40f6c8e1fb5ae42a78,53228,ok,
data/flower_photos/sunflowers/3062794421_295f8c2c4e.jpg,data/flower_photos/sunflowers/3062794421_295f8c2c4e.jpg,sunflowers,500,319,1.567398119122257,RGB,JPEG,RGB,,99cd9c9966ec895019e29dec14049848b89abde50deab7296138d53441331bb6,173470,ok,
data/flower_photos/sunflowers/310380634_60e6c79989.jpg,data/flower_photos/sunflowers/310380634_60e6c79989.jpg,sunflowers,500,334,1.4970059880239521,RGB,JPEG,RGB,,41b684f824348f7a7f941b5de265657895b643405d9fcdb3f8ed1c0398031216,196036,ok,
data/flower_photos/sunflowers/3146795631_d062f233c1.jpg,data/flower_photos/sunflowers/3146795631_d062f233c1.jpg,sunflowers,500,333,1.5015015015015014,RGB,JPEG,RGB,,edcc3eb6282cdf67c6eaa577d2708fa89fa84411998ebf3c10047805ab02b69c,124497,ok,
data/flower_photos/sunflowers/3154932076_eff5c38231_n.jpg,data/flower_photos/sunflowers/3154932076_eff5c38231_n.jpg,sunflowers,320,213,1.5023474178403755,RGB,JPEG,RGB,,520c8a5e33df28df6d2652fc90f5189906846719cfea7dcfcdca4a4bb0763ab0,53984,ok,
data/flower_photos/sunflowers/3154932290_4bf43bd34f_n.jpg,data/flower_photos/sunflowers/3154932290_4bf43bd34f_n.jpg,sunflowers,320,213,1.5023474178403755,RGB,JPEG,RGB,,56ef22925c2d97d03e8ce85cb5bec66933f1be4c490818a7ed57d38e3d3f2c76,30921,ok,
data/flower_photos/sunflowers/3196753837_411b03682d_n.jpg,data/flower_photos/sunflowers/3196753837_411b03682d_n.jpg,sunflowers,320,225,1.4222222222222223,RGB,JPEG,RGB,,dd12c9e970e4d19efc67b2f6d73d0f10870b2184d933c9f3af5d50df81024935,55445,ok,
data/flower_photos/sunflowers/3311874685_7b9ef10f7e_m.jpg,data/flower_photos/sunflowers/3311874685_7b9ef10f7e_m.jpg,sunflowers,192,240,0.8,RGB,JPEG,RGB,,7266106041fce262240942023962d1f8a391dee7bb44280bb4336e8a52d9c3a1,36397,ok,
data/flower_photos/sunflowers/3334350831_f8755a2095_n.jpg,data/flower_photos/sunflowers/3334350831_f8755a2095_n.jpg,sunflowers,320,240,1.3333333333333333,RGB,JPEG,RGB,,c51fe87ea75d46373cad5e102dd6108c60a4dc9f6ea61255af6695466c790eac,42265,ok,
data/flower_photos/sunflowers/3466923719_b4b6df7f8b_n.jpg,data/flower_photos/sunflowers/3466923719_b4b6df7f8b_n.jpg,sunflowers,320,240,1.3333333333333333,RGB,JPEG,RGB,,92d63da0062783703996afbf70832d2816b52683a48211f9c124a9280f742007,51524,ok,
data/flower_photos/sunflowers/3514340206_efb8198a80_n.jpg,data/flower_photos/sunflowers/3514340206_efb8198a80_n.jpg,sunflowers,320,240,1.3333333333333333,RGB,JPEG,RGB,,02af1c1c70bb55a682cbfd096c9763dc2f228f029ac844797cefa3f9ebc0e74c,59414,ok,
data/flower_photos/sunflowers/35477171_13cb52115c_n.jpg,data/flower_photos/sunflowers/35477171_13cb52115c_n.jpg,sunflowers,320,240,1.3333333333333333,RGB,JPEG,RGB,,3a6303d00e39f9172f120b89fca55ca81022660856b519df5fb71305fe76ea1b,56565,ok,
data/flower_photos/sunflowers/3568114325_d6b1363497.jpg,data/flower_photos/sunflowers/3568114325_d6b1363497.jpg,sunflowers,500,375,1.3333333333333333,RGB,JPEG,RGB,,7f10dd9d45154d740b8eed013d4beea5753449b7a7a452d04eda32d6436e24e3,185003,ok,
data/flower_photos/sunflowers/3568925290_faf7aec3a0.jpg,data/flower_photos/sunflowers/3568925290_faf7aec3a0.jpg,sunflowers,500,375,1.3333333333333333,RGB,JPEG,RGB,,3159b160f231ba79ab21b849b0e6a8a6c4c16f9fa7261bc42277762e97602c13,219689,ok,
data/flower_photos/sunflowers/3575811488_a31714472a.jpg,data/flower_photos/sunflowers/3575811488_a31714472a.jpg,sunflowers,500,333,1.5015015015015014,RGB,JPEG,RGB,,98c7def5503c734d50024cb0692d9e40de5b0e0ad70818d0b94b21543562b144,139758,ok,
data/flower_photos/sunflowers/3594967811_697184b026_n.jpg,data/flower_photos/sunflowers/3594967811_697184b026_n.jpg,sunflowers,320,240,1.3333333333333333,RGB,JPEG,RGB,,a62146f7baa81e6f69c8d2f0af6a88285a4546e7b4ce31d92f1af0d61a6b8bb0,66373,ok,
data/flower_photos/sunflowers/3596902268_049e33a2cb_n.jpg,data/flower_photos/sunflowers/3596902268_049e33a2cb_n.jpg,sunflowers,320,240,1.3333333333333333,RGB,JPEG,RGB,,c885006ba1bcd16dd54f70648a5edeb4eca5e9d8dcbfacb5ce46e4310b859b2a,66663,ok,
data/flower_photos/sunflowers/3665455426_9cd1c3af4a_n.jpg,data/flower_photos/sunflowers/3665455426_9cd1c3af4a_n.jpg,sunflowers,320,213,1.5023474178403755,RGB,JPEG,RGB,,1107e01362ed28c99b9758bd35e11fed33b49c1d807284fd731b683882c04dfd,57197,ok,
data/flower_photos/sunflowers/3681233294_4f06cd8903.jpg,data/flower_photos/sunflowers/3681233294_4f06cd8903.jpg,sunflowers,500,400,1.25,RGB,JPEG,RGB,,0c57bdf53bf51d27a62e1b4367460e3cf884617584c33976a204d6b0a7419d86,116504,ok,
data/flower_photos/sunflowers/3683873444_be4a609c46.jpg,data/flower_photos/sunflowers/3683873444_be4a609c46.jpg,sunflowers,500,333,1.5015015015015014,RGB,JPEG,RGB,,6608d87849f35dd59677149f0037b65e188ee2a29c690a9fd58c44810b3664d3,149091,ok,
data/flower_photos/sunflowers/3731075939_6c92d7fe68_m.jpg,data/flower_photos/sunflowers/3731075939_6c92d7fe68_m.jpg,sunflowers,240,192,1.25,RGB,JPEG,RGB,,90fe3fe415a6fb8a909715f991313617133167c469101a2da63261dedde1542f,55748,ok,
data/flower_photos/sunflowers/3734999477_7f454081aa_n.jpg,data/flower_photos/sunflowers/3734999477_7f454081aa_n.jpg,sunflowers,320,240,1.3333333333333333,RGB,JPEG,RGB,,1706e1f36e2d780c5d7b2f1ba140129aa7a4c499b5f5b5b493ec7df244db5c55,57074,ok,
data/flower_photos/sunflowers/3749090865_b90f28a585_n.jpg,data/flower_photos/sunflowers/3749090865_b90f28a585_n.jpg,sunflowers,320,220,1.4545454545454546,RGB,JPEG,RGB,,9f4104b92c05a058f946f74d917d91a4938008a54f0980e6647d2843bb2206c9,44389,ok,
data/flower_photos/sunflowers/3749091071_c146b33c74_n.jpg,data/flower_photos/sunflowers/3749091071_c146b33c74_n.jpg,sunflowers,320,220,1.4545454545454546,RGB,JPEG,RGB,,edeab00cc9679f51f3d0053da7f4f5c791cbd24e5f82b5f8bfee79270bd7feae,53643,ok,
data/flower_photos/sunflowers/3766264038_ea701c7131_n.jpg,data/flower_photos/sunflowers/3766264038_ea701c7131_n.jpg,sunflowers,320,240,1.3333333333333333,RGB,JPEG,RGB,,a313e357eed8a348aaba3fb2bd32a1ed045c832f1d00aa33ecf2d7ea7fe8aa08,54256,ok,
data/flower_photos/sunflowers/3784815653_5df39aa9c2_m.jpg,data/flower_photos/sunflowers/3784815653_5df39aa9c2_m.jpg,sunflowers,159,240,0.6625,RGB,JPEG,RGB,,1769cab0e73ee6dc2344e08042fa91192427ec2020b17563c8368c7a75183fb8,25955,ok,
data/flower_photos/sunflowers/3798841385_38142ea3c6_n.jpg,data/flower_photos/sunflowers/3798841385_38142ea3c6_n.jpg,sunflowers,320,222,1.4414414414414414,RGB,JPEG,RGB,,eeb0ee071b938dfdbaf754e5ec4a79ee1c4f1247383f4b05c747402183f747c7,74837,ok,
data/flower_photos/sunflowers/3815322974_52c12dbde3.jpg,data/flower_photos/sunflowers/3815322974_52c12dbde3.jpg,sunflowers,500,281,1.7793594306049823,RGB,JPEG,RGB,,180b423fafa26353eb0d5aa0a763fe922568be752887bce46016888ff1c4cfd0,141053,ok,
data/flower_photos/sunflowers/3832945398_96509d192b.jpg,data/flower_photos/sunflowers/3832945398_96509d192b.jpg,sunflowers,500,333,1.5015015015015014,RGB,JPEG,RGB,,4dc558628d3d2aee24a90d841bfc4d463fce6b9b0999b6af4e04167eac0c5a4f,100233,ok,
data/flower_photos/sunflowers/3838274225_36010c6254_n.jpg,data/flower_photos/sunflowers/3838274225_36010c6254_n.jpg,sunflowers,320,213,1.5023474178403755,RGB,JPEG,RGB,,7b4363dd5d9aa3b67dd01f8f2afbcf0fc4246885d5898aebb6033d5eda763d13,63508,ok,
data/flower_photos/sunflowers/3840761441_7c648abf4d_n.jpg,data/flower_photos/sunflowers/3840761441_7c648abf4d_n.jpg,sunflowers,320,266,1.2030075187969924,RGB,JPEG,RGB,,e81d5053db3b3cc824a1f6e0836bf49607b731affe25a1e0e5042dcb471ff732,49197,ok,
data/flower_photos/sunflowers/3846717708_ea11383ed8.jpg,data/flower_photos/sunflowers/3846717708_ea11383ed8.jpg,sunflowers,500,333,1.5015015015015014,RGB,JPEG,RGB,,9a445c47e92c005ecefd9a905cb968fa2ace52acfe2f06aa71d34726560716e5,127869,ok,
data/flower_photos/sunflowers/3846907701_e13b66aa87.jpg,data/flower_photos/sunflowers/3846907701_e13b66aa87.jpg,sunflowers,500,348,1.4367816091954022,RGB,JPEG,RGB,,4f7dc39258c4d77192b8dff274913dcd939dc93bb2c82ff6e6851ecdcc061c8d,117678,ok,
data/flower_photos/sunflowers/3848405800_8eea982c40.jpg,data/flower_photos/sunflowers/3848405800_8eea982c40.jpg,sunflowers,500,348,1.4367816091954022,RGB,JPEG,RGB,,7051d9e50ad5edf693aa74385d4105627c53d189c2a7b73fe65aa472abf76920,156611,ok,
data/flower_photos/sunflowers/3858508462_db2b9692d1.jpg,data/flower_photos/sunflowers/3858508462_db2b9692d1.jpg,sunflowers,500,335,1.492537313432836,RGB,JPEG,RGB,,78b31b6f153db4a3b3e86bc527dbdacb86539e46bf8da8e5b2b0912736963513,165859,ok,
data/flower_photos/sunflowers/3865206264_5d81584bba.jpg,data/flower_photos/sunflowers/3865206264_5d81584bba.jpg,sunflowers,500,332,1.5060240963855422,RGB,JPEG,RGB,,8a07701a243b1de6b0343c6572af5e1027f2f364325654d4a8e59c091313bca6,139162,ok,
data/flower_photos/sunflowers/3883895985_bd20198371.jpg,data/flower_photos/sunflowers/3883895985_bd20198371.jpg,sunflowers,500,334,1.4970059880239521,RGB,JPEG,RGB,,bcec08edb190061ace7760ccfbe1bdec6b232bcc5a124654379449080473b29a,144368,ok,
data/flower_photos/sunflowers/3893436870_034b79d118_n.jpg,data/flower_photos/sunflowers/3893436870_034b79d118_n.jpg,sunflowers,320,247,1.2955465587044535,RGB,JPEG,RGB,,ffd017df51bc94b1620947f2441784e8afa7c955eee14c6fd5e6d4271afe73c3,48268,ok,
data/flower_photos/sunflowers/3894586562_5dbbdc4354_n.jpg,data/flower_photos/sunflowers/3894586562_5dbbdc4354_n.jpg,sunflowers,320,237,1.350210970464135,RGB,JPEG,RGB,,78c5768407a5700e54349d4f39c8f9df294336c9cc802e5432c5cfee681c8766,36151,ok,
data/flower_photos/sunflowers/3897174387_07aac6bf5f_n.jpg,data/flower_photos/sunflowers/3897174387_07aac6bf5f_n.jpg,sunflowers,320,240,1.3333333333333333,RGB,JPEG,RGB,,75529bb1241fd817ff4d2a3e05304b5180b190520873e2d700b7164fb6217ab7,45630,ok,
data/flower_photos/sunflowers/3912497870_a2f91c3a65_n.jpg,data/flower_photos/sunflowers/3912497870_a2f91c3a65_n.jpg,sunflowers,320,240,1.3333333333333333,RGB,JPEG,RGB,,cab971632b4ac958fe02f6865579a3729100d35e02e73a3e7f9e47f98e40d5a8,54542,ok,
data/flower_photos/sunflowers/3912497888_e7a5905bc3_n.jpg,data/flower_photos/sunflowers/3912497888_e7a5905bc3_n.jpg,sunflowers,320,240,1.3333333333333333,RGB,JPEG,RGB,,ffdc3de7af1d7d40442d305be04d13639bd65d3574a9d9259919d0ca86789d43,46881,ok,
data/flower_photos/sunflowers/3922005347_7b6fb82fcd.jpg,data/flower_photos/sunflowers/3922005347_7b6fb82fcd.jpg,sunflowers,500,398,1.256281407035176,RGB,JPEG,RGB,,68f0ad38258d28dad38c79e8505a304d506c3f7040882afb128e6bbad811bd49,203282,ok,
data/flower_photos/sunflowers/39271782_b4335d09ae_n.jpg,data/flower_photos/sunflowers/39271782_b4335d09ae_n.jpg,sunflowers,320,251,1.2749003984063745,RGB,JPEG,RGB,,ae7efdc0628de7637b0a247861b2c1b158a5009af6e7bbf56103b1bdbec395c3,34389,ok,
data/flower_photos/sunflowers/3950020811_dab89bebc0_n.jpg,data/flower_photos/sunflowers/3950020811_dab89bebc0_n.jpg,sunflowers,320,187,1.7112299465240641,RGB,JPEG,RGB,,b02e0f0b8090187697c714d5234820eed414e11b5e9394529145738fe8da394c,52284,ok,
data/flower_photos/sunflowers/3951246342_930138610b_n.jpg,data/flower_photos/sunflowers/3951246342_930138610b_n.jpg,sunflowers,320,213,1.5023474178403755,RGB,JPEG,RGB,,4fe679e6611a65f09b54ed2cce50c9ab7faa9e85d09a3025f1d178a91633941e,45742,ok,
data/flower_photos/sunflowers/4019748730_ee09b39a43.jpg,data/flower_photos/sunflowers/4019748730_ee09b39a43.jpg,sunflowers,500,375,1.3333333333333333,RGB,JPEG,RGB,,ebd18d80361489a45b072a81a74a4c42b8f4ea4f2135d6bfd3fe642c484ed9b3,163020,ok,
data/flower_photos/sunflowers/40410686_272bc66faf_m.jpg,data/flower_photos/sunflowers/40410686_272bc66faf_m.jpg,sunflowers,180,240,0.75,RGB,JPEG,RGB,,a3c38852e0af9b417aa974422c2e0dd031ae18773b01f471d61bf20c27180b32,27676,ok,
data/flower_photos/sunflowers/40410814_fba3837226_n.jpg,data/flower_photos/sunflowers/40410814_fba3837226_n.jpg,sunflowers,320,240,1.3333333333333333,RGB,JPEG,RGB,,b2c90e4a6297a540f7aeb1e17a80dd46b41116500e0c465523eb68f42d88d841,37534,ok,
data/flower_photos/sunflowers/40410963_3ac280f23a_n.jpg,data/flower_photos/sunflowers/40410963_3ac280f23a_n.jpg,sunflowers,320,240,1.3333333333333333,RGB,JPEG,RGB,,2519e494dba7761dc6e1a674dae5fd17321bbb1a09d63357e8b682591a95c53c,36409,ok,
data/flower_photos/sunflowers/40411019_526f3fc8d9_m.jpg,data/flower_photos/sunflowers/40411019_526f3fc8d9_m.jpg,sunflowers,180,240,0.75,RGB,JPEG,RGB,,f4ca652222e0be160a65cf1c0c285a8e852ffac374b5790003d13f082c3a37da,20689,ok,
data/flower_photos/sunflowers/40411100_7fbe10ec0f_n.jpg,data/flower_photos/sunflowers/40411100_7fbe10ec0f_n.jpg,sunflowers,320,240,1.3333333333333333,RGB,JPEG,RGB,,d6f5de28907ad1ddcfab6bb3a40c3332ed935f4d0a208ecfa3becc9444d5f758,64884,ok,
data/flower_photos/sunflowers/4042816698_578a1d599e.jpg,data/flower_photos/sunflowers/4042816698_578a1d599e.jpg,sunflowers,500,333,1.5015015015015014,RGB,JPEG,RGB,,fe819f346005167e291c9974864a582902e7aad65dbaffab75a2ed09e65a3638,139940,ok,
data/flower_photos/sunflowers/4080112931_cb20b3d51a_n.jpg,data/flower_photos/sunflowers/4080112931_cb20b3d51a_n.jpg,sunflowers,320,271,1.1808118081180812,RGB,JPEG,RGB,,bb7baf6fdee3235a5b99399d7a9c28b2282da1d162fc54019ad23681821377c2,59138,ok,
data/flower_photos/sunflowers/4110787181_f73f12d107_m.jpg,data/flower_photos/sunflowers/4110787181_f73f12d107_m.jpg,sunflowers,180,240,0.75,RGB,JPEG,RGB,,012d8368eba412fbac7377d11d4e7fce08b3219181922a6ff5d13259b47743fe,27263,ok,
data/flower_photos/sunflowers/4160805260_cf758daeae_n.jpg,data/flower_photos/sunflowers/4160805260_cf758daeae_n.jpg,sunflowers,320,240,1.3333333333333333,RGB,JPEG,RGB,,6da6a7eb692ad2e96cb31b67ea4065057fe707a5dc2a1c7c14e6283fe643e322,58626,ok,
data/flower_photos/sunflowers/417251603_69f0ee57a9_m.jpg,data/flower_photos/sunflowers/417251603_69f0ee57a9_m.jpg,sunflowers,180,240,0.75,RGB,JPEG,RGB,,5e1edb9e1a0df9013099bfdf256bb8b42f84b2780c57be2da88a6fd5080d7499,25319,ok,
data/flower_photos/sunflowers/418056361_1dfac1c151_n.jpg,data/flower_photos/sunflowers/418056361_1dfac1c151_n.jpg,sunflowers,320,240,1.3333333333333333,RGB,JPEG,RGB,,2952ece522d1737f3be5b8b795c0301f38b692a1240354005294eeceb70ab728,60956,ok,
data/flower_photos/sunflowers/4186808407_06688641e2_n.jpg,data/flower_photos/sunflowers/4186808407_06688641e2_n.jpg,sunflowers,320,240,1.3333333333333333,RGB,JPEG,RGB,,838a1a91df9066058441482cb896a0dcb3b7f192ef9db370dbe9a8065b2ea3d2,64746,ok,
data/flower_photos/sunflowers/4191299785_a4faca9b74_n.jpg,data/flower_photos/sunflowers/4191299785_a4faca9b74_n.jpg,sunflowers,320,240,1.3333333333333333,RGB,JPEG,RGB,,98de5ac039f3b4860676c62581a7f542cff51a564037d3c4df940aab0eb81423,28699,ok,
data/flower_photos/sunflowers/4235259239_21f2eb4f2e.jpg,data/flower_photos/sunflowers/4235259239_21f2eb4f2e.jpg,sunflowers,500,333,1.5015015015015014,RGB,JPEG,RGB,,03280dcc8204c1d6d083fe180e06f2b282df24d80283a5475e960bdebee0f221,158840,ok,
data/flower_photos/sunflowers/4271193206_666ef60aa0_m.jpg,data/flower_photos/sunflowers/4271193206_666ef60aa0_m.jpg,sunflowers,159,240,0.6625,RGB,JPEG,RGB,,d4c2a8d77d6910aef26f87132ab9eeb2c8cb8bc7473378d2070e75dd438a2836,55531,ok,
data/flower_photos/sunflowers/4341530649_c17bbc5d01.jpg,data/flower_photos/sunflowers/4341530649_c17bbc5d01.jpg,sunflowers,500,290,1.7241379310344827,RGB,JPEG,RGB,,83781233f561de946e5a2a0f9a4eb206a4265e575f6fce9ed40f4f7a3e73490a,257418,ok,
data/flower_photos/sunflowers/4398771472_44f2a0c162_n.jpg,data/flower_photos/sunflowers/4398771472_44f2a0c162_n.jpg,sunflowers,320,224,1.4285714285714286,RGB,JPEG,RGB,,d78f3cb530c42d8f7ec5524c7459fcb0f892fc797bbd52a01210888382ec1a16,72248,ok,
data/flower_photos/sunflowers/44079668_34dfee3da1_n.jpg,data/flower_photos/sunflowers/44079668_34dfee3da1_n.jpg,sunflowers,320,261,1.2260536398467432,RGB,JPEG,RGB,,f18ba9b22c9366fde9e1c4e680fa5a3abbe9dcfe5c19cb1443ae7443919a96bb,43148,ok,
data/flower_photos/sunflowers/4414080766_5116e8084e.jpg,data/flower_photos/sunflowers/4414080766_5116e8084e.jpg,sunflowers,500,346,1.4450867052023122,RGB,JPEG,RGB,,f2e41bf4de5b9768396c10827b8cb4c51cc33a3f6be37a67560ff5b8d535e849,156983,ok,
data/flower_photos/sunflowers/4414081772_8a0e8a1327.jpg,data/flower_photos/sunflowers/4414081772_8a0e8a1327.jpg,sunflowers,500,246,2.032520325203252,RGB,JPEG,RGB,,8106f9804ad8c0a28a423a4d662bd7e3dde949aad528a2442d5dad423d9f99bf,107419,ok,
data/flower_photos/sunflowers/4414083164_3f285f8ac5.jpg,data/flower_photos/sunflowers/4414083164_3f285f8ac5.jpg,sunflowers,500,346,1.4450867052023122,RGB,JPEG,RGB,,8652450d29124b148f47f1f977ed326a79add460db811efbfb021a8b09d026e8,125295,ok,
data/flower_photos/sunflowers/4414084638_03d2db38ae.jpg,data/flower_photos/sunflowers/4414084638_03d2db38ae.jpg,sunflowers,500,346,1.4450867052023122,RGB,JPEG,RGB,,1e33605340f5cb7b58c60da634dbac96de057b436f9ee6133b0ee047f30d9a73,169945,ok,
data/flower_photos/sunflowers/4489516263_e49fe82637_n.jpg,data/flower_photos/sunflowers/4489516263_e49fe82637_n.jpg,sunflowers,320,240,1.3333333333333333,RGB,JPEG,RGB,,871aa835fa040beb33076477bc6e3ef0634c63f2f0cd55316d066c90e9ee3d42,59577,ok,
data/flower_photos/sunflowers/45045003_30bbd0a142_m.jpg,data/flower_photos/sunflowers/45045003_30bbd0a142_m.jpg,sunflowers,180,240,0.75,RGB,JPEG,RGB,,c0aac9bde96e56b103707ee9fd7a6726c791e5fdc1a96f7ec14c664ed57d97ab,20079,ok,
data/flower_photos/sunflowers/45045005_57354ee844.jpg,data/flower_photos/sunflowers/45045005_57354ee844.jpg,sunflowers,500,375,1.3333333333333333,RGB,JPEG,RGB,,7c57b3c17c4734c6788ac65b79952ce0e1fc3e909178846f985c52b9c671861f,137690,ok,
data/flower_photos/sunflowers/4528959364_fa544b0f4e_m.jpg,data/flower_photos/sunflowers/4528959364_fa544b0f4e_m.jpg,sunflowers,198,240,0.825,RGB,JPEG,RGB,,74791612566d6151ffd66ddab5da0e91201582e5897987729cbd3f2a57366e0a,21874,ok,
data/flower_photos/sunflowers/4623843480_23e3fb8dcc_n.jpg,data/flower_photos/sunflowers/4623843480_23e3fb8dcc_n.jpg,sunflowers,320,240,1.3333333333333333,RGB,JPEG,RGB,,d8a194ddd732e6ec09a71c77c6a87b740c3eb17afd864cba9d8843de405f9019,29820,ok,
data/flower_photos/sunflowers/4625255191_26e17a28c9_n.jpg,data/flower_photos/sunflowers/4625255191_26e17a28c9_n.jpg,sunflowers,320,240,1.3333333333333333,RGB,JPEG,RGB,,956fd00cbcdad956be53080b2964c88c482b078f6a380a65445bfd74ca2c9e3a,27121,ok,
data/flower_photos/sunflowers/4626721387_88f89d5cc9_n.jpg,data/flower_photos/sunflowers/4626721387_88f89d5cc9_n.jpg,sunflowers,320,213,1.5023474178403755,RGB,JPEG,RGB,,7a3922568ca7c78c5607d488e456361c605ae5478d72856144d3fdab23451848,42105,ok,
data/flower_photos/sunflowers/4664737020_b4c61aacd3_n.jpg,data/flower_photos/sunflowers/4664737020_b4c61aacd3_n.jpg,sunflowers,320,240,1.3333333333333333,RGB,JPEG,RGB,,243b9174a9f49a7a9192fb595aa6525607238e4e93de4165844bedfa120f6179,50013,ok,
data/flower_photos/sunflowers/4664767140_fe01231322_n.jpg,data/flower_photos/sunflowers/4664767140_fe01231322_n.jpg,sunflowers,320,240,1.3333333333333333,RGB,JPEG,RGB,,0a197de15ce61c91bd19fbce5744abc244c8666b13896754f47fdfbd9451e8dd,31474,ok,
data/flower_photos/sunflowers/4673984698_6ec14d5b79.jpg,data/flower_photos/sunflowers/4673984698_6ec14d5b79.jpg,sunflowers,500,290,1.7241379310344827,RGB,JPEG,RGB,,1e7e317ea4892b2c7a97b86149e0988d0e9905b91491efff24a7ddcf2336c5f6,127121,ok,
data/flower_photos/sunflowers/4689061249_6498da5013.jpg,data/flower_photos/sunflowers/4689061249_6498da5013.jpg,sunflowers,500,312,1.6025641025641026,RGB,JPEG,RGB,,ad1bdf0c9cadabea52e7cd14b71fab9bb68731119fdb132c18b64bf133327b64,186699,ok,
data/flower_photos/sunflowers/4745980581_a0b7585258_n.jpg,data/flower_photos/sunflowers/4745980581_a0b7585258_n.jpg,sunflowers,320,238,1.3445378151260505,RGB,JPEG,RGB,,9fb936a6171be44c541e221e51babffa6492b84daa4a8b40e9a0c7ebfd8555af,61775,ok,
data/flower_photos/sunflowers/4745985619_249078cafa_n.jpg,data/flower_photos/sunflowers/4745985619_249078cafa_n.jpg,sunflowers,320,238,1.3445378151260505,RGB,JPEG,RGB,,d8c844ebd68d217793593d48ed6dcbc5d7fe0c29e738c5ad727671b8ad25efb4,55399,ok,
data/flower_photos/sunflowers/4745991955_6804568ae0_n.jpg,data/flower_photos/sunflowers/4745991955_6804568ae0_n.jpg,sunflowers,320,238,1.3445378151260505,RGB,JPEG,RGB,,c76c561e10e81d747e19eab27843ede92115846b736e13e64ad8fb680ea3f5d0,56133,ok,
data/flower_photos/sunflowers/4746638094_f5336788a0_n.jpg,data/flower_photos/sunflowers/4746638094_f5336788a0_n.jpg,sunflowers,320,238,1.3445378151260505,RGB,JPEG,RGB,,adb462f2349d2624c2bbbca2bd8cba877fdb333ef3af72485affe0f4690d0251,56489,ok,
data/flower_photos/sunflowers/4746643626_02b2d056a2_n.jpg,data/flower_photos/sunflowers/4746643626_02b2d056a2_n.jpg,sunflowers,320,238,1.3445378151260505,RGB,JPEG,RGB,,12e9afc13a4663e1f89072960f083e5f41451bd6b76737b1e0a59dfab2a7af48,57932,ok,
data/flower_photos/sunflowers/4746648726_e37a2de16d_n.jpg,data/flower_photos/sunflowers/4746648726_e37a2de16d_n.jpg,sunflowers,320,238,1.3445378151260505,RGB,JPEG,RGB,,e677dc04326e5d28b41b6aa8e95b29cb033375bd2129403657b8f8c95715036b,56957,ok,
data/flower_photos/sunflowers/4746668678_0e2693b1b9_n.jpg,data/flower_photos/sunflowers/4746668678_0e2693b1b9_n.jpg,sunflowers,320,238,1.3445378151260505,RGB,JPEG,RGB,,97c18b1e7ed3f45f2bce98e0d634e5537d76c1e204c954fbd95695e96969619f,70236,ok,
data/flower_photos/sunflowers/4755075329_1fccc69d4e.jpg,data/flower_photos/sunflowers/4755075329_1fccc69d4e.jpg,sunflowers,500,332,1.5060240963855422,RGB,JPEG,RGB,,5fca68910ffc237a9466893414cbc88d291d711d5dbf1234a50494476f957eaf,114670,ok,
data/flower_photos/sunflowers/4755705724_976621a1e7.jpg,data/flower_photos/sunflowers/4755705724_976621a1e7.jpg,sunflowers,500,332,1.5060240963855422,RGB,JPEG,RGB,,681fce3cc56ce19c07a690c22297e15db7178de904a35dea1da14507ca0c36f8,104269,ok,
data/flower_photos/sunflowers/4804434999_bf2187e96a_n.jpg,data/flower_photos/sunflowers/4804434999_bf2187e96a_n.jpg,sunflowers,320,208,1.5384615384615385,RGB,JPEG,RGB,,fb59a5cff1f0fa6160333109a8990d8c86acec9d13ec45ca90912b808331a7e4,65728,ok,
data/flower_photos/sunflowers/4805544785_a63241f6d0_n.jpg,data/flower_photos/sunflowers/4805544785_a63241f6d0_n.jpg,sunflowers,320,240,1.3333333333333333,RGB,JPEG,RGB,,592dae04cdf18858bffd4a68501a01927710dac0443842a315337a09b0d51ecf,73694,ok,
data/flower_photos/sunflowers/4806174512_e04475b766_n.jpg,data/flower_photos/sunflowers/4806174512_e04475b766_n.jpg,sunflowers,320,240,1.3333333333333333,RGB,JPEG,RGB,,e9748435359191630c27e4bbfe1fe1c233baed9311842c07fb297d7e133725a3,65763,ok,
data/flower_photos/sunflowers/4813483281_f3707a71e7_n.jpg,data/flower_photos/sunflowers/4813483281_f3707a71e7_n.jpg,sunflowers,320,229,1.3973799126637554,RGB,JPEG,RGB,,5e5223d9ad32041fdd1cc38a438e42409b7bac4f01f4d9cbb3b02fe72c5a9537,80336,ok,
data/flower_photos/sunflowers/4814106562_7c3564d2d9_n.jpg,data/flower_photos/sunflowers/4814106562_7c3564d2d9_n.jpg,sunflowers,320,240,1.3333333333333333,RGB,JPEG,RGB,,6e477e4390014bb9d11b2e916d5c5b14e325e15be9bfb7e3d3d2a3be40c13026,80595,ok,
data/flower_photos/sunflowers/4816636411_0135bfe2c9_n.jpg,data/flower_photos/sunflowers/4816636411_0135bfe2c9_n.jpg,sunflowers,320,240,1.3333333333333333,RGB,JPEG,RGB,,1f2db82965c95ac05ad04d39f9f02e776d9ab50307171c07769c7c13a13a668f,50942,ok,
data/flower_photos/sunflowers/4818994715_9d90527d18_n.jpg,data/flower_photos/sunflowers/4818994715_9d90527d18_n.jpg,sunflowers,320,248,1.2903225806451613,RGB,JPEG,RGB,,146d1c4878618f1f8c0387b9c2b2a7fca0c90379e9c5b3ff23afc947a47482cc,52257,ok,
data/flower_photos/sunflowers/4821232343_7e0bcfbfdf_n.jpg,data/flower_photos/sunflowers/4821232343_7e0bcfbfdf_n.jpg,sunflowers,320,213,1.5023474178403755,RGB,JPEG,RGB,,46f3b58ed25daab9b840385fa0e4f7139d16d5d293feb2c428b859891cf75fc3,51812,ok,
data/flower_photos/sunflowers/4831577091_f56157a5d5_n.jpg,data/flower_photos/sunflowers/4831577091_f56157a5d5_n.jpg,sunflowers,320,240,1.3333333333333333,RGB,JPEG,RGB,,93f6c3c8fa56694627d9c66d60f4e8e5f88aeb0906a890433c823a177473d9bb,59041,ok,
data/flower_photos/sunflowers/4846786944_2832c5c8b8.jpg,data/flower_photos/sunflowers/4846786944_2832c5c8b8.jpg,sunflowers,500,281,1.7793594306049823,RGB,JPEG,RGB,,77183d20013d1420c528cca32c2f7f89489561ac143928d9d0f07aa447598fcf,189256,ok,
data/flower_photos/sunflowers/4847062576_bae870479c_n.jpg,data/flower_photos/sunflowers/4847062576_bae870479c_n.jpg,sunflowers,320,240,1.3333333333333333,RGB,JPEG,RGB,,bd64f9aacdcad047a7ed75f44cc5cbb9dceaeaf554b51c420afd3b3ef52ebdd1,50410,ok,
data/flower_photos/sunflowers/4848279231_c4960e28b2_n.jpg,data/flower_photos/sunflowers/4848279231_c4960e28b2_n.jpg,sunflowers,320,213,1.5023474178403755,RGB,JPEG,RGB,,4ff792f92db083719d1e2211b4d368575355b34ad611a7556b7ceb224cc416c9,46503,ok,
data/flower_photos/sunflowers/4868595281_1e58083785.jpg,data/flower_photos/sunflowers/4868595281_1e58083785.jpg,sunflowers,500,332,1.5060240963855422,RGB,JPEG,RGB,,6bca807cf8926465ad8c9282dd0db06db8487aadcd30451b57e6e8d4d759a060,230961,ok,
data/flower_photos/sunflowers/4869189730_f47c124cda_n.jpg,data/flower_photos/sunflowers/4869189730_f47c124cda_n.jpg,sunflowers,320,212,1.509433962264151,RGB,JPEG,RGB,,65ced2cac550583dbd379c67ce04d1090beae576b484eea0653733929ead9d03,102008,ok,
data/flower_photos/sunflowers/4871455214_8b5fb87ab6_n.jpg,data/flower_photos/sunflowers/4871455214_8b5fb87ab6_n.jpg,sunflowers,320,213,1.5023474178403755,RGB,JPEG,RGB,,91b47bf2e4194284a78dfd5393599a7bbec636e681cbfdcbfcdafe592c9e4358,65902,ok,
data/flower_photos/sunflowers/4872284527_ff52128b97.jpg,data/flower_photos/sunflowers/4872284527_ff52128b97.jpg,sunflowers,500,314,1.5923566878980893,RGB,JPEG,RGB,,ada268e2dc21d7787cc5db16f575ce29dacaa9a7208667cd7e532bf5abe98a92,116050,ok,
data/flower_photos/sunflowers/4872892690_52dc25b0b4.jpg,data/flower_photos/sunflowers/4872892690_52dc25b0b4.jpg,sunflowers,500,317,1.5772870662460567,RGB,JPEG,RGB,,4d711ce0553b4f94f6831c2ee707aefb80a4253542cc88f94d46bf14fd238269,148740,ok,
data/flower_photos/sunflowers/4877195645_791c3a83b9_m.jpg,data/flower_photos/sunflowers/4877195645_791c3a83b9_m.jpg,sunflowers,166,240,0.6916666666666667,RGB,JPEG,RGB,,ce8dcd9b229c47d2b7a5673548f34d681cae63c0ca1a5bb63a6d7dc1938f13f5,32216,ok,
data/flower_photos/sunflowers/4878447831_e904c60cf8_n.jpg,data/flower_photos/sunflowers/4878447831_e904c60cf8_n.jpg,sunflowers,320,240,1.3333333333333333,RGB,JPEG,RGB,,d7a9ad04631640e51f3d648fb5e50535c7cb29d4a8e4951fa28bcb840992fe8a,44377,ok,
data/flower_photos/sunflowers/4890268276_563f40a193.jpg,data/flower_photos/sunflowers/4890268276_563f40a193.jpg,sunflowers,500,333,1.5015015015015014,RGB,JPEG,RGB,,6c2d2fa5c118b868a9992c3eb6dfd912aa9a678a7ab8bc9fd165d142ca41e7ae,98697,ok,
data/flower_photos/sunflowers/4893660821_eb7f02bef3_n.jpg,data/flower_photos/sunflowers/4893660821_eb7f02bef3_n.jpg,sunflowers,320,240,1.3333333333333333,RGB,JPEG,RGB,,b402091b4b948663c77d94db32badd3c74970e25abe167e9d5e614b994a3ecc3,42804,ok,
data/flower_photos/sunflowers/4895122831_83db2ba2d0_n.jpg,data/flower_photos/sunflowers/4895122831_83db2ba2d0_n.jpg,sunflowers,320,240,1.3333333333333333,RGB,JPEG,RGB,,06c6f46a4409f08a91e1cc0cc9d75c901fd34d26bba29265ecbb1a8a6bfbed02,60895,ok,
data/flower_photos/sunflowers/4895124535_11a2bb704c_m.jpg,data/flower_photos/sunflowers/4895124535_11a2bb704c_m.jpg,sunflowers,180,240,0.75,RGB,JPEG,RGB,,5f23495841ad1ff9c5d23817659309e8073b46adbaa4541c02884181209abf03,32842,ok,
data/flower_photos/sunflowers/4895718876_0246882882_n.jpg,data/flower_photos/sunflowers/4895718876_0246882882_n.jpg,sunflowers,320,240,1.3333333333333333,RGB,JPEG,RGB,,1040de2c6531d3359ccd7b914db0db4c399f94a7db59f049d9251145161d9229,42865,ok,
data/flower_photos/sunflowers/4895719476_bd3b6bd6fd_n.jpg,data/flower_photos/sunflowers/4895719476_bd3b6bd6fd_n.jpg,sunflowers,320,240,1.3333333333333333,RGB,JPEG,RGB,,6836bbcb59ec5a801e4015a1b1aeb856ff399f78fb6752c8a121d5c7139e6c0f,41945,ok,
data/flower_photos/sunflowers/4895720722_8247f2015b_n.jpg,data/flower_photos/sunflowers/4895720722_8247f2015b_n.jpg,sunflowers,320,240,1.3333333333333333,RGB,JPEG,RGB,,6921bd4b414b6091ca6915bf9610b70778faa3d98c8be7b580fc73fa6de51ae9,38988,ok,
data/flower_photos/sunflowers/4895721242_89014e723c_n.jpg,data/flower_photos/sunflowers/4895721242_89014e723c_n.jpg,sunflowers,320,264,1.2121212121212122,RGB,JPEG,RGB,,0b82a49d5ebba8916983e7fd96d6cc3df06b98c39346c03a30f7b8948ebe7314,48806,ok,
data/flower_photos/sunflowers/4895721788_f10208ab77_n.jpg,data/flower_photos/sunflowers/4895721788_f10208ab77_n.jpg,sunflowers,320,232,1.3793103448275863,RGB,JPEG,RGB,,8d0f8247c8d970af284b348452461e1872fcfc23197da20cb190b55c4241ae61,47944,ok,
data/flower_photos/sunflowers/4914793782_d0ea760791.jpg,data/flower_photos/sunflowers/4914793782_d0ea760791.jpg,sunflowers,500,320,1.5625,RGB,JPEG,RGB,,d98f945c8fb5475c60607318cb22b016f5feb1b84393ca5c9d35b4b2a8dd4888,196820,ok,
data/flower_photos/sunflowers/4927658421_7eed83bc95_m.jpg,data/flower_photos/sunflowers/4927658421_7eed83bc95_m.jpg,sunflowers,180,240,0.75,RGB,JPEG,RGB,,6e9733e9cfa359e1f17a70f71617911a7126f88387360151e2c7598bf281f057,25802,ok,
data/flower_photos/sunflowers/4932143849_018486cbf7.jpg,data/flower_photos/sunflowers/4932143849_018486cbf7.jpg,sunflowers,500,333,1.5015015015015014,RGB,JPEG,RGB,,4c9d7f83b63f3162d2621434465af7b92acd19d941deb2babcc5119f874230e9,219559,ok,
data/flower_photos/sunflowers/4932144003_cbffc89bf0.jpg,data/flower_photos/sunflowers/4932144003_cbffc89bf0.jpg,sunflowers,500,333,1.5015015015015014,RGB,JPEG,RGB,,26a5b62c67d7fa794dcab2140924a08558d41a0620ad6199ee3caff6233deba0,177082,ok,
data/flower_photos/sunflowers/4932735362_6e1017140f.jpg,data/flower_photos/sunflowers/4932735362_6e1017140f.jpg,sunflowers,500,333,1.5015015015015014,RGB,JPEG,RGB,,90cb7be4426f82750b0fc45ecf564bec3fd540b0b0b4af114c140fa17ef2d362,277326,ok,
data/flower_photos/sunflowers/4932735566_2327bf319a.jpg,data/flower_photos/sunflowers/4932735566_2327bf319a.jpg,sunflowers,500,333,1.5015015015015014,RGB,JPEG,RGB,,d9b57cb0a02d0d948075b64310b204da3a364378464465d9ab220ea3057cb939,185905,ok,
data/flower_photos/sunflowers/4932736136_0115955987.jpg,data/flower_photos/sunflowers/4932736136_0115955987.jpg,sunflowers,500,333,1.5015015015015014,RGB,JPEG,RGB,,3664980510401517e5e7fc1eb6f5f71b8e8fbbcc1adc290cc274c9f7cd4a7d99,153253,ok,
data/flower_photos/sunflowers/4932736308_827012cff2.jpg,data/flower_photos/sunflowers/4932736308_827012cff2.jpg,sunflowers,500,333,1.5015015015015014,RGB,JPEG,RGB,,97af326ffe2a29c5307f950470f0b27bdd9633b8577cd7ab51a94076de95ebad,174658,ok,
data/flower_photos/sunflowers/4933228903_9ae82d0b9d.jpg,data/flower_photos/sunflowers/4933228903_9ae82d0b9d.jpg,sunflowers,500,333,1.5015015015015014,RGB,JPEG,RGB,,c183b20f8a7a5e42a19e6ae33fa29a9765eb9f7af6c371d69293b0eebc77f2d4,161105,ok,
data/flower_photos/sunflowers/4933229095_f7e4218b28.jpg,data/flower_photos/sunflowers/4933229095_f7e4218b28.jpg,sunflowers,500,291,1.7182130584192439,RGB,JPEG,RGB,,274d2a48ea52d8571bbe3d945de151edd58a3cef16892fd81a4f273c6663a32a,107466,ok,
data/flower_photos/sunflowers/4933229197_ff75a40d55.jpg,data/flower_photos/sunflowers/4933229197_ff75a40d55.jpg,sunflowers,500,292,1.7123287671232876,RGB,JPEG,RGB,,b23e15774d7dacf746445978cf41eed2e682a4905da71939970186b1f441d448,93256,ok,
data/flower_photos/sunflowers/4933229357_1c5cc03f65_m.jpg,data/flower_photos/sunflowers/4933229357_1c5cc03f65_m.jpg,sunflowers,159,240,0.6625,RGB,JPEG,RGB,,4c910c35754e5befa5c879b1dbfa6697deea6d0e20e00de29ed4ff5b0e5c9fbf,19166,ok,
data/flower_photos/sunflowers/4933229479_c1708bd503.jpg,data/flower_photos/sunflowers/4933229479_c1708bd503.jpg,sunflowers,500,333,1.5015015015015014,RGB,JPEG,RGB,,119c2c9f0a5ce8af8bf46bc5269a866d7967776af7c06af6fcc621b388aea168,130931,ok,
data/flower_photos/sunflowers/4933229561_881d4673e7_m.jpg,data/flower_photos/sunflowers/4933229561_881d4673e7_m.jpg,sunflowers,159,240,0.6625,RGB,JPEG,RGB,,0df0112d2cd9b4bde764b313a9d7d617f859d966557df536b48296f62d88581d,17617,ok,
data/flower_photos/sunflowers/4933229889_c5d9e36392.jpg,data/flower_photos/sunflowers/4933229889_c5d9e36392.jpg,sunflowers,500,333,1.5015015015015014,RGB,JPEG,RGB,,e46ecd701d285d71b07a0d504d3741c26a58d62c7d26b872b0d9404397ce5308,111078,ok,
data/flower_photos/sunflowers/4933230161_12f3ee7587.jpg,data/flower_photos/sunflowers/4933230161_12f3ee7587.jpg,sunflowers,500,333,1.5015015015015014,RGB,JPEG,RGB,,8136e6152edba9a066abc1f43e96f586e4433b47ac65c65cbd64bbf6d5dd3a48,100020,ok,
data/flower_photos/sunflowers/4933230247_a0432f01da.jpg,data/flower_photos/sunflowers/4933230247_a0432f01da.jpg,sunflowers,500,333,1.5015015015015014,RGB,JPEG,RGB,,50db531ad6619b1ba914cb32c718e945cc3f27dbaff733003f88853c60e8ba2c,113922,ok,
data/flower_photos/sunflowers/4933230395_7930697335_m.jpg,data/flower_photos/sunflowers/4933230395_7930697335_m.jpg,sunflowers,159,240,0.6625,RGB,JPEG,RGB,,473efdb86e0782796150d538981de0f3185028a901f4f203af81706889f67447,21710,ok,
data/flower_photos/sunflowers/4933230547_394f618009_m.jpg,data/flower_photos/sunflowers/4933230547_394f618009_m.jpg,sunflowers,159,240,0.6625,RGB,JPEG,RGB,,5faa094ecea5b4b6051dbec9f0f00f7b2265b5eabaed03e2c0a13690f1a406d7,21532,ok,
data/flower_photos/sunflowers/4933230991_d50c0f7c66.jpg,data/flower_photos/sunflowers/4933230991_d50c0f7c66.jpg,sunflowers,500,333,1.5015015015015014,RGB,JPEG,RGB,,e666210f21532cc816824af43ab54076cec4e866c1700e0fd5a9feb65ee4e696,135135,ok,
data/flower_photos/sunflowers/4933821940_38064522a8.jpg,data/flower_photos/sunflowers/4933821940_38064522a8.jpg,sunflowers,500,333,1.5015015015015014,RGB,JPEG,RGB,,9b1350e45b717932422c485fc993474234b51bb07e1b4b76ea8410b3a7d89d15,120532,ok,
data/flower_photos/sunflowers/4933822052_2dfef02517.jpg,data/flower_photos/sunflowers/4933822052_2dfef02517.jpg,sunflowers,500,333,1.5015015015015014,RGB,JPEG,RGB,,d1ca1285e1e68802dcda0bf8c288aa1b9e96079cbc73ee211736f8f91f2e8b22,164247,ok,
data/flower_photos/sunflowers/4933822272_79af205b94.jpg,data/flower_photos/sunflowers/4933822272_79af205b94.jpg,sunflowers,500,333,1.5015015015015014,RGB,JPEG,RGB,,ebfcf4df913d5d6a60605e5960ecfec7ebfd9514ef660e280610b4c1fe69757a,138121,ok,
data/flower_photos/sunflowers/4933822422_4f54fc7cc8.jpg,data/flower_photos/sunflowers/4933822422_4f54fc7cc8.jpg,sunflowers,500,235,2.127659574468085,RGB,JPEG,RGB,,2283537a9e3732eb9fa56cf1d32811694f7305a96579f5db182ea34341069341,93617,ok,
data/flower_photos/sunflowers/4933823194_33f6e32c5a.jpg,data/flower_photos/sunflowers/4933823194_33f6e32c5a.jpg,sunflowers,500,333,1.5015015015015014,RGB,JPEG,RGB,,dc0bd6b901ffc81a392ee290eae23d873daea37e49f94f7a17c11e2dfec0e40a,97870,ok,
data/flower_photos/sunflowers/4933823300_39fd4420b6.jpg,data/flower_photos/sunflowers/4933823300_39fd4420b6.jpg,sunflowers,500,333,1.5015015015015014,RGB,JPEG,RGB,,2a3d11b48f1b4b19f21f0d76af02c08287f83aa15584a752a5f8dfcc4c45b9b0,122848,ok,
data/flower_photos/sunflowers/4933823922_911ac40b0d.jpg,data/flower_photos/sunflowers/4933823922_911ac40b0d.jpg,sunflowers,500,333,1.5015015015015014,RGB,JPEG,RGB,,bee66b1ba3189388d8ffe7dff7803a23aea39988c3a74a0b3acda460bb30fe59,127104,ok,
data/flower_photos/sunflowers/4933824012_8cbfe606f6.jpg,data/flower_photos/sunflowers/4933824012_8cbfe606f6.jpg,sunflowers,500,333,1.5015015015015014,RGB,JPEG,RGB,,c9d21b6eed48c6071847c3f3b0727b2ef0b3acf2ed52e65004e6fce4cf3af6fa,126275,ok,
data/flower_photos/sunflowers/4933824130_b99839a80d.jpg,data/flower_photos/sunflowers/4933824130_b99839a80d.jpg,sunflowers,500,333,1.5015015015015014,RGB,JPEG,RGB,,4cd2501242db3c1115196a04f46bca54485855b50966659bba3616aa47f02626,132421,ok,
data/flower_photos/sunflowers/4940287066_385afd9c18_m.jpg,data/flower_photos/sunflowers/4940287066_385afd9c18_m.jpg,sunflowers,180,240,0.75,RGB,JPEG,RGB,,6fb8caa9c0829d4ab7abd003e5fd82803267f4fcfb58d9e151160a9477e8fd67,49826,ok,
data/flower_photos/sunflowers/4942258704_c4146b710a_n.jpg,data/flower_photos/sunflowers/4942258704_c4146b710a_n.jpg,sunflowers,320,240,1.3333333333333333,RGB,JPEG,RGB,,3ee711513fd15cd1dc3abd017885806aabe2c75958991c123e2132fbc47ad650,40747,ok,
data/flower_photos/sunflowers/4977385375_e271e282f9.jpg,data/flower_photos/sunflowers/4977385375_e271e282f9.jpg,sunflowers,500,333,1.5015015015015014,RGB,JPEG,RGB,,7b6950bd520b2489546fc250fb2dacaa151254435bf88bba43752550bbc72039,105378,ok,
data/flower_photos/sunflowers/4980406384_791774d953.jpg,data/flower_photos/sunflowers/4980406384_791774d953.jpg,sunflowers,500,334,1.4970059880239521,RGB,JPEG,RGB,,9310b736852fc018ae6c2e694a8bdaf36df1de7de37ef106e10ae66932264811,169394,ok,
data/flower_photos/sunflowers/4989952542_35f2cdd5e2_n.jpg,data/flower_photos/sunflowers/4989952542_35f2cdd5e2_n.jpg,sunflowers,320,239,1.3389121338912133,RGB,JPEG,RGB,,321cc690a6fc584089b9c052c8f4eb5c2a08b08ccad8cb539c426ed83d56d880,91165,ok,
data/flower_photos/sunflowers/5004121118_e9393e60d0_n.jpg,data/flower_photos/sunflowers/5004121118_e9393e60d0_n.jpg,sunflowers,320,241,1.3278008298755186,RGB,JPEG,RGB,,04746db56e716a4b3ba1a2321287b0c49e1bf7c2664e47bad8697e580b2aaa29,41980,ok,
data/flower_photos/sunflowers/5007598545_90e08e81c1_n.jpg,data/flower_photos/sunflowers/5007598545_90e08e81c1_n.jpg,sunflowers,320,242,1.322314049586777,RGB,JPEG,RGB,,c7624af2aa0d1636641e43ed8d79f60054eb02663153efca4479d52050141878,48916,ok,
data/flower_photos/sunflowers/5015462205_440898fe41_n.jpg,data/flower_photos/sunflowers/5015462205_440898fe41_n.jpg,sunflowers,320,240,1.3333333333333333,RGB,JPEG,RGB,,0d9d81a055b994b093cf1672494f45e654485d6a5b26cf04b3bde728b6b3fa4d,58033,ok,
data/flower_photos/sunflowers/5018120483_cc0421b176_m.jpg,data/flower_photos/sunflowers/5018120483_cc0421b176_m.jpg,sunflowers,181,240,0.7541666666666667,RGB,JPEG,RGB,,4e1212ae8c6810ceefb52e916a43d9f814f9f1dedb245be682eda7fe1fcd7999,27297,ok,
data/flower_photos/sunflowers/5020805135_1219d7523d.jpg,data/flower_photos/sunflowers/5020805135_1219d7523d.jpg,sunflowers,500,333,1.5015015015015014,RGB,JPEG,RGB,,ed8605cea23d6551bd33709198e14c4aa5dcb4466217f733f1c72e30719b5bd3,126649,ok,
data/flower_photos/sunflowers/5020805619_6c710793f7.jpg,data/flower_photos/sunflowers/5020805619_6c710793f7.jpg,sunflowers,500,333,1.5015015015015014,RGB,JPEG,RGB,,86a6f39e1cb3b1c7f0b02416c565ff226ed6c5e1cb87075114f524dd51b9a212,135131,ok,
data/flower_photos/sunflowers/5025805406_033cb03475_n.jpg,data/flower_photos/sunflowers/5025805406_033cb03475_n.jpg,sunflowers,320,240,1.3333333333333333,RGB,JPEG,RGB,,3ed51f20f651b41efa1e54c7d82bce41788f46faf8f074c9f1a9d054c94ccb7d,23330,ok,
data/flower_photos/sunflowers/5027895361_ace3b731e5_n.jpg,data/flower_photos/sunflowers/5027895361_ace3b731e5_n.jpg,sunflowers,320,240,1.3333333333333333,RGB,JPEG,RGB,,9d30265e102e0a615db67de54ab3d86c319d8ec282e1b3128c35c13dde9b66b7,67787,ok,
data/flower_photos/sunflowers/5028817729_f04d32bac8_n.jpg,data/flower_photos/sunflowers/5028817729_f04d32bac8_n.jpg,sunflowers,320,247,1.2955465587044535,RGB,JPEG,RGB,,9c55fa3bc985e83c452d1caf3ff0a5058df7a1ea6c2525fb0b1777e4c2bd2959,65937,ok,
data/flower_photos/sunflowers/5032376020_2ed312306c.jpg,data/flower_photos/sunflowers/5032376020_2ed312306c.jpg,sunflowers,500,333,1.5015015015015014,RGB,JPEG,RGB,,f38807edd5ac5b8aa852b63f920f8a3104659ef2b0307cbfa3908a5216e6826c,98130,ok,
data/flower_photos/sunflowers/5037531593_e2daf4c7f1.jpg,data/flower_photos/sunflowers/5037531593_e2daf4c7f1.jpg,sunflowers,500,333,1.5015015015015014,RGB,JPEG,RGB,,3c1e561169e3343678c957268085329c9243ea3a6309dfb239e77d7d8c89d65d,122304,ok,
data/flower_photos/sunflowers/5037790727_57c527494f.jpg,data/flower_photos/sunflowers/5037790727_57c527494f.jpg,sunflowers,500,333,1.5015015015015014,RGB,JPEG,RGB,,319019393ade07e8f8db3b5bd37676b5e415668505b0185f6c643eb3cf954eb8,134283,ok,
data/flower_photos/sunflowers/5042785753_392cc4e74d_n.jpg,data/flower_photos/sunflowers/5042785753_392cc4e74d_n.jpg,sunflowers,320,240,1.3333333333333333,RGB,JPEG,RGB,,95ae4be5e6535674c2148191fb9cb610fa8bf5cf5ad9494c968a7d6fa67768c6,53980,ok,
data/flower_photos/sunflowers/5043404000_9bc16cb7e5_m.jpg,data/flower_photos/sunflowers/5043404000_9bc16cb7e5_m.jpg,sunflowers,180,240,0.75,RGB,JPEG,RGB,,080cafe6dffc00976b9d1c7831f2705aa0308d4097ffce65532ad5f5a383e1d9,23292,ok,
data/flower_photos/sunflowers/5043409092_5b12cc985a_m.jpg,data/flower_photos/sunflowers/5043409092_5b12cc985a_m.jpg,sunflowers,180,240,0.75,RGB,JPEG,RGB,,89bcbb56ae95b98a89a3107126a2e22a050c85a8604dbc6a974a424a8f947957,29273,ok,
data/flower_photos/sunflowers/5043409856_395300dbe5_m.jpg,data/flower_photos/sunflowers/5043409856_395300dbe5_m.jpg,sunflowers,180,240,0.75,RGB,JPEG,RGB,,6d30f0f9f295ca522bb4cb09b1192f036ffcbaebcf1a3f11b43d84fc7323e2a0,21318,ok,
data/flower_photos/sunflowers/5067864967_19928ca94c_m.jpg,data/flower_photos/sunflowers/5067864967_19928ca94c_m.jpg,sunflowers,240,240,1.0,RGB,JPEG,RGB,,0ef8f41b9c6482cbfec8e34c29d204ce997fc97860b263e3335e2dea1b37afff,40693,ok,
data/flower_photos/sunflowers/5069564563_ae03792c3c_m.jpg,data/flower_photos/sunflowers/5069564563_ae03792c3c_m.jpg,sunflowers,159,240,0.6625,RGB,JPEG,RGB,,c89c250280fcf45d1e995bce345d0c95cceb11c0a0ac863a892e0e400313476b,23930,ok,
data/flower_photos/sunflowers/5076821914_c21b58fd4c_m.jpg,data/flower_photos/sunflowers/5076821914_c21b58fd4c_m.jpg,sunflowers,179,240,0.7458333333333333,RGB,JPEG,RGB,,ecbf81a216c8bbe673bcbaf90080ac7be99f1522febd6062184bb36cfc854a26,33340,ok,
data/flower_photos/sunflowers/50987813_7484bfbcdf.jpg,data/flower_photos/sunflowers/50987813_7484bfbcdf.jpg,sunflowers,500,332,1.5060240963855422,RGB,JPEG,RGB,,dc58e1f2f07bb22c7c8aaa0b2d44d3b68a5a98079aac09eb6f3738d0c5828c1a,88108,ok,
data/flower_photos/sunflowers/5139969631_743880e01d_n.jpg,data/flower_photos/sunflowers/5139969631_743880e01d_n.jpg,sunflowers,320,240,1.3333333333333333,RGB,JPEG,RGB,,0fdde2f0e3173b20d6681518680b994c031cc9dca2913da58bcdd18b8bdd6379,67638,ok,
data/flower_photos/sunflowers/5139969871_c9046bdaa7_n.jpg,data/flower_photos/sunflowers/5139969871_c9046bdaa7_n.jpg,sunflowers,320,240,1.3333333333333333,RGB,JPEG,RGB,,fa254f5ca43e3fed1f2afc38c07c051a54a317728ae864399402e02699ac394c,57412,ok,
data/flower_photos/sunflowers/5139971615_434ff8ed8b_n.jpg,data/flower_photos/sunflowers/5139971615_434ff8ed8b_n.jpg,sunflowers,320,240,1.3333333333333333,RGB,JPEG,RGB,,f83a4d23e9ccea67f88d96cd9e3a484dccc3c9dbdfee1dcc005cfba354b238e9,59947,ok,
data/flower_photos/sunflowers/5139977283_530c508603_n.jpg,data/flower_photos/sunflowers/5139977283_530c508603_n.jpg,sunflowers,320,240,1.3333333333333333,RGB,JPEG,RGB,,d74e0cb3c1f60d1b7244eef467c32306ec4305b1d0e8c7b4ac4f6700427f257e,47091,ok,
data/flower_photos/sunflowers/5139977423_d413b23fde_m.jpg,data/flower_photos/sunflowers/5139977423_d413b23fde_m.jpg,sunflowers,180,240,0.75,RGB,JPEG,RGB,,98644900fefd2c4f971545d8b2a069ad4ff38ff402c32d4c6971789f24430b33,21319,ok,
data/flower_photos/sunflowers/5139977579_ea2dd6a322_m.jpg,data/flower_photos/sunflowers/5139977579_ea2dd6a322_m.jpg,sunflowers,180,240,0.75,RGB,JPEG,RGB,,56bffb1268eabe354348a2eb4e33afa45a65c0d0733221aa2b73fc0a10c770f3,21598,ok,
data/flower_photos/sunflowers/5223643767_d8beb7e410.jpg,data/flower_photos/sunflowers/5223643767_d8beb7e410.jpg,sunflowers,500,333,1.5015015015015014,RGB,JPEG,RGB,,a5a50337f9ee01dbb7635e342ebdec5f9b09f378772f19021c0839ecf3199d3f,164066,ok,
data/flower_photos/sunflowers/5231868667_f0baa71feb_n.jpg,data/flower_photos/sunflowers/5231868667_f0baa71feb_n.jpg,sunflowers,320,213,1.5023474178403755,RGB,JPEG,RGB,,d638e6bf140fdd8cdc5e9d5b8927e2bc0ffbc5c4255e792c354d0ff6a0f1dd39,29010,ok,
data/flower_photos/sunflowers/5293283002_9b17f085f7_m.jpg,data/flower_photos/sunflowers/5293283002_9b17f085f7_m.jpg,sunflowers,180,240,0.75,RGB,JPEG,RGB,,fc7b2b821011a1a057125c88ccd572ff8dd1831c820970166db8924f5ab658a3,28878,ok,
data/flower_photos/sunflowers/5330608174_b49f7a4c48_m.jpg,data/flower_photos/sunflowers/5330608174_b49f7a4c48_m.jpg,sunflowers,180,240,0.75,RGB,JPEG,RGB,,f5969fe7fde22363e9fd9fba0814b6dd1ce8f2aef6ed54b4f4ffdf8f0e8fd000,26127,ok,
data/flower_photos/sunflowers/5339004958_a0a6f385fd_m.jpg,data/flower_photos/sunflowers/5339004958_a0a6f385fd_m.jpg,sunflowers,180,240,0.75,RGB,JPEG,RGB,,f869f4e33ac35fa2eb22470b4061878f4c53979734e0fd4ee2d323f6e74c3d43,36746,ok,
data/flower_photos/sunflowers/5357144886_b78f4782eb.jpg,data/flower_photos/sunflowers/5357144886_b78f4782eb.jpg,sunflowers,500,313,1.597444089456869,RGB,JPEG,RGB,,213ee1d8179d2b332f778c4e7baf0c8de1f0b40eb23d7e1e6bb0df28fbe07307,200666,ok,
data/flower_photos/sunflowers/5437996076_cf7e2ac32e_n.jpg,data/flower_photos/sunflowers/5437996076_cf7e2ac32e_n.jpg,sunflowers,320,240,1.3333333333333333,RGB,JPEG,RGB,,3548c4ed3c0f2c5a70903e91c0a6545ccb9f8cca657f65439f6c5700d862c6e4,45145,ok,
data/flower_photos/sunflowers/5492906452_80943bfd04.jpg,data/flower_photos/sunflowers/5492906452_80943bfd04.jpg,sunflowers,500,333,1.5015015015015014,RGB,JPEG,RGB,,831cdb9f3b8ecd6a5187432f20d00e704f0c63b3038142d6698806788702593f,234569,ok,
data/flower_photos/sunflowers/5526324308_b333da0e57_n.jpg,data/flower_photos/sunflowers/5526324308_b333da0e57_n.jpg,sunflowers,320,240,1.3333333333333333,RGB,JPEG,RGB,,d750d65f2d52713232559ede8aacb15589caa2ddd5f521c24e5843215fc58ab5,45620,ok,
data/flower_photos/sunflowers/5556633113_0a04f5ed8a_n.jpg,data/flower_photos/sunflowers/5556633113_0a04f5ed8a_n.jpg,sunflowers,320,240,1.3333333333333333,RGB,JPEG,RGB,,b1813c1f923107d1604dd77f5c4374a2effdede5ba040e43afac20c30f669d91,30747,ok,
data/flower_photos/sunflowers/5738580862_e128192f75.jpg,data/flower_photos/sunflowers/5738580862_e128192f75.jpg,sunflowers,500,334,1.4970059880239521,RGB,JPEG,RGB,,2e19bf2bc415ab0465cc9097f4d5f37773b60d740e74b91fb9c8c0582ecf4d5d,181461,ok,
data/flower_photos/sunflowers/5830614551_e460a1215c.jpg,data/flower_photos/sunflowers/5830614551_e460a1215c.jpg,sunflowers,500,333,1.5015015015015014,RGB,JPEG,RGB,,9a2fc6952dc423ccaa583008153684d32d9f8da8affd48fe3b3c734317c29453,156398,ok,
data/flower_photos/sunflowers/58636535_bc53ef0a21_m.jpg,data/flower_photos/sunflowers/58636535_bc53ef0a21_m.jpg,sunflowers,180,240,0.75,RGB,JPEG,RGB,,5b8661ffebd551c571c3bf5b494e60933628ea767d3ef673d85825d610552175,31212,ok,
data/flower_photos/sunflowers/5896354497_6a19162741.jpg,data/flower_photos/sunflowers/5896354497_6a19162741.jpg,sunflowers,500,286,1.7482517482517483,RGB,JPEG,RGB,,5046199682f88eb486a6a131c8bd385f6f0361abd264b5eae038f7f99318c8f0,170101,ok,
data/flower_photos/sunflowers/5917253022_4e3142d48b_n.jpg,data/flower_photos/sunflowers/5917253022_4e3142d48b_n.jpg,sunflowers,320,240,1.3333333333333333,RGB,JPEG,RGB,,f0f5e2ffe972054748305c612671ccc705a6289d2025ec1a55a9bd470d7341b7,20931,ok,
data/flower_photos/sunflowers/5923085671_f81dd1cf6f.jpg,data/flower_photos/sunflowers/5923085671_f81dd1cf6f.jpg,sunflowers,500,334,1.4970059880239521,RGB,JPEG,RGB,,814829f09e3ee3cbf34e811d474d9daf43910a260ced3c7eece298d844b987e7,123882,ok,
data/flower_photos/sunflowers/5923085891_27617463fe.jpg,data/flower_photos/sunflowers/5923085891_27617463fe.jpg,sunflowers,500,334,1.4970059880239521,RGB,JPEG,RGB,,b0e8a5671a3709d1dc68c2f104a012b753b8af61fc9193374b056a75892874ae,199966,ok,
data/flower_photos/sunflowers/5923649444_a823e534e9.jpg,data/flower_photos/sunflowers/5923649444_a823e534e9.jpg,sunflowers,500,334,1.4970059880239521,RGB,JPEG,RGB,,be7b2f24e83b4606b1ab58b889013443f3951ebf6de0381d455536230c6331ed,156665,ok,
data/flower_photos/sunflowers/5927432662_3ffd2461c2_n.jpg,data/flower_photos/sunflowers/5927432662_3ffd2461c2_n.jpg,sunflowers,320,240,1.3333333333333333,RGB,JPEG,RGB,,6dceddd707c3a317681fb535dd5595a77e61671faea0faa839ab4d55efcca34e,48615,ok,
data/flower_photos/sunflowers/5951665793_8ae4807cbd_n.jpg,data/flower_photos/sunflowers/5951665793_8ae4807cbd_n.jpg,sunflowers,320,218,1.4678899082568808,RGB,JPEG,RGB,,4a153e646c9ef3ae166714dd54533bbb96c374fe1a0c2fda8f43a6678d1b8810,71025,ok,
data/flower_photos/sunflowers/5952223760_85972671d6_n.jpg,data/flower_photos/sunflowers/5952223760_85972671d6_n.jpg,sunflowers,320,210,1.5238095238095237,RGB,JPEG,RGB,,50c0a3254387a2bc13dcc9b9e08172ec55a8f9b2cce2dacc2dda0aa4f618a33f,85629,ok,
data/flower_photos/sunflowers/5955475577_3d923874d9_n.jpg,data/flower_photos/sunflowers/5955475577_3d923874d9_n.jpg,sunflowers,320,213,1.5023474178403755,RGB,JPEG,RGB,,fc0d461bb58f7ac2c1202215ade9318eca3cf275b0e08fafc870d36f63407ca4,56939,ok,
data/flower_photos/sunflowers/5955500463_6c08cb199e.jpg,data/flower_photos/sunflowers/5955500463_6c08cb199e.jpg,sunflowers,500,333,1.5015015015015014,RGB,JPEG,RGB,,387139ea59b2c12262c9189fdd2f1f2b473e3935d5f7fc7e493d03ac4d17b2f3,159502,ok,
data/flower_photos/sunflowers/5955501969_e42f038a6f_n.jpg,data/flower_photos/sunflowers/5955501969_e42f038a6f_n.jpg,sunflowers,320,213,1.5023474178403755,RGB,JPEG,RGB,,d92b34994276b72c452a8a76d9c94d85c48ccb44b22a835435ffd54e1ccca596,78559,ok,
data/flower_photos/sunflowers/5957007921_62333981d2_n.jpg,data/flower_photos/sunflowers/5957007921_62333981d2_n.jpg,sunflowers,320,213,1.5023474178403755,RGB,JPEG,RGB,,b295479c3122c9695bccfd0f01dbaeb99304b8b08edcc5411212939bc59a3799,95983,ok,
data/flower_photos/sunflowers/5966729883_67f4fede93.jpg,data/flower_photos/sunflowers/5966729883_67f4fede93.jpg,sunflowers,500,334,1.4970059880239521,RGB,JPEG,RGB,,55bee55255b92a10cfeae2edb0106400c989c151fc89f5f5a25cc1c5ae42ca5f,215980,ok,
data/flower_photos/sunflowers/5967283168_90dd4daf28_n.jpg,data/flower_photos/sunflowers/5967283168_90dd4daf28_n.jpg,sunflowers,320,213,1.5023474178403755,RGB,JPEG,RGB,,965edec8e4ea1c85ba094cccc5d35e6fae4ebbd7a8b2061826d3eee03111f929,47445,ok,
data/flower_photos/sunflowers/5967284308_85714d8cf7_m.jpg,data/flower_photos/sunflowers/5967284308_85714d8cf7_m.jpg,sunflowers,161,240,0.6708333333333333,RGB,JPEG,RGB,,8246e7e2e64f403e4357a43d2197ed7f35dde85fe382c153399a741bbfaefc36,31002,ok,
data/flower_photos/sunflowers/5970300143_36b42437de_n.jpg,data/flower_photos/sunflowers/5970300143_36b42437de_n.jpg,sunflowers,320,240,1.3333333333333333,RGB,JPEG,RGB,,11dfd3288adcbd6a889828f252a9144b77d21c3158872da6a4bfdc7ab0a887b6,56265,ok,
data/flower_photos/sunflowers/5970301989_fe3a68aac8_m.jpg,data/flower_photos/sunflowers/5970301989_fe3a68aac8_m.jpg,sunflowers,180,240,0.75,RGB,JPEG,RGB,,25cb39c8af7b19341fe5263fc568ea8179289b11818e5680989c6d4aae23cb4e,44303,ok,
data/flower_photos/sunflowers/5970868068_fe1c8b282e_n.jpg,data/flower_photos/sunflowers/5970868068_fe1c8b282e_n.jpg,sunflowers,320,240,1.3333333333333333,RGB,JPEG,RGB,,b812803b102019ab03fd08ec1c377a7281cf7f9f8f22395cb019c532e83ff83c,57120,ok,
data/flower_photos/sunflowers/5970869550_d7d9fabebd_n.jpg,data/flower_photos/sunflowers/5970869550_d7d9fabebd_n.jpg,sunflowers,320,240,1.3333333333333333,RGB,JPEG,RGB,,c19df5562a8a54cea23c55f933060c66e94a3b5aa76d933b1676b7e6fa04fbd0,64763,ok,
data/flower_photos/sunflowers/5973935729_2868f2db1f_n.jpg,data/flower_photos/sunflowers/5973935729_2868f2db1f_n.jpg,sunflowers,320,240,1.3333333333333333,RGB,JPEG,RGB,,403b34cb0cbb6ecfb3ab5fda13f00dc3586ca5ea5a99c65011e2b39b536437a9,56919,ok,
data/flower_photos/sunflowers/5979111025_3bcae48ae6_n.jpg,data/flower_photos/sunflowers/5979111025_3bcae48ae6_n.jpg,sunflowers,320,240,1.3333333333333333,RGB,JPEG,RGB,,4b80553a2c66f235c69e087482d0ad877d5b611d3a7470836d9467fd3bac57f4,40466,ok,
data/flower_photos/sunflowers/5979111199_495884b578_n.jpg,data/flower_photos/sunflowers/5979111199_495884b578_n.jpg,sunflowers,320,240,1.3333333333333333,RGB,JPEG,RGB,,3d07392fa68134dd36274a37986551cfb4864bc2d241b669af5133834029debb,50144,ok,
data/flower_photos/sunflowers/5979111555_61b400c070_n.jpg,data/flower_photos/sunflowers/5979111555_61b400c070_n.jpg,sunflowers,320,240,1.3333333333333333,RGB,JPEG,RGB,,6c285c9cb46f601069ee5db8b21299e04e36027fcee9145001906909a92e705a,45951,ok,
data/flower_photos/sunflowers/5979668702_fdaec9e164_n.jpg,data/flower_photos/sunflowers/5979668702_fdaec9e164_n.jpg,sunflowers,320,240,1.3333333333333333,RGB,JPEG,RGB,,55ba0ce5f81e9df7eea8a7013532fdd64257f9ec42de10b4688f76e38df4fa12,58076,ok,
data/flower_photos/sunflowers/5979669004_d9736206c9_n.jpg,data/flower_photos/sunflowers/5979669004_d9736206c9_n.jpg,sunflowers,320,240,1.3333333333333333,RGB,JPEG,RGB,,84ef0ac5532717e962efbf6b59b73bbff73d1229f66216d69c0c9761d7c28f70,51154,ok,
data/flower_photos/sunflowers/5994569021_749d5e2da3_n.jpg,data/flower_photos/sunflowers/5994569021_749d5e2da3_n.jpg,sunflowers,320,240,1.3333333333333333,RGB,JPEG,RGB,,f5c5241fa35b15aa0c49a4a6a85d51f955423180f5e40c0a2cb28019ef1e237e,46823,ok,
data/flower_photos/sunflowers/5994572653_ea98afa3af_n.jpg,data/flower_photos/sunflowers/5994572653_ea98afa3af_n.jpg,sunflowers,320,240,1.3333333333333333,RGB,JPEG,RGB,,d05107f52bb1973541ed086c6b8b1debfd809d8c7f5b694c8d4c61cad9bf19fa,45159,ok,
data/flower_photos/sunflowers/5994586159_1dd99d66b4_n.jpg,data/flower_photos/sunflowers/5994586159_1dd99d66b4_n.jpg,sunflowers,320,240,1.3333333333333333,RGB,JPEG,RGB,,dfa7570ad55dbe6a758fdda50ff7442d9e174b37026cf494fdb2f9f65f29f912,51812,ok,
data/flower_photos/sunflowers/5995136822_8e1eed76f5_n.jpg,data/flower_photos/sunflowers/5995136822_8e1eed76f5_n.jpg,sunflowers,320,240,1.3333333333333333,RGB,JPEG,RGB,,bb5413c661b54ee704b8d50a87c406fc6fdbe1fc07189549609a273b5b3e68f0,37087,ok,
data/flower_photos/sunflowers/5998488415_a6bacd9f83.jpg,data/flower_photos/sunflowers/5998488415_a6bacd9f83.jpg,sunflowers,500,331,1.5105740181268883,RGB,JPEG,RGB,,665ebd46d09056952b9192e68c12a587656a6541d4347cf416a998ff18535180,187691,ok,
data/flower_photos/sunflowers/5999024446_5721493894.jpg,data/flower_photos/sunflowers/5999024446_5721493894.jpg,sunflowers,500,331,1.5105740181268883,RGB,JPEG,RGB,,33fae98f196d8d66ed56228735458c93a18573428c69a8f724e379e4dc19834b,173522,ok,
data/flower_photos/sunflowers/6042014768_b57f0bfc79_n.jpg,data/flower_photos/sunflowers/6042014768_b57f0bfc79_n.jpg,sunflowers,320,240,1.3333333333333333,RGB,JPEG,RGB,,6147ea13bb11770d282af45f893e0da8550186dff20bc89ca8b0b2882bdcf9d3,43540,ok,
data/flower_photos/sunflowers/6050020905_881295ac72_n.jpg,data/flower_photos/sunflowers/6050020905_881295ac72_n.jpg,sunflowers,320,213,1.5023474178403755,RGB,JPEG,RGB,,f0a482c2dc8eab98deceb6b4998518441102b5f61a691416070c8a0bcc626487,64082,ok,
data/flower_photos/sunflowers/6053739964_a1d9ab3ed1_n.jpg,data/flower_photos/sunflowers/6053739964_a1d9ab3ed1_n.jpg,sunflowers,320,251,1.2749003984063745,RGB,JPEG,RGB,,9208b0bbd31f2365ee75709e9b24e444255f3828b7a986d2af7b7efc2777d121,44323,ok,
data/flower_photos/sunflowers/6061175433_95fdb12f32_n.jpg,data/flower_photos/sunflowers/6061175433_95fdb12f32_n.jpg,sunflowers,320,213,1.5023474178403755,RGB,JPEG,RGB,,f2fd7cb2d1bc13bd8a1636a7ec9e73079be326e349064debe82ee3cbc2d26538,52470,ok,
data/flower_photos/sunflowers/6061177447_d8ce96aee0.jpg,data/flower_photos/sunflowers/6061177447_d8ce96aee0.jpg,sunflowers,500,333,1.5015015015015014,RGB,JPEG,RGB,,e5f973bf1ba088c587ef1a0a60e921ef7eda0af28e2572971160e1fdfbd0c169,158623,ok,
data/flower_photos/sunflowers/6074427492_1b5bab7848_n.jpg,data/flower_photos/sunflowers/6074427492_1b5bab7848_n.jpg,sunflowers,320,252,1.2698412698412698,RGB,JPEG,RGB,,3fceae79d4b2adadc4750af05e104f7af769e2bc54413d8402dc5eb9f0a8a018,47983,ok,
data/flower_photos/sunflowers/6080086410_17a02dcfb8.jpg,data/flower_photos/sunflowers/6080086410_17a02dcfb8.jpg,sunflowers,500,333,1.5015015015015014,RGB,JPEG,RGB,,c2498b7c468aabdcdb8d2d30eccac0e5b60c80288fc3124d8fd3b13b686783e5,186990,ok,
data/flower_photos/sunflowers/6104713425_8a3277e34a.jpg,data/flower_photos/sunflowers/6104713425_8a3277e34a.jpg,sunflowers,500,333,1.5015015015015014,RGB,JPEG,RGB,,a5b1c458a78e4b5c9e8dca37065b74d20293c5185aeef8456d63307fb464b3bd,117054,ok,
data/flower_photos/sunflowers/6112510436_9fe06e695a_n.jpg,data/flower_photos/sunflowers/6112510436_9fe06e695a_n.jpg,sunflowers,320,238,1.3445378151260505,RGB,JPEG,RGB,,503b7ddd08d73495cdd2968a7d3fddb7c3aa869cdef1facf1ae197a9a1aa0917,56554,ok,
data/flower_photos/sunflowers/6116210027_61923f4b64.jpg,data/flower_photos/sunflowers/6116210027_61923f4b64.jpg,sunflowers,500,337,1.4836795252225519,RGB,JPEG,RGB,,fcf2b7559b22f09fa7c1b5573e6d62dbb0c8ecca3c6a57b9c855d4dcc1bf0a8b,187943,ok,
data/flower_photos/sunflowers/6122711533_2c219f0392_n.jpg,data/flower_photos/sunflowers/6122711533_2c219f0392_n.jpg,sunflowers,320,213,1.5023474178403755,RGB,JPEG,RGB,,f2c8aeef013b2e8fb952b1ea458b5ff640ceb40b3a44b3fd90035c7da5be63f4,41803,ok,
data/flower_photos/sunflowers/6125761554_4e72819ce4_m.jpg,data/flower_photos/sunflowers/6125761554_4e72819ce4_m.jpg,sunflowers,180,240,0.75,RGB,JPEG,RGB,,97fb5fdeb5f9a45e6d3b4060d3ad500f76c8b5c62f66b5627956708e83c5d36e,30740,ok,
data/flower_photos/sunflowers/6133988570_9dc778e622_m.jpg,data/flower_photos/sunflowers/6133988570_9dc778e622_m.jpg,sunflowers,161,240,0.6708333333333333,RGB,JPEG,RGB,,0df641b31a815b20ddd291c617fae6e613e62b236183f2cb9deebafa6eff0f86,23714,ok,
data/flower_photos/sunflowers/6140661443_bb48344226.jpg,data/flower_photos/sunflowers/6140661443_bb48344226.jpg,sunflowers,500,332,1.5060240963855422,RGB,JPEG,RGB,,b63f2d27e01b37de661cbc4058ab33737898da64e83948674ddc85ec41093813,219879,ok,
data/flower_photos/sunflowers/6140693467_211a135b6d.jpg,data/flower_photos/sunflowers/6140693467_211a135b6d.jpg,sunflowers,500,332,1.5060240963855422,RGB,JPEG,RGB,,62e5d3ac0e9bf124d3fba63cf4a9d66f56c2083aef658d287fd3815c21eaf28e,238377,ok,
data/flower_photos/sunflowers/6140808687_88df0fd733.jpg,data/flower_photos/sunflowers/6140808687_88df0fd733.jpg,sunflowers,500,332,1.5060240963855422,RGB,JPEG,RGB,,ba701fd9d47986115730d3b8b78bd82f211439ed3f1cc58af8c6ddd1772809e7,209934,ok,
data/flower_photos/sunflowers/6140892289_92805cc590.jpg,data/flower_photos/sunflowers/6140892289_92805cc590.jpg,sunflowers,500,332,1.5060240963855422,RGB,JPEG,RGB,,f735e50d43b289b3f44a41f6a74b0a2031950afbe1d2864ce619c56d2ab5e656,243637,ok,
data/flower_photos/sunflowers/6141150299_b46a64e4de.jpg,data/flower_photos/sunflowers/6141150299_b46a64e4de.jpg,sunflowers,500,332,1.5060240963855422,RGB,JPEG,RGB,,ea9dc1fb1c0bdbbd1032e118ea5bd82a32e3afeaf5af242ecd15ac09341b40f4,212629,ok,
data/flower_photos/sunflowers/6141199476_9b6d383fd9.jpg,data/flower_photos/sunflowers/6141199476_9b6d383fd9.jpg,sunflowers,500,332,1.5060240963855422,RGB,JPEG,RGB,,c0971357c04b6f35680b7e14be8f0c441d6d7a01636cabc4ba2b18391c2e80b0,207478,ok,
data/flower_photos/sunflowers/6145005439_ef6e07f9c6_n.jpg,data/flower_photos/sunflowers/6145005439_ef6e07f9c6_n.jpg,sunflowers,320,240,1.3333333333333333,RGB,JPEG,RGB,,efe7386589ae92e7b6890fccc874f5f566f0ca266517b342acc300ac796872da,41570,ok,
data/flower_photos/sunflowers/6166888942_7058198713_m.jpg,data/flower_photos/sunflowers/6166888942_7058198713_m.jpg,sunflowers,172,240,0.7166666666666667,RGB,JPEG,RGB,,88b33828883effdafffc5652d2ee8a934706ba1fd97c6d745399c7c78bb9323f,32252,ok,
data/flower_photos/sunflowers/6198569425_e953b9e6cc_m.jpg,data/flower_photos/sunflowers/6198569425_e953b9e6cc_m.jpg,sunflowers,180,240,0.75,RGB,JPEG,RGB,,c429a0448afb6b81201fefc000b810d09283d318053a06772c8b365f7b8d902f,31001,ok,
data/flower_photos/sunflowers/6198569587_23c3693328_m.jpg,data/flower_photos/sunflowers/6198569587_23c3693328_m.jpg,sunflowers,180,240,0.75,RGB,JPEG,RGB,,cf26113033d3555a91a14f7b44714b7d14c7f61c65a3c8b325d7f48518288ec8,31322,ok,
data/flower_photos/sunflowers/6199086734_b7ddc65816_m.jpg,data/flower_photos/sunflowers/6199086734_b7ddc65816_m.jpg,sunflowers,180,240,0.75,RGB,JPEG,RGB,,07a4408f9dcfff4997d9fcc401e9c270682222400e9efccbcdfa459a98f48035,28698,ok,
data/flower_photos/sunflowers/6204049536_1ac4f09232_n.jpg,data/flower_photos/sunflowers/6204049536_1ac4f09232_n.jpg,sunflowers,320,213,1.5023474178403755,RGB,JPEG,RGB,,6ddf5cc6afc1f10deb01ee7d6edca3e86698924f0d7a19b53b34e257f918c310,94260,ok,
data/flower_photos/sunflowers/6239758929_50e5e5a476_m.jpg,data/flower_photos/sunflowers/6239758929_50e5e5a476_m.jpg,sunflowers,240,240,1.0,RGB,JPEG,RGB,,c8a530f1a769018c2a6d35612b5004d5310cefadd6f69bdf719d8c0a7eaf3881,48094,ok,
data/flower_photos/sunflowers/6250692311_cb60c85ee9_n.jpg,data/flower_photos/sunflowers/6250692311_cb60c85ee9_n.jpg,sunflowers,320,240,1.3333333333333333,RGB,JPEG,RGB,,8ea13d0f729f384edab1019f40a7a999a9212fb0e499c6f59a3513fb3127de4a,50354,ok,
data/flower_photos/sunflowers/6265084065_7a8b30cc6e_n.jpg,data/flower_photos/sunflowers/6265084065_7a8b30cc6e_n.jpg,sunflowers,320,240,1.3333333333333333,RGB,JPEG,RGB,,a9f5ac8f5793178f099971c402ae9aab1f5da3929709eaa35a17d97dc4544413,52149,ok,
data/flower_photos/sunflowers/6482016425_d8fab362f6.jpg,data/flower_photos/sunflowers/6482016425_d8fab362f6.jpg,sunflowers,500,333,1.5015015015015014,RGB,JPEG,RGB,,1579232efbb13274fd540db9d44ff546feedf2e06ad62b5150695a5eab3e9b9f,89375,ok,
data/flower_photos/sunflowers/6482016439_b0d06dac04.jpg,data/flower_photos/sunflowers/6482016439_b0d06dac04.jpg,sunflowers,500,333,1.5015015015015014,RGB,JPEG,RGB,,7d58408f29d7ddc4baa751a404b5b7328a8eb1d64d8ea9461fba2bb3b37885f7,141211,ok,
data/flower_photos/sunflowers/6495554833_86eb8faa8e_n.jpg,data/flower_photos/sunflowers/6495554833_86eb8faa8e_n.jpg,sunflowers,320,216,1.4814814814814814,RGB,JPEG,RGB,,83094d4fda95000f8fee515371679b1fbfc1163f305e9f82f504b7009c295d94,60750,ok,
data/flower_photos/sunflowers/6495559397_61d01c0c57.jpg,data/flower_photos/sunflowers/6495559397_61d01c0c57.jpg,sunflowers,500,338,1.4792899408284024,RGB,JPEG,RGB,,68f5675db0f6401e0b4262de43f91f8f6e189c138ecf14a3d487b9bd6921c8a7,182672,ok,
data/flower_photos/sunflowers/6606741847_f0198d83ff.jpg,data/flower_photos/sunflowers/6606741847_f0198d83ff.jpg,sunflowers,500,332,1.5060240963855422,RGB,JPEG,RGB,,725e459f5df3cfcab247e72002fab8aa3990f25c6b1ed73c9b5ade59092bd45e,159805,ok,
data/flower_photos/sunflowers/6606743797_c90c669757.jpg,data/flower_photos/sunflowers/6606743797_c90c669757.jpg,sunflowers,500,332,1.5060240963855422,RGB,JPEG,RGB,,e6b32e0fca58ab83c9828178b4293edca61bc060100044bea5fea29a710d291d,152373,ok,
data/flower_photos/sunflowers/6606746467_a668c8d417.jpg,data/flower_photos/sunflowers/6606746467_a668c8d417.jpg,sunflowers,500,332,1.5060240963855422,RGB,JPEG,RGB,,bc4e22abf381dd42092f34493b1158166d9ba29618f97e10d7df549403fd0641,161320,ok,
data/flower_photos/sunflowers/6606749757_b98a4ba403.jpg,data/flower_photos/sunflowers/6606749757_b98a4ba403.jpg,sunflowers,500,332,1.5060240963855422,RGB,JPEG,RGB,,0198409293c5db6f037c14c7b09a12e0e7fc77ec760ee9424c2e8b9c7b452fd8,186026,ok,
data/flower_photos/sunflowers/6606753075_72ee32aa30_m.jpg,data/flower_photos/sunflowers/6606753075_72ee32aa30_m.jpg,sunflowers,159,240,0.6625,RGB,JPEG,RGB,,c61c214443e520a48bb7039efae024ca259621e0224df823baf12ba159a90793,26439,ok,
data/flower_photos/sunflowers/6606806621_5267acdd38.jpg,data/flower_photos/sunflowers/6606806621_5267acdd38.jpg,sunflowers,500,332,1.5060240963855422,RGB,JPEG,RGB,,004cdaa9e5441d0f78e21a3e5e7ce29e5d9f504706147b0a42a650bb171dc3eb,185648,ok,
data/flower_photos/sunflowers/6606809995_edee55b770_m.jpg,data/flower_photos/sunflowers/6606809995_edee55b770_m.jpg,sunflowers,159,240,0.6625,RGB,JPEG,RGB,,245b9d47aa8f2335e42cc3cd42bc7f60278b01af2b49a2d40fb059fe56d15001,28535,ok,
data/flower_photos/sunflowers/6606813305_c992231d29_m.jpg,data/flower_photos/sunflowers/6606813305_c992231d29_m.jpg,sunflowers,159,240,0.6625,RGB,JPEG,RGB,,28b1d3a25ef60e4683fba456b237244b7f08eddc3723b6e2b538d3394b6edf6b,28001,ok,
data/flower_photos/sunflowers/6606815161_3c4372760f.jpg,data/flower_photos/sunflowers/6606815161_3c4372760f.jpg,sunflowers,500,332,1.5060240963855422,RGB,JPEG,RGB,,7650ffa10b6c377b9f6d439c638a785f883f78cd753ee65adebc19ef53ab19c2,139728,ok,
data/flower_photos/sunflowers/6606817351_10f6e43a09.jpg,data/flower_photos/sunflowers/6606817351_10f6e43a09.jpg,sunflowers,500,332,1.5060240963855422,RGB,JPEG,RGB,,9f7e907da799354598844a7f452180cea2f2b325a3a5311ed706672ef9adc97c,140781,ok,
data/flower_photos/sunflowers/6606820461_952c450f90_n.jpg,data/flower_photos/sunflowers/6606820461_952c450f90_n.jpg,sunflowers,320,240,1.3333333333333333,RGB,JPEG,RGB,,26212820e0fb6036b11a27c2ae934c4007dae24267aef04076fbd103f71b0679,46405,ok,
data/flower_photos/sunflowers/6606823367_e89dc52a95_n.jpg,data/flower_photos/sunflowers/6606823367_e89dc52a95_n.jpg,sunflowers,320,240,1.3333333333333333,RGB,JPEG,RGB,,551e85b5befc6b0be4b5311cab0bd6d14103ec00eab252442ed16e9e2fa6a2de,44105,ok,
data/flower_photos/sunflowers/6627521877_6e43fb3c49_m.jpg,data/flower_photos/sunflowers/6627521877_6e43fb3c49_m.jpg,sunflowers,180,240,0.75,RGB,JPEG,RGB,,061955acc12903e2d440c8d0a4b8870f1bb9db11386ba0ecbb841446796b8d1c,28361,ok,
data/flower_photos/sunflowers/678714585_addc9aaaef.jpg,data/flower_photos/sunflowers/678714585_addc9aaaef.jpg,sunflowers,500,400,1.25,RGB,JPEG,RGB,,e119223f79c9e6ace107e742fb250ae0541f71c008f6f45870627e0c780caf15,123064,ok,
data/flower_photos/sunflowers/6866250080_ae80df0cd5_m.jpg,data/flower_photos/sunflowers/6866250080_ae80df0cd5_m.jpg,sunflowers,180,240,0.75,RGB,JPEG,RGB,,d34c2fa2bac1326cbc40c536f7ec9505ff33c071373475fbd23918c1cc8171ff,23980,ok,
data/flower_photos/sunflowers/6908789145_814d448bb1_n.jpg,data/flower_photos/sunflowers/6908789145_814d448bb1_n.jpg,sunflowers,320,240,1.3333333333333333,RGB,JPEG,RGB,,d89d58e6a0897168ed06590e527d59d7a42b745ca85d6b3d78057eee6fd87811,39695,ok,
data/flower_photos/sunflowers/6953297_8576bf4ea3.jpg,data/flower_photos/sunflowers/6953297_8576bf4ea3.jpg,sunflowers,500,350,1.4285714285714286,RGB,JPEG,RGB,,e754d1a8356c5b9cbc989067c8e73b6d832377249f685c502c6befc6f6d3464a,81960,ok,
data/flower_photos/sunflowers/6958724008_12259943a7.jpg,data/flower_photos/sunflowers/6958724008_12259943a7.jpg,sunflowers,500,333,1.5015015015015014,RGB,JPEG,RGB,,ad7149302be24c01914386c3e6f120991ff737554f78518575028b84037fc5dd,156840,ok,
data/flower_photos/sunflowers/7012364067_5ffc7654c9_m.jpg,data/flower_photos/sunflowers/7012364067_5ffc7654c9_m.jpg,sunflowers,180,240,0.75,RGB,JPEG,RGB,,42917ca0ea9e39fd2afab8b77d3789a0155b6f8d319dd2bb1e6ecea624f82407,28407,ok,
data/flower_photos/sunflowers/7012366081_019c8a17a4_m.jpg,data/flower_photos/sunflowers/7012366081_019c8a17a4_m.jpg,sunflowers,180,240,0.75,RGB,JPEG,RGB,,90fc3b2504da925ee6b29cb081daae1d38ff596a1dcccb2b61d7b849601bce26,30302,ok,
data/flower_photos/sunflowers/7176723954_e41618edc1_n.jpg,data/flower_photos/sunflowers/7176723954_e41618edc1_n.jpg,sunflowers,320,213,1.5023474178403755,RGB,JPEG,RGB,,91ef5012c26ee7bf4009d3ff1414615652cef06a5c5147ebc0bb150739467e74,32022,ok,
data/flower_photos/sunflowers/7176729016_d73ff2211e.jpg,data/flower_photos/sunflowers/7176729016_d73ff2211e.jpg,sunflowers,500,333,1.5015015015015014,RGB,JPEG,RGB,,ec9d9640fc66e785410cef27586e29c59e0468fc43ee188c8e0ec1dac9a6928a,191711,ok,
data/flower_photos/sunflowers/7176729812_7c053921fb_m.jpg,data/flower_photos/sunflowers/7176729812_7c053921fb_m.jpg,sunflowers,159,240,0.6625,RGB,JPEG,RGB,,e588b046e9c0cda45d6f333fea701f052b8ec33db3f443f81dc066ccd17e7ef2,25072,ok,
data/flower_photos/sunflowers/7176736574_14446539cb_n.jpg,data/flower_photos/sunflowers/7176736574_14446539cb_n.jpg,sunflowers,320,213,1.5023474178403755,RGB,JPEG,RGB,,a610b284e408e3e61ebc40831bfe98d490941be6e2a0553392cbafb5b6fe1692,48403,ok,
data/flower_photos/sunflowers/7270375648_79f0caef42_n.jpg,data/flower_photos/sunflowers/7270375648_79f0caef42_n.jpg,sunflowers,320,240,1.3333333333333333,RGB,JPEG,RGB,,2433a0b9c40b01e241d73ca53077a2c9cc52adacba174ee54c9a4ada017baeda,49795,ok,
data/flower_photos/sunflowers/7369484298_332f69bd88_n.jpg,data/flower_photos/sunflowers/7369484298_332f69bd88_n.jpg,sunflowers,320,240,1.3333333333333333,RGB,JPEG,RGB,,bab0a39537c43372c27660345b74a6f76f2977bcf8b40541a21e67c0f957920a,43872,ok,
data/flower_photos/sunflowers/7510240282_87554c7418_n.jpg,data/flower_photos/sunflowers/7510240282_87554c7418_n.jpg,sunflowers,320,240,1.3333333333333333,RGB,JPEG,RGB,,d4f7bd68f69f81cb232d610e4074f7062b7ab353ab2bd19868347c7054b7a16d,59079,ok,
data/flower_photos/sunflowers/7510262868_cf7d6f6f25_n.jpg,data/flower_photos/sunflowers/7510262868_cf7d6f6f25_n.jpg,sunflowers,320,240,1.3333333333333333,RGB,JPEG,RGB,,4f88cdd537c4d4c003280c9aa061b99bfcf72310cc172ff3ad9a08a11419749b,53126,ok,
data/flower_photos/sunflowers/7510285306_ba8f80c382_n.jpg,data/flower_photos/sunflowers/7510285306_ba8f80c382_n.jpg,sunflowers,320,240,1.3333333333333333,RGB,JPEG,RGB,,47e9637741c1bcd08563facfca8d8355959fdf8fad11972c2f43c5b736bdb3c0,75118,ok,
data/flower_photos/sunflowers/7530313068_ddd2dc1f44_m.jpg,data/flower_photos/sunflowers/7530313068_ddd2dc1f44_m.jpg,sunflowers,159,240,0.6625,RGB,JPEG,RGB,,b6da1d26d6340e727c373cdb307684124e22a63398607592587a973a59db25d2,23583,ok,
data/flower_photos/sunflowers/7581713708_8eae6794f2.jpg,data/flower_photos/sunflowers/7581713708_8eae6794f2.jpg,sunflowers,500,234,2.1367521367521367,RGB,JPEG,RGB,,89d4db918a9172a99448d830c30c2281f1189a50e208688d9e4accfcc4d0b6aa,175212,ok,
data/flower_photos/sunflowers/7586498522_4dcab1c8d2_m.jpg,data/flower_photos/sunflowers/7586498522_4dcab1c8d2_m.jpg,sunflowers,180,240,0.75,RGB,JPEG,RGB,,38cb5c5d1bc3af751986beb764377798b4c5da564c56b65b8ebaf4b3757ec175,28203,ok,
data/flower_photos/sunflowers/7603036176_9e8967cd21.jpg,data/flower_photos/sunflowers/7603036176_9e8967cd21.jpg,sunflowers,500,333,1.5015015015015014,RGB,JPEG,RGB,,ac4e8eddea52e13abeecc83dd6ddb9d03f9a881ed1711916d1f8fa8a7733d9f3,144571,ok,
data/flower_photos/sunflowers/7652532108_01ef94c476.jpg,data/flower_photos/sunflowers/7652532108_01ef94c476.jpg,sunflowers,500,333,1.5015015015015014,RGB,JPEG,RGB,,3eee40000d2f4c04a8e77cea8f6379012f77898e0afdb424ca10770f298ed9ea,134413,ok,
data/flower_photos/sunflowers/7654774598_6b715a8d3e.jpg,data/flower_photos/sunflowers/7654774598_6b715a8d3e.jpg,sunflowers,500,333,1.5015015015015014,RGB,JPEG,RGB,,3b5c045f482f50f8e1481aa2b48e53429d4db152af4ab1065023633aa1897555,180750,ok,
data/flower_photos/sunflowers/7721658400_0dec46d225.jpg,data/flower_photos/sunflowers/7721658400_0dec46d225.jpg,sunflowers,500,331,1.5105740181268883,RGB,JPEG,RGB,,fec9d8ba0686fa916a7a0f49b419580f68f552fc889a5e96b0c5813c42e29bfa,224866,ok,
data/flower_photos/sunflowers/7728953426_abd179ab63.jpg,data/flower_photos/sunflowers/7728953426_abd179ab63.jpg,sunflowers,500,333,1.5015015015015014,RGB,JPEG,RGB,,07d6d39aa654b5a7740c2febf351b31fe4826565b43f6325adafc63fd630c313,145911,ok,
data/flower_photos/sunflowers/7791014076_07a897cb85_n.jpg,data/flower_photos/sunflowers/7791014076_07a897cb85_n.jpg,sunflowers,320,256,1.25,RGB,JPEG,RGB,,4ec3f4f3cf40b6936356ecef97605a3156f2c98b6f70c6837186233b7744110f,43455,ok,
data/flower_photos/sunflowers/7804213238_1d92ae5edb_m.jpg,data/flower_photos/sunflowers/7804213238_1d92ae5edb_m.jpg,sunflowers,221,240,0.9208333333333333,RGB,JPEG,RGB,,f16dcb6e67c83e2a1f20f316ad3b6ae5726cd2a6b66112903be4478536dbb508,27843,ok,
data/flower_photos/sunflowers/7820305664_82148f3bfb_n.jpg,data/flower_photos/sunflowers/7820305664_82148f3bfb_n.jpg,sunflowers,320,212,1.509433962264151,RGB,JPEG,RGB,,48a3b92d09bb66f8ffce6fa87fa58847d8253d332be550a94e67c857390c6309,43560,ok,
data/flower_photos/sunflowers/7820398908_4316bbba45.jpg,data/flower_photos/sunflowers/7820398908_4316bbba45.jpg,sunflowers,500,332,1.5060240963855422,RGB,JPEG,RGB,,44fdaf3e7feeca9f03ac649848e24476cb7121cf0442050f4ad8f2410ceff907,110946,ok,
data/flower_photos/sunflowers/7820523050_76c8caa025.jpg,data/flower_photos/sunflowers/7820523050_76c8caa025.jpg,sunflowers,500,332,1.5060240963855422,RGB,JPEG,RGB,,48c996dbf418c857e1b0040e9b1a788c252be4c05857205e803587525dfc777f,193862,ok,
data/flower_photos/sunflowers/7820626738_3be6a52e4e_n.jpg,data/flower_photos/sunflowers/7820626738_3be6a52e4e_n.jpg,sunflowers,320,212,1.509433962264151,RGB,JPEG,RGB,,3686c8a892bc4a0ba3ca2eb0bf0d3f26d7d67abe11abfe8cd575d3c088586089,43369,ok,
data/flower_photos/sunflowers/7857605684_fc86440c23.jpg,data/flower_photos/sunflowers/7857605684_fc86440c23.jpg,sunflowers,500,341,1.466275659824047,RGB,JPEG,RGB,,8d873de58be48fdb494467eb886d1060f60e80bd89896ebd363a08b7b9b8f597,134317,ok,
data/flower_photos/sunflowers/7935826214_9b57628203_m.jpg,data/flower_photos/sunflowers/7935826214_9b57628203_m.jpg,sunflowers,240,240,1.0,RGB,JPEG,RGB,,414793ac8ef980b4bc035aa20701b73ad1bcd0d88940b3e32d32f941ae263603,33862,ok,
data/flower_photos/sunflowers/8014734302_65c6e83bb4_m.jpg,data/flower_photos/sunflowers/8014734302_65c6e83bb4_m.jpg,sunflowers,168,240,0.7,RGB,JPEG,RGB,,0af5c6d51bfbc88897b276f8d06f6afd20841651f48c9a354ef38c3769eec2ff,29512,ok,
data/flower_photos/sunflowers/8014735546_3db46bb1fe_n.jpg,data/flower_photos/sunflowers/8014735546_3db46bb1fe_n.jpg,sunflowers,320,217,1.4746543778801844,RGB,JPEG,RGB,,227cdc03e7c2923dc48db80df1f6341b6d1309e2a410cb7a8854c30f586b8a04,53332,ok,
data/flower_photos/sunflowers/8021568040_f891223c44_n.jpg,data/flower_photos/sunflowers/8021568040_f891223c44_n.jpg,sunflowers,320,213,1.5023474178403755,RGB,JPEG,RGB,,22ca415e2521d9a9523c2f2cb9f538b5b377d3aa0351973f630db8bf3b920359,41600,ok,
data/flower_photos/sunflowers/8038712786_5bdeed3c7f_m.jpg,data/flower_photos/sunflowers/8038712786_5bdeed3c7f_m.jpg,sunflowers,240,240,1.0,RGB,JPEG,RGB,,42fba9225fec3bb928bff384fd93c58b718dd201513b7f17f40573cb4436deb3,27186,ok,
data/flower_photos/sunflowers/8041242566_752def876e_n.jpg,data/flower_photos/sunflowers/8041242566_752def876e_n.jpg,sunflowers,320,227,1.4096916299559472,RGB,JPEG,RGB,,37f46b208ee3466141845cb0d8291be4854de56354d76a3715db7699be2113c4,59276,ok,
data/flower_photos/sunflowers/8071460469_a7c2c34b97_n.jpg,data/flower_photos/sunflowers/8071460469_a7c2c34b97_n.jpg,sunflowers,320,240,1.3333333333333333,RGB,JPEG,RGB,,f295b94fc33e0cd3d119545ba5393f0492f6152f25a1e912c923b94146395f28,76668,ok,
data/flower_photos/sunflowers/8081530919_c882d46bb0_n.jpg,data/flower_photos/sunflowers/8081530919_c882d46bb0_n.jpg,sunflowers,320,240,1.3333333333333333,RGB,JPEG,RGB,,d80be96c3348c605e46455de8127e79173ee013d0e4ce0b86195328ed75eb7db,51146,ok,
data/flower_photos/sunflowers/8174935013_b16626b49b.jpg,data/flower_photos/sunflowers/8174935013_b16626b49b.jpg,sunflowers,500,331,1.5105740181268883,RGB,JPEG,RGB,,fc0646fb320aa0041e0f14d77a2a20aceb28ecb5d9f00972e774be5ad1b8735c,175776,ok,
data/flower_photos/sunflowers/8174935717_d19367d502.jpg,data/flower_photos/sunflowers/8174935717_d19367d502.jpg,sunflowers,500,331,1.5105740181268883,RGB,JPEG,RGB,,a6f5a1c8b44b1533e00e1b71d2e1ce7f997b4d7e02b89b28239cf0e5cdb7d801,85810,ok,
data/flower_photos/sunflowers/8174941335_56389b53e9_n.jpg,data/flower_photos/sunflowers/8174941335_56389b53e9_n.jpg,sunflowers,320,211,1.5165876777251184,RGB,JPEG,RGB,,82d61658db3aca3935d7891b34ac6137d95c5d198175fe5fc7216341c52db9b1,46880,ok,
data/flower_photos/sunflowers/8174970894_7f9a26be7e.jpg,data/flower_photos/sunflowers/8174970894_7f9a26be7e.jpg,sunflowers,500,331,1.5105740181268883,RGB,JPEG,RGB,,fa17d134b831749f86f957778383974872f1e77bc51e8cc543d68881f2e3760e,155956,ok,
data/flower_photos/sunflowers/8174972548_0051c2d431.jpg,data/flower_photos/sunflowers/8174972548_0051c2d431.jpg,sunflowers,500,331,1.5105740181268883,RGB,JPEG,RGB,,47a1ecaf78abf89a119cf6755e81d7800a2be7b6e57a9cdde36223cdce5f3ac0,158185,ok,
data/flower_photos/sunflowers/8192234807_fed4a46f1a_n.jpg,data/flower_photos/sunflowers/8192234807_fed4a46f1a_n.jpg,sunflowers,320,213,1.5023474178403755,RGB,JPEG,RGB,,e45cbb9ff8eee3c6ebe95e02e2086507b960a31195b453bde331e9f4c7a55f38,50502,ok,
data/flower_photos/sunflowers/8202034834_ee0ee91e04_n.jpg,data/flower_photos/sunflowers/8202034834_ee0ee91e04_n.jpg,sunflowers,320,215,1.4883720930232558,RGB,JPEG,RGB,,4e2cc5a56bcd6dfaffa269e8e0ba45a30229400ccb8b3ac6e33d00d916de70c2,33873,ok,
data/flower_photos/sunflowers/821368661_4ab4343f5a.jpg,data/flower_photos/sunflowers/821368661_4ab4343f5a.jpg,sunflowers,500,332,1.5060240963855422,RGB,JPEG,RGB,,99a04b9b9c6b1cd9adc2b8cfa0c998574f264745f75cf9b4f07f2489ff5d71af,130511,ok,
data/flower_photos/sunflowers/8234846550_fdaf326dbe.jpg,data/flower_photos/sunflowers/8234846550_fdaf326dbe.jpg,sunflowers,500,332,1.5060240963855422,RGB,JPEG,RGB,,f1a97ca25c8c02740e72f0815f69837b35f3f5ed1964ec245671ee37e6cb3e52,124009,ok,
data/flower_photos/sunflowers/8249000137_eddfffa380_n.jpg,data/flower_photos/sunflowers/8249000137_eddfffa380_n.jpg,sunflowers,320,215,1.4883720930232558,RGB,JPEG,RGB,,a97394205654b2a9daa196439d662ee9ea176a59300377ff755d26351bfc2686,55586,ok,
data/flower_photos/sunflowers/8265023280_713f2c69d0_m.jpg,data/flower_photos/sunflowers/8265023280_713f2c69d0_m.jpg,sunflowers,180,240,0.75,RGB,JPEG,RGB,,5f736626db40e2e6a99becf17a88390ad28b03fea4c55c961994fb4cdfdcc1f5,36100,ok,
data/flower_photos/sunflowers/8266310743_02095e782d_m.jpg,data/flower_photos/sunflowers/8266310743_02095e782d_m.jpg,sunflowers,214,240,0.8916666666666667,RGB,JPEG,RGB,,97deafaf05fd269168050905697b1bc7a907fffe4a738d2acb7fac15322c946a,42237,ok,
data/flower_photos/sunflowers/8292914969_4a76608250_m.jpg,data/flower_photos/sunflowers/8292914969_4a76608250_m.jpg,sunflowers,240,228,1.0526315789473684,RGB,JPEG,RGB,,2112d4f974160a02563353dbce744f8f726e18ff284a694d686aa3dbd1ebada1,25394,ok,
data/flower_photos/sunflowers/8368015811_2893411cf7_n.jpg,data/flower_photos/sunflowers/8368015811_2893411cf7_n.jpg,sunflowers,320,236,1.3559322033898304,RGB,JPEG,RGB,,65adf28a8fbbe398d81698390084a164785c1d10cab5c6a4b7f536bc801dd74a,38816,ok,
data/flower_photos/sunflowers/8478248531_1a16e232b5.jpg,data/flower_photos/sunflowers/8478248531_1a16e232b5.jpg,sunflowers,500,332,1.5060240963855422,RGB,JPEG,RGB,,c5a1e4b8b3c59f935f73ab02dce15c0379254e72d6a54fd98b84c5c21016265d,144406,ok,
data/flower_photos/sunflowers/8480886751_71d88bfdc0_n.jpg,data/flower_photos/sunflowers/8480886751_71d88bfdc0_n.jpg,sunflowers,320,213,1.5023474178403755,RGB,JPEG,RGB,,e0b7bb8d0ed6467fd35f3dd00619e4352c577becdec374d32d49547187b1af9d,40235,ok,
data/flower_photos/sunflowers/8481979626_98c9f88848_n.jpg,data/flower_photos/sunflowers/8481979626_98c9f88848_n.jpg,sunflowers,320,216,1.4814814814814814,RGB,JPEG,RGB,,d73b55b00254620db47a88e14ca45f8805a53959fa8fe498f69befeb3712bc31,35057,ok,
data/flower_photos/sunflowers/8543642705_b841b0e5f6.jpg,data/flower_photos/sunflowers/8543642705_b841b0e5f6.jpg,sunflowers,500,333,1.5015015015015014,RGB,JPEG,RGB,,3cdabfc59020505067381804cbdadc70f262154d30b7bdf4841497e1841d6b04,235856,ok,
data/flower_photos/sunflowers/8563099326_8be9177101.jpg,data/flower_photos/sunflowers/8563099326_8be9177101.jpg,sunflowers,500,257,1.9455252918287937,RGB,JPEG,RGB,,b9685cf1b21fc907fc73ee5c6b218120075cfa97f8f215f3cbec3050b031a7c0,139394,ok,
data/flower_photos/sunflowers/857698097_8068a2c135_n.jpg,data/flower_photos/sunflowers/857698097_8068a2c135_n.jpg,sunflowers,320,240,1.3333333333333333,RGB,JPEG,RGB,,e32d79fff3e541ddcb7ea469e829d12439982a1f4bc28e445621b9702bd44154,49121,ok,
data/flower_photos/sunflowers/864957037_c75373d1c5.jpg,data/flower_photos/sunflowers/864957037_c75373d1c5.jpg,sunflowers,500,333,1.5015015015015014,RGB,JPEG,RGB,,2ed9f7f9e721ca9bc423b8e0befcc3d67c280210713a7e9e4be23fc6d0be426d,162885,ok,
data/flower_photos/sunflowers/8705462313_4458d64cd4.jpg,data/flower_photos/sunflowers/8705462313_4458d64cd4.jpg,sunflowers,500,343,1.4577259475218658,RGB,JPEG,RGB,,7e39d71ff03488069d23ac90e05911b839e0893fc1ad2475ad8987ebc78e9f3e,114454,ok,
data/flower_photos/sunflowers/877083343_e3338c4125.jpg,data/flower_photos/sunflowers/877083343_e3338c4125.jpg,sunflowers,500,333,1.5015015015015014,RGB,JPEG,RGB,,8c73eee1305b655a4f19f2c587bb7474b9c89d35699b3175e809e01b852d9de4,158351,ok,
data/flower_photos/sunflowers/8928614683_6c168edcfc.jpg,data/flower_photos/sunflowers/8928614683_6c168edcfc.jpg,sunflowers,500,333,1.5015015015015014,RGB,JPEG,RGB,,4e6580ac89c52ac0d3c38690785318e697877f485612baac916ea8e73e3053b1,220955,ok,
data/flower_photos/sunflowers/8928658373_fdca5ff1b8.jpg,data/flower_photos/sunflowers/8928658373_fdca5ff1b8.jpg,sunflowers,500,333,1.5015015015015014,RGB,JPEG,RGB,,fa67951e266db8b07e20610c4f0c6551a2951b6bf9fa19c14a8d1909679705af,142040,ok,
data/flower_photos/sunflowers/8929213942_5544191250_n.jpg,data/flower_photos/sunflowers/8929213942_5544191250_n.jpg,sunflowers,320,213,1.5023474178403755,RGB,JPEG,RGB,,04fe413a809d9d7f67c1822e33b8b840162559d5483f0c4965462b70841a4772,64632,ok,
data/flower_photos/sunflowers/8929274876_17efc1774a_n.jpg,data/flower_photos/sunflowers/8929274876_17efc1774a_n.jpg,sunflowers,320,213,1.5023474178403755,RGB,JPEG,RGB,,8504145ccfc6fc6649aea394a8a83747b8cf55a4b54ce566cde0752d21c46c7b,39733,ok,
data/flower_photos/sunflowers/8929288228_6795bcb1fe.jpg,data/flower_photos/sunflowers/8929288228_6795bcb1fe.jpg,sunflowers,500,333,1.5015015015015014,RGB,JPEG,RGB,,6530240758ab093d5bd538319531025d4afdc6877d63dfa4d3732af634ab5ae8,174088,ok,
data/flower_photos/sunflowers/9056495873_66e351b17c_n.jpg,data/flower_photos/sunflowers/9056495873_66e351b17c_n.jpg,sunflowers,320,240,1.3333333333333333,RGB,JPEG,RGB,,ca4e54a3969d6653b6da3b443ffe9dee93f939c78652a9a87dd59cabefa803fb,54247,ok,
data/flower_photos/sunflowers/9111896677_ff0b6fa6f6_n.jpg,data/flower_photos/sunflowers/9111896677_ff0b6fa6f6_n.jpg,sunflowers,320,213,1.5023474178403755,RGB,JPEG,RGB,,3f5439cd64126307755ab5e3943f29bb931b15d72cc9ffa59540e60f4de672f6,50228,ok,
data/flower_photos/sunflowers/9206376642_8348ba5c7a.jpg,data/flower_photos/sunflowers/9206376642_8348ba5c7a.jpg,sunflowers,500,333,1.5015015015015014,RGB,JPEG,RGB,,c7991153a52faa599b79a8f94150db3e0a2731480945eb22de23f50cefbcaae5,185420,ok,
data/flower_photos/sunflowers/9213511121_836a458021_m.jpg,data/flower_photos/sunflowers/9213511121_836a458021_m.jpg,sunflowers,240,240,1.0,RGB,JPEG,RGB,,8fd02e863c53fe5c0d8791b228704bc3302c6e8346057e59c0520a21d10ea683,23334,ok,
data/flower_photos/sunflowers/9216286162_6ceefdd1b4_m.jpg,data/flower_photos/sunflowers/9216286162_6ceefdd1b4_m.jpg,sunflowers,152,240,0.6333333333333333,RGB,JPEG,RGB,,5622fd53e1bcc3983f847adcb521943dbd5da8789107819b084e892496af6dd6,23215,ok,
data/flower_photos/sunflowers/9216286876_289a4779f7.jpg,data/flower_photos/sunflowers/9216286876_289a4779f7.jpg,sunflowers,500,318,1.5723270440251573,RGB,JPEG,RGB,,49bba71b4d751e9a701350cb72aefcd7dc50de763426d9ff9ee272970c0613e8,185439,ok,
data/flower_photos/sunflowers/9231555352_d2dd8f8e68_m.jpg,data/flower_photos/sunflowers/9231555352_d2dd8f8e68_m.jpg,sunflowers,159,240,0.6625,RGB,JPEG,RGB,,c6365cc9a5efce0b9b39fff2bfeb8f522e46bcec5fe87185843b097cf40ded9b,26300,ok,
data/flower_photos/sunflowers/9240005603_6a9b71dcea_n.jpg,data/flower_photos/sunflowers/9240005603_6a9b71dcea_n.jpg,sunflowers,320,240,1.3333333333333333,RGB,JPEG,RGB,,57c37cee2feb7c91a09df60c75c8fd328186ac7d57fa9bf1f85e4e24d47bea22,53774,ok,
data/flower_photos/sunflowers/9240129413_f240ce7866_n.jpg,data/flower_photos/sunflowers/9240129413_f240ce7866_n.jpg,sunflowers,320,268,1.1940298507462686,RGB,JPEG,RGB,,a8125b582d70114210b1fb98aeaedc9972b118d6437f42a753c909fc1cc7a61c,64405,ok,
data/flower_photos/sunflowers/9246304620_768d1f54d7_n.jpg,data/flower_photos/sunflowers/9246304620_768d1f54d7_n.jpg,sunflowers,320,213,1.5023474178403755,RGB,JPEG,RGB,,2538292145bca8af36bc4be4a69396a844e6c216b77603ff79566d7bd35650f4,66747,ok,
data/flower_photos/sunflowers/9302733302_2cb92cf275.jpg,data/flower_photos/sunflowers/9302733302_2cb92cf275.jpg,sunflowers,500,333,1.5015015015015014,RGB,JPEG,RGB,,02da765eaf6074ead66431569126707119bf1112ce34d6acd3b54ab38fd8d725,132998,ok,
data/flower_photos/sunflowers/9309473873_9d62b9082e.jpg,data/flower_photos/sunflowers/9309473873_9d62b9082e.jpg,sunflowers,500,331,1.5105740181268883,RGB,JPEG,RGB,,a522c7c0d952532a06f750e5dddfe95294991d8e6d66b5dc0b9345c5693e0852,137345,ok,
data/flower_photos/sunflowers/9339697826_88c9c4dc50.jpg,data/flower_photos/sunflowers/9339697826_88c9c4dc50.jpg,sunflowers,500,332,1.5060240963855422,RGB,JPEG,RGB,,84783b910b427f199ad5ad34449dbd5791b050cc5cd220fe6b53fc7b8747fa4c,199389,ok,
data/flower_photos/sunflowers/9359374034_21fb12d613_n.jpg,data/flower_photos/sunflowers/9359374034_21fb12d613_n.jpg,sunflowers,320,249,1.285140562248996,RGB,JPEG,RGB,,70e4b15b233edeb85b5965c7836522a053192d08930f9c740b36cf4e258fdf03,56599,ok,
data/flower_photos/sunflowers/9375675309_987d32f99e_n.jpg,data/flower_photos/sunflowers/9375675309_987d32f99e_n.jpg,sunflowers,320,240,1.3333333333333333,RGB,JPEG,RGB,,02ecbfafeed589b8a74e9bfc5aa16975a4033c8cd8b51deb109fb740ecd6cb06,41605,ok,
data/flower_photos/sunflowers/9381481549_5a5d503e42_n.jpg,data/flower_photos/sunflowers/9381481549_5a5d503e42_n.jpg,sunflowers,320,240,1.3333333333333333,RGB,JPEG,RGB,,5c0425a003b294b04cb4109e223381adbdea6f2238148625c92be2f4cefe6435,61997,ok,
data/flower_photos/sunflowers/9384867134_83af458a19_n.jpg,data/flower_photos/sunflowers/9384867134_83af458a19_n.jpg,sunflowers,320,240,1.3333333333333333,RGB,JPEG,RGB,,3efd16588bc2bdc20fadf58e9573b94af01067cbddd48e9a0608f359e6ed9c8a,45554,ok,
data/flower_photos/sunflowers/9399711558_7cb9547cd3_n.jpg,data/flower_photos/sunflowers/9399711558_7cb9547cd3_n.jpg,sunflowers,320,236,1.3559322033898304,RGB,JPEG,RGB,,86c8a04cd80f49a95da88c0715a098fd6984e9127da2d8eb8cd57afbaeb94383,61572,ok,
data/flower_photos/sunflowers/9410186154_465642ed35.jpg,data/flower_photos/sunflowers/9410186154_465642ed35.jpg,sunflowers,500,332,1.5060240963855422,RGB,JPEG,RGB,,6d0aa11410d4493ea9faaf4191c3a57e331401f94d9f78b9dfb141898bb95dcc,122385,ok,
data/flower_photos/sunflowers/9427945592_07a2676945_n.jpg,data/flower_photos/sunflowers/9427945592_07a2676945_n.jpg,sunflowers,320,240,1.3333333333333333,RGB,JPEG,RGB,,a16ef7244319c8d6b11f57f8a49072552454b289e7eba41c6db064bf2e3dca23,96859,ok,
data/flower_photos/sunflowers/9431890901_cd11bda584_n.jpg,data/flower_photos/sunflowers/9431890901_cd11bda584_n.jpg,sunflowers,320,212,1.509433962264151,RGB,JPEG,RGB,,36200360fa717d6a956cbc27ef27d820c05003f996ed806fb071d20365e0ca22,33421,ok,
data/flower_photos/sunflowers/9431896325_23bf6e8761.jpg,data/flower_photos/sunflowers/9431896325_23bf6e8761.jpg,sunflowers,500,332,1.5060240963855422,RGB,JPEG,RGB,,c44caef0d25b9d3d869ad93aa66e20f2c6436d39b2c91bf19fcdf7e6bdff4fae,69753,ok,
data/flower_photos/sunflowers/9432335346_e298e47713_n.jpg,data/flower_photos/sunflowers/9432335346_e298e47713_n.jpg,sunflowers,320,240,1.3333333333333333,RGB,JPEG,RGB,,1db50d58e13d2e0565fab4b8fdd32de50969f30f1cec0ae8e66ac7529aa41ea9,40595,ok,
data/flower_photos/sunflowers/9445830851_e9a126fd1d_n.jpg,data/flower_photos/sunflowers/9445830851_e9a126fd1d_n.jpg,sunflowers,320,284,1.1267605633802817,RGB,JPEG,RGB,,8a608052f008666a3ab766e0814d4d7157dc672819d8bad97530ca784773a877,21958,ok,
data/flower_photos/sunflowers/9448615838_04078d09bf_n.jpg,data/flower_photos/sunflowers/9448615838_04078d09bf_n.jpg,sunflowers,320,274,1.167883211678832,RGB,JPEG,RGB,,eb98a40e30f2b397abfbb0899bc619c8b704e0e5a3b53c0b014e72bae0c6ea37,28617,ok,
data/flower_photos/sunflowers/9460336948_6ae968be93.jpg,data/flower_photos/sunflowers/9460336948_6ae968be93.jpg,sunflowers,500,332,1.5060240963855422,RGB,JPEG,RGB,,80bf9971bee2b968057555434ebf7f2f97e0f11c5256fe6b3f59191d6296f23b,83341,ok,
data/flower_photos/sunflowers/9461693602_710f20904f.jpg,data/flower_photos/sunflowers/9461693602_710f20904f.jpg,sunflowers,500,332,1.5060240963855422,RGB,JPEG,RGB,,f66925996fe98ea0fe66d80d3692efdc70c77efcb8a6a1e2ca0044f2f299b8d1,22240,ok,
data/flower_photos/sunflowers/9481563239_01b585b41d_n.jpg,data/flower_photos/sunflowers/9481563239_01b585b41d_n.jpg,sunflowers,320,247,1.2955465587044535,RGB,JPEG,RGB,,f1596fd0d31021322a8d21b2a6f0b526044eea06a85f3cf10afcd0ea02db7297,41077,ok,
data/flower_photos/sunflowers/9482209981_bf7bf6022b_m.jpg,data/flower_photos/sunflowers/9482209981_bf7bf6022b_m.jpg,sunflowers,240,217,1.1059907834101383,RGB,JPEG,RGB,,4f0660d3b65aba572c16afcc19e562295bd3f95251243207629381ae0cc8f597,36995,ok,
data/flower_photos/sunflowers/9483429732_5ae73eb672_n.jpg,data/flower_photos/sunflowers/9483429732_5ae73eb672_n.jpg,sunflowers,320,282,1.1347517730496455,RGB,JPEG,RGB,,3ea30f6fd9c48aa8249e13dc21f0ef73137d9cd0d8a42aa10baa78bccf224a70,65613,ok,
data/flower_photos/sunflowers/9484354480_07ff2ef0a6.jpg,data/flower_photos/sunflowers/9484354480_07ff2ef0a6.jpg,sunflowers,500,333,1.5015015015015014,RGB,JPEG,RGB,,d215eb095929c74baca317a28f53a2642c3a49af9148cc340c1dba8c55ee4266,141320,ok,
data/flower_photos/sunflowers/9485002920_59af6f4cac.jpg,data/flower_photos/sunflowers/9485002920_59af6f4cac.jpg,sunflowers,500,336,1.4880952380952381,RGB,JPEG,RGB,,686d78136948548222ad1c2436b65637f986a37882bb4d7ffdc6ce1f4b7b54ea,177225,ok,
data/flower_photos/sunflowers/9491955955_d0b2c83834.jpg,data/flower_photos/sunflowers/9491955955_d0b2c83834.jpg,sunflowers,500,266,1.8796992481203008,RGB,JPEG,RGB,,0de66e8d59b3629b3be5e6c793d6d957ced6f35e11671c03e112f1ea3b5a2b49,111886,ok,
data/flower_photos/sunflowers/9497774249_7f5ae70927_m.jpg,data/flower_photos/sunflowers/9497774249_7f5ae70927_m.jpg,sunflowers,214,240,0.8916666666666667,RGB,JPEG,RGB,,699328dae9150f25d18f9ff1bb369159cce70d3e0985934d9308537b702c1f30,37419,ok,
data/flower_photos/sunflowers/9497774935_a7daec5433_n.jpg,data/flower_photos/sunflowers/9497774935_a7daec5433_n.jpg,sunflowers,320,240,1.3333333333333333,RGB,JPEG,RGB,,a9d5abaa3d65dbcfe1d1e4cbc8709e965046b0a30b7fd4e8cba3d6a89131770d,59682,ok,
data/flower_photos/sunflowers/9511172241_8aee411e2e.jpg,data/flower_photos/sunflowers/9511172241_8aee411e2e.jpg,sunflowers,500,333,1.5015015015015014,RGB,JPEG,RGB,,1094f2d10e6d1d578db6746ad2c2c61ed7d6eb1a5b5cd241da028147d793c08f,181165,ok,
data/flower_photos/sunflowers/9535500195_543d0b729b.jpg,data/flower_photos/sunflowers/9535500195_543d0b729b.jpg,sunflowers,500,333,1.5015015015015014,RGB,JPEG,RGB,,711c77806e0b66f54034bf57506258424002e347ba39cf52edfb25085c7bf2b4,147651,ok,
data/flower_photos/sunflowers/9538283930_0faea083bb_n.jpg,data/flower_photos/sunflowers/9538283930_0faea083bb_n.jpg,sunflowers,320,213,1.5023474178403755,RGB,JPEG,RGB,,50dae22badc4d3cc0595ffe9b03a9adac139f18e422d1cc3d29b8839ea8cf5c1,34654,ok,
data/flower_photos/sunflowers/9555824387_32b151e9b0_m.jpg,data/flower_photos/sunflowers/9555824387_32b151e9b0_m.jpg,sunflowers,240,240,1.0,RGB,JPEG,RGB,,8014a4136720cc858f8ddb2a9ceb86b5f9715990dff07bf7847512b2b7b26478,29407,ok,
data/flower_photos/sunflowers/9555827829_74e6f60f1d_m.jpg,data/flower_photos/sunflowers/9555827829_74e6f60f1d_m.jpg,sunflowers,160,240,0.6666666666666666,RGB,JPEG,RGB,,21c4cdc960dfa8897b758e46316c8d090d7bdd74680eeb94ae67e3fc62df7df3,21114,ok,
data/flower_photos/sunflowers/9558627290_353a14ba0b_m.jpg,data/flower_photos/sunflowers/9558627290_353a14ba0b_m.jpg,sunflowers,160,240,0.6666666666666666,RGB,JPEG,RGB,,cfb702a69935b0588c32df9a571a306c599ee87024faf3ec13007d6a693b520e,17385,ok,
data/flower_photos/sunflowers/9558628596_722c29ec60_m.jpg,data/flower_photos/sunflowers/9558628596_722c29ec60_m.jpg,sunflowers,159,240,0.6625,RGB,JPEG,RGB,,5c2439f1f034bf94694a163377a9d70e4fa3c1a97d24b173f39e8e67d5790e18,22042,ok,
data/flower_photos/sunflowers/9558630626_52a1b7d702_m.jpg,data/flower_photos/sunflowers/9558630626_52a1b7d702_m.jpg,sunflowers,159,240,0.6625,RGB,JPEG,RGB,,0b43433863d0c2c5c22f550c7310633a1888cc90ae155eb42a1be87d0851f883,20338,ok,
data/flower_photos/sunflowers/9558632814_e78a780f4f.jpg,data/flower_photos/sunflowers/9558632814_e78a780f4f.jpg,sunflowers,500,333,1.5015015015015014,RGB,JPEG,RGB,,53e1a9fc2f9d3237261d4b58f14f79747d4c8d7094840fddbe1ac317860f81dc,138304,ok,
data/flower_photos/sunflowers/9564240106_0577e919da_n.jpg,data/flower_photos/sunflowers/9564240106_0577e919da_n.jpg,sunflowers,320,240,1.3333333333333333,RGB,JPEG,RGB,,0bee2ae4105c8b4169974ef8bdb81d5ca01bcf86ad5919271a5833f9338941ab,48561,ok,
data/flower_photos/sunflowers/9588522189_db6166f67f.jpg,data/flower_photos/sunflowers/9588522189_db6166f67f.jpg,sunflowers,500,333,1.5015015015015014,RGB,JPEG,RGB,,f7a7d912f59eeed9da8004453de922cdf8fa0f1f043491fd75915660530b8744,234646,ok,
data/flower_photos/sunflowers/9599534035_ae4df582b6.jpg,data/flower_photos/sunflowers/9599534035_ae4df582b6.jpg,sunflowers,500,332,1.5060240963855422,RGB,JPEG,RGB,,f525389196854d474f559207518c6a1fef802a3a85da20e03239fdced5392f0d,142101,ok,
data/flower_photos/sunflowers/9610098411_f1613c8e14.jpg,data/flower_photos/sunflowers/9610098411_f1613c8e14.jpg,sunflowers,500,318,1.5723270440251573,RGB,JPEG,RGB,,f756d376621f79f878cbae3f5d094a69a88c5f177b141427edef5da85466dc93,204494,ok,
data/flower_photos/sunflowers/9610371852_179e7781ce.jpg,data/flower_photos/sunflowers/9610371852_179e7781ce.jpg,sunflowers,500,333,1.5015015015015014,RGB,JPEG,RGB,,f430a9dbbf7a4cf542399e0726f278a0947c2642a50e31ecd9b9f1ce24faa0f8,138218,ok,
data/flower_photos/sunflowers/9610373158_5250bce6ac_n.jpg,data/flower_photos/sunflowers/9610373158_5250bce6ac_n.jpg,sunflowers,320,213,1.5023474178403755,RGB,JPEG,RGB,,9b992c5406bbafdacd7ef3a9e65eb436819943f73d54d98a5668ab279d507c58,58199,ok,
data/flower_photos/sunflowers/9610373748_b9cb67bd55.jpg,data/flower_photos/sunflowers/9610373748_b9cb67bd55.jpg,sunflowers,500,333,1.5015015015015014,RGB,JPEG,RGB,,c1f539bceca728fcb1a2da214b0c5abeaa3d22b5ee6fec93b325f3beba372e25,167305,ok,
data/flower_photos/sunflowers/9610374042_bb16cded3d.jpg,data/flower_photos/sunflowers/9610374042_bb16cded3d.jpg,sunflowers,500,327,1.529051987767584,RGB,JPEG,RGB,,a8b364b277c6ef4d5c1f9f960f326f4aa2c96bfd1545740f00ce0080e5ec7259,134716,ok,
data/flower_photos/sunflowers/9651392844_77f90589ba_n.jpg,data/flower_photos/sunflowers/9651392844_77f90589ba_n.jpg,sunflowers,320,213,1.5023474178403755,RGB,JPEG,RGB,,4ff51324a67654f8b32b751df115c2772171d8e49ceb0cb57791a3692538bf14,66176,ok,
data/flower_photos/sunflowers/9655029591_7a77f87500.jpg,data/flower_photos/sunflowers/9655029591_7a77f87500.jpg,sunflowers,500,332,1.5060240963855422,RGB,JPEG,RGB,,77eb77dbdaefa947a432fbc8c28305326149953537dbeb0fe106634c820e5337,190598,ok,
data/flower_photos/sunflowers/9681915384_b3b646dc92_m.jpg,data/flower_photos/sunflowers/9681915384_b3b646dc92_m.jpg,sunflowers,240,240,1.0,RGB,JPEG,RGB,,7b2048fe9a03b8d352692c3020b96fefa3bf0ae62525749d9f6e4272af1de721,33625,ok,
data/flower_photos/sunflowers/969913643_9d5cd2fe45_m.jpg,data/flower_photos/sunflowers/969913643_9d5cd2fe45_m.jpg,sunflowers,207,240,0.8625,RGB,JPEG,RGB,,d70c2bc6d52c43e6773eeb97f47217d00ee2c2e79bd130189d384b04226f1721,41738,ok,
data/flower_photos/sunflowers/9699724719_a8439cc0fd_n.jpg,data/flower_photos/sunflowers/9699724719_a8439cc0fd_n.jpg,sunflowers,320,240,1.3333333333333333,RGB,JPEG,RGB,,f4b6a36037e123ccc99fa6f3bd1786bf7babe014aeee273ac6f5ae10b15ac337,65982,ok,
data/flower_photos/sunflowers/9783416751_b2a03920f7_n.jpg,data/flower_photos/sunflowers/9783416751_b2a03920f7_n.jpg,sunflowers,320,212,1.509433962264151,RGB,JPEG,RGB,,fb92a56e58b629a9994b27ce6a7466f89bb8ce4eabdb83066142631bf53ae617,56474,ok,
data/flower_photos/sunflowers/9825716455_f12bcc8d4e_n.jpg,data/flower_photos/sunflowers/9825716455_f12bcc8d4e_n.jpg,sunflowers,320,240,1.3333333333333333,RGB,JPEG,RGB,,4e0e37d99c311dcb96712651e43131e62dcb08dcef52864910d5f7c6fe3f4019,62147,ok,
data/flower_photos/sunflowers/9904127656_f76a5a4811_m.jpg,data/flower_photos/sunflowers/9904127656_f76a5a4811_m.jpg,sunflowers,159,240,0.6625,RGB,JPEG,RGB,,c81c817375778b448e663aede5435917a746062392f23f29cbbf5f5bcf597e1b,29559,ok,
data/flower_photos/tulips/100930342_92e8746431_n.jpg,data/flower_photos/tulips/100930342_92e8746431_n.jpg,tulips,320,209,1.5311004784688995,RGB,JPEG,RGB,,64abdcbc2fd771300b6a5f927f4902a9ff548d95e5770146e6ee0f67eb2ffd86,26200,ok,
data/flower_photos/tulips/10094729603_eeca3f2cb6.jpg,data/flower_photos/tulips/10094729603_eeca3f2cb6.jpg,tulips,500,335,1.492537313432836,RGB,JPEG,RGB,,3e337754ec09d00e50f30e6809df1f9288f5710e62f994d7ffb002fcb09e2fcf,214832,ok,
data/flower_photos/tulips/10094731133_94a942463c.jpg,data/flower_photos/tulips/10094731133_94a942463c.jpg,tulips,500,335,1.492537313432836,RGB,JPEG,RGB,,78ea50f581c3a70d5c45f8a3ae85ccec6998e3916e32f9d5d549ee2c47223868,224969,ok,
data/flower_photos/tulips/10128546863_8de70c610d.jpg,data/flower_photos/tulips/10128546863_8de70c610d.jpg,tulips,500,333,1.5015015015015014,RGB,JPEG,RGB,,dddef5112866b6f02b1ad57d3546e573e69db8461f9fe8bdfa738ab97a816f5b,123030,ok,
data/flower_photos/tulips/10163955604_ae0b830975_n.jpg,data/flower_photos/tulips/10163955604_ae0b830975_n.jpg,tulips,320,214,1.4953271028037383,RGB,JPEG,RGB,,3bf1d0b1f6bb3987fbdbf9e079508091a12f2845041871c6af946e7b10943d87,79608,ok,
data/flower_photos/tulips/10164073235_f29931d91e.jpg,data/flower_photos/tulips/10164073235_f29931d91e.jpg,tulips,500,335,1.492537313432836,RGB,JPEG,RGB,,b8b2e5b1105af49e200e73695ec4b57b48fe5846a4f9e353d5ba7386d0acc512,244431,ok,
data/flower_photos/tulips/10686568196_b1915544a8.jpg,data/flower_photos/tulips/10686568196_b1915544a8.jpg,tulips,500,333,1.5015015015015014,RGB,JPEG,RGB,,7f0816c32c3206deac679a2eb7a7304befafc9532f511d38fe1ded34a87b05fc,97920,ok,
data/flower_photos/tulips/107693873_86021ac4ea_n.jpg,data/flower_photos/tulips/107693873_86021ac4ea_n.jpg,tulips,320,231,1.3852813852813852,RGB,JPEG,RGB,,cd8981a7030d2becff96d8c5aeafb45e4985c2a6bd8fdca508535ff5e5ec8a59,75864,ok,
data/flower_photos/tulips/10791227_7168491604.jpg,data/flower_photos/tulips/10791227_7168491604.jpg,tulips,500,333,1.5015015015015014,RGB,JPEG,RGB,,e11298b5c1f6f51d5e466d2efe7519598307292513d505d4645984942135d66e,29325,ok,
data/flower_photos/tulips/10995953955_089572caf0.jpg,data/flower_photos/tulips/10995953955_089572caf0.jpg,tulips,500,332,1.5060240963855422,RGB,JPEG,RGB,,ab6fc9dfef4910fe2e69fa4fd1b69b0c932cc05619407274014e410a81f17b05,236253,ok,
data/flower_photos/tulips/110147301_ad921e2828.jpg,data/flower_photos/tulips/110147301_ad921e2828.jpg,tulips,500,375,1.3333333333333333,RGB,JPEG,RGB,,3bd20b288dd03e4392cf90f1ec82cdb4448315ccc14183accd2abe695f5d04f7,182887,ok,
data/flower_photos/tulips/112334842_3ecf7585dd.jpg,data/flower_photos/tulips/112334842_3ecf7585dd.jpg,tulips,500,375,1.3333333333333333,RGB,JPEG,RGB,,635a2a446e51d4d7c31c2c78955e8024ba881751be005b3126155c7003c42a7c,72099,ok,
data/flower_photos/tulips/112428665_d8f3632f36_n.jpg,data/flower_photos/tulips/112428665_d8f3632f36_n.jpg,tulips,320,239,1.3389121338912133,RGB,JPEG,RGB,,0edda124f1552d11797598164ea839d65bd476ae3fb33807dc7e52bf96f81ff4,27465,ok,
data/flower_photos/tulips/112428919_f0c5ad7d9d_n.jpg,data/flower_photos/tulips/112428919_f0c5ad7d9d_n.jpg,tulips,320,234,1.3675213675213675,RGB,JPEG,RGB,,3c1a7b67849c95a5db932429d63d687bc8e172895c172e35c6bddeef1087019e,32903,ok,
data/flower_photos/tulips/112650879_82adc2cc04_n.jpg,data/flower_photos/tulips/112650879_82adc2cc04_n.jpg,tulips,320,229,1.3973799126637554,RGB,JPEG,RGB,,87e6519ea2ecc3ba8bef819fbfa1edfaec0fda8782219190deccba0462cd9fc3,31087,ok,
data/flower_photos/tulips/112651128_7b5d39a346_m.jpg,data/flower_photos/tulips/112651128_7b5d39a346_m.jpg,tulips,240,180,1.3333333333333333,RGB,JPEG,RGB,,e33925ecb428957af7e6e8845db8135c0e951c8f4fda300b458ddc369745dfc9,21632,ok,
data/flower_photos/tulips/112951022_4892b1348b_n.jpg,data/flower_photos/tulips/112951022_4892b1348b_n.jpg,tulips,320,233,1.3733905579399142,RGB,JPEG,RGB,,d332b1cee6cb35a4a84ba3c8adaaaa39135e26f717ff7fed9501ccf1b3ae6bcb,41253,ok,
data/flower_photos/tulips/112951086_150a59d499_n.jpg,data/flower_photos/tulips/112951086_150a59d499_n.jpg,tulips,320,220,1.4545454545454546,RGB,JPEG,RGB,,7759dda63a614321822a270ace48e16f1b7112ebca3722d057e04bb7b5d6a4ed,36745,ok,
data/flower_photos/tulips/113291410_1bdc718ed8_n.jpg,data/flower_photos/tulips/113291410_1bdc718ed8_n.jpg,tulips,320,232,1.3793103448275863,RGB,JPEG,RGB,,96578b0725cc1e5a5a66615b0cbe162f13ceb70af2145a412a1c0062f576624c,41267,ok,
data/flower_photos/tulips/113902743_8f537f769b_n.jpg,data/flower_photos/tulips/113902743_8f537f769b_n.jpg,tulips,320,239,1.3389121338912133,RGB,JPEG,RGB,,fc989563caaa2e734645ad5eb4f49b133100bfff6547ee54e3fa2db8fad6494a,22367,ok,
data/flower_photos/tulips/113960470_38fab8f2fb_m.jpg,data/flower_photos/tulips/113960470_38fab8f2fb_m.jpg,tulips,170,240,0.7083333333333334,RGB,JPEG,RGB,,6cf1a9d3cf93bd01d9f4104c345a62ae5ab4a6707bb72e877d055591fe16a063,19384,ok,
data/flower_photos/tulips/11441893003_ab83672800.jpg,data/flower_photos/tulips/11441893003_ab83672800.jpg,tulips,500,333,1.5015015015015014,RGB,JPEG,RGB,,348421e728dc178f3579a6c5976e0b4bf42c111af1c4450b5520f9e8ac4f40ad,135416,ok,
data/flower_photos/tulips/11614202956_1dcf1c96a1.jpg,data/flower_photos/tulips/11614202956_1dcf1c96a1.jpg,tulips,500,313,1.597444089456869,RGB,JPEG,RGB,,80ef211caebb1b8dbfb51bd73ab794bec45ae9c31d99964a27bf881babae6f20,173726,ok,
data/flower_photos/tulips/116343334_9cb4acdc57_n.jpg,data/flower_photos/tulips/116343334_9cb4acdc57_n.jpg,tulips,320,240,1.3333333333333333,RGB,JPEG,RGB,,a8dc3191a898d35aa64e59fd789b864e27b74313952af9c7d6b549c8a5a9c265,33107,ok,
data/flower_photos/tulips/11746080_963537acdc.jpg,data/flower_photos/tulips/11746080_963537acdc.jpg,tulips,500,318,1.5723270440251573,RGB,JPEG,RGB,,f5921912645a62638fe780a9a39f4a4a61ebccfd46480648a26b0a9b00bb66fb,94649,ok,
data/flower_photos/tulips/11746276_de3dec8201.jpg,data/flower_photos/tulips/11746276_de3dec8201.jpg,tulips,500,333,1.5015015015015014,RGB,JPEG,RGB,,b1bc21fc550c7a273d8c7d0298b433c368e7b55e29f8b1937fb15c04ed18348e,69055,ok,
data/flower_photos/tulips/11746367_d23a35b085_n.jpg,data/flower_photos/tulips/11746367_d23a35b085_n.jpg,tulips,320,272,1.1764705882352942,RGB,JPEG,RGB,,d6bb04dd23bd7e9f40878d623fd2b89bba814fb7dd8669d6334d9f151835c828,71419,ok,
data/flower_photos/tulips/11746452_5bc1749a36.jpg,data/flower_photos/tulips/11746452_5bc1749a36.jpg,tulips,500,248,2.0161290322580645,RGB,JPEG,RGB,,cd260fe9ee950896a397d77183c4735e3e25c37165d284cc26652ff7277cc593,63778,ok,
data/flower_photos/tulips/11746548_26b3256922_n.jpg,data/flower_photos/tulips/11746548_26b3256922_n.jpg,tulips,320,276,1.1594202898550725,RGB,JPEG,RGB,,6d05f9635f029e09b660f52cb99995c181e2b30ed327ed5f0fa53db7fa98e107,60570,ok,
data/flower_photos/tulips/12024561754_ce9667e4dc_n.jpg,data/flower_photos/tulips/12024561754_ce9667e4dc_n.jpg,tulips,320,240,1.3333333333333333,RGB,JPEG,RGB,,df6322fc4a30a49fbd96e66f9130a4d75fe0b667b4bd0a2e94571be7311124ed,58910,ok,
data/flower_photos/tulips/12025038686_7f10811d4b_n.jpg,data/flower_photos/tulips/12025038686_7f10811d4b_n.jpg,tulips,320,240,1.3333333333333333,RGB,JPEG,RGB,,fe007723616dafd48b7017e7db10b83a6556436ade2ec74ac542899f9b8ffd87,63408,ok,
data/flower_photos/tulips/12025042086_78bafc0eb6_n.jpg,data/flower_photos/tulips/12025042086_78bafc0eb6_n.jpg,tulips,320,240,1.3333333333333333,RGB,JPEG,RGB,,4280666b13c096fdbcc5bda1903ed32512c16f350412824910224ed6e86e9188,48090,ok,
data/flower_photos/tulips/12163418275_bd6a1edd61.jpg,data/flower_photos/tulips/12163418275_bd6a1edd61.jpg,tulips,500,333,1.5015015015015014,RGB,JPEG,RGB,,ec18bb3f5d718f16ddf9139c32cd62906a33f3f4ee9c5049430f215b67e1ab66,137348,ok,
data/flower_photos/tulips/122450705_9885fff3c4_n.jpg,data/flower_photos/tulips/122450705_9885fff3c4_n.jpg,tulips,320,240,1.3333333333333333,RGB,JPEG,RGB,,7e6bbe0f233629e2c5ebc74c52c5141b3277ace006502edf3d249d6432c7e341,58082,ok,
data/flower_photos/tulips/12517756805_56b74be742.jpg,data/flower_photos/tulips/12517756805_56b74be742.jpg,tulips,500,334,1.4970059880239521,RGB,JPEG,RGB,,89be36ebfeda713147640c0e2e796b0c46c45b3cc57f4a27d207a725c264ab85,76650,ok,
data/flower_photos/tulips/12548574923_5e90f4ceea.jpg,data/flower_photos/tulips/12548574923_5e90f4ceea.jpg,tulips,500,333,1.5015015015015014,RGB,JPEG,RGB,,2b7a79a607c1f28a4522c075d7d86acd41b0c83c1671269080b391d09dfe8bc6,133047,ok,
data/flower_photos/tulips/12557176134_ecbf15885b.jpg,data/flower_photos/tulips/12557176134_ecbf15885b.jpg,tulips,500,333,1.5015015015015014,RGB,JPEG,RGB,,8a3fc4038c9c1fc1aee7c034a4e0e97ac4c7c149902d398a59f3428a47b72ad5,76739,ok,
data/flower_photos/tulips/12584810723_c97d00fcfd.jpg,data/flower_photos/tulips/12584810723_c97d00fcfd.jpg,tulips,500,215,2.3255813953488373,RGB,JPEG,RGB,,4a2d6a6261b0ab9a3cbe534c5016af5baa06b048a4702b6622534dd88bde8ec1,63186,ok,
data/flower_photos/tulips/12616825773_9aa4245b57_n.jpg,data/flower_photos/tulips/12616825773_9aa4245b57_n.jpg,tulips,320,258,1.2403100775193798,RGB,JPEG,RGB,,4993dd2d6e76d5bdef945967bbcd7e43ce0c7232d293d4d6742b7d0984454b8d,35781,ok,
data/flower_photos/tulips/12764617214_12211c6a0c_m.jpg,data/flower_photos/tulips/12764617214_12211c6a0c_m.jpg,tulips,240,240,1.0,RGB,JPEG,RGB,,26707cae546c1ff9c4c995a17489cedc0e6a1563d01d7d1f3f1a13cd64594a5f,12882,ok,
data/flower_photos/tulips/12873145295_438b8197a7_n.jpg,data/flower_photos/tulips/12873145295_438b8197a7_n.jpg,tulips,320,286,1.118881118881119,RGB,JPEG,RGB,,0ab2b90524b864f53c468d023a78b1cc7e01de13fbab116797698353f281f92f,35601,ok,
data/flower_photos/tulips/12883412424_cb5086b43f_n.jpg,data/flower_photos/tulips/12883412424_cb5086b43f_n.jpg,tulips,320,246,1.3008130081300813,RGB,JPEG,RGB,,8ff1d8b74ec12774ab5b1348be6c2adbbec6571bc01999fd2e4dfa88f56b41e8,61742,ok,
data/flower_photos/tulips/12916017805_1cde91a891_n.jpg,data/flower_photos/tulips/12916017805_1cde91a891_n.jpg,tulips,320,240,1.3333333333333333,RGB,JPEG,RGB,,7d8a050dba3903a0f4dce82f49fe7225332b832c142b37f6131abd8cf3d7aae5,55275,ok,
data/flower_photos/tulips/12916135413_dafcf3089e_n.jpg,data/flower_photos/tulips/12916135413_dafcf3089e_n.jpg,tulips,320,240,1.3333333333333333,RGB,JPEG,RGB,,7444ddcacf4d6cdbe9175b5aa23e1fc7c96c304418ea50d192ebe92a6b465948,58290,ok,
data/flower_photos/tulips/12916441224_2ed63596f8_n.jpg,data/flower_photos/tulips/12916441224_2ed63596f8_n.jpg,tulips,320,240,1.3333333333333333,RGB,JPEG,RGB,,e652b1a8051bc87b388a89402a7b46a2894b28f6f960d69bf6548369f5eca5ac,33687,ok,
data/flower_photos/tulips/12934201824_1c8b5171fb_m.jpg,data/flower_photos/tulips/12934201824_1c8b5171fb_m.jpg,tulips,210,240,0.875,RGB,JPEG,RGB,,cb04ec4f45612389ca6d6e2456f0ac05fb3e756d9692798da64619a27bedcab1,13457,ok,
data/flower_photos/tulips/12949131454_4d3392f4dd_n.jpg,data/flower_photos/tulips/12949131454_4d3392f4dd_n.jpg,tulips,320,213,1.5023474178403755,RGB,JPEG,RGB,,6f5725be21785cecbb7ccbeccf9c3aed5aec494290e9f2a8e03f3c6ad3d4bd55,88522,ok,
data/flower_photos/tulips/130684927_a05164ba13_m.jpg,data/flower_photos/tulips/130684927_a05164ba13_m.jpg,tulips,175,240,0.7291666666666666,RGB,JPEG,RGB,,b02c8d58c1987e6deac7c3cd65225c09a332a5c7f22375fcfe2f404a043aca1f,15862,ok,
data/flower_photos/tulips/130684941_d1abfa3be6_m.jpg,data/flower_photos/tulips/130684941_d1abfa3be6_m.jpg,tulips,180,240,0.75,RGB,JPEG,RGB,,93be106a33a5bd2f8250ac201588abd0df001b207ae57efcbee17cc149eb91be,17796,ok,
data/flower_photos/tulips/130685040_3c2fcec63e_n.jpg,data/flower_photos/tulips/130685040_3c2fcec63e_n.jpg,tulips,320,240,1.3333333333333333,RGB,JPEG,RGB,,ed51d2573553ac411c863985d56ebeb02183dd6b8b199dfe3672a41e7e1a6ca3,43736,ok,
data/flower_photos/tulips/130685245_dcdd23836f_m.jpg,data/flower_photos/tulips/130685245_dcdd23836f_m.jpg,tulips,240,240,1.0,RGB,JPEG,RGB,,ebf7533f63805f99efc92844ecfbd36afdf8c011559e04b7ae23374add0a1f1c,28373,ok,
data/flower_photos/tulips/130685347_afbffe3afa_n.jpg,data/flower_photos/tulips/130685347_afbffe3afa_n.jpg,tulips,320,240,1.3333333333333333,RGB,JPEG,RGB,,7ab404b21f2f3634e23ffdbd6687ba904e8014d2c6328fa92b6c927aeb9edc6b,65580,ok,
data/flower_photos/tulips/13176521023_4d7cc74856_m.jpg,data/flower_photos/tulips/13176521023_4d7cc74856_m.jpg,tulips,159,240,0.6625,RGB,JPEG,RGB,,0050fdbb8a635b39c86915a4810ec9ff4eba014d09c48daf45a4d2fde414353e,24915,ok,
data/flower_photos/tulips/13176576813_50e77cc1d9.jpg,data/flower_photos/tulips/13176576813_50e77cc1d9.jpg,tulips,500,332,1.5060240963855422,RGB,JPEG,RGB,,aa23c6a664a44f53418729febcb12336db9294ddbb309beb91b295c567fa05a5,69124,ok,
data/flower_photos/tulips/13197345653_0f685b3c97_n.jpg,data/flower_photos/tulips/13197345653_0f685b3c97_n.jpg,tulips,320,240,1.3333333333333333,RGB,JPEG,RGB,,0d4e61be3aa704c68b4ffce2ca61e8ef195b6167254dbb485b8b9bafc38066ee,29398,ok,
data/flower_photos/tulips/132538272_63658146d9_n.jpg,data/flower_photos/tulips/132538272_63658146d9_n.jpg,tulips,320,241,1.3278008298755186,RGB,JPEG,RGB,,38a27a37a5cba804ad7d39420ca73c07ddd9672f21fddfcd1168d7da026e2a5e,29838,ok,
data/flower_photos/tulips/132538273_335240fe5b_n.jpg,data/flower_photos/tulips/132538273_335240fe5b_n.jpg,tulips,320,240,1.3333333333333333,RGB,JPEG,RGB,,525b21722768c27b8439c197677796481da2df21db9ab08cf624f0e2f1d0915f,33387,ok,
data/flower_photos/tulips/13289268363_b9337d751e.jpg,data/flower_photos/tulips/13289268363_b9337d751e.jpg,tulips,500,332,1.5060240963855422,RGB,JPEG,RGB,,f29a23319b5761d5b9be71bbbd546e16627ec8f3d67e4f12f21799001cd0145b,115139,ok,
data/flower_photos/tulips/133692329_c1150ed811_n.jpg,data/flower_photos/tulips/133692329_c1150ed811_n.jpg,tulips,320,240,1.3333333333333333,RGB,JPEG,RGB,,fa8f9ab93e7222e2af1c0b53b7a6e5b64a9f59d21fba45232dbcfbfe782fe012,19689,ok,
data/flower_photos/tulips/133858239_3eaa8a91fd_n.jpg,data/flower_photos/tulips/133858239_3eaa8a91fd_n.jpg,tulips,320,240,1.3333333333333333,RGB,JPEG,RGB,,612ca6224b1c1149e776c8804e1d234c6917c42fe1beb59259d5253a869aaf7d,22740,ok,
data/flower_photos/tulips/133960364_d87f883c15_n.jpg,data/flower_photos/tulips/133960364_d87f883c15_n.jpg,tulips,320,240,1.3333333333333333,RGB,JPEG,RGB,,1d991c62fcf46f0a5139c031f461f85176f56afbcd0f7a6e320e2a5596df2acf,38079,ok,
data/flower_photos/tulips/134143359_71fa8dd9a4.jpg,data/flower_photos/tulips/134143359_71fa8dd9a4.jpg,tulips,500,375,1.3333333333333333,RGB,JPEG,RGB,,cc051177961301e828f734483b6c50eadfcb0a9ea975feb349d88e1f600165c6,103921,ok,
data/flower_photos/tulips/13471563274_471fc1db33_m.jpg,data/flower_photos/tulips/13471563274_471fc1db33_m.jpg,tulips,240,240,1.0,RGB,JPEG,RGB,,946419626765556146c7e75bd9008cc567224ed0012f5002ad7ac25273ea6264,40828,ok,
data/flower_photos/tulips/13472141763_f2517e7f0d.jpg,data/flower_photos/tulips/13472141763_f2517e7f0d.jpg,tulips,500,333,1.5015015015015014,RGB,JPEG,RGB,,0a7b669553c472935a5aa84549a35c067bce96782318b04597b7524a0240062a,237053,ok,
data/flower_photos/tulips/13472387874_d844478dbb.jpg,data/flower_photos/tulips/13472387874_d844478dbb.jpg,tulips,500,333,1.5015015015015014,RGB,JPEG,RGB,,b79549dfd0f5efcc10a7a3489e501c1d871d1e15f86101d37ecdfef6b4a20043,121785,ok,
data/flower_photos/tulips/13472393854_b2530f7029_n.jpg,data/flower_photos/tulips/13472393854_b2530f7029_n.jpg,tulips,320,213,1.5023474178403755,RGB,JPEG,RGB,,aa47fa7cb3a41e86edd418b1f03325d74b9e18da27815ddbe326f0e11274c793,97441,ok,
data/flower_photos/tulips/13509967925_eaaeefa396_m.jpg,data/flower_photos/tulips/13509967925_eaaeefa396_m.jpg,tulips,240,240,1.0,RGB,JPEG,RGB,,7736f7b708632dc3c9109189a8baac5056a66baa6bf2bdc713938529126760a9,25730,ok,
data/flower_photos/tulips/13509973805_bda5fa8982.jpg,data/flower_photos/tulips/13509973805_bda5fa8982.jpg,tulips,500,333,1.5015015015015014,RGB,JPEG,RGB,,11e512422b80be3dda202390dfb93e385e5de922eec653a5985879f4f78aa2f8,63684,ok,
data/flower_photos/tulips/13510057763_01b832d919.jpg,data/flower_photos/tulips/13510057763_01b832d919.jpg,tulips,500,333,1.5015015015015014,RGB,JPEG,RGB,,da8a2931e6252c5f386821ed81934ab22113a7438c3e2365c008f47519b0291b,98870,ok,
data/flower_photos/tulips/13510068773_c925c5517c.jpg,data/flower_photos/tulips/13510068773_c925c5517c.jpg,tulips,500,333,1.5015015015015014,RGB,JPEG,RGB,,691db9ea443853aafbd298e4468e27ea68a50fcd5ba3511e7c3ef5de63eabfd2,131728,ok,
data/flower_photos/tulips/13513616525_2ee0f049e1.jpg,data/flower_photos/tulips/13513616525_2ee0f049e1.jpg,tulips,500,333,1.5015015015015014,RGB,JPEG,RGB,,3a1e5655a3fc483c86c86b7c1818557585c3da3b211e0eb571f244cce423aca3,132138,ok,
data/flower_photos/tulips/13513644515_a51470b899.jpg,data/flower_photos/tulips/13513644515_a51470b899.jpg,tulips,500,334,1.4970059880239521,RGB,JPEG,RGB,,e5d9ff669328435298afbb1aa2d015d47b8addb1a4e5dd7ca30b0291e249d805,205651,ok,
data/flower_photos/tulips/13513846963_c3d5e9fb1d_n.jpg,data/flower_photos/tulips/13513846963_c3d5e9fb1d_n.jpg,tulips,320,213,1.5023474178403755,RGB,JPEG,RGB,,4d93e54820413808ec518628330aaa7c3dfb5d11aef7c16013e2ab3c954c043f,43737,ok,
data/flower_photos/tulips/13513851673_9d813dc7b0.jpg,data/flower_photos/tulips/13513851673_9d813dc7b0.jpg,tulips,500,333,1.5015015015015014,RGB,JPEG,RGB,,55a5381f02f3c44e926f508aa88480625d23d6a721d44e056a9f7e3cc2b32382,144985,ok,
data/flower_photos/tulips/13514131694_d91da4f4fc.jpg,data/flower_photos/tulips/13514131694_d91da4f4fc.jpg,tulips,500,333,1.5015015015015014,RGB,JPEG,RGB,,f114b1aa41c71d2096b360fdf1ded5c0c02c7fb5cfcd02dd6fbfe932eb871313,132150,ok,
data/flower_photos/tulips/13514136074_ab1b827e4f.jpg,data/flower_photos/tulips/13514136074_ab1b827e4f.jpg,tulips,500,333,1.5015015015015014,RGB,JPEG,RGB,,4e08883eb57af480a9cf00af8d46a0d0d8d5b1f23831d04442120ad7a4e60174,123340,ok,
data/flower_photos/tulips/13529687904_3d60abb479_n.jpg,data/flower_photos/tulips/13529687904_3d60abb479_n.jpg,tulips,320,240,1.3333333333333333,RGB,JPEG,RGB,,d6e0e37b161beb67e60e807ee4b706824a83b7232eb7a2ac61e94eda2e8051f6,24404,ok,
data/flower_photos/tulips/13530687085_9b515735ef_m.jpg,data/flower_photos/tulips/13530687085_9b515735ef_m.jpg,tulips,180,240,0.75,RGB,JPEG,RGB,,ba848a9064faf6d7f509857bd4cd386e141fac0487e6eb47a270e22fbe5dbd5a,35849,ok,
data/flower_photos/tulips/13530690445_9f1f5cf43a_n.jpg,data/flower_photos/tulips/13530690445_9f1f5cf43a_n.jpg,tulips,320,240,1.3333333333333333,RGB,JPEG,RGB,,d73dcfeb7bf26f33b06d6df502e0902417c49b083b1898da5d7d5e1a6c3e7f86,62011,ok,
data/flower_photos/tulips/13530786873_0d34880300_n.jpg,data/flower_photos/tulips/13530786873_0d34880300_n.jpg,tulips,320,240,1.3333333333333333,RGB,JPEG,RGB,,9ad2633fda735ae1b0536739ee19aa2959565278adf059cbbdcf6602628f9478,59936,ok,
data/flower_photos/tulips/13530796853_e5993f57d6_n.jpg,data/flower_photos/tulips/13530796853_e5993f57d6_n.jpg,tulips,320,240,1.3333333333333333,RGB,JPEG,RGB,,64f50f3de4251254528c069dcfd77f23f3a5c26e0e08dc9f2d0e8c809bfc3f0c,66769,ok,
data/flower_photos/tulips/13531001134_72052100e1_m.jpg,data/flower_photos/tulips/13531001134_72052100e1_m.jpg,tulips,180,240,0.75,RGB,JPEG,RGB,,74afb26d02a3162544d5174113bfeb248ad87be03ef224682afecd12cd997c58,31825,ok,
data/flower_photos/tulips/13531007054_c88deaf302_n.jpg,data/flower_photos/tulips/13531007054_c88deaf302_n.jpg,tulips,320,240,1.3333333333333333,RGB,JPEG,RGB,,45818393e1d869e219b3e8e3442ce1340fbde4df1ea17c2987c05c537ecd015f,61915,ok,
data/flower_photos/tulips/1353748522_b9c630b162.jpg,data/flower_photos/tulips/1353748522_b9c630b162.jpg,tulips,500,333,1.5015015015015014,RGB,JPEG,RGB,,3254c4363084e30ec111f16065436bfc6c2946c42b128d8d35f00c876ff6309c,131517,ok,
data/flower_photos/tulips/13539384593_23449f7332_n.jpg,data/flower_photos/tulips/13539384593_23449f7332_n.jpg,tulips,320,213,1.5023474178403755,RGB,JPEG,RGB,,be5a763e83a98d3fd4b0b1375c16b14880a31aa30d4462e364d98998c6c65072,68498,ok,
data/flower_photos/tulips/13539404903_cd113e3e9b.jpg,data/flower_photos/tulips/13539404903_cd113e3e9b.jpg,tulips,500,333,1.5015015015015014,RGB,JPEG,RGB,,b44b2a0ed4fc184a08130d43e468a82abbd3c3abd6d922df05f56c6d8fc784bb,155186,ok,
data/flower_photos/tulips/13539827514_79b60b6c22_n.jpg,data/flower_photos/tulips/13539827514_79b60b6c22_n.jpg,tulips,320,240,1.3333333333333333,RGB,JPEG,RGB,,746e01c2d82885b92cbba6a5d4bd479b796469793be5df3908852ed0f3089b82,51873,ok,
data/flower_photos/tulips/13542672763_20c3cb9272.jpg,data/flower_photos/tulips/13542672763_20c3cb9272.jpg,tulips,500,333,1.5015015015015014,RGB,JPEG,RGB,,150758f3edf448952f7e6138f6391b1cba62d1b910ac054520b0c1330e52f8b7,160097,ok,
data/flower_photos/tulips/13555215723_cf2c11626b_b.jpg,data/flower_photos/tulips/13555215723_cf2c11626b_b.jpg,tulips,1024,198,5.171717171717172,RGB,JPEG,RGB,,58472f368397b92766409b639bae9d07405802230be8cd1e8b88f490e54eee5d,95462,ok,
data/flower_photos/tulips/13561908485_7e4f8d508b.jpg,data/flower_photos/tulips/13561908485_7e4f8d508b.jpg,tulips,500,333,1.5015015015015014,RGB,JPEG,RGB,,06863e5d3dc37114b7b89e75203f3855d5dda70144e1ed2b7214ed8628d7f713,106759,ok,
data/flower_photos/tulips/13561912705_e5eeb41433_z.jpg,data/flower_photos/tulips/13561912705_e5eeb41433_z.jpg,tulips,640,276,2.318840579710145,RGB,JPEG,RGB,,42d133dd74e49dafabaf82c461d055339d9407ae883589c5786f2def2c524b5b,116028,ok,
data/flower_photos/tulips/13561966423_e5c641fe11.jpg,data/flower_photos/tulips/13561966423_e5c641fe11.jpg,tulips,500,333,1.5015015015015014,RGB,JPEG,RGB,,228d197c379f3c545c7a6daa6bbf86709ce714d20f4fb61f9ebddf9ca8921884,134504,ok,
data/flower_photos/tulips/13561986193_cf645b2b9a.jpg,data/flower_photos/tulips/13561986193_cf645b2b9a.jpg,tulips,500,333,1.5015015015015014,RGB,JPEG,RGB,,af27516ad6d772b3a66dc2f289a26d751a5cb2267583edf72125379b204502a7,125161,ok,
data/flower_photos/tulips/13562266594_69b807f90c.jpg,data/flower_photos/tulips/13562266594_69b807f90c.jpg,tulips,500,333,1.5015015015015014,RGB,JPEG,RGB,,1e043712a3c962ede943bbf50a7e5f4263689ed6f88107f2632cdcd06729a538,137800,ok,
data/flower_photos/tulips/13562271714_d534531374.jpg,data/flower_photos/tulips/13562271714_d534531374.jpg,tulips,500,333,1.5015015015015014,RGB,JPEG,RGB,,772c0a0e40d32376c1b5db6c32ad26160ad3c048f9d04b44e9870f87aa9592ea,112392,ok,
data/flower_photos/tulips/135994133_4f306fe4bf_n.jpg,data/flower_photos/tulips/135994133_4f306fe4bf_n.jpg,tulips,320,218,1.4678899082568808,RGB,JPEG,RGB,,1cc647c2092a4dc178129bd86de1c5127be6c769a3bba495fb9524795c74b86d,25860,ok,
data/flower_photos/tulips/137126311_debe64c6a8_n.jpg,data/flower_photos/tulips/137126311_debe64c6a8_n.jpg,tulips,320,213,1.5023474178403755,RGB,JPEG,RGB,,8605c41fb7f8ed9bd10c835d2310bbe770f7b3a08d05b4251cf80c81bbe071c2,18790,ok,
data/flower_photos/tulips/13857267684_d2a4b2630f_n.jpg,data/flower_photos/tulips/13857267684_d2a4b2630f_n.jpg,tulips,320,240,1.3333333333333333,RGB,JPEG,RGB,,a2d062ed4b981722bb8db0bc267adf3982bc2090fee700df60c92d884ad75d2f,51685,ok,
data/flower_photos/tulips/13888320717_d2919a879b_m.jpg,data/flower_photos/tulips/13888320717_d2919a879b_m.jpg,tulips,159,240,0.6625,RGB,JPEG,RGB,,892d3eb0fc7f7e0df42902e34d64851112fd55d57933ebf4458b15dcba548d27,36538,ok,
data/flower_photos/tulips/13900235284_32ce563633_n.jpg,data/flower_photos/tulips/13900235284_32ce563633_n.jpg,tulips,320,213,1.5023474178403755,RGB,JPEG,RGB,,7783a346488d7217baf59f3b9dbc9438ab642250700844d73b01c60916b2da0c,26251,ok,
data/flower_photos/tulips/13903937027_44b9f2f5b8.jpg,data/flower_photos/tulips/13903937027_44b9f2f5b8.jpg,tulips,500,333,1.5015015015015014,RGB,JPEG,RGB,,5bbdcf6cc7069f834ee627de603bf597647c5135e469f4fc43fd5954ed4d5025,116283,ok,
data/flower_photos/tulips/13903946578_187f904c9a_n.jpg,data/flower_photos/tulips/13903946578_187f904c9a_n.jpg,tulips,320,213,1.5023474178403755,RGB,JPEG,RGB,,158065dbd6b81f2a09375ef93119642a5fcdbb401280bdb75f938f54f741282d,32751,ok,
data/flower_photos/tulips/13903988248_22da33f341.jpg,data/flower_photos/tulips/13903988248_22da33f341.jpg,tulips,500,333,1.5015015015015014,RGB,JPEG,RGB,,ad18c878b0235faf2f1b3d7f0d23939cf80912f064818c97eace72e798df4a2b,78592,ok,
data/flower_photos/tulips/13910028149_6c9d5485ef.jpg,data/flower_photos/tulips/13910028149_6c9d5485ef.jpg,tulips,500,333,1.5015015015015014,RGB,JPEG,RGB,,d3707511c04b3253d183927380161af1d8b6ff12e0ac13299792762df178c8d4,121050,ok,
data/flower_photos/tulips/13910126337_53faf1d214_n.jpg,data/flower_photos/tulips/13910126337_53faf1d214_n.jpg,tulips,320,213,1.5023474178403755,RGB,JPEG,RGB,,ac50da0a25892d4360f1fdf9230928343ded057559f86b85ca7f5840f9e0aa73,41734,ok,
data/flower_photos/tulips/13910131718_731353d84c_n.jpg,data/flower_photos/tulips/13910131718_731353d84c_n.jpg,tulips,320,282,1.1347517730496455,RGB,JPEG,RGB,,a052b2b7bd5ed91f45b3fca57ce1c6c4a1019c0ef3b122827b3906df7400f102,33830,ok,
data/flower_photos/tulips/13910471347_30c8bf4de1_n.jpg,data/flower_photos/tulips/13910471347_30c8bf4de1_n.jpg,tulips,320,213,1.5023474178403755,RGB,JPEG,RGB,,89ff49c0b33d3b37d1dcd03419df0dddf8564edff9c24b9844522096ab8e4e4a,20852,ok,
data/flower_photos/tulips/13910479407_936fd3122d.jpg,data/flower_photos/tulips/13910479407_936fd3122d.jpg,tulips,500,333,1.5015015015015014,RGB,JPEG,RGB,,55212b3c512504ad3308cd816baea038029b0d576ba3a0511af17a0a81b9458f,40494,ok,
data/flower_photos/tulips/13910544560_9140dd547e.jpg,data/flower_photos/tulips/13910544560_9140dd547e.jpg,tulips,500,333,1.5015015015015014,RGB,JPEG,RGB,,1221a3e4c3139615d7f7b5902368e933d5d62d3008e5ab7add07b12cc70b30fe,59496,ok,
data/flower_photos/tulips/13910604778_e5f4588420.jpg,data/flower_photos/tulips/13910604778_e5f4588420.jpg,tulips,500,333,1.5015015015015014,RGB,JPEG,RGB,,681634ff408da09d40982858d56a73bbc3d576ff3789c2742f27445293caf9c4,47077,ok,
data/flower_photos/tulips/13910678178_25e8b1a5e5.jpg,data/flower_photos/tulips/13910678178_25e8b1a5e5.jpg,tulips,500,333,1.5015015015015014,RGB,JPEG,RGB,,6597d8348105a586299ca92ce07898f4b80e4326ff5fd3bdc4f4e768a608eee6,124487,ok,
data/flower_photos/tulips/13910719110_1b21d1fc81.jpg,data/flower_photos/tulips/13910719110_1b21d1fc81.jpg,tulips,500,333,1.5015015015015014,RGB,JPEG,RGB,,775406a9f17e4e1c4a86d1a53a388b2b15072563b7955eab40242ad3e55ed2dd,100914,ok,
data/flower_photos/tulips/13910737760_c71c8b6ff2.jpg,data/flower_photos/tulips/13910737760_c71c8b6ff2.jpg,tulips,500,333,1.5015015015015014,RGB,JPEG,RGB,,0f49beff2846b4e813c775ce6f5bc9a3f3d8aa4a338980949f426191739dbc43,50503,ok,
data/flower_photos/tulips/13911047024_8966d70560_n.jpg,data/flower_photos/tulips/13911047024_8966d70560_n.jpg,tulips,320,219,1.461187214611872,RGB,JPEG,RGB,,ef9df61b2cf4544a36ac7539be6eb7bc070aa91ebc6526aaeddc2f785207420d,50580,ok,
data/flower_photos/tulips/13923036338_1ce32c6d4f.jpg,data/flower_photos/tulips/13923036338_1ce32c6d4f.jpg,tulips,500,292,1.7123287671232876,RGB,JPEG,RGB,,fbb00833db63954282ae397e4cf42aa99ed20b829f77c19f2facacbc696734fc,42117,ok,
data/flower_photos/tulips/13923539227_bdab038dc8.jpg,data/flower_photos/tulips/13923539227_bdab038dc8.jpg,tulips,500,333,1.5015015015015014,RGB,JPEG,RGB,,1e0dd8a19f8200aeef716659e76b68373dfb1efb3ef1bfa8ed59130a7160a6f3,54621,ok,
data/flower_photos/tulips/13926327692_a07357ff0d.jpg,data/flower_photos/tulips/13926327692_a07357ff0d.jpg,tulips,500,332,1.5060240963855422,RGB,JPEG,RGB,,2c1d181f19c5e18f12ae305130f2bf4bf2c3f9f6004b1a0489137a5fb03dcfa8,29040,ok,
data/flower_photos/tulips/13953090784_0c7d7a904e.jpg,data/flower_photos/tulips/13953090784_0c7d7a904e.jpg,tulips,500,333,1.5015015015015014,RGB,JPEG,RGB,,14a79bb8d86525f10f926d1a794cc3f74694121a0ac3f19a92eccbfeccf903b1,120559,ok,
data/flower_photos/tulips/13954659583_03981dea99_n.jpg,data/flower_photos/tulips/13954659583_03981dea99_n.jpg,tulips,320,213,1.5023474178403755,RGB,JPEG,RGB,,ed2bd376e9afca342c85ce83ca702616f16b5d6c3034ca8aa82f54408fd95442,57027,ok,
data/flower_photos/tulips/13956300996_07e64a3dbd_n.jpg,data/flower_photos/tulips/13956300996_07e64a3dbd_n.jpg,tulips,320,213,1.5023474178403755,RGB,JPEG,RGB,,4c5d33fde91a409f2fd944bacbc22776bd91ba50d86d797b4729874b613c3c4a,39711,ok,
data/flower_photos/tulips/13974542496_e4b5d1c913_n.jpg,data/flower_photos/tulips/13974542496_e4b5d1c913_n.jpg,tulips,320,240,1.3333333333333333,RGB,JPEG,RGB,,96f14301df5b7d87b9926afd8128e911390cb132320e1824e341d252d5266acd,70770,ok,
data/flower_photos/tulips/13976191172_6f23a0b313.jpg,data/flower_photos/tulips/13976191172_6f23a0b313.jpg,tulips,500,333,1.5015015015015014,RGB,JPEG,RGB,,451866a1df58cc4a5065e1ed7db19b8c5aff35cead431110e662ca2948eec76c,113583,ok,
data/flower_photos/tulips/13976206001_fd1c2cbd60.jpg,data/flower_photos/tulips/13976206001_fd1c2cbd60.jpg,tulips,500,333,1.5015015015015014,RGB,JPEG,RGB,,4518dce81832c0f5c9548e9ffc27636dc0adaf58adbd6782a4bb58deaf1f26e3,99178,ok,
data/flower_photos/tulips/13976522214_ccec508fe7.jpg,data/flower_photos/tulips/13976522214_ccec508fe7.jpg,tulips,500,333,1.5015015015015014,RGB,JPEG,RGB,,15ec3372b7a609be84cedbbe7775b89f6d9fed3edbbe932ee7d1b8056bd63773,85192,ok,
data/flower_photos/tulips/13979098015_e8c98fd34e_n.jpg,data/flower_photos/tulips/13979098015_e8c98fd34e_n.jpg,tulips,320,213,1.5023474178403755,RGB,JPEG,RGB,,ad6c1326e2823157538b6b9494c0407e308196d457df9c12da03ca7f918ac04c,60275,ok,
data/flower_photos/tulips/13979098645_50b9eebc02_n.jpg,data/flower_photos/tulips/13979098645_50b9eebc02_n.jpg,tulips,320,213,1.5023474178403755,RGB,JPEG,RGB,,551da8416ab9c22bcecc7405850503db8c203a0542295a9f51191945f2f9eda6,58856,ok,
data/flower_photos/tulips/13979840624_28466cb3ec_n.jpg,data/flower_photos/tulips/13979840624_28466cb3ec_n.jpg,tulips,320,213,1.5023474178403755,RGB,JPEG,RGB,,4f4566faa56b612192d1399ac420f9e92a712d0e0305bcfca531956dfe6a00be,46767,ok,
data/flower_photos/tulips/13997627965_22d81601ce_n.jpg,data/flower_photos/tulips/13997627965_22d81601ce_n.jpg,tulips,320,240,1.3333333333333333,RGB,JPEG,RGB,,665f63c1413572476b40362e5f64748879c869bc919e73cbe5a1dd3f3d37b1cd,111822,ok,
data/flower_photos/tulips/13997641965_80d5dab542_n.jpg,data/flower_photos/tulips/13997641965_80d5dab542_n.jpg,tulips,320,240,1.3333333333333333,RGB,JPEG,RGB,,c81638ed061cab9820e40cebed878816df1834a2774da50bf39508b820afe231,68923,ok,
data/flower_photos/tulips/13999392173_b1411f8b23_n.jpg,data/flower_photos/tulips/13999392173_b1411f8b23_n.jpg,tulips,320,213,1.5023474178403755,RGB,JPEG,RGB,,d244821406d77d9cd426ca4aef9a99e75b7b7d226bcd9954de4f45654a12207c,84071,ok,
data/flower_photos/tulips/13999402743_f563f6b685_n.jpg,data/flower_photos/tulips/13999402743_f563f6b685_n.jpg,tulips,320,213,1.5023474178403755,RGB,JPEG,RGB,,f00a81c2d5ffda81a9ff09645917df3c75691dff411b79e148a893357c858d4d,79752,ok,
data/flower_photos/tulips/14009216519_b608321cf2_n.jpg,data/flower_photos/tulips/14009216519_b608321cf2_n.jpg,tulips,320,212,1.509433962264151,RGB,JPEG,RGB,,6e8bfff6e779cb76b5027c7ea641a6a047bd621f24172241b61d27917cca3d62,44190,ok,
data/flower_photos/tulips/14014595475_5892fcda51_n.jpg,data/flower_photos/tulips/14014595475_5892fcda51_n.jpg,tulips,320,213,1.5023474178403755,RGB,JPEG,RGB,,5d823544416722cb0816a5bc2541c94827079391956b13e0689accff5f1bae0f,29132,ok,
data/flower_photos/tulips/14015957646_8317a0f1d9_n.jpg,data/flower_photos/tulips/14015957646_8317a0f1d9_n.jpg,tulips,320,213,1.5023474178403755,RGB,JPEG,RGB,,68312f53e8f281048ff3a385b4e40b268f7be36a280867da26206886ced2a638,40334,ok,
data/flower_photos/tulips/14017640283_c417141832_n.jpg,data/flower_photos/tulips/14017640283_c417141832_n.jpg,tulips,320,240,1.3333333333333333,RGB,JPEG,RGB,,d69720e55d12c6c66991d3015fbf99dd39af5fc68f7d63947ee6b1a73da61f6e,73471,ok,
data/flower_photos/tulips/14022473102_3b24ca08cb_m.jpg,data/flower_photos/tulips/14022473102_3b24ca08cb_m.jpg,tulips,159,240,0.6625,RGB,JPEG,RGB,,b60e63d8e92dc7728a5f34671a5d414111db7b4d23aec28b4e4cdc3cf753892d,28711,ok,
data/flower_photos/tulips/14024864234_713158c27f_n.jpg,data/flower_photos/tulips/14024864234_713158c27f_n.jpg,tulips,320,252,1.2698412698412698,RGB,JPEG,RGB,,7b205f651a0b50d06987083370abc554c7f576beb6e0fc3f922c368f028d8a20,36280,ok,
data/flower_photos/tulips/14025589299_eac64c51af_m.jpg,data/flower_photos/tulips/14025589299_eac64c51af_m.jpg,tulips,159,240,0.6625,RGB,JPEG,RGB,,df7ce0aac2c258c5fbdb318f14562df6aa1b9722a972d1529a91cb21cf6a655b,20031,ok,
data/flower_photos/tulips/14026857634_500d7b41d6_m.jpg,data/flower_photos/tulips/14026857634_500d7b41d6_m.jpg,tulips,202,240,0.8416666666666667,RGB,JPEG,RGB,,b8c7539fa59f4f6640ee84c0e81a8559963aadca36cfac7db36e828b38d9de8c,17886,ok,
data/flower_photos/tulips/14027372499_30f934d24f_m.jpg,data/flower_photos/tulips/14027372499_30f934d24f_m.jpg,tulips,180,240,0.75,RGB,JPEG,RGB,,0f970f9bf87fc27663c6f3d4335ca6e0fb474341b6f7846a58b9d07faecf5281,33203,ok,
data/flower_photos/tulips/14044685976_0064faed21.jpg,data/flower_photos/tulips/14044685976_0064faed21.jpg,tulips,500,333,1.5015015015015014,RGB,JPEG,RGB,,ba4724ff55bd4a0f5cf8e3dcb638ca6eb41d6bbf9345fcba06c43fe945306323,141500,ok,
data/flower_photos/tulips/14046760909_0c73e84a1f_n.jpg,data/flower_photos/tulips/14046760909_0c73e84a1f_n.jpg,tulips,320,212,1.509433962264151,RGB,JPEG,RGB,,096794819fdda03f0d0da05624128f81e15eb985935eb25638b4f9131ff13d9c,61646,ok,
data/flower_photos/tulips/14053292975_fdc1093571_n.jpg,data/flower_photos/tulips/14053292975_fdc1093571_n.jpg,tulips,320,213,1.5023474178403755,RGB,JPEG,RGB,,87a6a977c58162d5f962a055c2d68b7287bd5a86fba7e341457cd595f6fdd5ba,21952,ok,
data/flower_photos/tulips/14054827092_f359f5fcbd_m.jpg,data/flower_photos/tulips/14054827092_f359f5fcbd_m.jpg,tulips,159,240,0.6625,RGB,JPEG,RGB,,dd77ba9aa7ae4924f9e19a44c6e1ea9376c89ee03cf4fc986b6108b40bbca19e,22036,ok,
data/flower_photos/tulips/14054827391_139fb54432.jpg,data/flower_photos/tulips/14054827391_139fb54432.jpg,tulips,500,333,1.5015015015015014,RGB,JPEG,RGB,,ae3e8f6d7a69ff0ae05686c6b566b79f737dd5e10bae080c5023aa3d1050fcc8,71219,ok,
data/flower_photos/tulips/14057246122_8598b665bd.jpg,data/flower_photos/tulips/14057246122_8598b665bd.jpg,tulips,500,333,1.5015015015015014,RGB,JPEG,RGB,,463ad25dbc37bc3ea967c9c44247a6bff556cd03d3e21e251934bd3b73c3b38f,69604,ok,
data/flower_photos/tulips/14061132852_89122de5f9_n.jpg,data/flower_photos/tulips/14061132852_89122de5f9_n.jpg,tulips,320,259,1.2355212355212355,RGB,JPEG,RGB,,45933bd70b2a8fbd4961efdd700446dd631a934878010a04b5acfba98e2ba01b,43969,ok,
data/flower_photos/tulips/14064731501_ea14b58161.jpg,data/flower_photos/tulips/14064731501_ea14b58161.jpg,tulips,500,333,1.5015015015015014,RGB,JPEG,RGB,,a73f5f5c5bcb76a42d59a4499039361078c0ccd8833bfac5fa4a570a28b89f57,62444,ok,
data/flower_photos/tulips/14064735842_a946fba1ef_n.jpg,data/flower_photos/tulips/14064735842_a946fba1ef_n.jpg,tulips,320,213,1.5023474178403755,RGB,JPEG,RGB,,7ba9528892d514613743a1dc368fcaef43c844648a7247c2d3e3334456695df1,42601,ok,
data/flower_photos/tulips/14066056226_d8564a083e_m.jpg,data/flower_photos/tulips/14066056226_d8564a083e_m.jpg,tulips,240,180,1.3333333333333333,RGB,JPEG,RGB,,8bd6f86bb0f4117e1b56e59096dd49c2033218804a2de758e21165736c06d3d7,34040,ok,
data/flower_photos/tulips/14067456066_87e15792d0.jpg,data/flower_photos/tulips/14067456066_87e15792d0.jpg,tulips,500,333,1.5015015015015014,RGB,JPEG,RGB,,5f7976409a22d45791c86b00fd8e8377d888dcb2b94b6c3af48e0d21ea837e69,198523,ok,
data/flower_photos/tulips/14067476586_36bcddf111.jpg,data/flower_photos/tulips/14067476586_36bcddf111.jpg,tulips,500,327,1.529051987767584,RGB,JPEG,RGB,,c134e7b016a1587735bb8d7f60f32c9ff73dca64e71a641cb5953c9c2f7dc6df,93466,ok,
data/flower_photos/tulips/14067761295_7cfe6a42e9.jpg,data/flower_photos/tulips/14067761295_7cfe6a42e9.jpg,tulips,500,343,1.4577259475218658,RGB,JPEG,RGB,,004e20c219d7353da295f5562d4d4e2bece9fafa83945ae6f2485e83c973c144,123034,ok,
data/flower_photos/tulips/14067778605_0285b7cc3a.jpg,data/flower_photos/tulips/14067778605_0285b7cc3a.jpg,tulips,500,333,1.5015015015015014,RGB,JPEG,RGB,,ffe12a4f66815f82eeb07b238ae609cbeeaad2fddaef130a771bfd9ce5bedd12,127789,ok,
data/flower_photos/tulips/14068200854_5c13668df9_m.jpg,data/flower_photos/tulips/14068200854_5c13668df9_m.jpg,tulips,172,240,0.7166666666666667,RGB,JPEG,RGB,,d8c1d1f5374a3b1a0ac70526a91ec8421cfa1f2be76ee90ceb56784eda6be3a4,28477,ok,
data/flower_photos/tulips/14068295074_cd8b85bffa.jpg,data/flower_photos/tulips/14068295074_cd8b85bffa.jpg,tulips,500,333,1.5015015015015014,RGB,JPEG,RGB,,ff0c87cf76ed2703854a24ff78ce1fd43f530eb0c7dad67f2ce0a226ba1808d0,48334,ok,
data/flower_photos/tulips/14068348874_7b36c99f6a.jpg,data/flower_photos/tulips/14068348874_7b36c99f6a.jpg,tulips,500,333,1.5015015015015014,RGB,JPEG,RGB,,9c9129e102f972345e8b609b092630b47aef413d9354e020a61d31c389510584,51363,ok,
data/flower_photos/tulips/14068378204_7b26baa30d_n.jpg,data/flower_photos/tulips/14068378204_7b26baa30d_n.jpg,tulips,320,213,1.5023474178403755,RGB,JPEG,RGB,,bddb0e1fdf4e819316c05b171b09c8297fc5784b6f41bd59e5814675369f00ce,25445,ok,
data/flower_photos/tulips/14071516088_b526946e17_n.jpg,data/flower_photos/tulips/14071516088_b526946e17_n.jpg,tulips,320,212,1.509433962264151,RGB,JPEG,RGB,,7f6f4b883e57827f4882334678c87e4367750b4e44f42db7ce505bf5a07e11ba,55596,ok,
data/flower_photos/tulips/14073608876_49db8ac97d_n.jpg,data/flower_photos/tulips/14073608876_49db8ac97d_n.jpg,tulips,320,213,1.5023474178403755,RGB,JPEG,RGB,,12ef115be4f9cb05cf40e5fccb07763a596226b987d8bf727cbbfb21c638c628,38505,ok,
data/flower_photos/tulips/14074147406_7ab87aec79_n.jpg,data/flower_photos/tulips/14074147406_7ab87aec79_n.jpg,tulips,320,213,1.5023474178403755,RGB,JPEG,RGB,,c255e09de5b9c10a07a81bb956c7efad36d35748002484755273ca2a7a3c8c3d,27110,ok,
data/flower_photos/tulips/14078067843_3573fcfc85_n.jpg,data/flower_photos/tulips/14078067843_3573fcfc85_n.jpg,tulips,320,213,1.5023474178403755,RGB,JPEG,RGB,,13ab6cda64afafc62bb6e685a1564afbf365438930532b95a8324482ef63d5ca,46232,ok,
data/flower_photos/tulips/14078067903_92f5eb27ff.jpg,data/flower_photos/tulips/14078067903_92f5eb27ff.jpg,tulips,500,333,1.5015015015015014,RGB,JPEG,RGB,,475ba1193ce439ed2d5fcae06763f6f768ecf00e916b965ab2311e6e1d8feec1,73537,ok,
data/flower_photos/tulips/14084211971_0f921f11fe_n.jpg,data/flower_photos/tulips/14084211971_0f921f11fe_n.jpg,tulips,320,226,1.415929203539823,RGB,JPEG,RGB,,51b5efa71267d3fdda3eeb89be06ea55143e6c821ec49ad2e9c6f364e18cf856,41367,ok,
data/flower_photos/tulips/14084749296_6143c74c72_m.jpg,data/flower_photos/tulips/14084749296_6143c74c72_m.jpg,tulips,240,221,1.085972850678733,RGB,JPEG,RGB,,37d6dc7231638fb551fed44d1d776ebc6d4199bc2b0dfae08c4363d93bb09194,25539,ok,
data/flower_photos/tulips/14087326141_1906d5a373_n.jpg,data/flower_photos/tulips/14087326141_1906d5a373_n.jpg,tulips,320,213,1.5023474178403755,RGB,JPEG,RGB,,5b699961bb09fb32ed2cba2766402c905aaf27671e81bce8a154a6ad68b73f23,25348,ok,
data/flower_photos/tulips/14087361621_9fefb8dbef.jpg,data/flower_photos/tulips/14087361621_9fefb8dbef.jpg,tulips,500,333,1.5015015015015014,RGB,JPEG,RGB,,a252439edd531305634673342adf3143d11c0caf255b689b92a04e86f7b1ed9b,197608,ok,
data/flower_photos/tulips/14087425312_2b5846b570_n.jpg,data/flower_photos/tulips/14087425312_2b5846b570_n.jpg,tulips,320,213,1.5023474178403755,RGB,JPEG,RGB,,9c74b279fb8e55696d7dded20030476c41914b57a1cfe45853985c035fd2c5ad,47243,ok,
data/flower_photos/tulips/14087439392_969444f56e.jpg,data/flower_photos/tulips/14087439392_969444f56e.jpg,tulips,500,333,1.5015015015015014,RGB,JPEG,RGB,,4a9af3ff89c5da4b4d2ab5c6b8254815d094e83866c3b8c3f87807e738d20699,111831,ok,
data/flower_photos/tulips/14087792403_f34f37ba3b_m.jpg,data/flower_photos/tulips/14087792403_f34f37ba3b_m.jpg,tulips,239,240,0.9958333333333333,RGB,JPEG,RGB,,12ebdaae175750cb082382c367db6eaaa25c83593db5425e62a302aa27b5a914,18405,ok,
data/flower_photos/tulips/14087860553_bf4f8ec56d.jpg,data/flower_photos/tulips/14087860553_bf4f8ec56d.jpg,tulips,500,333,1.5015015015015014,RGB,JPEG,RGB,,3653c3e169b6b5553cbc63fc1ef67bb8a33e8d3f1aae7b2ec35d977f1d06a64f,120376,ok,
data/flower_photos/tulips/14087892193_653a3ac7ca_n.jpg,data/flower_photos/tulips/14087892193_653a3ac7ca_n.jpg,tulips,320,213,1.5023474178403755,RGB,JPEG,RGB,,f2cf720771f2db69c053a6c87e7c88a0b0affe5b12beffdbc3b70aed12b20c36,21758,ok,
data/flower_photos/tulips/14088017343_dd158d2eb5.jpg,data/flower_photos/tulips/14088017343_dd158d2eb5.jpg,tulips,500,333,1.5015015015015014,RGB,JPEG,RGB,,1cb1ce6566c161ec567b4452e2cd7a770da12ae46e16426ddfd49b3c0595d5fe,73941,ok,
data/flower_photos/tulips/14090534565_5857ce4b7c_n.jpg,data/flower_photos/tulips/14090534565_5857ce4b7c_n.jpg,tulips,320,213,1.5023474178403755,RGB,JPEG,RGB,,db652f0a88fd89639dcf0ccd3d9f4ca5d212c3805d6b06916ec05e9de3aa9086,36492,ok,
data/flower_photos/tulips/14090546015_504c8becd1.jpg,data/flower_photos/tulips/14090546015_504c8becd1.jpg,tulips,500,333,1.5015015015015014,RGB,JPEG,RGB,,315b09dea87e12f77f2038546dd28ca3b832d261a01bf2ad385b0135074063fa,162262,ok,
data/flower_photos/tulips/14093565032_a8f1e349d1.jpg,data/flower_photos/tulips/14093565032_a8f1e349d1.jpg,tulips,500,333,1.5015015015015014,RGB,JPEG,RGB,,d25a2462adb67c4da18601110acae000affb795af22d374a25c68c46dc53c0b9,52836,ok,
data/flower_photos/tulips/14093884601_c87b5cd663_n.jpg,data/flower_photos/tulips/14093884601_c87b5cd663_n.jpg,tulips,320,213,1.5023474178403755,RGB,JPEG,RGB,,bd7687ff70a8e643f839e77f352e2c3ceb69007fb0916e932214b33fa52df761,23309,ok,
data/flower_photos/tulips/14093907931_dd8f642574.jpg,data/flower_photos/tulips/14093907931_dd8f642574.jpg,tulips,500,333,1.5015015015015014,RGB,JPEG,RGB,,983401dfd7ee12e44aeb430de5bf9c596c6dc419bfa6883f863a56d56bd3b7af,43174,ok,
data/flower_photos/tulips/14094114202_4c1d7f1116.jpg,data/flower_photos/tulips/14094114202_4c1d7f1116.jpg,tulips,500,333,1.5015015015015014,RGB,JPEG,RGB,,4e557c2eacdec06150abc05defccc3e7c04363ffb05b6304907d15c84fede64f,103391,ok,
data/flower_photos/tulips/14094146241_0b9fa7b3e0.jpg,data/flower_photos/tulips/14094146241_0b9fa7b3e0.jpg,tulips,500,333,1.5015015015015014,RGB,JPEG,RGB,,f7719117a408ea0f36cd1aab297fcf0e96a59a52f5da4e63e03d0d204b914a78,68132,ok,
data/flower_photos/tulips/14097111174_87a2e7e0c7_n.jpg,data/flower_photos/tulips/14097111174_87a2e7e0c7_n.jpg,tulips,320,213,1.5023474178403755,RGB,JPEG,RGB,,07e643fa4fab3132ead17cf0b626f97782aa67b7687fea8fbaec03f50f4e2a2a,32359,ok,
data/flower_photos/tulips/14097328354_4f1469a170.jpg,data/flower_photos/tulips/14097328354_4f1469a170.jpg,tulips,500,333,1.5015015015015014,RGB,JPEG,RGB,,31481115bbbde07498b0f22d8597f728cf6f5c4f0cf113b096184d844044654c,51479,ok,
data/flower_photos/tulips/14097366955_84ef6369f2.jpg,data/flower_photos/tulips/14097366955_84ef6369f2.jpg,tulips,500,333,1.5015015015015014,RGB,JPEG,RGB,,4021bb75db190d5a5fe36b095000dff519c373de134901c95caec2a278d247ed,65080,ok,
data/flower_photos/tulips/14097676864_4ca8e8b20d_n.jpg,data/flower_photos/tulips/14097676864_4ca8e8b20d_n.jpg,tulips,320,213,1.5023474178403755,RGB,JPEG,RGB,,6a07be67ff2d8a821433e0f487acf1ee61552941bbabfe7b3dab7825bcc274bb,34397,ok,
data/flower_photos/tulips/14097745904_436c4ba1b4_n.jpg,data/flower_photos/tulips/14097745904_436c4ba1b4_n.jpg,tulips,320,213,1.5023474178403755,RGB,JPEG,RGB,,277db5d1ae75b7f82556adac33435561ff49061cf39683f49b32c90c3c11da65,46553,ok,
data/flower_photos/tulips/14099204939_60e6ffa4c3_n.jpg,data/flower_photos/tulips/14099204939_60e6ffa4c3_n.jpg,tulips,320,212,1.509433962264151,RGB,JPEG,RGB,,db2392e5294b308fcee3c58b1329cc97f80fd6ab1a022ef5a9014bc22fe76e8c,18454,ok,
data/flower_photos/tulips/14103897845_7986002615.jpg,data/flower_photos/tulips/14103897845_7986002615.jpg,tulips,500,335,1.492537313432836,RGB,JPEG,RGB,,1e826b5df67a53c92e5a407304f760efde1056d1628b1fa09c0406a6bfff0ba4,139850,ok,
data/flower_photos/tulips/14110615113_bd7b3fcb84.jpg,data/flower_photos/tulips/14110615113_bd7b3fcb84.jpg,tulips,500,333,1.5015015015015014,RGB,JPEG,RGB,,a5b725c749e5f22d85b294f5bbde8017abfba77ac7af4880b9a499df1da95c00,61588,ok,
data/flower_photos/tulips/14110616533_e04775e7b1.jpg,data/flower_photos/tulips/14110616533_e04775e7b1.jpg,tulips,500,333,1.5015015015015014,RGB,JPEG,RGB,,6ef493189dd0c8613bf949588c820c51801cb2431917682a1a72e84a9c7229b5,84666,ok,
data/flower_photos/tulips/14116780333_7836f4448c.jpg,data/flower_photos/tulips/14116780333_7836f4448c.jpg,tulips,500,333,1.5015015015015014,RGB,JPEG,RGB,,a1c13f756f99058c4b05504388bec8db00210a0db9af538a3620510a1da2a48f,62641,ok,
data/flower_photos/tulips/14116826873_d4bab623bf_n.jpg,data/flower_photos/tulips/14116826873_d4bab623bf_n.jpg,tulips,320,213,1.5023474178403755,RGB,JPEG,RGB,,17c98bed2e5551299cfb866e2407629beeae2937e8d132bdd063c0c93ce8ce32,13445,ok,
data/flower_photos/tulips/14122029097_3e3285ca5c_n.jpg,data/flower_photos/tulips/14122029097_3e3285ca5c_n.jpg,tulips,320,213,1.5023474178403755,RGB,JPEG,RGB,,8b1e2779d7b15ca439bf08c1f76c34e120c5b5248ae6427e59a846d6f6db9d6d,18847,ok,
data/flower_photos/tulips/14124669683_7fb74f20c3.jpg,data/flower_photos/tulips/14124669683_7fb74f20c3.jpg,tulips,500,333,1.5015015015015014,RGB,JPEG,RGB,,dbd62ee356b43eb6ec1b586d8268dc7dab7cff8db42d3b32f3dca4ddb986661d,106990,ok,
data/flower_photos/tulips/14127532150_112823a8f6.jpg,data/flower_photos/tulips/14127532150_112823a8f6.jpg,tulips,500,331,1.5105740181268883,RGB,JPEG,RGB,,dd087ba806ba768fd6ff169ca1acdaf9ec31bf75e57c9a2effb401a4fc84d1b0,126841,ok,
data/flower_photos/tulips/141479422_5a6fa1fd1b_m.jpg,data/flower_photos/tulips/141479422_5a6fa1fd1b_m.jpg,tulips,180,240,0.75,RGB,JPEG,RGB,,848cb232abbbef9df2bbfcbe8cc96fa4c537fc20ee6845a9429fba9a9b93c45d,32772,ok,
data/flower_photos/tulips/14149603605_eedfe9678c_n.jpg,data/flower_photos/tulips/14149603605_eedfe9678c_n.jpg,tulips,320,213,1.5023474178403755,RGB,JPEG,RGB,,e620d77200792ea0b89e6c643b6efe20c7e21ece66ddbb4aac1234e7c4d737b3,35714,ok,
data/flower_photos/tulips/14171673854_1208c19be3_m.jpg,data/flower_photos/tulips/14171673854_1208c19be3_m.jpg,tulips,240,240,1.0,RGB,JPEG,RGB,,038203110058c50510b883dff9f503c3240546ea72afc99c63a39bf0d4744b9f,48715,ok,
data/flower_photos/tulips/142218310_d06005030a_n.jpg,data/flower_photos/tulips/142218310_d06005030a_n.jpg,tulips,320,228,1.4035087719298245,RGB,JPEG,RGB,,7e05bd0ad3b4ae83c851cd1ce36132a944d6ed719ffa55617e8300690425badf,41142,ok,
data/flower_photos/tulips/142235017_07816937c6.jpg,data/flower_photos/tulips/142235017_07816937c6.jpg,tulips,500,375,1.3333333333333333,RGB,JPEG,RGB,,e930a223090fea95c6e9ac70ff8077f2270bc2db75c20179e955af4890b059f5,203334,ok,
data/flower_photos/tulips/142235237_da662d925c.jpg,data/flower_photos/tulips/142235237_da662d925c.jpg,tulips,500,375,1.3333333333333333,RGB,JPEG,RGB,,c45fe563bc97fb26e73df729883847a14e68a1bd709d9351f1654a66402959a8,86674,ok,
data/flower_photos/tulips/142235914_5419ff8a4a.jpg,data/flower_photos/tulips/142235914_5419ff8a4a.jpg,tulips,500,375,1.3333333333333333,RGB,JPEG,RGB,,69db553e6acf86b33963a83405ac6b7b59e91afeb8c0660c699fe4342481a8a6,224926,ok,
data/flower_photos/tulips/14235021006_dd001ea8ed_n.jpg,data/flower_photos/tulips/14235021006_dd001ea8ed_n.jpg,tulips,320,212,1.509433962264151,RGB,JPEG,RGB,,99939876ce20d08962defb21193ff868492ad9ce47c17933cecd485ace9fc8ee,58116,ok,
data/flower_photos/tulips/14254839301_ffb19c6445_n.jpg,data/flower_photos/tulips/14254839301_ffb19c6445_n.jpg,tulips,320,212,1.509433962264151,RGB,JPEG,RGB,,f9059fa188efcbb8323a6f227e8b9568c9e56230c60be4c62977bdf8a038aeae,50661,ok,
data/flower_photos/tulips/14255917256_84c23c572b.jpg,data/flower_photos/tulips/14255917256_84c23c572b.jpg,tulips,500,312,1.6025641025641026,RGB,JPEG,RGB,,ce2e855d3474dc7c0cd0c4a4fc0869a9efb771b37664937c0b1b8edb1375cde8,141462,ok,
data/flower_photos/tulips/14262354955_cc2ab3b112_m.jpg,data/flower_photos/tulips/14262354955_cc2ab3b112_m.jpg,tulips,159,240,0.6625,RGB,JPEG,RGB,,7923f958c2105a42fd9c38113c3ef57d247d5d00ed63dd6ba2fc449d3c187b18,14741,ok,
data/flower_photos/tulips/14266093711_66d18a1e44_n.jpg,data/flower_photos/tulips/14266093711_66d18a1e44_n.jpg,tulips,320,213,1.5023474178403755,RGB,JPEG,RGB,,c184efadd5245075c6aa17446b1fddf69c4721b90e1bab9c1326ca08eb212db3,33306,ok,
data/flower_photos/tulips/14270573963_f122c40438.jpg,data/flower_photos/tulips/14270573963_f122c40438.jpg,tulips,500,270,1.8518518518518519,RGB,JPEG,RGB,,43b504740ed257f13ae9d944924eb6cac60eb6146342971acb6a7f4753f27bad,50267,ok,
data/flower_photos/tulips/14275234071_6e6f473356.jpg,data/flower_photos/tulips/14275234071_6e6f473356.jpg,tulips,500,333,1.5015015015015014,RGB,JPEG,RGB,,a42f239bcbe9219e78a1502c9a26985f2831dae29586dcdcafc11c122254053d,130765,ok,
data/flower_photos/tulips/14278331403_4c475f9a9b.jpg,data/flower_photos/tulips/14278331403_4c475f9a9b.jpg,tulips,500,332,1.5060240963855422,RGB,JPEG,RGB,,acefcf8617a13f7692faf286377175a5a946c0020bb486e7cbb17176574b272a,129178,ok,
data/flower_photos/tulips/14487705209_ea723109e1_m.jpg,data/flower_photos/tulips/14487705209_ea723109e1_m.jpg,tulips,176,240,0.7333333333333333,RGB,JPEG,RGB,,99a3e5175c2f5792241589d1154285ac9faa5124a7d65ba988cce147a37fd1ff,18047,ok,
data/flower_photos/tulips/14487712670_aebe715525_m.jpg,data/flower_photos/tulips/14487712670_aebe715525_m.jpg,tulips,157,240,0.6541666666666667,RGB,JPEG,RGB,,391cb0743bee9cef4a89cdc51df542b187216b9baa3aa240be7e3ff5912255af,16154,ok,
data/flower_photos/tulips/14487762578_baba13d16a_m.jpg,data/flower_photos/tulips/14487762578_baba13d16a_m.jpg,tulips,190,240,0.7916666666666666,RGB,JPEG,RGB,,075b31ae8f22500f7ac47bf1a2f6ed603049eb4bb83e56e4bb42bbd34d86e703,15837,ok,
data/flower_photos/tulips/14487943607_651e8062a1_m.jpg,data/flower_photos/tulips/14487943607_651e8062a1_m.jpg,tulips,145,240,0.6041666666666666,RGB,JPEG,RGB,,f17b17274d62b2f28d90b8593f0759d29867cddc8b1855db885270720d056949,17003,ok,
data/flower_photos/tulips/14491997336_36ba524713.jpg,data/flower_photos/tulips/14491997336_36ba524713.jpg,tulips,500,331,1.5105740181268883,RGB,JPEG,RGB,,7f285b35ba4645e61803b783ff29f633aa8ae60878d35c0e037428660fa06dfb,39339,ok,
data/flower_photos/tulips/14651383746_419dc73634_m.jpg,data/flower_photos/tulips/14651383746_419dc73634_m.jpg,tulips,147,240,0.6125,RGB,JPEG,RGB,,fc1f747d54bd887aced21983e1fbf1e4566667044424c5466a0ae85504a6a4a8,16627,ok,
data/flower_photos/tulips/14651385476_7ccb20e594_m.jpg,data/flower_photos/tulips/14651385476_7ccb20e594_m.jpg,tulips,145,240,0.6041666666666666,RGB,JPEG,RGB,,86c341067111e704d250cf32cbd996fa363c6180780a8a9908a7b7605469c31b,15897,ok,
data/flower_photos/tulips/14671196461_b725727229_m.jpg,data/flower_photos/tulips/14671196461_b725727229_m.jpg,tulips,143,240,0.5958333333333333,RGB,JPEG,RGB,,4229bfa5cd1f4f581b93bbddc458e04ebb50cb9118d72e668bdbbaf553150f75,17156,ok,
data/flower_photos/tulips/14674067742_73c2602aa6_m.jpg,data/flower_photos/tulips/14674067742_73c2602aa6_m.jpg,tulips,180,240,0.75,RGB,JPEG,RGB,,6d1281ec319b4c739cdc934922ffe90ec9ca65a5a56361e1f51c8c1aead5cb69,17446,ok,
data/flower_photos/tulips/14674071872_2df55466d5_m.jpg,data/flower_photos/tulips/14674071872_2df55466d5_m.jpg,tulips,174,240,0.725,RGB,JPEG,RGB,,946f4eafa01f2d71a94a33051a2f056c5172ff2049e9841a8457e62e9b94731b,15493,ok,
data/flower_photos/tulips/14674388855_2da18e375a_m.jpg,data/flower_photos/tulips/14674388855_2da18e375a_m.jpg,tulips,145,240,0.6041666666666666,RGB,JPEG,RGB,,1017ee3b242be7ae3dcff1b70916592292a96f2adc176ee35ae317acccaa616e,14430,ok,
data/flower_photos/tulips/14674389605_df3c0bcfa1_m.jpg,data/flower_photos/tulips/14674389605_df3c0bcfa1_m.jpg,tulips,178,240,0.7416666666666667,RGB,JPEG,RGB,,48014d0981f6589e7290b94c312d400527de9a8e2279db9c3d04a224638b8239,15566,ok,
data/flower_photos/tulips/146884869_b1a8fa9c4e_n.jpg,data/flower_photos/tulips/146884869_b1a8fa9c4e_n.jpg,tulips,320,240,1.3333333333333333,RGB,JPEG,RGB,,1f9d856728d560633a185cbdce5612d5d63ef41f49420b7de445759dd575b8fb,24685,ok,
data/flower_photos/tulips/14746916178_40403cc57e.jpg,data/flower_photos/tulips/14746916178_40403cc57e.jpg,tulips,500,317,1.5772870662460567,RGB,JPEG,RGB,,0a1cb52fb49869707d11da363eecf715748b1dddf5c46dcda5f163c5a1b7e0e6,41112,ok,
data/flower_photos/tulips/14836105101_1d07520932_m.jpg,data/flower_photos/tulips/14836105101_1d07520932_m.jpg,tulips,168,240,0.7,RGB,JPEG,RGB,,6126757d5c3a5c20a49d89aa32d62f8baaf2d70213f1eb4cc2d13489071ef792,17583,ok,
data/flower_photos/tulips/14861513337_4ef0bfa40d.jpg,data/flower_photos/tulips/14861513337_4ef0bfa40d.jpg,tulips,500,333,1.5015015015015014,RGB,JPEG,RGB,,4db0cefdb3e8dfb9149246b818ffc0c5399a37a5d4a0caacdbb3e58e267658f4,28187,ok,
data/flower_photos/tulips/14866400927_3a59899df3_m.jpg,data/flower_photos/tulips/14866400927_3a59899df3_m.jpg,tulips,180,240,0.75,RGB,JPEG,RGB,,a0a52d75246cae7a010643ecee2acf586011eccaddaf00e46bf84c62d5ae4bf9,18300,ok,
data/flower_photos/tulips/14957470_6a8c272a87_m.jpg,data/flower_photos/tulips/14957470_6a8c272a87_m.jpg,tulips,180,240,0.75,RGB,JPEG,RGB,,cd665cbcc14f577fc1168a395bd41ae785ec217f373064276327aa9a4a33a7fa,36451,ok,
data/flower_photos/tulips/15029962436_3e50c1f30f_n.jpg,data/flower_photos/tulips/15029962436_3e50c1f30f_n.jpg,tulips,320,240,1.3333333333333333,RGB,JPEG,RGB,,aa3ac1ef59389052f0bc21d100c964576afe236909cceef1087e56566cdb86b8,32202,ok,
data/flower_photos/tulips/15049902081_dd85361f8c_m.jpg,data/flower_photos/tulips/15049902081_dd85361f8c_m.jpg,tulips,180,240,0.75,RGB,JPEG,RGB,,44615f400774d013b0256ca063e57bbac447dd73acaefe98ac6b14890aa80fce,17332,ok,
data/flower_photos/tulips/15052586652_56a82de133_m.jpg,data/flower_photos/tulips/15052586652_56a82de133_m.jpg,tulips,180,240,0.75,RGB,JPEG,RGB,,4d70c0cfe003d94f9ff486c15a9e22a0bef4125434fc2849dda8ac74a4d08dc2,21222,ok,
data/flower_photos/tulips/15082212714_ff87e8fcb1_m.jpg,data/flower_photos/tulips/15082212714_ff87e8fcb1_m.jpg,tulips,186,240,0.775,RGB,JPEG,RGB,,d8b6895645b1dbcf22b43104004f38ea39072d93e17edaed71ba0bb5bcb5326d,25560,ok,
data/flower_photos/tulips/15090146325_b7e1249e60.jpg,data/flower_photos/tulips/15090146325_b7e1249e60.jpg,tulips,500,333,1.5015015015015014,RGB,JPEG,RGB,,05205ca8ca374a8d2a7d0d3f3a8a648222cf0478724cd4fa12faa38897fc2e56,36113,ok,
data/flower_photos/tulips/15147464747_594599c855_m.jpg,data/flower_photos/tulips/15147464747_594599c855_m.jpg,tulips,159,240,0.6625,RGB,JPEG,RGB,,63b9a5e38509f8ac8da8b9d213cec180ba76f2e76339d8c05a4c70e52f5d2119,28963,ok,
data/flower_photos/tulips/15147473067_7c5498eb0e_m.jpg,data/flower_photos/tulips/15147473067_7c5498eb0e_m.jpg,tulips,160,240,0.6666666666666666,RGB,JPEG,RGB,,a86fc9968f9734abaa7fedccc4bde890715a406129c87dd2c08c7088619a14c5,24821,ok,
data/flower_photos/tulips/15149373026_93aacc65c5.jpg,data/flower_photos/tulips/15149373026_93aacc65c5.jpg,tulips,500,333,1.5015015015015014,RGB,JPEG,RGB,,0eefdc8ff7329a21c473228ae8731c8903d5bad4849df9f41e3d13e9cac60d04,45006,ok,
data/flower_photos/tulips/15275144259_f9a18ec9cb.jpg,data/flower_photos/tulips/15275144259_f9a18ec9cb.jpg,tulips,500,333,1.5015015015015014,RGB,JPEG,RGB,,58d1e9d9b36bae2f86ecf8ae1b9ca8909245ee947f184996ca288783b2f16923,67942,ok,
data/flower_photos/tulips/15275190769_0ed7bbf490.jpg,data/flower_photos/tulips/15275190769_0ed7bbf490.jpg,tulips,500,333,1.5015015015015014,RGB,JPEG,RGB,,b1711df7fd8c07caab6a623c45605562a98daf922bbcab41ad348d2bc657f911,81170,ok,
data/flower_photos/tulips/15275199229_962387f24d.jpg,data/flower_photos/tulips/15275199229_962387f24d.jpg,tulips,500,333,1.5015015015015014,RGB,JPEG,RGB,,4c5c6e6e69ecefc62620af4c239e6b30a52634c09204718033d6bb923a421fcc,57800,ok,
data/flower_photos/tulips/15275478257_fbd5850708_n.jpg,data/flower_photos/tulips/15275478257_fbd5850708_n.jpg,tulips,320,213,1.5023474178403755,RGB,JPEG,RGB,,20d4f142be7fb84b147bae770e553c20d72ceef5a4b918dc25f289f2ed83a604,43002,ok,
data/flower_photos/tulips/15275504998_ca9eb82998.jpg,data/flower_photos/tulips/15275504998_ca9eb82998.jpg,tulips,500,333,1.5015015015015014,RGB,JPEG,RGB,,ed86ffc0d8287ca58f9e33f5909f81118537abcf2c974ca65f75565fe36d24a7,73900,ok,
data/flower_photos/tulips/15452909878_0c4941f729_m.jpg,data/flower_photos/tulips/15452909878_0c4941f729_m.jpg,tulips,173,240,0.7208333333333333,RGB,JPEG,RGB,,d9b53c9c6986dea7b281afa0dd4eac3fae30a59b552c09bbd3aa0f811ad21d85,17340,ok,
data/flower_photos/tulips/15458787091_3edc6cd1eb.jpg,data/flower_photos/tulips/15458787091_3edc6cd1eb.jpg,tulips,500,333,1.5015015015015014,RGB,JPEG,RGB,,dbf501f171de1f48219307ed9d9aaf2a2575a2a1e0e011ac4e7f72f58c94c95b,69786,ok,
data/flower_photos/tulips/155097272_70feb13184.jpg,data/flower_photos/tulips/155097272_70feb13184.jpg,tulips,500,373,1.3404825737265416,RGB,JPEG,RGB,,c3534a0576315277c2249ca20a82a640750e0b1d6b264ce257d90adfa3b04aec,213207,ok,
data/flower_photos/tulips/15516715153_08abc9bb20_n.jpg,data/flower_photos/tulips/15516715153_08abc9bb20_n.jpg,tulips,320,240,1.3333333333333333,RGB,JPEG,RGB,,d2bee73ea26fc3873eb27d87e3815015a34a1dd9d79bb635e0c0b9c7cdf44614,59991,ok,
data/flower_photos/tulips/15516736553_b169b67195_n.jpg,data/flower_photos/tulips/15516736553_b169b67195_n.jpg,tulips,320,240,1.3333333333333333,RGB,JPEG,RGB,,16b22b092740938f57d4e6e55f32540e4685c66c1979814324c38f40a574c54b,30616,ok,
data/flower_photos/tulips/15632065904_0d9caf174b.jpg,data/flower_photos/tulips/15632065904_0d9caf174b.jpg,tulips,500,334,1.4970059880239521,RGB,JPEG,RGB,,5d223f362d5a8fc79c84149e0753fa5218364be32e1e502ddf9697582b3970d2,167195,ok,
data/flower_photos/tulips/15647243236_2778501cf5_n.jpg,data/flower_photos/tulips/15647243236_2778501cf5_n.jpg,tulips,320,213,1.5023474178403755,RGB,JPEG,RGB,,5f6ad8117e6dc54ecc4fd848dc94e995f17acccac48cf1f525996af9eb538f57,43071,ok,
data/flower_photos/tulips/15756524087_823cf86bd8_m.jpg,data/flower_photos/tulips/15756524087_823cf86bd8_m.jpg,tulips,181,240,0.7541666666666667,RGB,JPEG,RGB,,dfdc3880f440be98617daa1e4a2d84f3c4523d7f9f63636b21daab1ce0230f16,29735,ok,
data/flower_photos/tulips/15881325303_f00807a051_n.jpg,data/flower_photos/tulips/15881325303_f00807a051_n.jpg,tulips,320,217,1.4746543778801844,RGB,JPEG,RGB,,610953e67fe65ab5e2c8bb124954c718ac0208ad6ea8fe4b718d9b0a97c5609b,33233,ok,
data/flower_photos/tulips/15922772266_1167a06620.jpg,data/flower_photos/tulips/15922772266_1167a06620.jpg,tulips,500,333,1.5015015015015014,RGB,JPEG,RGB,,6784c09ff4eeec0e0ac148cdc74682f99c424ac89d85321d95161e20da9204e9,55307,ok,dup_1437
data/flower_photos/tulips/15976769174_1d50f46ca1_m.jpg,data/flower_photos/tulips/15976769174_1d50f46ca1_m.jpg,tulips,240,159,1.509433962264151,RGB,JPEG,RGB,,a23d6cb49bd30ed2a55f4cac929968af12caeec4981d1efb81804f1758093fc5,23790,ok,
data/flower_photos/tulips/16055807744_000bc07afc_m.jpg,data/flower_photos/tulips/16055807744_000bc07afc_m.jpg,tulips,240,240,1.0,RGB,JPEG,RGB,,c809321b85181dc80217c42889fb188448e2217849b5d72b9b1cf513d10f734d,24086,ok,
data/flower_photos/tulips/16062072523_1be3c0b61f.jpg,data/flower_photos/tulips/16062072523_1be3c0b61f.jpg,tulips,500,333,1.5015015015015014,RGB,JPEG,RGB,,287584dd709678f10c78ca8fc8bff12465f7b26616bb88a1832392e026f0966a,59600,ok,
data/flower_photos/tulips/16074109313_2cc14c7d16.jpg,data/flower_photos/tulips/16074109313_2cc14c7d16.jpg,tulips,500,267,1.8726591760299625,RGB,JPEG,RGB,,3932529a30264b52d461edeab246a9198a6c3cf761dbfb89de70508ae1db50da,70777,ok,
data/flower_photos/tulips/16098264209_38fe491093.jpg,data/flower_photos/tulips/16098264209_38fe491093.jpg,tulips,500,261,1.9157088122605364,RGB,JPEG,RGB,,3a3e0b2c049d6ffe0c3d8e4b7483f675993492ce14b8760b59a4566cfc6ea932,26303,ok,
data/flower_photos/tulips/16110795216_b3e44697b4_m.jpg,data/flower_photos/tulips/16110795216_b3e44697b4_m.jpg,tulips,240,240,1.0,RGB,JPEG,RGB,,0d3824fe8b1ea6b0110b3609e4e2f587b1bdbf81e028b6fbcbc3fb5f8d6c4116,29991,ok,
data/flower_photos/tulips/16138212287_643bf336e1_m.jpg,data/flower_photos/tulips/16138212287_643bf336e1_m.jpg,tulips,180,240,0.75,RGB,JPEG,RGB,,12f8f938caedd8ac412b088758fc3a68c4153be152e82fd698044b974de816de,38942,ok,
data/flower_photos/tulips/16139439153_fbdee29a10_n.jpg,data/flower_photos/tulips/16139439153_fbdee29a10_n.jpg,tulips,320,213,1.5023474178403755,RGB,JPEG,RGB,,727416b86f06d1e7200f58bdc5585b4056e7eb2e2fbcb17885d492655fc38a43,19501,ok,
data/flower_photos/tulips/16169741783_deeab1a679_m.jpg,data/flower_photos/tulips/16169741783_deeab1a679_m.jpg,tulips,170,240,0.7083333333333334,RGB,JPEG,RGB,,86f87869f6d23fd300c18665675f10dcd5cd6378a4307d46405bf44497b367a8,18796,ok,
data/flower_photos/tulips/16265876844_0a149c4f76.jpg,data/flower_photos/tulips/16265876844_0a149c4f76.jpg,tulips,500,333,1.5015015015015014,RGB,JPEG,RGB,,3c81df7a01824724774dbefd2e699abe5dcee44c9ed57fab3977dc8271a5cd40,53438,ok,
data/flower_photos/tulips/16265883604_92be82b973.jpg,data/flower_photos/tulips/16265883604_92be82b973.jpg,tulips,500,333,1.5015015015015014,RGB,JPEG,RGB,,030ab25d1009d57da11eaceafcbe627c5d3e179c422fb04a4f05b2a8832603fa,80727,ok,
data/flower_photos/tulips/16282277874_b92776b194.jpg,data/flower_photos/tulips/16282277874_b92776b194.jpg,tulips,500,334,1.4970059880239521,RGB,JPEG,RGB,,675fad27c8d3c472de9b729d3f4736bc21bc8800de175e216818ba5ded65e3a3,50086,ok,
data/flower_photos/tulips/16283125269_4cfae953f1.jpg,data/flower_photos/tulips/16283125269_4cfae953f1.jpg,tulips,500,333,1.5015015015015014,RGB,JPEG,RGB,,e6fb06eb8998f84a27cc8f7eb4409bf879262460b845fc1eae93a2d6e38e966d,93500,ok,
data/flower_photos/tulips/16303377824_6e9128b4bd.jpg,data/flower_photos/tulips/16303377824_6e9128b4bd.jpg,tulips,500,333,1.5015015015015014,RGB,JPEG,RGB,,95a135e07dc98e44ceb45ac9537b9757fa7d2554daf1132b6201d8a000b81007,109008,ok,
data/flower_photos/tulips/16309287412_5cc4d58bd1_n.jpg,data/flower_photos/tulips/16309287412_5cc4d58bd1_n.jpg,tulips,320,213,1.5023474178403755,RGB,JPEG,RGB,,de26195733f6af1e31ced4b6d299d9624c266cff0a4d08b7c99869f481538c0c,27904,ok,
data/flower_photos/tulips/164578909_51f245d3fa_n.jpg,data/flower_photos/tulips/164578909_51f245d3fa_n.jpg,tulips,320,240,1.3333333333333333,RGB,JPEG,RGB,,795026f00546bf5d2b9cda518e42e508db88d793beca8d44cdaa29737da47d4e,44149,ok,
data/flower_photos/tulips/16471277547_a0a5509377_n.jpg,data/flower_photos/tulips/16471277547_a0a5509377_n.jpg,tulips,320,240,1.3333333333333333,RGB,JPEG,RGB,,c70d340d1977c96b3ad1bd5600e71a76c44a06aee723457b28d5ab9ba41d5e0a,43172,ok,
data/flower_photos/tulips/16485607329_e66d5960bc_m.jpg,data/flower_photos/tulips/16485607329_e66d5960bc_m.jpg,tulips,180,240,0.75,RGB,JPEG,RGB,,e71e4de1ce4f69e7eb70c21fcfee91713439c13cfbd743cb5cd4ba27706c6122,37496,ok,
data/flower_photos/tulips/16506668270_b823935dc3.jpg,data/flower_photos/tulips/16506668270_b823935dc3.jpg,tulips,500,218,2.293577981651376,RGB,JPEG,RGB,,baafceb766eed3e420abe5ba9f09e947caf6156cc1cd7135dd4d3152dfe5a6a9,57518,ok,
data/flower_photos/tulips/16582481123_06e8e6b966_n.jpg,data/flower_photos/tulips/16582481123_06e8e6b966_n.jpg,tulips,320,213,1.5023474178403755,RGB,JPEG,RGB,,be90ef6843b23d86e5510c6ed67c8b8bb15659fc86d60502dec309d85b6ba3a1,30462,ok,
data/flower_photos/tulips/16594995743_ce72c61201_n.jpg,data/flower_photos/tulips/16594995743_ce72c61201_n.jpg,tulips,320,213,1.5023474178403755,RGB,JPEG,RGB,,1b3247feb428dc40d886247a33fdfb1bd242be7c3362704bf5c4cbc5b977b971,32688,ok,
data/flower_photos/tulips/16644790896_7b296ecd67_n.jpg,data/flower_photos/tulips/16644790896_7b296ecd67_n.jpg,tulips,320,240,1.3333333333333333,RGB,JPEG,RGB,,885ee556ab4a4b140637fb1ca50c71a90afc5b09c083b1946f2f0cbb48b6c1f7,60461,ok,
data/flower_photos/tulips/16645809126_613b1e3ebe_m.jpg,data/flower_photos/tulips/16645809126_613b1e3ebe_m.jpg,tulips,180,240,0.75,RGB,JPEG,RGB,,64618d906f9c0c2596070be10253f7fe63469bd0e9e1e4bfb0e0244f1838bb83,25222,ok,
data/flower_photos/tulips/16670377091_87987f50a4_n.jpg,data/flower_photos/tulips/16670377091_87987f50a4_n.jpg,tulips,320,240,1.3333333333333333,RGB,JPEG,RGB,,00bc46fd31433fb1d587fcfcae227d873b6035b1cd5d37b8fa47aac251f528b7,49320,ok,
data/flower_photos/tulips/16677199221_eab3f22378_n.jpg,data/flower_photos/tulips/16677199221_eab3f22378_n.jpg,tulips,320,240,1.3333333333333333,RGB,JPEG,RGB,,36e6da7a87c5d569effcc7d7a673592dba847fb680ddbb26205e71fcbbfebaff,26391,ok,
data/flower_photos/tulips/16677542612_a78a8ca8b3_m.jpg,data/flower_photos/tulips/16677542612_a78a8ca8b3_m.jpg,tulips,240,240,1.0,RGB,JPEG,RGB,,7f4745a85f6fe081b903505f939622b43f3e136b753c0de0d2079f1267a4db9a,28356,ok,
data/flower_photos/tulips/16680927427_07ca6e4552_n.jpg,data/flower_photos/tulips/16680927427_07ca6e4552_n.jpg,tulips,320,213,1.5023474178403755,RGB,JPEG,RGB,,959dadb9284cbb86d610523d6a39bcf55f2714a6ee47e43c8e6ff0cc5f41c87c,51220,ok,
data/flower_photos/tulips/16680930777_7e7f292fc5_n.jpg,data/flower_photos/tulips/16680930777_7e7f292fc5_n.jpg,tulips,320,213,1.5023474178403755,RGB,JPEG,RGB,,8b6655e7d3cd3ae757f7d505533996fc06adc5524882134f08cc9d54e00e1141,29681,ok,
data/flower_photos/tulips/16680998737_6f6225fe36.jpg,data/flower_photos/tulips/16680998737_6f6225fe36.jpg,tulips,500,333,1.5015015015015014,RGB,JPEG,RGB,,2158b64b6c4f5049fec0e3acf5ecb80acca2f5c2208f0ecbace24efd9268061d,140404,ok,
data/flower_photos/tulips/16700863150_ddaa4d89b4_n.jpg,data/flower_photos/tulips/16700863150_ddaa4d89b4_n.jpg,tulips,320,213,1.5023474178403755,RGB,JPEG,RGB,,0e8083ec558b3abd359f5c8f62f921c4fc9c68ec762ebc0f0ee5db49c5ea6b6b,32250,ok,
data/flower_photos/tulips/16702117379_c25bff70e9.jpg,data/flower_photos/tulips/16702117379_c25bff70e9.jpg,tulips,500,333,1.5015015015015014,RGB,JPEG,RGB,,101dc7a1da88a77e77b8ca112e5eddeff0bcc1807ff6e170fb0ca7aec2000953,62951,ok,
data/flower_photos/tulips/16702188449_3dacce90b2_m.jpg,data/flower_photos/tulips/16702188449_3dacce90b2_m.jpg,tulips,159,240,0.6625,RGB,JPEG,RGB,,95924421e091f2c8c96d048a62da6adc88efdcd9f7bea6a368c6b3199f844a1b,28721,ok,
data/flower_photos/tulips/16711791713_e54bc9c1af_n.jpg,data/flower_photos/tulips/16711791713_e54bc9c1af_n.jpg,tulips,320,204,1.5686274509803921,RGB,JPEG,RGB,,9b42688f1b966f4210a971bcc1bb5450d8890d07bf3d64ccd128768ad58be9ba,65319,ok,
data/flower_photos/tulips/16717320956_d4b00807f2.jpg,data/flower_photos/tulips/16717320956_d4b00807f2.jpg,tulips,500,333,1.5015015015015014,RGB,JPEG,RGB,,3e12c1f8e7e1739c37e793ae5d8b0b71a0fbe81fae197d80425eb0ac74054d9d,64536,ok,
data/flower_photos/tulips/16732302779_8aa56f255d_n.jpg,data/flower_photos/tulips/16732302779_8aa56f255d_n.jpg,tulips,320,212,1.509433962264151,RGB,JPEG,RGB,,f4144c91bcc5811624858ad542c137b91dce7d2dbaae67b34c4165c7a1d466c8,53267,ok,
data/flower_photos/tulips/16751015081_af2ef77c9a_n.jpg,data/flower_photos/tulips/16751015081_af2ef77c9a_n.jpg,tulips,320,240,1.3333333333333333,RGB,JPEG,RGB,,1a464ac9dc8b17b5687478aac6afa20d0bdf22e4326481db6538b32e66b909d6,29933,ok,
data/flower_photos/tulips/16765283686_0315ae00a8.jpg,data/flower_photos/tulips/16765283686_0315ae00a8.jpg,tulips,500,333,1.5015015015015014,RGB,JPEG,RGB,,e5a61b205538e624f621fe9af0f8316c91df50d1660bfc09d003ecdf6d1036a7,41582,ok,
data/flower_photos/tulips/16862349256_0a1f91ab53.jpg,data/flower_photos/tulips/16862349256_0a1f91ab53.jpg,tulips,500,333,1.5015015015015014,RGB,JPEG,RGB,,fa86042c4f5ca9b289a530f0498c88ff1d3198a377114ab20086cfe46dcc5201,87022,ok,
data/flower_photos/tulips/16862351376_f0fcc6fc91_n.jpg,data/flower_photos/tulips/16862351376_f0fcc6fc91_n.jpg,tulips,320,213,1.5023474178403755,RGB,JPEG,RGB,,2a9d1573c04d7fbef3986853996d935a3895d0b193ff2b71bc81b31a74c4f94a,46968,ok,
data/flower_photos/tulips/16862374316_4135908d4c_m.jpg,data/flower_photos/tulips/16862374316_4135908d4c_m.jpg,tulips,159,240,0.6625,RGB,JPEG,RGB,,ea7f4e471a66bfe2b6babb63381b394b2c04e0c0a3e7fd7e735253f5711f5fec,27174,ok,
data/flower_photos/tulips/16862422576_5226e8d1d0.jpg,data/flower_photos/tulips/16862422576_5226e8d1d0.jpg,tulips,500,333,1.5015015015015014,RGB,JPEG,RGB,,8f7310c45b63d7104b2f2433dfc3dd0a821aa069ac3f4b75189ca6c10ce2b857,116550,ok,
data/flower_photos/tulips/16904202259_8f45d045c3_m.jpg,data/flower_photos/tulips/16904202259_8f45d045c3_m.jpg,tulips,240,240,1.0,RGB,JPEG,RGB,,08c3026eec4aa99d674ac44ad23a842baeb87c61cd9ead79e249aa5d0c29a58c,32319,ok,
data/flower_photos/tulips/16907559551_05ded87fb2_n.jpg,data/flower_photos/tulips/16907559551_05ded87fb2_n.jpg,tulips,320,213,1.5023474178403755,RGB,JPEG,RGB,,46574c05de6f09649d6e7f39fc539fce4ff62fe888cf963171a28045dacf4849,54807,ok,
data/flower_photos/tulips/16930105456_8b826dc4a8_n.jpg,data/flower_photos/tulips/16930105456_8b826dc4a8_n.jpg,tulips,320,216,1.4814814814814814,RGB,JPEG,RGB,,1ec8a276bd7b34d906a45261c7ad4d4095eed0ecf8ecf692494201b2dc809686,40772,ok,
data/flower_photos/tulips/16930121391_a4092ecf00_n.jpg,data/flower_photos/tulips/16930121391_a4092ecf00_n.jpg,tulips,320,240,1.3333333333333333,RGB,JPEG,RGB,,3879499f577047d8773b708012e7cabcee2ede233cbaa09573cc4d9ada7c1d6a,21783,ok,
data/flower_photos/tulips/16937554595_3e1de22f9c.jpg,data/flower_photos/tulips/16937554595_3e1de22f9c.jpg,tulips,500,241,2.074688796680498,RGB,JPEG,RGB,,142b22b5fb0b8ead57f1a092b458c963c225dc4e308ea102c18d9436fd8deba6,39723,ok,
data/flower_photos/tulips/16938892686_3613ea68e8_n.jpg,data/flower_photos/tulips/16938892686_3613ea68e8_n.jpg,tulips,320,258,1.2403100775193798,RGB,JPEG,RGB,,9b8ce09992a61eca65eb4010d6086959ad6e3ddfd5393ed6c69a7928c0c09682,31299,ok,
data/flower_photos/tulips/16951623209_00fb7ec1b1_n.jpg,data/flower_photos/tulips/16951623209_00fb7ec1b1_n.jpg,tulips,320,240,1.3333333333333333,RGB,JPEG,RGB,,cb5a18778f93090512f368ceea85855dce1f454a6d41b9b475d8e415584dfac9,24364,ok,
data/flower_photos/tulips/16986144192_55e0e6c152.jpg,data/flower_photos/tulips/16986144192_55e0e6c152.jpg,tulips,500,244,2.0491803278688523,RGB,JPEG,RGB,,9132e6b7e08fd1aa11a66d36ae9cf9a9347a462cc184c1c938d27c4b1d244785,40384,ok,
data/flower_photos/tulips/17012955700_7141d29eee.jpg,data/flower_photos/tulips/17012955700_7141d29eee.jpg,tulips,500,333,1.5015015015015014,RGB,JPEG,RGB,,ca6f051593983ab4ef8b8b27938bf977679124bddcfad380324bd0148613959c,55740,ok,
data/flower_photos/tulips/17066862602_7530f21efe.jpg,data/flower_photos/tulips/17066862602_7530f21efe.jpg,tulips,500,333,1.5015015015015014,RGB,JPEG,RGB,,46d5c0735d7a14a7ce6f736001bab6580fe9ee67a64fe3d5e8228b1b7247ebda,46414,ok,
data/flower_photos/tulips/17066864992_1cbc4fc908.jpg,data/flower_photos/tulips/17066864992_1cbc4fc908.jpg,tulips,500,333,1.5015015015015014,RGB,JPEG,RGB,,4054b17d055813fb132b0a415da44a734f4886b58da685c802206ccd1b21ac45,42824,ok,
data/flower_photos/tulips/17078576150_6f272ce73f_n.jpg,data/flower_photos/tulips/17078576150_6f272ce73f_n.jpg,tulips,320,213,1.5023474178403755,RGB,JPEG,RGB,,5d9986460dcebc84a6d208b186ed966c6f6a65feb44d36f62b207c2cca3ff4e1,41712,ok,
data/flower_photos/tulips/17078716890_68e0723389_n.jpg,data/flower_photos/tulips/17078716890_68e0723389_n.jpg,tulips,320,213,1.5023474178403755,RGB,JPEG,RGB,,ecc414170daced7729c125df354b1c3bb452e55e434b6422eb1c56060ef00865,53159,ok,
data/flower_photos/tulips/17094167287_865840060d_n.jpg,data/flower_photos/tulips/17094167287_865840060d_n.jpg,tulips,320,240,1.3333333333333333,RGB,JPEG,RGB,,992632a8eab9b942d40bde3ff0ba235db0173a2d961e63f94475ac318a4db484,44660,ok,
data/flower_photos/tulips/17146928665_600fa3a1f1_n.jpg,data/flower_photos/tulips/17146928665_600fa3a1f1_n.jpg,tulips,320,223,1.4349775784753362,RGB,JPEG,RGB,,79309976162b1f1034eab36afe73da19b2d0d2895726e26dd85e594e78195edd,45588,ok,
data/flower_photos/tulips/17159349572_c0c51599f7_n.jpg,data/flower_photos/tulips/17159349572_c0c51599f7_n.jpg,tulips,320,211,1.5165876777251184,RGB,JPEG,RGB,,be6d4d1091e45dfa5bf71a61b5bf39303ab41b099179a85ded1f3e103fa410da,35217,ok,
data/flower_photos/tulips/17159816388_deafbebdb0.jpg,data/flower_photos/tulips/17159816388_deafbebdb0.jpg,tulips,500,334,1.4970059880239521,RGB,JPEG,RGB,,6726a30c25ee305ce40087ded4e5df594d0c90f4205247053b3c374fab4024c3,97234,ok,
data/flower_photos/tulips/17165583356_38cb1f231d_n.jpg,data/flower_photos/tulips/17165583356_38cb1f231d_n.jpg,tulips,320,215,1.4883720930232558,RGB,JPEG,RGB,,13d779f6df17b4d0100c15a62ddad081e718a1d37255f8435677741625bb47ff,27222,ok,
data/flower_photos/tulips/17167151059_a53bfe0b02.jpg,data/flower_photos/tulips/17167151059_a53bfe0b02.jpg,tulips,500,333,1.5015015015015014,RGB,JPEG,RGB,,a2bdcde2ed0985112847152673f02dead1672c40395a79e7137d770a1bc2bebd,35494,ok,
data/flower_photos/tulips/17189456156_6fc1067831.jpg,data/flower_photos/tulips/17189456156_6fc1067831.jpg,tulips,500,334,1.4970059880239521,RGB,JPEG,RGB,,b792c7f575e78da2d083cded80a7fa5324e1e76188a95205e7a504b739cc30e2,76491,ok,
data/flower_photos/tulips/17189526216_fa24dd541a_n.jpg,data/flower_photos/tulips/17189526216_fa24dd541a_n.jpg,tulips,320,213,1.5023474178403755,RGB,JPEG,RGB,,c7bbfb68804f1db808149302c99b3c180f941aeef17f5891a3ff47991c5ccc7d,28659,ok,
data/flower_photos/tulips/17198868382_697b23c715_n.jpg,data/flower_photos/tulips/17198868382_697b23c715_n.jpg,tulips,320,213,1.5023474178403755,RGB,JPEG,RGB,,4a516f7b7d81321c72c3f419a259980b4824c0b069b323cb02f37d0cc142ed65,43988,ok,
data/flower_photos/tulips/17199496791_3caaf5e278_m.jpg,data/flower_photos/tulips/17199496791_3caaf5e278_m.jpg,tulips,235,240,0.9791666666666666,RGB,JPEG,RGB,,5cf8acbfa1ddca7f0d3dadaeca08b7f97b7e59a6f69cceb6a282d2592c426cee,30298,ok,
data/flower_photos/tulips/17199499591_67b64b21ed_m.jpg,data/flower_photos/tulips/17199499591_67b64b21ed_m.jpg,tulips,180,240,0.75,RGB,JPEG,RGB,,fb1c60cdd7ac56589610a8ba1f5b8949878b3b1afe502d156f3ae5c0da54d9c5,22836,ok,
data/flower_photos/tulips/17202535346_ab828e779b.jpg,data/flower_photos/tulips/17202535346_ab828e779b.jpg,tulips,500,333,1.5015015015015014,RGB,JPEG,RGB,,b328682423ccb6b227c225a2240df4c3426a81e2e366227d9d190ef16aa8fb0b,94800,ok,
data/flower_photos/tulips/17224410762_402455ed8f.jpg,data/flower_photos/tulips/17224410762_402455ed8f.jpg,tulips,500,304,1.644736842105263,RGB,JPEG,RGB,,7848953bd06fc14843fbf549b43d1c50e20e8657db6b2a6589e3d70a27565fac,221415,ok,
data/flower_photos/tulips/17282288501_e8738c9cfb_n.jpg,data/flower_photos/tulips/17282288501_e8738c9cfb_n.jpg,tulips,320,213,1.5023474178403755,RGB,JPEG,RGB,,b2be0f09bfac3842e22b35a31f0582e6053388fca13f58327e4f00531da18893,32062,ok,
data/flower_photos/tulips/17295127995_62eff434fe_n.jpg,data/flower_photos/tulips/17295127995_62eff434fe_n.jpg,tulips,320,213,1.5023474178403755,RGB,JPEG,RGB,,948af387d5b8ae25fa8774a5deaa80953e9e661207184f98fd075b3c44fba3bb,26227,ok,
data/flower_photos/tulips/17309951996_552d632cbb_n.jpg,data/flower_photos/tulips/17309951996_552d632cbb_n.jpg,tulips,320,220,1.4545454545454546,RGB,JPEG,RGB,,b8b6f02c797b7b931fd05e453af5af56aa22d16d65c9265a5516ad9886f9e784,76903,ok,
data/flower_photos/tulips/17318339476_54479b6660_n.jpg,data/flower_photos/tulips/17318339476_54479b6660_n.jpg,tulips,320,213,1.5023474178403755,RGB,JPEG,RGB,,52024c196ae0f55d50bc3b3552e11af978bf5fe5497b9d184261c4cf7defbb27,42238,ok,
data/flower_photos/tulips/17324469461_2b318aff8d_m.jpg,data/flower_photos/tulips/17324469461_2b318aff8d_m.jpg,tulips,159,240,0.6625,RGB,JPEG,RGB,,ce68294c559930c866ba9caddb5cfe82bc4062cc21f64b8a15d8f8a681c7a8a1,7987,ok,
data/flower_photos/tulips/17408197905_829c4d7940_m.jpg,data/flower_photos/tulips/17408197905_829c4d7940_m.jpg,tulips,240,186,1.2903225806451613,RGB,JPEG,RGB,,3279171d91ddc2baa9cd600270681fef695706aecc9db087c79851b83126e901,29082,ok,
data/flower_photos/tulips/17469578564_35a8360f58.jpg,data/flower_photos/tulips/17469578564_35a8360f58.jpg,tulips,500,332,1.5060240963855422,RGB,JPEG,RGB,,3bbc4474d484e9ec5e0ea38336d5bdf3bbb8de3c4fc12c581e500dc92c724c14,44524,ok,
data/flower_photos/tulips/175686816_067a8cb4c5.jpg,data/flower_photos/tulips/175686816_067a8cb4c5.jpg,tulips,500,375,1.3333333333333333,RGB,JPEG,RGB,,d7314b7c9629bc4eb511cb21bfe4c16a2df4b9b00f60458aedfb5f1ab5ac70f1,212087,ok,
data/flower_photos/tulips/176458518_f81d4bff8e.jpg,data/flower_photos/tulips/176458518_f81d4bff8e.jpg,tulips,500,375,1.3333333333333333,RGB,JPEG,RGB,,dd098e024aa6d02e292e64e52c142ff574997d85d3e95be23eeb5c559b839748,176227,ok,
data/flower_photos/tulips/17719248689_cfd5d2f228_n.jpg,data/flower_photos/tulips/17719248689_cfd5d2f228_n.jpg,tulips,320,240,1.3333333333333333,RGB,JPEG,RGB,,5195aa361bab59dc7dc2129dc137726b2c944eea39fca6ad7ed19becd4348537,44031,ok,
data/flower_photos/tulips/17720403638_94cfcd8d5c_n.jpg,data/flower_photos/tulips/17720403638_94cfcd8d5c_n.jpg,tulips,320,240,1.3333333333333333,RGB,JPEG,RGB,,6a2dbffa3b60ac4a60782defe68a3921507310fd99e54727a18991f3daff5f53,43864,ok,
data/flower_photos/tulips/17781940352_a45e4289a5.jpg,data/flower_photos/tulips/17781940352_a45e4289a5.jpg,tulips,500,332,1.5060240963855422,RGB,JPEG,RGB,,a62ee95065eaf54654f9deab51db0ecac1c683f4a964ad26709f0102b74eaa08,64041,ok,
data/flower_photos/tulips/17844723633_da85357fe3.jpg,data/flower_photos/tulips/17844723633_da85357fe3.jpg,tulips,500,334,1.4970059880239521,RGB,JPEG,RGB,,04822f32ed762a4af1b2884a9a42bf4b7ddf54bd5e633cf9c54ec9958d35c8d8,54806,ok,
data/flower_photos/tulips/17862445825_f7031d6f26.jpg,data/flower_photos/tulips/17862445825_f7031d6f26.jpg,tulips,500,333,1.5015015015015014,RGB,JPEG,RGB,,6b529557eade2dc8bd2fd2953ae6c086689c13c01ae64724dfe8ec202315355c,104036,ok,
data/flower_photos/tulips/17907238905_1ae121f8d9_m.jpg,data/flower_photos/tulips/17907238905_1ae121f8d9_m.jpg,tulips,180,240,0.75,RGB,JPEG,RGB,,4d6bd381ce47e268bcc25810d8b0c5ed7d73c2c394fff0380f3d69d2d8bd43fe,18044,ok,
data/flower_photos/tulips/17908793211_ff0f1f81d3_n.jpg,data/flower_photos/tulips/17908793211_ff0f1f81d3_n.jpg,tulips,320,240,1.3333333333333333,RGB,JPEG,RGB,,1506567de3416293f4419297d877daaeda4aafed05e84e341f666fc9c8116fcc,58713,ok,
data/flower_photos/tulips/17994129033_bbd0acba62_n.jpg,data/flower_photos/tulips/17994129033_bbd0acba62_n.jpg,tulips,320,240,1.3333333333333333,RGB,JPEG,RGB,,83cabf39f8c90c72e5d75aaa5b7c47aa73304722aa5a3f1c608c113a79e3da59,52805,ok,
data/flower_photos/tulips/18245124970_e68fd3f3c3.jpg,data/flower_photos/tulips/18245124970_e68fd3f3c3.jpg,tulips,500,333,1.5015015015015014,RGB,JPEG,RGB,,cec1f147bc826513e80e4602bc864d9ec80b0c9ff273cde9fe2bc9d5abc74a78,64656,ok,
data/flower_photos/tulips/18270448366_d5676dec64_z.jpg,data/flower_photos/tulips/18270448366_d5676dec64_z.jpg,tulips,640,236,2.711864406779661,RGB,JPEG,RGB,,6723af9d76434aa901bb5885527384c20239fad18d9a9b0e32413601f68a9986,110829,ok,
data/flower_photos/tulips/18378581986_5cd1494d08_n.jpg,data/flower_photos/tulips/18378581986_5cd1494d08_n.jpg,tulips,320,212,1.509433962264151,RGB,JPEG,RGB,,2ce10a4a0443c11176356a406adb46ee5fe2db28ae7e5ff510f040d378b151b6,41059,ok,
data/flower_photos/tulips/18378582936_ee7085c850.jpg,data/flower_photos/tulips/18378582936_ee7085c850.jpg,tulips,500,332,1.5060240963855422,RGB,JPEG,RGB,,2c4fdb9015d8e6ea5501677e3af6ab071f98cc90022b4e77d78476c41475b978,55658,ok,
data/flower_photos/tulips/18406629611_4d1edcf23b_n.jpg,data/flower_photos/tulips/18406629611_4d1edcf23b_n.jpg,tulips,320,212,1.509433962264151,RGB,JPEG,RGB,,0b83095e2b85c945a917b66a8fa761c4b846e2d125c11553cb4c4e5b33609983,46241,ok,
data/flower_photos/tulips/19413898445_69344f9956_n.jpg,data/flower_photos/tulips/19413898445_69344f9956_n.jpg,tulips,320,213,1.5023474178403755,RGB,JPEG,RGB,,e0cf6122c88b9246bf450a44ea79c823111e1645b873bd5bc5491c29e5d797ff,39349,ok,
data/flower_photos/tulips/19425920580_cdc8f49aed_n.jpg,data/flower_photos/tulips/19425920580_cdc8f49aed_n.jpg,tulips,320,211,1.5165876777251184,RGB,JPEG,RGB,,172f29f56a0512419af469c6337dba60e7120eb653e960ae91a040829a581888,33818,ok,
data/flower_photos/tulips/2087981909_fd468de5c4_n.jpg,data/flower_photos/tulips/2087981909_fd468de5c4_n.jpg,tulips,320,240,1.3333333333333333,RGB,JPEG,RGB,,7f2d1430769ec3e503b2a1f9281b7cca3771ac4ec0fb0096620e4c7b25921c0d,61087,ok,
data/flower_photos/tulips/212720516_df4965ebda_n.jpg,data/flower_photos/tulips/212720516_df4965ebda_n.jpg,tulips,320,213,1.5023474178403755,RGB,JPEG,RGB,,6c9e8155e7b53a0844482f7d3224822bfbd76acc56b1e9372983534533fa1583,62082,ok,
data/flower_photos/tulips/2220085701_896054d263_n.jpg,data/flower_photos/tulips/2220085701_896054d263_n.jpg,tulips,320,236,1.3559322033898304,RGB,JPEG,RGB,,99e1a6c63fd9a0f78355cc3a6a8a9e7c2b37f396083266e4223dc01363736668,27591,ok,
data/flower_photos/tulips/2229804138_db9cba3443_n.jpg,data/flower_photos/tulips/2229804138_db9cba3443_n.jpg,tulips,320,224,1.4285714285714286,RGB,JPEG,RGB,,d1a4669b85e515389b17f20338388a6f7b735c2f2d8a866e5f7544ef46eb006a,27977,ok,
data/flower_photos/tulips/2232289392_9a79a0c5cb_n.jpg,data/flower_photos/tulips/2232289392_9a79a0c5cb_n.jpg,tulips,320,229,1.3973799126637554,RGB,JPEG,RGB,,314206e1c6008b770d64b3cc5cd23464001ed4d34a3ba5c7c6a6e71a7dffd2dc,37974,ok,
data/flower_photos/tulips/2238626027_058c404b94.jpg,data/flower_photos/tulips/2238626027_058c404b94.jpg,tulips,500,394,1.2690355329949239,RGB,JPEG,RGB,,51ea09f2c6db72620665b70d6dbce1fe6842fd70da9b2b48f1627e46970b2368,114329,ok,
data/flower_photos/tulips/2243427551_809b603992_z.jpg,data/flower_photos/tulips/2243427551_809b603992_z.jpg,tulips,640,222,2.8828828828828827,RGB,JPEG,RGB,,01245860027255b26ccc68fcf120ca93e27d5732f11e05aab81df8d21d4ee104,57635,ok,
data/flower_photos/tulips/2249756775_02e693beda_n.jpg,data/flower_photos/tulips/2249756775_02e693beda_n.jpg,tulips,320,225,1.4222222222222223,RGB,JPEG,RGB,,8ae0146c635a13f708e13e23a9dbe899a757502f939731530f05f88f62991103,25703,ok,
data/flower_photos/tulips/2254152047_d3bf8903cd_n.jpg,data/flower_photos/tulips/2254152047_d3bf8903cd_n.jpg,tulips,320,249,1.285140562248996,RGB,JPEG,RGB,,c8334b800cc11ac63d2afbc61f7484211ac13aeccdf7052f84c35d579147e4cc,25622,ok,
data/flower_photos/tulips/2256214682_130c01d9d9.jpg,data/flower_photos/tulips/2256214682_130c01d9d9.jpg,tulips,500,333,1.5015015015015014,RGB,JPEG,RGB,,11a9fa7a85931d195e0642256126d4320bb3764e2fc8b247523614261b0f0860,184492,ok,
data/flower_photos/tulips/2256230386_08b54ca760.jpg,data/flower_photos/tulips/2256230386_08b54ca760.jpg,tulips,500,333,1.5015015015015014,RGB,JPEG,RGB,,9e7eb078380f54df29ebf1e859e68e943e0d15e47175ec99d1a0d23a09fb1676,216439,ok,
data/flower_photos/tulips/2271507463_15c48d41c4_n.jpg,data/flower_photos/tulips/2271507463_15c48d41c4_n.jpg,tulips,320,239,1.3389121338912133,RGB,JPEG,RGB,,38f4c8aa06add83a5801498b7753e2bea086a1e220f5735845e0aad5439b2196,45847,ok,
data/flower_photos/tulips/2272006181_785f1be94f_n.jpg,data/flower_photos/tulips/2272006181_785f1be94f_n.jpg,tulips,320,213,1.5023474178403755,RGB,JPEG,RGB,,e74cdcd855b0e7d445e9378f3f09ee7acb6b6956d1dcdc19dde0e49cf73fd33e,14647,ok,
data/flower_photos/tulips/2280950463_86510c2789_n.jpg,data/flower_photos/tulips/2280950463_86510c2789_n.jpg,tulips,320,213,1.5023474178403755,RGB,JPEG,RGB,,c58d1b789e8d96db4fbafdc614bc1a32e8be643eec0f652e1fae40cdfd88329c,23899,ok,
data/flower_photos/tulips/2294116183_a30d2aa2c1_m.jpg,data/flower_photos/tulips/2294116183_a30d2aa2c1_m.jpg,tulips,215,240,0.8958333333333334,RGB,JPEG,RGB,,909a11395f7badb8aea3beab845804ed174ed18de7575ade3e3798fa395658db,29118,ok,
data/flower_photos/tulips/2322670828_34115a7050.jpg,data/flower_photos/tulips/2322670828_34115a7050.jpg,tulips,500,324,1.5432098765432098,RGB,JPEG,RGB,,ce2cf09ec5070c53dd7fa94aaa600215549ddf3136157902092e52ca9abda118,95492,ok,
data/flower_photos/tulips/2333321040_3960b9d67e_n.jpg,data/flower_photos/tulips/2333321040_3960b9d67e_n.jpg,tulips,320,211,1.5165876777251184,RGB,JPEG,RGB,,e7c35fb94921fca8b30bd1b01015003a520bc29ecf156a12fff7a79a2647e30e,32048,ok,
data/flower_photos/tulips/2336919121_851ebc4754.jpg,data/flower_photos/tulips/2336919121_851ebc4754.jpg,tulips,500,333,1.5015015015015014,RGB,JPEG,RGB,,2aa6d7a7e9b844e31a55f80bfbd6086d5b884fc739ce8a97de97d52b97a2a172,83420,ok,
data/flower_photos/tulips/2344751399_71620039f2_n.jpg,data/flower_photos/tulips/2344751399_71620039f2_n.jpg,tulips,320,211,1.5165876777251184,RGB,JPEG,RGB,,493a0e5b5cf357959121eb25649544c0d67f153a9a520eb76869c37b20a67bd9,37611,ok,
data/flower_photos/tulips/2351637471_5dd34fd3ac_n.jpg,data/flower_photos/tulips/2351637471_5dd34fd3ac_n.jpg,tulips,320,213,1.5023474178403755,RGB,JPEG,RGB,,aabcd7ff543632e9314869a58687749375167d080a7be963594312a212250ad9,17879,ok,
data/flower_photos/tulips/2361075034_cf730b8682.jpg,data/flower_photos/tulips/2361075034_cf730b8682.jpg,tulips,500,333,1.5015015015015014,RGB,JPEG,RGB,,6b027a0c8b9f49dd2801fbb191d7dc8c2237c6110cff921f9deeddb4af1a2b4d,49290,ok,
data/flower_photos/tulips/2374855021_21959b40c0_n.jpg,data/flower_photos/tulips/2374855021_21959b40c0_n.jpg,tulips,320,228,1.4035087719298245,RGB,JPEG,RGB,,b8cdc3c2ab069a2f6f119e5974fa96afe1f1166f000dfda4326a80ffb03d54b9,22498,ok,
data/flower_photos/tulips/2399982682_16929d1f6d_n.jpg,data/flower_photos/tulips/2399982682_16929d1f6d_n.jpg,tulips,320,213,1.5023474178403755,RGB,JPEG,RGB,,e8112dfd43e58029fbb29b4469d24349d3254e9ae4f948a7ca6fd7a9bc480843,34973,ok,
data/flower_photos/tulips/2402342888_dd65677013.jpg,data/flower_photos/tulips/2402342888_dd65677013.jpg,tulips,500,331,1.5105740181268883,RGB,JPEG,RGB,,8aa207c091efcabc4bf37c7082ce590f94f738945ea5454bc3f37c932287a632,56103,ok,
data/flower_photos/tulips/2412250315_a04171da51_n.jpg,data/flower_photos/tulips/2412250315_a04171da51_n.jpg,tulips,320,240,1.3333333333333333,RGB,JPEG,RGB,,9adb0fbdaeb3e9a486bc74621f2bc76260f4c8cfe6ad12a0b6945a90d2fbfc08,63078,ok,
data/flower_photos/tulips/2418823693_72eec80f42_n.jpg,data/flower_photos/tulips/2418823693_72eec80f42_n.jpg,tulips,320,213,1.5023474178403755,RGB,JPEG,RGB,,9b8ec8ebc854461faaf28e181da9b63e7c6452f507f1004a87a08d9a60053fcc,41742,ok,
data/flower_photos/tulips/2421740440_f82ced8582.jpg,data/flower_photos/tulips/2421740440_f82ced8582.jpg,tulips,500,333,1.5015015015015014,RGB,JPEG,RGB,,d1717b407c1efd49fb4590f3402e3ee370f4e74564541c0f25cdc58ec34ac89d,104797,ok,
data/flower_photos/tulips/2425067141_b27043a800_m.jpg,data/flower_photos/tulips/2425067141_b27043a800_m.jpg,tulips,234,240,0.975,RGB,JPEG,RGB,,c5ab9eab6499a1f02e0d0320b3a33762bc6b742eb4f33ee97165b58405b6d283,32004,ok,
data/flower_photos/tulips/2426847695_4b8409402e_n.jpg,data/flower_photos/tulips/2426847695_4b8409402e_n.jpg,tulips,320,240,1.3333333333333333,RGB,JPEG,RGB,,eb78702a1ca057ae7119483778f198058c78cf909a5489a129179c7ec7cdd9bc,37221,ok,
data/flower_photos/tulips/2426849837_baefd9a518_n.jpg,data/flower_photos/tulips/2426849837_baefd9a518_n.jpg,tulips,320,240,1.3333333333333333,RGB,JPEG,RGB,,107769add16ca86dd4d6132fb03d53bfbb041c809881271aa0d7fe7640ac6580,31368,ok,
data/flower_photos/tulips/2427626706_ffdf697f84_n.jpg,data/flower_photos/tulips/2427626706_ffdf697f84_n.jpg,tulips,320,221,1.4479638009049773,RGB,JPEG,RGB,,b7f69516ed13c6faa856cee5eed444d4050f38a0bd35517fa22f100b27d21b2d,52567,ok,
data/flower_photos/tulips/2430566689_8543552f9b.jpg,data/flower_photos/tulips/2430566689_8543552f9b.jpg,tulips,500,313,1.597444089456869,RGB,JPEG,RGB,,5af84de514963e4cb36b91676770712af254c769f1b36f90f6c7da7191f1f8a1,66916,ok,
data/flower_photos/tulips/2431737309_1468526f8b.jpg,data/flower_photos/tulips/2431737309_1468526f8b.jpg,tulips,500,441,1.1337868480725624,RGB,JPEG,RGB,,31e3404776c9d8a2df6f800b870ba4666454ee0527d8c9bb5d2c4c54d64de307,281953,ok,
data/flower_photos/tulips/2432389721_4d14971060_n.jpg,data/flower_photos/tulips/2432389721_4d14971060_n.jpg,tulips,320,213,1.5023474178403755,RGB,JPEG,RGB,,8dc2963d5a2c724d2f3f0fc997b88d3616abe83f763889cac3adf5035541ed7c,26922,ok,
data/flower_photos/tulips/2434178332_7fcf85aa95_n.jpg,data/flower_photos/tulips/2434178332_7fcf85aa95_n.jpg,tulips,320,240,1.3333333333333333,RGB,JPEG,RGB,,22eadfc214ccb9b4ed60d976da4297e6d0a400ec0fde18052c1ea60f53fa0d02,32005,ok,
data/flower_photos/tulips/2436998042_4906ea07af.jpg,data/flower_photos/tulips/2436998042_4906ea07af.jpg,tulips,500,335,1.492537313432836,RGB,JPEG,RGB,,358165d9404bb4267ab4c77155100d4cc9d019c7228c31c63b90d21ade82a555,60927,ok,
data/flower_photos/tulips/2440874162_27a7030402_n.jpg,data/flower_photos/tulips/2440874162_27a7030402_n.jpg,tulips,320,240,1.3333333333333333,RGB,JPEG,RGB,,4012625f22a65adbee1a5209730ab4d8ff2adbc0ed73fb180094f7140b93b1a8,49393,ok,
data/flower_photos/tulips/2447151631_7551e6377b_n.jpg,data/flower_photos/tulips/2447151631_7551e6377b_n.jpg,tulips,320,213,1.5023474178403755,RGB,JPEG,RGB,,65f5c3e37b174d3c91f666017a8865c04fb4dcfea76e5b5017a883760d5c3c91,30290,ok,
data/flower_photos/tulips/2470177960_7bd67db186_n.jpg,data/flower_photos/tulips/2470177960_7bd67db186_n.jpg,tulips,320,240,1.3333333333333333,RGB,JPEG,RGB,,5c36355457617b520b7029f975143d66f4c8ae9ebd1a83eceb4ef38d7d2cfeda,38171,ok,
data/flower_photos/tulips/2481015475_b71a12917d.jpg,data/flower_photos/tulips/2481015475_b71a12917d.jpg,tulips,500,375,1.3333333333333333,RGB,JPEG,RGB,,290fa2ce8d6f814ceda74fabafa4f5665fb5e7a094ab834ff9161a12ec8d491b,83670,ok,
data/flower_photos/tulips/2481827798_6087d71134.jpg,data/flower_photos/tulips/2481827798_6087d71134.jpg,tulips,500,375,1.3333333333333333,RGB,JPEG,RGB,,b2d32713ff00a210cd1922925bb8143e0fb26b6feecd5dfc22889610a42e0b5b,101959,ok,
data/flower_photos/tulips/2489638840_72ff3ee527_n.jpg,data/flower_photos/tulips/2489638840_72ff3ee527_n.jpg,tulips,320,240,1.3333333333333333,RGB,JPEG,RGB,,c82bd3df2d5e6568187b26fcf94618b49180a6f116a63baf19053ee4c269c105,20016,ok,
data/flower_photos/tulips/2503489175_f0848d3e8e.jpg,data/flower_photos/tulips/2503489175_f0848d3e8e.jpg,tulips,500,332,1.5060240963855422,RGB,JPEG,RGB,,1344f42f11e9cc3fb5646538261c8b8aa284c4b7cdfec03ea3ab561e3b611e0b,104384,ok,
data/flower_photos/tulips/251811158_75fa3034ff.jpg,data/flower_photos/tulips/251811158_75fa3034ff.jpg,tulips,500,376,1.3297872340425532,RGB,JPEG,RGB,,cd1fb5255b2814e0d466e3f7a839aa43b726c7a1493ce2433347aca8392e6f86,133431,ok,
data/flower_photos/tulips/2535936698_78cc03df3f_n.jpg,data/flower_photos/tulips/2535936698_78cc03df3f_n.jpg,tulips,320,213,1.5023474178403755,RGB,JPEG,RGB,,9bb8e836e1fd2b8ba9cf058ad92b59a57daafcd13dd04bc2b22d18ddc414892f,18735,ok,
data/flower_photos/tulips/2785458179_9130812eef_m.jpg,data/flower_photos/tulips/2785458179_9130812eef_m.jpg,tulips,216,240,0.9,RGB,JPEG,RGB,,751a2591d33da6aeffdf515eb560c3df8e928ec2958fe458947d90e4cb2ef013,16897,ok,
data/flower_photos/tulips/2813649953_2b0f20fe94_n.jpg,data/flower_photos/tulips/2813649953_2b0f20fe94_n.jpg,tulips,320,208,1.5384615384615385,RGB,JPEG,RGB,,5b750547d94e061aeea76ffd0f40286e723191835dcc2c0ef3999504b31fab00,24249,ok,
data/flower_photos/tulips/2813658587_337eeef124_n.jpg,data/flower_photos/tulips/2813658587_337eeef124_n.jpg,tulips,320,253,1.2648221343873518,RGB,JPEG,RGB,,89ad381e4d8b5340f825907012193b41105bacde17f16f9f036a4814d4248c4e,47208,ok,
data/flower_photos/tulips/2834890466_1cf220fba1.jpg,data/flower_photos/tulips/2834890466_1cf220fba1.jpg,tulips,500,335,1.492537313432836,RGB,JPEG,RGB,,0b028679a55cbad7344738f1acf98402b8740003a678d63dfe7ab31faa5f6b2c,66378,ok,
data/flower_photos/tulips/2936181186_38ff43492e.jpg,data/flower_photos/tulips/2936181186_38ff43492e.jpg,tulips,500,375,1.3333333333333333,RGB,JPEG,RGB,,07458e3c60f030c10873a32135e7b55f9f5f3ecbd259b5708bb979d526792198,82140,ok,
data/flower_photos/tulips/3002863623_cd83d6e634.jpg,data/flower_photos/tulips/3002863623_cd83d6e634.jpg,tulips,500,375,1.3333333333333333,RGB,JPEG,RGB,,e373788ce90355dbc0678e440bb552c3d00720e98811545c38476279e791b71e,199286,ok,
data/flower_photos/tulips/3011223301_09b4e3edb7.jpg,data/flower_photos/tulips/3011223301_09b4e3edb7.jpg,tulips,500,333,1.5015015015015014,RGB,JPEG,RGB,,eccf47021077e07a831886ce40bbd7d053cf1b27925cef94206e5e6fc83afbe8,235266,ok,
data/flower_photos/tulips/303858799_942b9c09e7_m.jpg,data/flower_photos/tulips/303858799_942b9c09e7_m.jpg,tulips,180,240,0.75,RGB,JPEG,RGB,,4dba82270649d501708438a27c794c31abe31684b392bc262f2e848894a457c4,23231,ok,
data/flower_photos/tulips/3105702091_f02ce75226.jpg,data/flower_photos/tulips/3105702091_f02ce75226.jpg,tulips,500,333,1.5015015015015014,RGB,JPEG,RGB,,b715965e30b4e2c6916534af3b796952b7de0e2ebaddec592f7bb40feed046b6,116195,ok,
data/flower_photos/tulips/3143110904_66b4851a58_n.jpg,data/flower_photos/tulips/3143110904_66b4851a58_n.jpg,tulips,320,213,1.5023474178403755,RGB,JPEG,RGB,,b89c644bc6e41f199df4d7dcf8a23271ede22bc604e72276d5ea9b94e50e4b0b,56644,ok,
data/flower_photos/tulips/3150964108_24dbec4b23_m.jpg,data/flower_photos/tulips/3150964108_24dbec4b23_m.jpg,tulips,240,240,1.0,RGB,JPEG,RGB,,85c1b4441bd0df2d8dcd56452d346ba0870f2075e20633b7887afe7379337f47,12597,ok,
data/flower_photos/tulips/3186520634_30e1c67aa5_n.jpg,data/flower_photos/tulips/3186520634_30e1c67aa5_n.jpg,tulips,320,278,1.1510791366906474,RGB,JPEG,RGB,,05d32fce4c26b9b2ade63e458f62ab876caebc0b3063bda410f62269d2be24ce,23145,ok,
data/flower_photos/tulips/3210019014_1bbd8bff20_n.jpg,data/flower_photos/tulips/3210019014_1bbd8bff20_n.jpg,tulips,320,239,1.3389121338912133,RGB,JPEG,RGB,,7c9557af7158aa9b045294a93c76a6757c8356a8d341d747d210c383f4e77709,27114,ok,
data/flower_photos/tulips/3213012716_b4c0f7db88.jpg,data/flower_photos/tulips/3213012716_b4c0f7db88.jpg,tulips,500,332,1.5060240963855422,RGB,JPEG,RGB,,1d6cdaec88a56c9d91813977175bb784955db64e135a345dc6ff1194449b7ffe,94061,ok,
data/flower_photos/tulips/3238068295_b2a7b17f48_n.jpg,data/flower_photos/tulips/3238068295_b2a7b17f48_n.jpg,tulips,320,240,1.3333333333333333,RGB,JPEG,RGB,,3931bb14b970eba58209edde1bbfb4c058943304f701979c17914391d139913b,37236,ok,
data/flower_photos/tulips/3253320570_b617f7fd4b.jpg,data/flower_photos/tulips/3253320570_b617f7fd4b.jpg,tulips,500,335,1.492537313432836,RGB,JPEG,RGB,,6bd6c90ba5b06ba1214d0d9affb6a894e46ce654ff9641e93aa070c934efbc2e,81748,ok,
data/flower_photos/tulips/3254533919_cb0b8af26c.jpg,data/flower_photos/tulips/3254533919_cb0b8af26c.jpg,tulips,500,277,1.8050541516245486,RGB,JPEG,RGB,,f3181df82a1084fe017bbe893a12725530d62fecbbe1c17ead632036b7fb7c7a,228201,ok,
data/flower_photos/tulips/3282751630_45c2665034_m.jpg,data/flower_photos/tulips/3282751630_45c2665034_m.jpg,tulips,240,240,1.0,RGB,JPEG,RGB,,264fb5f431be0c93f7268d9681259ee17f997cd5e2a8d23b6a81385037d23ec9,15823,ok,
data/flower_photos/tulips/3396033831_bb88d93630.jpg,data/flower_photos/tulips/3396033831_bb88d93630.jpg,tulips,500,333,1.5015015015015014,RGB,JPEG,RGB,,8eb475c7aee96f931492fd67411588d94fd0a06c031faec93b509b02cdd615a9,84780,ok,
data/flower_photos/tulips/3404038663_f62cf8eba3_n.jpg,data/flower_photos/tulips/3404038663_f62cf8eba3_n.jpg,tulips,320,240,1.3333333333333333,RGB,JPEG,RGB,,6ecfaffe5e599008c5719c7482ca8af86c13aa310377b26c756aa3acedb75733,52171,ok,
data/flower_photos/tulips/3421027755_cdb8fef8e8_n.jpg,data/flower_photos/tulips/3421027755_cdb8fef8e8_n.jpg,tulips,320,213,1.5023474178403755,RGB,JPEG,RGB,,9be9e5bb1291e353bc9027d1922c2c6ece47328459c83008e1e2c90b0916db86,32865,ok,
data/flower_photos/tulips/3422915985_9bf7264d36.jpg,data/flower_photos/tulips/3422915985_9bf7264d36.jpg,tulips,500,388,1.288659793814433,RGB,JPEG,RGB,,a3d02062b24bd6aedc742e7875ca298ef4d6140a7273b7e3577c48422ff6f415,62910,ok,
data/flower_photos/tulips/3430229687_32645b5738.jpg,data/flower_photos/tulips/3430229687_32645b5738.jpg,tulips,500,333,1.5015015015015014,RGB,JPEG,RGB,,5afe6ae9e5810b190bcb35761d782272e462fd6c7935010f8ba9df1a6b10f768,111036,ok,
data/flower_photos/tulips/3433265727_0b8022e091.jpg,data/flower_photos/tulips/3433265727_0b8022e091.jpg,tulips,500,313,1.597444089456869,RGB,JPEG,RGB,,f91d31a2475593a64b93dd71f4c2c9f62794a15dc5c4efec09f2fcb4973be55b,154067,ok,
data/flower_photos/tulips/3446285408_4be9c0fded_m.jpg,data/flower_photos/tulips/3446285408_4be9c0fded_m.jpg,tulips,203,240,0.8458333333333333,RGB,JPEG,RGB,,d6dd2f64031b065cd2236204035c3c6768decd5cd02a938c05baac5820a4bff9,21782,ok,
data/flower_photos/tulips/3447650747_8299786b80_n.jpg,data/flower_photos/tulips/3447650747_8299786b80_n.jpg,tulips,320,213,1.5023474178403755,RGB,JPEG,RGB,,c649a959bba55e32fe6bab9acca18277fe82be92b4f7d91dcd7531081ce6df5b,55100,ok,
data/flower_photos/tulips/3449794006_8c289840aa.jpg,data/flower_photos/tulips/3449794006_8c289840aa.jpg,tulips,500,334,1.4970059880239521,RGB,JPEG,RGB,,4af999f2f9194b0cd42578aca2245311d1c1ae026a2292b3fa30e650421cceab,71350,ok,
data/flower_photos/tulips/3454461550_64d6e726bf_m.jpg,data/flower_photos/tulips/3454461550_64d6e726bf_m.jpg,tulips,218,240,0.9083333333333333,RGB,JPEG,RGB,,c88afaff96661f6395ab1da57c5467901b36cab59c76f0dec39124482c67f59c,21575,ok,
data/flower_photos/tulips/3455026124_d66cafb9fc.jpg,data/flower_photos/tulips/3455026124_d66cafb9fc.jpg,tulips,500,332,1.5060240963855422,RGB,JPEG,RGB,,94e07063cbda5c4bbbffa6b07a8c694bd9201b9acf93f7da0c23c4b30dabc020,113951,ok,
data/flower_photos/tulips/3457017604_90e4de7480_m.jpg,data/flower_photos/tulips/3457017604_90e4de7480_m.jpg,tulips,180,240,0.75,RGB,JPEG,RGB,,b8263ac0915c3819c3a6d9f3303f7dbb31001af450cb164503d8896d9b8d33ae,24298,ok,
data/flower_photos/tulips/3459922572_bc8516b5fe_m.jpg,data/flower_photos/tulips/3459922572_bc8516b5fe_m.jpg,tulips,180,240,0.75,RGB,JPEG,RGB,,08e1ede18e56a8cc8639fc906781a61476e331a186a940781b70930f6d7708ac,19407,ok,
data/flower_photos/tulips/3474066174_8d3b3e8f97_n.jpg,data/flower_photos/tulips/3474066174_8d3b3e8f97_n.jpg,tulips,320,213,1.5023474178403755,RGB,JPEG,RGB,,c8dd3601ce865864ee4a00738750fef79ef6aa8a760bda470376495696ebcc1f,27370,ok,
data/flower_photos/tulips/3476945045_97ff41e8ec_n.jpg,data/flower_photos/tulips/3476945045_97ff41e8ec_n.jpg,tulips,320,240,1.3333333333333333,RGB,JPEG,RGB,,0f787e5dd50b5129b7bd6b524dc7d6f62303f6bd2be3cff8d053d1c0f9b31685,43073,ok,
data/flower_photos/tulips/3485767306_6db7bdf536.jpg,data/flower_photos/tulips/3485767306_6db7bdf536.jpg,tulips,500,375,1.3333333333333333,RGB,JPEG,RGB,,6707797bfca5f2d7679cec95f4aaa81621cce203d036ca65abeb539f433db829,186665,ok,
data/flower_photos/tulips/3498663243_42b39b4185_m.jpg,data/flower_photos/tulips/3498663243_42b39b4185_m.jpg,tulips,180,240,0.75,RGB,JPEG,RGB,,7425becca4bd5ed6636e33d0a61dab88c7e95e42cf967cadf0e8fb1f90513292,23948,ok,
data/flower_photos/tulips/3501996215_1c6d1a3386_n.jpg,data/flower_photos/tulips/3501996215_1c6d1a3386_n.jpg,tulips,320,240,1.3333333333333333,RGB,JPEG,RGB,,4f07a043cca635a6f4df9d7eaced89399f000f3cf56baf562fc39f5e47caffcb,44006,ok,
data/flower_photos/tulips/3502085373_edc2c36992_n.jpg,data/flower_photos/tulips/3502085373_edc2c36992_n.jpg,tulips,320,240,1.3333333333333333,RGB,JPEG,RGB,,2bf524e929ea9a4a807f682e427104686909861d6d3caa8e15dbb4e7b5aedf64,72100,ok,
data/flower_photos/tulips/3502251824_3be758edc6_m.jpg,data/flower_photos/tulips/3502251824_3be758edc6_m.jpg,tulips,180,240,0.75,RGB,JPEG,RGB,,0c2db259aac0c8ce3673701fcd73908ba0fe462396e7186501f4d7ee86396e98,30299,ok,
data/flower_photos/tulips/3502615974_ef4bd13202_n.jpg,data/flower_photos/tulips/3502615974_ef4bd13202_n.jpg,tulips,320,240,1.3333333333333333,RGB,JPEG,RGB,,eb6567fd4c60c8a960478d8817d016b34f09bfcba35900f44c5037bb11a51c10,61910,ok,
data/flower_photos/tulips/3502632842_791dd4be18_n.jpg,data/flower_photos/tulips/3502632842_791dd4be18_n.jpg,tulips,320,240,1.3333333333333333,RGB,JPEG,RGB,,e85603d25e8bad1653f5f1ff5afd42d313d3a0c7e194089923087c120a8bdf4f,28678,ok,
data/flower_photos/tulips/3502685880_f026400dce_n.jpg,data/flower_photos/tulips/3502685880_f026400dce_n.jpg,tulips,320,240,1.3333333333333333,RGB,JPEG,RGB,,55e3bbc6d80d6abe11242ad3fdeac22665811a3c1ee28fa100d3cc06098b430b,58615,ok,
data/flower_photos/tulips/3502974120_9f1eceaf8b_n.jpg,data/flower_photos/tulips/3502974120_9f1eceaf8b_n.jpg,tulips,320,240,1.3333333333333333,RGB,JPEG,RGB,,cbf5a4712341619887a317e4bc7adf3fd9e66c507007380b38ea733f3e21c732,51265,ok,
data/flower_photos/tulips/3506615859_9850830cf0.jpg,data/flower_photos/tulips/3506615859_9850830cf0.jpg,tulips,500,316,1.5822784810126582,RGB,JPEG,RGB,,7da54907d0e7e2ba3cf9b0862fd592fec56baea6ed97fddd0d100f180d2253ca,133899,ok,
data/flower_photos/tulips/3510294699_bc4c72cb7d_n.jpg,data/flower_photos/tulips/3510294699_bc4c72cb7d_n.jpg,tulips,320,240,1.3333333333333333,RGB,JPEG,RGB,,db3eb2eb4100926830f82ea01b5e48696c36add5a66093ae189bc82f81ba4d56,56677,ok,
data/flower_photos/tulips/3510799169_0ed6ae9669_n.jpg,data/flower_photos/tulips/3510799169_0ed6ae9669_n.jpg,tulips,320,224,1.4285714285714286,RGB,JPEG,RGB,,bd57e7dfa3a9163ac91754393c6fa46e0f012deaeacc85c8891d95643622ef96,61625,ok,
data/flower_photos/tulips/3511104954_54eace015c_n.jpg,data/flower_photos/tulips/3511104954_54eace015c_n.jpg,tulips,320,224,1.4285714285714286,RGB,JPEG,RGB,,47816d5e0bb5d227ec960f8778419f2aefd276145207ce7e31c828e108ae4122,61031,ok,
data/flower_photos/tulips/3511776685_3635087b12_n.jpg,data/flower_photos/tulips/3511776685_3635087b12_n.jpg,tulips,320,208,1.5384615384615385,RGB,JPEG,RGB,,71b560c6bdeff34ebc354d54bd531fc67a3e2aae7d34c8b94c10f6a1b9199377,53425,ok,
data/flower_photos/tulips/3516269489_cef36e87a6.jpg,data/flower_photos/tulips/3516269489_cef36e87a6.jpg,tulips,500,281,1.7793594306049823,RGB,JPEG,RGB,,e68bd949d4f2542d0a18f10a1c0e9168197052641cc75b7a94009f9ff160d933,101206,ok,
data/flower_photos/tulips/3516271083_fba63b5861.jpg,data/flower_photos/tulips/3516271083_fba63b5861.jpg,tulips,500,281,1.7793594306049823,RGB,JPEG,RGB,,56074321246cc99466ca18acd4a9cbf3b62400c63b8d2e1572cd2d0e61c7c431,108686,ok,
data/flower_photos/tulips/3523398585_376960a611_m.jpg,data/flower_photos/tulips/3523398585_376960a611_m.jpg,tulips,180,240,0.75,RGB,JPEG,RGB,,3016b11149101fd993023ec991dd56596d8b5fa0435a840b55c34c88d34cc56b,23818,ok,
data/flower_photos/tulips/3524204544_7233737b4f_m.jpg,data/flower_photos/tulips/3524204544_7233737b4f_m.jpg,tulips,180,240,0.75,RGB,JPEG,RGB,,1574df7f80c7926d8e672121fc3314532d53a5ec4cd62c19120bee966d0b5666,27552,ok,
data/flower_photos/tulips/3529889389_ab4cb6c43b.jpg,data/flower_photos/tulips/3529889389_ab4cb6c43b.jpg,tulips,500,375,1.3333333333333333,RGB,JPEG,RGB,,b957a59c4a0cfb3f4205508155426ffe4957a9e9aa522e27f680cc56bb21e535,53671,ok,
data/flower_photos/tulips/3540595981_73f14d1227_n.jpg,data/flower_photos/tulips/3540595981_73f14d1227_n.jpg,tulips,320,213,1.5023474178403755,RGB,JPEG,RGB,,17f1015cb8117943fe4539762c01453b8caa632a8f2148db669a633c460fd0f2,50545,ok,
data/flower_photos/tulips/3558517884_0c7ca8b862_m.jpg,data/flower_photos/tulips/3558517884_0c7ca8b862_m.jpg,tulips,240,177,1.3559322033898304,RGB,JPEG,RGB,,ed5413978f58d2cbd6944f8dc0f2c270d1c109e7e5c24d77671101589ba56bff,17129,ok,
data/flower_photos/tulips/3600510954_a51bfc5440_n.jpg,data/flower_photos/tulips/3600510954_a51bfc5440_n.jpg,tulips,320,240,1.3333333333333333,RGB,JPEG,RGB,,152ad6315ea80436284196fc1dcfa846114387cb329b97a5a8f2cb1edff16585,39425,ok,
data/flower_photos/tulips/3601085193_de1195d3d7_n.jpg,data/flower_photos/tulips/3601085193_de1195d3d7_n.jpg,tulips,320,226,1.415929203539823,RGB,JPEG,RGB,,3a7f32da44f437f2a8e8e0aa73ae9bd20fdc5fed931531db5745f546f51ccb06,30810,ok,
data/flower_photos/tulips/3614805920_7a6610aa4b_n.jpg,data/flower_photos/tulips/3614805920_7a6610aa4b_n.jpg,tulips,320,211,1.5165876777251184,RGB,JPEG,RGB,,9f4c9b58ecdde20de867c70620315acf95028f6c69911a31c4e31bf81f3c4f25,23841,ok,
data/flower_photos/tulips/3626132563_d955973447_n.jpg,data/flower_photos/tulips/3626132563_d955973447_n.jpg,tulips,320,240,1.3333333333333333,RGB,JPEG,RGB,,446a25af4cc0b8c84fbf39333d93b5dcd3dc4e7af9bfcf9b9b9677150608f5bc,70090,ok,
data/flower_photos/tulips/3637371174_a8dfcc1b35.jpg,data/flower_photos/tulips/3637371174_a8dfcc1b35.jpg,tulips,500,333,1.5015015015015014,RGB,JPEG,RGB,,24e82629dcab116c711bebe669dc8d5663b663422436894eea303be2afda7bf5,63596,ok,
data/flower_photos/tulips/38287568_627de6ca20.jpg,data/flower_photos/tulips/38287568_627de6ca20.jpg,tulips,500,333,1.5015015015015014,RGB,JPEG,RGB,,3fd1768e4e11442576b024be8ccc384ec6455c785f71594c61c63436587cf259,39246,ok,
data/flower_photos/tulips/3909355648_42cb3a5e09_n.jpg,data/flower_photos/tulips/3909355648_42cb3a5e09_n.jpg,tulips,320,240,1.3333333333333333,RGB,JPEG,RGB,,a9b04fc1b18e4948785e9ddff82115690a830abc381972aee3f267ec288388b1,46388,ok,
data/flower_photos/tulips/391477275_7c2f50a1a7_m.jpg,data/flower_photos/tulips/391477275_7c2f50a1a7_m.jpg,tulips,240,236,1.0169491525423728,RGB,JPEG,RGB,,c9d738de97fed20bb34869da216078ce3c6954339a4b5851cdac0aa9149a2710,22702,ok,
data/flower_photos/tulips/3990746027_338ee436d2_n.jpg,data/flower_photos/tulips/3990746027_338ee436d2_n.jpg,tulips,320,240,1.3333333333333333,RGB,JPEG,RGB,,15befbfc375a56a3dd70eda897580478f77d775d5703f5c0809d8d24074e7f2a,73312,ok,
data/flower_photos/tulips/3990989735_59e2751151_n.jpg,data/flower_photos/tulips/3990989735_59e2751151_n.jpg,tulips,320,240,1.3333333333333333,RGB,JPEG,RGB,,344b1d6f0e5e093a2525fc5f780afcbb53b20908b30b47010daff6a81738e5b9,95081,ok,
data/flower_photos/tulips/3991423020_9aaf2b5974_n.jpg,data/flower_photos/tulips/3991423020_9aaf2b5974_n.jpg,tulips,320,240,1.3333333333333333,RGB,JPEG,RGB,,ece921d3eb983b41ec3812e6bbb77d040041cfd4173ebc0182ffccd1d22b6ee4,49182,ok,
data/flower_photos/tulips/3991742794_edebc6c8a0_n.jpg,data/flower_photos/tulips/3991742794_edebc6c8a0_n.jpg,tulips,320,240,1.3333333333333333,RGB,JPEG,RGB,,8298aaf570c9c3f5f8d37d205279367345d10c75db3de123b1308e85b31c38ae,69968,ok,
data/flower_photos/tulips/402525114_eaa60c8341_m.jpg,data/flower_photos/tulips/402525114_eaa60c8341_m.jpg,tulips,180,240,0.75,RGB,JPEG,RGB,,e3deccb8f42bc48e47a33dfc0ea8c14d297eaebb7c629b7ba38063a275f5a16f,44402,ok,
data/flower_photos/tulips/4042180234_64cd2859c9_m.jpg,data/flower_photos/tulips/4042180234_64cd2859c9_m.jpg,tulips,240,192,1.25,RGB,JPEG,RGB,,a3ab80627a5719c8d2a98c4bbc7cee291ff8d249103171a575875095078a26f2,46635,ok,
data/flower_photos/tulips/405035580_94b793e71d.jpg,data/flower_photos/tulips/405035580_94b793e71d.jpg,tulips,500,333,1.5015015015015014,RGB,JPEG,RGB,,ef69f7f8399ce7a26dd46accc00dd332ae7331bf35b67baa8fb95e1f63a7a724,188606,ok,
data/flower_photos/tulips/4117620896_070e5887ae_m.jpg,data/flower_photos/tulips/4117620896_070e5887ae_m.jpg,tulips,240,240,1.0,RGB,JPEG,RGB,,00a3d09b7404faf45d05a72c47dd4376d73fbc3b052db575fb1353f42a5100a2,45233,ok,
data/flower_photos/tulips/420216121_3ee33723d7_m.jpg,data/flower_photos/tulips/420216121_3ee33723d7_m.jpg,tulips,240,240,1.0,RGB,JPEG,RGB,,e11010772f9dcf9ae89929f62193509f68fba2400106b13e86ce55e4883ce028,35049,ok,
data/flower_photos/tulips/4209052442_7e754f617c_n.jpg,data/flower_photos/tulips/4209052442_7e754f617c_n.jpg,tulips,320,240,1.3333333333333333,RGB,JPEG,RGB,,704b5383633ff999721d0027a6bd445e48a58531a4bb5996d7ef30adb02142f0,70885,ok,
data/flower_photos/tulips/4263272885_1a49ea5209.jpg,data/flower_photos/tulips/4263272885_1a49ea5209.jpg,tulips,500,333,1.5015015015015014,RGB,JPEG,RGB,,492a4958ae8b35184fc7181b1e1565238c6bb8b6f269dd4241cbd42a99b8c69e,181806,ok,
data/flower_photos/tulips/4290566894_c7f061583d_m.jpg,data/flower_photos/tulips/4290566894_c7f061583d_m.jpg,tulips,240,240,1.0,RGB,JPEG,RGB,,bc50e8e718000aed5440d24c9ef962096a5bb6c03361c4679ccdbddb2785ed15,48554,ok,
data/flower_photos/tulips/4300258119_b03f2f956e.jpg,data/flower_photos/tulips/4300258119_b03f2f956e.jpg,tulips,500,333,1.5015015015015014,RGB,JPEG,RGB,,cf8ed5b2d497e1e239ffd533ddcfff7687cd6fef1f4653075dfa7c748c030d87,106885,ok,
data/flower_photos/tulips/430785322_7ddef64c68_m.jpg,data/flower_photos/tulips/430785322_7ddef64c68_m.jpg,tulips,240,192,1.25,RGB,JPEG,RGB,,1cf3952a81fc39ee570d4ea53b82494e1c5d8b0eb5ca7b36b2fd7167f7eb2ec5,34460,ok,
data/flower_photos/tulips/4312181724_16dab26afb_n.jpg,data/flower_photos/tulips/4312181724_16dab26afb_n.jpg,tulips,320,240,1.3333333333333333,RGB,JPEG,RGB,,08e937843dcd7f5ac5dac494b0be0a1f6f854ebbe23742118a3c16014f11579b,34200,ok,
data/flower_photos/tulips/434146736_310a42d9cb_m.jpg,data/flower_photos/tulips/434146736_310a42d9cb_m.jpg,tulips,240,240,1.0,RGB,JPEG,RGB,,dc13e05865b10a17fd5b2135b966e4d8b33a06cf0caae15063c509507d9396cc,27249,ok,
data/flower_photos/tulips/4353419275_79d3904074_n.jpg,data/flower_photos/tulips/4353419275_79d3904074_n.jpg,tulips,320,240,1.3333333333333333,RGB,JPEG,RGB,,f650a17d799e4db2f661304d1d617088c7080c29a93063a70becf2b10dfb7bbe,43662,ok,
data/flower_photos/tulips/4395433872_e073d8c721_n.jpg,data/flower_photos/tulips/4395433872_e073d8c721_n.jpg,tulips,320,240,1.3333333333333333,RGB,JPEG,RGB,,ac07fe4610031a2becbe049e1ac1a3a0b1ebf2e43d29746a3139d6fc300085bb,38020,ok,
data/flower_photos/tulips/440714501_9f8268e1b0.jpg,data/flower_photos/tulips/440714501_9f8268e1b0.jpg,tulips,500,380,1.3157894736842106,RGB,JPEG,RGB,,0e5163e49e66d550489d23efcfa11e0b2691cc7fe6f162765dc54d317ba86a8d,124821,ok,
data/flower_photos/tulips/4418204816_018375acd0_m.jpg,data/flower_photos/tulips/4418204816_018375acd0_m.jpg,tulips,240,240,1.0,RGB,JPEG,RGB,,bde221a48008ed5235731fdccb2d7f12c2a3301c712a92bf69d55c5f11ef0f7c,45669,ok,
data/flower_photos/tulips/443600168_cb08d56511.jpg,data/flower_photos/tulips/443600168_cb08d56511.jpg,tulips,500,345,1.4492753623188406,RGB,JPEG,RGB,,af7e6618f5bd28c92f79911d9360e5c2f44987a2ae2d7810c2c231368bbcab64,129848,ok,
data/flower_photos/tulips/4442928974_9672d630b2_n.jpg,data/flower_photos/tulips/4442928974_9672d630b2_n.jpg,tulips,320,261,1.2260536398467432,RGB,JPEG,RGB,,c83a99d9d750a2bdca55b52fac465f87f03ae8138262cafc424589d196528fdc,39201,ok,
data/flower_photos/tulips/444963906_e41492b692.jpg,data/flower_photos/tulips/444963906_e41492b692.jpg,tulips,500,382,1.3089005235602094,RGB,JPEG,RGB,,d0f0d834719a2a636d3e383e11c045d6eec932a0e51e72f0332e9c320e3f8545,163176,ok,
data/flower_photos/tulips/4497973347_57480ffee9_m.jpg,data/flower_photos/tulips/4497973347_57480ffee9_m.jpg,tulips,180,240,0.75,RGB,JPEG,RGB,,19a31bc3c7c04e9a2659e3ba2d507b986913697e624fd42433a31fd62fd64c8e,25630,ok,
data/flower_photos/tulips/4497976955_3f8c2a21c1_m.jpg,data/flower_photos/tulips/4497976955_3f8c2a21c1_m.jpg,tulips,180,240,0.75,RGB,JPEG,RGB,,c955713e9cb634d95c103708604d9c06e41ee02a2957ff29bcad4d6d81d8c115,21723,ok,
data/flower_photos/tulips/450607536_4fd9f5d17c_m.jpg,data/flower_photos/tulips/450607536_4fd9f5d17c_m.jpg,tulips,240,218,1.1009174311926606,RGB,JPEG,RGB,,bea74ca61cbe936ed2bc2c7cad750b036972d7950688560a28e183ff69070ab6,33762,ok,
data/flower_photos/tulips/4508346090_a27b988f79_n.jpg,data/flower_photos/tulips/4508346090_a27b988f79_n.jpg,tulips,320,213,1.5023474178403755,RGB,JPEG,RGB,,cdd63b7e8c976965ddb79cf4671f1ba62b6d4d20d706890f3925f1f3af69c1f4,26083,ok,
data/flower_photos/tulips/4516198427_0e5099cd8e.jpg,data/flower_photos/tulips/4516198427_0e5099cd8e.jpg,tulips,500,335,1.492537313432836,RGB,JPEG,RGB,,bebc53c27c087d70e9569728a93639124b1887000c228fcee8b6f7b6232b0279,201532,ok,
data/flower_photos/tulips/4520577328_a94c11e806_n.jpg,data/flower_photos/tulips/4520577328_a94c11e806_n.jpg,tulips,320,213,1.5023474178403755,RGB,JPEG,RGB,,a3a03e910f97ad8569bdaf4480b9971c3451d4a276a90a9b4ab51902e17e0bea,43768,ok,
data/flower_photos/tulips/4520582070_d14a14f038.jpg,data/flower_photos/tulips/4520582070_d14a14f038.jpg,tulips,500,333,1.5015015015015014,RGB,JPEG,RGB,,8571e7f9412ba6b20aac78fb0c623ed3c11179837c7835ec1964500765f42723,88314,ok,
data/flower_photos/tulips/4521037085_70d5802e1d_m.jpg,data/flower_photos/tulips/4521037085_70d5802e1d_m.jpg,tulips,175,240,0.7291666666666666,RGB,JPEG,RGB,,3c7bb2ec687060563bbb9c8510ed142307668e6244d55a2c9ec6dca82b113618,20171,ok,
data/flower_photos/tulips/4521496161_2b41d4182e.jpg,data/flower_photos/tulips/4521496161_2b41d4182e.jpg,tulips,500,332,1.5060240963855422,RGB,JPEG,RGB,,289bca9736763abb2ee94adc5c128fafd45e91d950fe46e8d2a6e29b8c7ee1d6,94648,ok,
data/flower_photos/tulips/4522130258_9ee44cf73f_m.jpg,data/flower_photos/tulips/4522130258_9ee44cf73f_m.jpg,tulips,159,240,0.6625,RGB,JPEG,RGB,,dd6f7173d08f6acda0b18d550499d64b426f93c114311a7448569fb4db8d138b,24407,ok,
data/flower_photos/tulips/4522153453_06437ca3af_m.jpg,data/flower_photos/tulips/4522153453_06437ca3af_m.jpg,tulips,192,240,0.8,RGB,JPEG,RGB,,2502bb00dd03118faf61b78ced1e300f6b907305b7d05da62653181b26af719e,30377,ok,
data/flower_photos/tulips/4522764992_e9d70b82c1_m.jpg,data/flower_photos/tulips/4522764992_e9d70b82c1_m.jpg,tulips,192,240,0.8,RGB,JPEG,RGB,,145ab146762cd7f5c15efeba94e4c5b47fa058f9852c54942db19c38b7b0dbcb,20931,ok,
data/flower_photos/tulips/4525067924_177ea3bfb4.jpg,data/flower_photos/tulips/4525067924_177ea3bfb4.jpg,tulips,500,335,1.492537313432836,RGB,JPEG,RGB,,10dda6cb9decda674a3a023f7301e74806c5721d02cc4d829b0616bdafe2a9d2,113079,ok,
data/flower_photos/tulips/4546299243_23cd58eb43.jpg,data/flower_photos/tulips/4546299243_23cd58eb43.jpg,tulips,500,375,1.3333333333333333,RGB,JPEG,RGB,,fc5d3b34190774f599ed09b810188098cc2bdfde1f6f5ccb119357a34ce3b9f7,234322,ok,
data/flower_photos/tulips/4546316433_202cc68c55.jpg,data/flower_photos/tulips/4546316433_202cc68c55.jpg,tulips,500,375,1.3333333333333333,RGB,JPEG,RGB,,2dadc64c3f4f1ea3efb1270dfb404c9349e2d40ee0bdd49cbf752cd631c33c12,239435,ok,
data/flower_photos/tulips/4550091966_7f3e0f8802_n.jpg,data/flower_photos/tulips/4550091966_7f3e0f8802_n.jpg,tulips,320,240,1.3333333333333333,RGB,JPEG,RGB,,577d1870e3606f7a75df3f20830731c1e325047e443640fabc2907c0dce43e5f,29016,ok,
data/flower_photos/tulips/4550117239_5907aaba4c.jpg,data/flower_photos/tulips/4550117239_5907aaba4c.jpg,tulips,500,336,1.4880952380952381,RGB,JPEG,RGB,,492c0b119ec029d7a354694e28a696e3350e7607398a79e3371d6da2c121bf33,149134,ok,
data/flower_photos/tulips/4550278535_dfdf7b74ef.jpg,data/flower_photos/tulips/4550278535_dfdf7b74ef.jpg,tulips,500,372,1.3440860215053763,RGB,JPEG,RGB,,ca84541474fc4a11d8e218c839ef405d5dfff04532f7abf9091746385bb30b4b,111912,ok,
data/flower_photos/tulips/4550805310_5f81c9ba08_n.jpg,data/flower_photos/tulips/4550805310_5f81c9ba08_n.jpg,tulips,320,232,1.3793103448275863,RGB,JPEG,RGB,,1818ff1b7b05860aeb685773c796372e3464246a2c43d3c6f9d714cef0f2361c,61047,ok,
data/flower_photos/tulips/4553203984_9cb9312240_n.jpg,data/flower_photos/tulips/4553203984_9cb9312240_n.jpg,tulips,320,240,1.3333333333333333,RGB,JPEG,RGB,,a16dc5f05e295fbdaf6215591b5edbc06e2127f4b747a37dfe7805c2652ac674,72725,ok,
data/flower_photos/tulips/4555842486_dd214a84d7_n.jpg,data/flower_photos/tulips/4555842486_dd214a84d7_n.jpg,tulips,320,224,1.4285714285714286,RGB,JPEG,RGB,,0def42430e05d410bbb940ab47c805ac6213cba52fda4e32d536b7d538c3eb05,72632,ok,
data/flower_photos/tulips/4558912791_084e440365_m.jpg,data/flower_photos/tulips/4558912791_084e440365_m.jpg,tulips,215,240,0.8958333333333334,RGB,JPEG,RGB,,e0667826a0aacdd1cf7698b98db51aac03c923053099698b53d06f4502f04864,44369,ok,
data/flower_photos/tulips/4561670472_0451888e32_n.jpg,data/flower_photos/tulips/4561670472_0451888e32_n.jpg,tulips,320,213,1.5023474178403755,RGB,JPEG,RGB,,163a8e6de8116988021705144cdd8207b3b12e6b8bef1c42d6bbe805776cd1c9,61111,ok,
data/flower_photos/tulips/4562423077_00b16240dc_n.jpg,data/flower_photos/tulips/4562423077_00b16240dc_n.jpg,tulips,320,240,1.3333333333333333,RGB,JPEG,RGB,,954016151a4d5b1ac0fecb0caa9f2c22627eee2a36c8504eb4c788e34fc0f573,48979,ok,
data/flower_photos/tulips/4565139594_b28d260cb9.jpg,data/flower_photos/tulips/4565139594_b28d260cb9.jpg,tulips,500,333,1.5015015015015014,RGB,JPEG,RGB,,27a9d2e30ed5a9f86a7acf1d9b6fa88238fc78d9bad6043c43d09a39252571a9,78421,ok,
data/flower_photos/tulips/4571353297_5634177744_n.jpg,data/flower_photos/tulips/4571353297_5634177744_n.jpg,tulips,320,213,1.5023474178403755,RGB,JPEG,RGB,,e711ef156d21be943e9742f3ec9e550c975195b9873ce1bced26873d1d7a94af,30448,ok,
data/flower_photos/tulips/4571993204_5b3efe0e78.jpg,data/flower_photos/tulips/4571993204_5b3efe0e78.jpg,tulips,500,333,1.5015015015015014,RGB,JPEG,RGB,,a7a5264746e709ea754a58e40936e5553184f91adbbf3670aca0d1abdc5f4193,128703,ok,
data/flower_photos/tulips/4572955407_87f4805c7b.jpg,data/flower_photos/tulips/4572955407_87f4805c7b.jpg,tulips,500,333,1.5015015015015014,RGB,JPEG,RGB,,cbb23e24e15ab9789617ecb2fcfe92e36b421d16c836bfd420ff6b051b9e1635,185179,ok,
data/flower_photos/tulips/4573822295_5c5c6a5f6a.jpg,data/flower_photos/tulips/4573822295_5c5c6a5f6a.jpg,tulips,500,333,1.5015015015015014,RGB,JPEG,RGB,,42fa6f866a203f5a8689049b2168313a3c48a6303a86aa7e95116e3022cad97e,84023,ok,
data/flower_photos/tulips/4574785121_5d8ec4626e.jpg,data/flower_photos/tulips/4574785121_5d8ec4626e.jpg,tulips,500,333,1.5015015015015014,RGB,JPEG,RGB,,b3d370496110b5015c62621953cafeb59d06c8e7473384d69738155bff3f99b0,127981,ok,
data/flower_photos/tulips/4575963749_2418ff8768.jpg,data/flower_photos/tulips/4575963749_2418ff8768.jpg,tulips,500,333,1.5015015015015014,RGB,JPEG,RGB,,5c93a519b42f9a863f522baf09365f6418d95c0ff5a196d8fd24f6b580742888,76329,ok,
data/flower_photos/tulips/4578030672_e6aefd45af.jpg,data/flower_photos/tulips/4578030672_e6aefd45af.jpg,tulips,500,333,1.5015015015015014,RGB,JPEG,RGB,,ee3d9278f81861f828909e41d86655b0c7985533e0f5b569a7018a0b0165151e,126207,ok,
data/flower_photos/tulips/4579079143_f65b39dd9f.jpg,data/flower_photos/tulips/4579079143_f65b39dd9f.jpg,tulips,500,333,1.5015015015015014,RGB,JPEG,RGB,,ffc41bbad40d8a49f1256e4a482e4ab4b7a074ea3b37c09f30b7aa92c5e7c678,170869,ok,
data/flower_photos/tulips/4579128789_1561575458_n.jpg,data/flower_photos/tulips/4579128789_1561575458_n.jpg,tulips,320,240,1.3333333333333333,RGB,JPEG,RGB,,dfe08fb2417fdb886134acd6062ffc13d7efd4e17a24451f491a1f66f0462bf9,50480,ok,
data/flower_photos/tulips/4580206494_9386c81ed8_n.jpg,data/flower_photos/tulips/4580206494_9386c81ed8_n.jpg,tulips,320,256,1.25,RGB,JPEG,RGB,,b2d5e5ccfe0120c0e38cec7a12e57a40cccb575b3afdb8acad44b5f08c3ff3e4,39365,ok,
data/flower_photos/tulips/4582198748_20fa7caaa1.jpg,data/flower_photos/tulips/4582198748_20fa7caaa1.jpg,tulips,500,325,1.5384615384615385,RGB,JPEG,RGB,,36ca19591e18e4aafd0cf531aa1af3c295fc845953dfc6498a417405d0175d16,83108,ok,
data/flower_photos/tulips/4587872443_a86c692cb8.jpg,data/flower_photos/tulips/4587872443_a86c692cb8.jpg,tulips,500,335,1.492537313432836,RGB,JPEG,RGB,,64403183dcee1a39444646d9d04f03758dda7a13294bc2fb8fb4d395f3372725,75136,ok,
data/flower_photos/tulips/4588904196_3c5825c7f4.jpg,data/flower_photos/tulips/4588904196_3c5825c7f4.jpg,tulips,500,333,1.5015015015015014,RGB,JPEG,RGB,,5c2f9e6da206544982736091d8c0bb9370523cb344c04660fda3a6b90dc34214,97883,ok,
data/flower_photos/tulips/4589624702_b6baa83699_m.jpg,data/flower_photos/tulips/4589624702_b6baa83699_m.jpg,tulips,196,240,0.8166666666666667,RGB,JPEG,RGB,,ff7abbaee9b3ee788676a75b9831d9c43943751ef1f82937bb431dc3d8c5bbc5,14458,ok,
data/flower_photos/tulips/4590702749_e1df8e0c1b.jpg,data/flower_photos/tulips/4590702749_e1df8e0c1b.jpg,tulips,500,333,1.5015015015015014,RGB,JPEG,RGB,,76e18826cd11c9b746ff61cfeb8a44f4447eaa0d5c2393102e10e7147ddd41f3,78078,ok,
data/flower_photos/tulips/4590703575_6371c0a186_n.jpg,data/flower_photos/tulips/4590703575_6371c0a186_n.jpg,tulips,320,213,1.5023474178403755,RGB,JPEG,RGB,,f5bd31a706ec8913c063b1f84947292a85c892a4ba1b12757ca92e6f80d547ce,44670,ok,
data/flower_photos/tulips/4591323356_030d8b6967_m.jpg,data/flower_photos/tulips/4591323356_030d8b6967_m.jpg,tulips,159,240,0.6625,RGB,JPEG,RGB,,8698fa403a7bb15ccd4310f42f8fd058f54db2270d2fd270dc68937f503bb934,33345,ok,
data/flower_photos/tulips/4599815420_8ee42c2382.jpg,data/flower_photos/tulips/4599815420_8ee42c2382.jpg,tulips,500,333,1.5015015015015014,RGB,JPEG,RGB,,fc31ce14d24c35c1304c0919c88379a6e83dd17f6c641e9335046f69a5bf3bb9,71731,ok,
data/flower_photos/tulips/4602809199_d3030cef01_m.jpg,data/flower_photos/tulips/4602809199_d3030cef01_m.jpg,tulips,240,213,1.1267605633802817,RGB,JPEG,RGB,,26d3a97e8c31240d3c2f2c74716b3ddb9e701206a7098a21d3fd2343052f3190,41027,ok,
data/flower_photos/tulips/4604238410_bcec9da4a0_n.jpg,data/flower_photos/tulips/4604238410_bcec9da4a0_n.jpg,tulips,320,264,1.2121212121212122,RGB,JPEG,RGB,,842bcd8ce17289324979c5a4f484e2e59c2767664bf6fd9424ef19d6c9564ab3,31472,ok,
data/flower_photos/tulips/4604272150_0c92385530_n.jpg,data/flower_photos/tulips/4604272150_0c92385530_n.jpg,tulips,320,240,1.3333333333333333,RGB,JPEG,RGB,,824d78db77fb3ebfabfe5b889d313bb00f8b1e202c196387d72f5003e287e7a7,38335,ok,
data/flower_photos/tulips/4612075317_91eefff68c_n.jpg,data/flower_photos/tulips/4612075317_91eefff68c_n.jpg,tulips,320,240,1.3333333333333333,RGB,JPEG,RGB,,300055a6e3761ab655d36d2ef0fb4adf25dea819b040764909d4912a2cc20ff0,57547,ok,
data/flower_photos/tulips/4624404489_11e10fcd33_n.jpg,data/flower_photos/tulips/4624404489_11e10fcd33_n.jpg,tulips,320,213,1.5023474178403755,RGB,JPEG,RGB,,be9f20f39a90e4ddbd1e1247bfc4a899957163cad3a77777108bc46c28411623,24804,ok,
data/flower_photos/tulips/4644110077_ff252cd7c4.jpg,data/flower_photos/tulips/4644110077_ff252cd7c4.jpg,tulips,500,332,1.5060240963855422,RGB,JPEG,RGB,,c13ce04321bc1d19542e4404e6d22aa8a26bf3b95b4c8c2d7db16a51a1e2f863,91594,ok,
data/flower_photos/tulips/466409031_4c10294db5_m.jpg,data/flower_photos/tulips/466409031_4c10294db5_m.jpg,tulips,240,221,1.085972850678733,RGB,JPEG,RGB,,1021ed010c5b26a397cc3b6e7b1042af6f38e564518e22c3acc14d6a40d3850a,21767,ok,
data/flower_photos/tulips/467702445_b8676f60fb_n.jpg,data/flower_photos/tulips/467702445_b8676f60fb_n.jpg,tulips,320,231,1.3852813852813852,RGB,JPEG,RGB,,5ef4e9aa4738f132a28aead9e1b864f71e9259bd3b90dfa9aa042a4e50afe2cc,57774,ok,
data/flower_photos/tulips/467770225_e3b41d4dd3_n.jpg,data/flower_photos/tulips/467770225_e3b41d4dd3_n.jpg,tulips,320,230,1.391304347826087,RGB,JPEG,RGB,,e8455ec546fdeac3d98f4980e704513543147e613406505cf6dcc8a9e142cb8c,59818,ok,
data/flower_photos/tulips/4679869990_7c5f28f2fe_n.jpg,data/flower_photos/tulips/4679869990_7c5f28f2fe_n.jpg,tulips,320,222,1.4414414414414414,RGB,JPEG,RGB,,d6a893a92cd3940c9e70b3e90eabbd4b76536853b1accebba179997727a7b313,33214,ok,
data/flower_photos/tulips/4681062529_36186617d9.jpg,data/flower_photos/tulips/4681062529_36186617d9.jpg,tulips,500,334,1.4970059880239521,RGB,JPEG,RGB,,5e33f1fa7e4ffed0dd2f2994032c8a06ab1dc4caf5373bf61e843d4b3ebcfe88,113175,ok,
data/flower_photos/tulips/470690620_9d3a5bb239.jpg,data/flower_photos/tulips/470690620_9d3a5bb239.jpg,tulips,500,333,1.5015015015015014,RGB,JPEG,RGB,,7c6fb7330a1b8c74750c3234bc420ba5817463e9ebd3d8a4c070ec8bf41e8b85,127445,ok,
data/flower_photos/tulips/471298577_cc7558bcf1.jpg,data/flower_photos/tulips/471298577_cc7558bcf1.jpg,tulips,500,407,1.2285012285012284,RGB,JPEG,RGB,,5c884588f39047d4ab23d2c83692f55237d7db015dc25cc40d4ad62de2744375,123523,ok,
data/flower_photos/tulips/478765271_6a8ca1cfa1_m.jpg,data/flower_photos/tulips/478765271_6a8ca1cfa1_m.jpg,tulips,200,240,0.8333333333333334,RGB,JPEG,RGB,,25dca0f2d362298a372583f0835f87ee079d12eef0eaf15e4f38a40622e4ed3a,25868,ok,
data/flower_photos/tulips/480228053_513791d474.jpg,data/flower_photos/tulips/480228053_513791d474.jpg,tulips,500,368,1.358695652173913,RGB,JPEG,RGB,,8d7bc2835810b7556b7b6ef8b5a940acb2c637341302c9a82c112e30b647ed33,73536,ok,
data/flower_photos/tulips/4838669164_ffb6f67139.jpg,data/flower_photos/tulips/4838669164_ffb6f67139.jpg,tulips,500,332,1.5060240963855422,RGB,JPEG,RGB,,f6fd00ca94a2922da19f115bd364d9f453014de74d59ab4bde164f72552255d7,65351,ok,
data/flower_photos/tulips/483880052_19fdb26a9f.jpg,data/flower_photos/tulips/483880052_19fdb26a9f.jpg,tulips,500,375,1.3333333333333333,RGB,JPEG,RGB,,97d7275b59ef0235a0288483cec06cefd1e9aca8775ee97c52834372d937dd1d,97787,ok,
data/flower_photos/tulips/485266837_671def8627.jpg,data/flower_photos/tulips/485266837_671def8627.jpg,tulips,500,333,1.5015015015015014,RGB,JPEG,RGB,,b13c13459cb9ed9676d4b927b7397a24e4934b960c58503364c9e519e19a6a10,171346,ok,
data/flower_photos/tulips/485415743_eeb5d7c1a5.jpg,data/flower_photos/tulips/485415743_eeb5d7c1a5.jpg,tulips,500,333,1.5015015015015014,RGB,JPEG,RGB,,b1ce2cc559093ae8ed9a368bf3d22774a103b1de9a2b05d4b4745f22b0dc740e,54436,ok,
data/flower_photos/tulips/486896118_bcc7b8e1d6.jpg,data/flower_photos/tulips/486896118_bcc7b8e1d6.jpg,tulips,500,376,1.3297872340425532,RGB,JPEG,RGB,,4a0c3498b5c9d01ee221db20811e8646bb6e3162945dde34782278468dab4ea1,168152,ok,
data/flower_photos/tulips/4890786831_91bb82a9e4_n.jpg,data/flower_photos/tulips/4890786831_91bb82a9e4_n.jpg,tulips,320,235,1.3617021276595744,RGB,JPEG,RGB,,b630cd01e2419e1e3b15d59ede3ccd3fb2647cc6c148a58c3463fcdd49b2aa1a,23016,ok,
data/flower_photos/tulips/489506904_9b68ba211c.jpg,data/flower_photos/tulips/489506904_9b68ba211c.jpg,tulips,500,333,1.5015015015015014,RGB,JPEG,RGB,,e0dfee1df4636e03541e11e7a86f85fb74466747e7ea4c0896228b3a0fb6f22f,55962,ok,
data/flower_photos/tulips/490541142_c37e2b4191_n.jpg,data/flower_photos/tulips/490541142_c37e2b4191_n.jpg,tulips,320,240,1.3333333333333333,RGB,JPEG,RGB,,a68850dcea8e8cdb43f3ff042dfc363db76791122a044894d83d0f5b25193277,54684,ok,
data/flower_photos/tulips/4945315538_97bdd873c4.jpg,data/flower_photos/tulips/4945315538_97bdd873c4.jpg,tulips,500,333,1.5015015015015014,RGB,JPEG,RGB,,bbae3b4f08222d3863282d4a72605cf97e8ba88309023d2e91c4ff6c8cadac98,114939,ok,
data/flower_photos/tulips/495094547_fd2d999c44.jpg,data/flower_photos/tulips/495094547_fd2d999c44.jpg,tulips,500,311,1.607717041800643,RGB,JPEG,RGB,,c45443f1ef4ee0c3b8bbcd3a9e88cb05e354e2e0568afad1efb202eabdd835fd,76617,ok,
data/flower_photos/tulips/4955884820_7e4ce4d7e5_m.jpg,data/flower_photos/tulips/4955884820_7e4ce4d7e5_m.jpg,tulips,180,240,0.75,RGB,JPEG,RGB,,9b233a3e8cdf939030de50c0ff2ff47b19644fc2dd0f1a00febcbaaaa279eaa2,32130,ok,
data/flower_photos/tulips/497305666_b5d4348826_n.jpg,data/flower_photos/tulips/497305666_b5d4348826_n.jpg,tulips,320,240,1.3333333333333333,RGB,JPEG,RGB,,d5be3fc8d2cc3d9482f33755b0e5b701fe076efffbf0751db9ea6990da4cf853,46263,ok,
data/flower_photos/tulips/5012813078_99fb977616_n.jpg,data/flower_photos/tulips/5012813078_99fb977616_n.jpg,tulips,320,213,1.5023474178403755,RGB,JPEG,RGB,,7f6a88c7d1e368cd52bd31e88c8fb58845601b55706373ae3ccbe3552ccabf4f,29553,ok,
data/flower_photos/tulips/503770507_f397245a6a.jpg,data/flower_photos/tulips/503770507_f397245a6a.jpg,tulips,500,342,1.4619883040935673,RGB,JPEG,RGB,,fe772d353c26a388c94504656744c3440375943bbafc4da7573d9213c64845a4,150752,ok,
data/flower_photos/tulips/5043225469_0aa23f3c8f_n.jpg,data/flower_photos/tulips/5043225469_0aa23f3c8f_n.jpg,tulips,320,214,1.4953271028037383,RGB,JPEG,RGB,,20e02cf9d91609a4b7561973c2a79260faa51876d9d1a8cb7b2385cdc7eca6ba,27806,ok,
data/flower_photos/tulips/506350421_2ba59e568e_m.jpg,data/flower_photos/tulips/506350421_2ba59e568e_m.jpg,tulips,180,240,0.75,RGB,JPEG,RGB,,d0427075dc28223d5d93126ba058c9ec95f981cbb63aff8e2ba549567c0a2ba2,20936,ok,
data/flower_photos/tulips/510698601_9f61d6f8d8.jpg,data/flower_photos/tulips/510698601_9f61d6f8d8.jpg,tulips,500,333,1.5015015015015014,RGB,JPEG,RGB,,05cd0d15afad49d8caf5969869bf5bcc1b779270ef4a7ba76a037ce8fea89ff2,68418,ok,
data/flower_photos/tulips/518256494_368a72db37.jpg,data/flower_photos/tulips/518256494_368a72db37.jpg,tulips,500,333,1.5015015015015014,RGB,JPEG,RGB,,41a891100735df99634e1de16a8d700b8be586fa7cb3d9ac7dd7fa5577d00788,222151,ok,
data/flower_photos/tulips/5208680166_c4372477ef_n.jpg,data/flower_photos/tulips/5208680166_c4372477ef_n.jpg,tulips,320,213,1.5023474178403755,RGB,JPEG,RGB,,e9284e5ed0cefae55771431876d95f00c2d49df542384d8d49dde9344178ea19,55525,ok,
data/flower_photos/tulips/5388013398_09a8a0f166_m.jpg,data/flower_photos/tulips/5388013398_09a8a0f166_m.jpg,tulips,240,239,1.00418410041841,RGB,JPEG,RGB,,3ac31c73036a58939ef067893a1f68ea0e33377c3328b8f3c859ad873fcad459,14149,ok,
data/flower_photos/tulips/5417115048_3b78d6c875_n.jpg,data/flower_photos/tulips/5417115048_3b78d6c875_n.jpg,tulips,320,266,1.2030075187969924,RGB,JPEG,RGB,,7dc3b2711e4f53c3cd383702afbbbc882be1620f0ce8c18b613d6deb8209170c,32332,ok,
data/flower_photos/tulips/5430796647_f21b7b0fea.jpg,data/flower_photos/tulips/5430796647_f21b7b0fea.jpg,tulips,500,333,1.5015015015015014,RGB,JPEG,RGB,,7930cc2a054347f4cc06d52e9d0d736e2863807388c9632f1edb2cdfea07d5bb,74980,ok,
data/flower_photos/tulips/5433747333_869a2a172d_m.jpg,data/flower_photos/tulips/5433747333_869a2a172d_m.jpg,tulips,240,218,1.1009174311926606,RGB,JPEG,RGB,,02329431674176aafa4da258c822adaaddf691e1f6c19af3b32682d6f755bce0,27569,ok,
data/flower_photos/tulips/5470898169_52a5ab876c_n.jpg,data/flower_photos/tulips/5470898169_52a5ab876c_n.jpg,tulips,320,214,1.4953271028037383,RGB,JPEG,RGB,,8dad21154d2e96c0b4eccb6c6dc18c60a5f1e8609dfdcca68eee247caafc337b,39428,ok,
data/flower_photos/tulips/54895006_55b49052dc.jpg,data/flower_photos/tulips/54895006_55b49052dc.jpg,tulips,500,333,1.5015015015015014,RGB,JPEG,RGB,,0cd22afe2230b69de2f78283f73928e24b2c25694e5dc4707e45c68cf9663ec7,139353,ok,
data/flower_photos/tulips/5524946579_307dc74476.jpg,data/flower_photos/tulips/5524946579_307dc74476.jpg,tulips,500,333,1.5015015015015014,RGB,JPEG,RGB,,c81fcc88d7712af163644b85db0149e7b045f5144cbc2a172ac349a5121e7a80,120933,ok,
data/flower_photos/tulips/5529939805_1679b014e1_n.jpg,data/flower_photos/tulips/5529939805_1679b014e1_n.jpg,tulips,320,240,1.3333333333333333,RGB,JPEG,RGB,,5a3f585085e3f7cb3ac4e4e6cadba1f3899709e018a7380a9d52bda981f55805,38891,ok,
data/flower_photos/tulips/5543457754_89c44c88de_n.jpg,data/flower_photos/tulips/5543457754_89c44c88de_n.jpg,tulips,320,213,1.5023474178403755,RGB,JPEG,RGB,,4dcc702388a0aa65af755bc60c757126e03848c3fbb36035cbdc6942c778d7d9,52575,ok,
data/flower_photos/tulips/5546723510_39a5a10d3a_n.jpg,data/flower_photos/tulips/5546723510_39a5a10d3a_n.jpg,tulips,320,240,1.3333333333333333,RGB,JPEG,RGB,,8b3d9ea270a1133e6fc2053113041ed22f6308a52db239564f4f0e54552d1177,52070,ok,
data/flower_photos/tulips/5552198702_35856ed8ec.jpg,data/flower_photos/tulips/5552198702_35856ed8ec.jpg,tulips,500,332,1.5060240963855422,RGB,JPEG,RGB,,83d8a4c5af9fb8d8253d6dae76609b51471adc947029059e540d39c4b3509ce9,184554,ok,
data/flower_photos/tulips/5565089564_a30c318f44.jpg,data/flower_photos/tulips/5565089564_a30c318f44.jpg,tulips,500,332,1.5060240963855422,RGB,JPEG,RGB,,5fb4e926fb4cd93433bc56c852fc0a7e2568b454a77e3f7ee7c289402d1e5119,85349,ok,
data/flower_photos/tulips/5574219476_1f46775487_n.jpg,data/flower_photos/tulips/5574219476_1f46775487_n.jpg,tulips,320,213,1.5023474178403755,RGB,JPEG,RGB,,58cc1557fecf435344ed50cf10e959962cd6c3018831f0870f4709f805df159c,15176,ok,
data/flower_photos/tulips/5603625247_e4ff1828af_m.jpg,data/flower_photos/tulips/5603625247_e4ff1828af_m.jpg,tulips,240,239,1.00418410041841,RGB,JPEG,RGB,,7dc2b0f36d1db567c44940d38f834231b6fc23902d64b0babbd9988b576e3a85,31786,ok,
data/flower_photos/tulips/5628970369_54eb9ed31c_n.jpg,data/flower_photos/tulips/5628970369_54eb9ed31c_n.jpg,tulips,320,214,1.4953271028037383,RGB,JPEG,RGB,,203418b315ba2d367788c7f33264c49f28dd26c3996d75bbc6b63541461e97ab,29562,ok,
data/flower_photos/tulips/5631861819_f0eb39a357_m.jpg,data/flower_photos/tulips/5631861819_f0eb39a357_m.jpg,tulips,240,240,1.0,RGB,JPEG,RGB,,4b66ba336abf87ed2b4c36a8070152b93b2b616cf3e8280f6153118d0a0ad714,53859,ok,
data/flower_photos/tulips/5632006303_15acd2cf1e_n.jpg,data/flower_photos/tulips/5632006303_15acd2cf1e_n.jpg,tulips,320,240,1.3333333333333333,RGB,JPEG,RGB,,5bc4b80cb23c6ae2f01697c5d16db69923ac362ea6bb1bda9641c57d37160d32,74998,ok,
data/flower_photos/tulips/5633266048_4f4bfb2cf1_n.jpg,data/flower_photos/tulips/5633266048_4f4bfb2cf1_n.jpg,tulips,320,213,1.5023474178403755,RGB,JPEG,RGB,,af2fb992833ec15a6bfaa3838b8b2f70af64fd5602976bd86f492b6d45cf6441,37629,ok,
data/flower_photos/tulips/5634767665_0ae724774d.jpg,data/flower_photos/tulips/5634767665_0ae724774d.jpg,tulips,500,333,1.5015015015015014,RGB,JPEG,RGB,,700a4b75da3cc519dfc15fbf9c4f0e93fae87419a43e38c102381e50f3697042,133569,ok,
data/flower_photos/tulips/5635347336_bc1400e939_n.jpg,data/flower_photos/tulips/5635347336_bc1400e939_n.jpg,tulips,320,213,1.5023474178403755,RGB,JPEG,RGB,,1acaece13548f17498c4b6495bc522a76c0c851ded55f16aa2498bd279037ec0,78292,ok,
data/flower_photos/tulips/5635348214_a4e2b19ffe.jpg,data/flower_photos/tulips/5635348214_a4e2b19ffe.jpg,tulips,500,333,1.5015015015015014,RGB,JPEG,RGB,,902ec54b752a8e659eaf59635c3e210faad60df240feb57134e1981f6f3d5137,87884,ok,
data/flower_photos/tulips/5637140035_e6c5514f54.jpg,data/flower_photos/tulips/5637140035_e6c5514f54.jpg,tulips,500,333,1.5015015015015014,RGB,JPEG,RGB,,7952843587ecf79818f8bb8ee7ed2203e059937cdf814eb2721ad291aa8a036d,70903,ok,
data/flower_photos/tulips/5644061265_e02135f028_n.jpg,data/flower_photos/tulips/5644061265_e02135f028_n.jpg,tulips,320,240,1.3333333333333333,RGB,JPEG,RGB,,58c220edda99c2c8dfe6f2200930ccd12b9e79eaf66e8fb78fbce948a18b2253,71496,ok,
data/flower_photos/tulips/5653364300_bc557236c7_n.jpg,data/flower_photos/tulips/5653364300_bc557236c7_n.jpg,tulips,320,240,1.3333333333333333,RGB,JPEG,RGB,,c75b3bf2c9b2d11c0c66ec9ab4fc1046e97d1d09af3261a087fdc8937fca7f10,75248,ok,
data/flower_photos/tulips/5661431592_cea1108261_n.jpg,data/flower_photos/tulips/5661431592_cea1108261_n.jpg,tulips,320,240,1.3333333333333333,RGB,JPEG,RGB,,4296963a0e182cf626bb50a41704514dbef27424795231fc2aeb9c3429448bdd,21596,ok,
data/flower_photos/tulips/5665080897_0796f726c9_m.jpg,data/flower_photos/tulips/5665080897_0796f726c9_m.jpg,tulips,162,240,0.675,RGB,JPEG,RGB,,e669e0878c28c07f11bb1d1fd69f18e48c1818180abdce9724d2a7e4bdf40496,15044,ok,
data/flower_photos/tulips/5665708521_799585d229_n.jpg,data/flower_photos/tulips/5665708521_799585d229_n.jpg,tulips,320,240,1.3333333333333333,RGB,JPEG,RGB,,b250bc8529740efae6a1c95e6c1eb7818296a766626f5152e62d3104406958a1,32797,ok,
data/flower_photos/tulips/5666286130_1dc6f66f09_n.jpg,data/flower_photos/tulips/5666286130_1dc6f66f09_n.jpg,tulips,320,240,1.3333333333333333,RGB,JPEG,RGB,,196cda6011b620d1eb1df6a7364e354c951958a230996054f5ce6f89ed8ce96d,47319,ok,
data/flower_photos/tulips/5670916806_df4316006f_n.jpg,data/flower_photos/tulips/5670916806_df4316006f_n.jpg,tulips,320,240,1.3333333333333333,RGB,JPEG,RGB,,12d5fa02aafb63eb6935f104126029188e24aec45df0c315c5383017eef7db22,16480,ok,
data/flower_photos/tulips/5674125303_953b0ecf38.jpg,data/flower_photos/tulips/5674125303_953b0ecf38.jpg,tulips,500,332,1.5060240963855422,RGB,JPEG,RGB,,9049e7de08223559c55a12e8041e343b42b3a02944f6b80ea5a008aa1c0c9f88,182724,ok,
data/flower_photos/tulips/5674127693_1ddbd81097.jpg,data/flower_photos/tulips/5674127693_1ddbd81097.jpg,tulips,500,332,1.5060240963855422,RGB,JPEG,RGB,,284799f94f072149c3ab283b9def2418ababdd24c30ebe088903cea462605804,224273,ok,
data/flower_photos/tulips/5674132053_b40a7d32ca.jpg,data/flower_photos/tulips/5674132053_b40a7d32ca.jpg,tulips,500,332,1.5060240963855422,RGB,JPEG,RGB,,b65cdaab3bb430109f0f4dc995c182fb92b76fd0ee811941cc94620aba98185c,190827,ok,
data/flower_photos/tulips/5674134129_2db5136cba.jpg,data/flower_photos/tulips/5674134129_2db5136cba.jpg,tulips,500,332,1.5060240963855422,RGB,JPEG,RGB,,edadfe773abe79d04d80395ca2a1b734828ea8eda340620c53b601a9b56e6677,149360,ok,
data/flower_photos/tulips/5674167473_ac696c8989_n.jpg,data/flower_photos/tulips/5674167473_ac696c8989_n.jpg,tulips,320,212,1.509433962264151,RGB,JPEG,RGB,,18bab1a5e6471e36f0e32679561092b608a1e9fd86e4a2635105f4fc38984d97,63495,ok,
data/flower_photos/tulips/5674170543_73e3f403fb.jpg,data/flower_photos/tulips/5674170543_73e3f403fb.jpg,tulips,500,332,1.5060240963855422,RGB,JPEG,RGB,,0a6914fba263700623f679ff9e291495f11fe459e6640d9d987747a44d3a1148,246285,ok,
data/flower_photos/tulips/5674695558_61397a1584.jpg,data/flower_photos/tulips/5674695558_61397a1584.jpg,tulips,500,332,1.5060240963855422,RGB,JPEG,RGB,,665a6761bbde647e0f1e3ff492802b66ddbdda6c9c348e46b90066bc92dea9db,168664,ok,
data/flower_photos/tulips/5674704952_9bd225ed9e_n.jpg,data/flower_photos/tulips/5674704952_9bd225ed9e_n.jpg,tulips,320,212,1.509433962264151,RGB,JPEG,RGB,,85f3e5d2da6dfc1c7c480e47cfb46e044c4a0998cb64689f36d5fb4c68d3db33,52273,ok,
data/flower_photos/tulips/5674707464_dc18de05b1.jpg,data/flower_photos/tulips/5674707464_dc18de05b1.jpg,tulips,500,332,1.5060240963855422,RGB,JPEG,RGB,,ed8e935d6df07b9042f2a46bd69e62153be5b1b47df39b266c4ac3a3e369a7f2,199083,ok,
data/flower_photos/tulips/5680695867_baff72fc7c.jpg,data/flower_photos/tulips/5680695867_baff72fc7c.jpg,tulips,500,333,1.5015015015015014,RGB,JPEG,RGB,,bf74d2e60a5da79c04795a4f4b6e6b9fff7fb0007cb00e5295ea8bbc5cc8a8fd,185818,ok,
data/flower_photos/tulips/5682463466_d3e641cb8b.jpg,data/flower_photos/tulips/5682463466_d3e641cb8b.jpg,tulips,500,332,1.5060240963855422,RGB,JPEG,RGB,,b02ba50418c4a299d07405f1650cd23dace5ca07c88207511f71559764d7b76d,176144,ok,
data/flower_photos/tulips/5687705933_55a8c2dbac.jpg,data/flower_photos/tulips/5687705933_55a8c2dbac.jpg,tulips,500,281,1.7793594306049823,RGB,JPEG,RGB,,c5912661b7aa7131f7f5c4eb4fcddd15660434c6f4bd11bb3da5d7c6c5c208e9,142973,ok,
data/flower_photos/tulips/5691090657_2f1e9bf49e_n.jpg,data/flower_photos/tulips/5691090657_2f1e9bf49e_n.jpg,tulips,320,213,1.5023474178403755,RGB,JPEG,RGB,,8add79eece44f5c5460bd9d4fe4cf9d69d44ef90a2dcecd0c8c64e917fc81912,39823,ok,
data/flower_photos/tulips/5691100579_4a2767360a.jpg,data/flower_photos/tulips/5691100579_4a2767360a.jpg,tulips,500,210,2.380952380952381,RGB,JPEG,RGB,,114e20bd93705d7ef4f22ade784eee040d2c9baf5441c79b69e1f10af0576a00,86906,ok,
data/flower_photos/tulips/5691672942_70a93d70fc.jpg,data/flower_photos/tulips/5691672942_70a93d70fc.jpg,tulips,500,333,1.5015015015015014,RGB,JPEG,RGB,,dcb95d56b3ad4565722a7c4598cd52851ced8d4948f48e03ee7c0960989d2f61,98732,ok,
data/flower_photos/tulips/5697471591_200ff951fa_n.jpg,data/flower_photos/tulips/5697471591_200ff951fa_n.jpg,tulips,320,242,1.322314049586777,RGB,JPEG,RGB,,934ee0aede88778de8bef9552b244833669f55f1f21425f4a2ea961ef6b497ee,35069,ok,
data/flower_photos/tulips/5698944116_fd35fe6bea.jpg,data/flower_photos/tulips/5698944116_fd35fe6bea.jpg,tulips,500,333,1.5015015015015014,RGB,JPEG,RGB,,f36228a37ad0d7d491596f2f0b7e25c517549140a0599ed8b21517aa99349505,125801,ok,
data/flower_photos/tulips/5700394524_dc6f8fa9cd_n.jpg,data/flower_photos/tulips/5700394524_dc6f8fa9cd_n.jpg,tulips,320,213,1.5023474178403755,RGB,JPEG,RGB,,3ef0ad1692653ea64a02a5670eb732da8706286ac68254eb93b3cef3ca57f32d,68142,ok,
data/flower_photos/tulips/5700466891_2bcb17fa68_n.jpg,data/flower_photos/tulips/5700466891_2bcb17fa68_n.jpg,tulips,320,234,1.3675213675213675,RGB,JPEG,RGB,,d4de8724a96ce4b32672776e5cdc5dfac461e3ef0c7cedc2265c6b262387e5de,85729,ok,
data/flower_photos/tulips/5704726114_a92f753514.jpg,data/flower_photos/tulips/5704726114_a92f753514.jpg,tulips,500,333,1.5015015015015014,RGB,JPEG,RGB,,e6fbff17b3d3b94afecfd6898fef5a9a5c66784e870eb5f71fffcdca6a7e7376,76813,ok,
data/flower_photos/tulips/5716293002_a8be6a6dd3_n.jpg,data/flower_photos/tulips/5716293002_a8be6a6dd3_n.jpg,tulips,320,240,1.3333333333333333,RGB,JPEG,RGB,,3e8a186d2757b7d6f0101b12b35ab6e6f25dc83cb8ae2d3e300eaa08b3bffad5,44767,ok,
data/flower_photos/tulips/5718781677_d5e9267115_n.jpg,data/flower_photos/tulips/5718781677_d5e9267115_n.jpg,tulips,320,240,1.3333333333333333,RGB,JPEG,RGB,,0feb19b7d0a6759aff5f3052b870dda9c279b7604b5b848762b9289d692db513,46253,ok,
data/flower_photos/tulips/5719416820_3060e3c1f0.jpg,data/flower_photos/tulips/5719416820_3060e3c1f0.jpg,tulips,500,332,1.5060240963855422,RGB,JPEG,RGB,,2b7eafe3a4527f8b0439f693d5e581f130afd781303fa8a1f1d5f9ff94c8f485,136835,ok,
data/flower_photos/tulips/5730908127_da871df0f8.jpg,data/flower_photos/tulips/5730908127_da871df0f8.jpg,tulips,500,333,1.5015015015015014,RGB,JPEG,RGB,,395cda533c340d067956b9eff7e81f4a56f6d442bb26162010d4593d6e7d55bd,111821,ok,
data/flower_photos/tulips/5738195260_b3fc107aa7_n.jpg,data/flower_photos/tulips/5738195260_b3fc107aa7_n.jpg,tulips,320,234,1.3675213675213675,RGB,JPEG,RGB,,e6265769921fa79207b8280260bb8cd6509c981f98082bc632aec7ef5b8f3922,82259,ok,
data/flower_photos/tulips/574373182_2776669a79_n.jpg,data/flower_photos/tulips/574373182_2776669a79_n.jpg,tulips,320,259,1.2355212355212355,RGB,JPEG,RGB,,94db97fced71369f54be15af573bf20fc5a6b50312ad874211f58f4db88bac89,34090,ok,
data/flower_photos/tulips/5755467567_903c31e3d0.jpg,data/flower_photos/tulips/5755467567_903c31e3d0.jpg,tulips,500,333,1.5015015015015014,RGB,JPEG,RGB,,644b37eba0b259c9fffb4a9a5f0af04490417646affabcc2e2b122d6f4103eb3,212659,ok,
data/flower_photos/tulips/5757091018_cdfd79dfa6_m.jpg,data/flower_photos/tulips/5757091018_cdfd79dfa6_m.jpg,tulips,171,240,0.7125,RGB,JPEG,RGB,,9bf5aaf4f673b5d1d76e64a2a11aa38bb034990a6c6ec285e6a39085e69d1c1c,21378,ok,
data/flower_photos/tulips/5810456385_b44358a0ae.jpg,data/flower_photos/tulips/5810456385_b44358a0ae.jpg,tulips,500,321,1.557632398753894,RGB,JPEG,RGB,,99106e9c39b742eba3a432cdb52c4f97b194ccec5bdeabedbe3676211f21425b,83964,ok,
data/flower_photos/tulips/5811004432_266f0f0c6f.jpg,data/flower_photos/tulips/5811004432_266f0f0c6f.jpg,tulips,500,321,1.557632398753894,RGB,JPEG,RGB,,abb1df2174820f370fe844e8c70bf93d83867bc5cbc64bbc298f5d651ce79e36,91135,ok,
data/flower_photos/tulips/5811022098_2523ca4e82.jpg,data/flower_photos/tulips/5811022098_2523ca4e82.jpg,tulips,500,331,1.5105740181268883,RGB,JPEG,RGB,,8b3417e67abe49b870bc9f5fc835e4475f122353110692304a98ea12b799f56a,63720,ok,
data/flower_photos/tulips/5813495998_64be1b8ab6_n.jpg,data/flower_photos/tulips/5813495998_64be1b8ab6_n.jpg,tulips,320,240,1.3333333333333333,RGB,JPEG,RGB,,de2042064e7cf689ddf1c939e213f0df5a98a27e680b70f6bbedd99f4710bd32,46335,ok,
data/flower_photos/tulips/5891485349_cce7b99549.jpg,data/flower_photos/tulips/5891485349_cce7b99549.jpg,tulips,500,300,1.6666666666666667,RGB,JPEG,RGB,,c7a4a211d10722f66cd204c8a39d5aa26579beae4a57bc4c1a33eeee273238cc,160677,ok,
data/flower_photos/tulips/6038098425_b3b4fb62cc_m.jpg,data/flower_photos/tulips/6038098425_b3b4fb62cc_m.jpg,tulips,240,230,1.0434782608695652,RGB,JPEG,RGB,,5a1c80a84cb3a0f6bcc9799ef2122784f55fd3f6fc6a635f692f71aa615931d3,26408,ok,
data/flower_photos/tulips/6187740107_9813ccc41e.jpg,data/flower_photos/tulips/6187740107_9813ccc41e.jpg,tulips,500,334,1.4970059880239521,RGB,JPEG,RGB,,26e68ad2f11b468ca0d68d37f2033952ac41b589f75be80f384462dbe264ca10,77803,ok,
data/flower_photos/tulips/6227136437_6117068599_m.jpg,data/flower_photos/tulips/6227136437_6117068599_m.jpg,tulips,180,240,0.75,RGB,JPEG,RGB,,9ca4df5b8c5432bd50bcfbd19f28a1533c5b76c7134f4d748e16924916bed544,17670,ok,
data/flower_photos/tulips/6227136683_262c6be56b.jpg,data/flower_photos/tulips/6227136683_262c6be56b.jpg,tulips,500,342,1.4619883040935673,RGB,JPEG,RGB,,e7968a5f3b7e1aa25fd4e140dacb2c6695f8c0459359ccb88f970077fac32998,74833,ok,
data/flower_photos/tulips/6267021825_a8316e0dcc_m.jpg,data/flower_photos/tulips/6267021825_a8316e0dcc_m.jpg,tulips,240,240,1.0,RGB,JPEG,RGB,,7dbbdfb38176db55d0139d78e40cdac4ce42f7d11d81afb73d1da71bd6007951,30537,ok,
data/flower_photos/tulips/6325571510_7544b27e57_n.jpg,data/flower_photos/tulips/6325571510_7544b27e57_n.jpg,tulips,320,212,1.509433962264151,RGB,JPEG,RGB,,d934682b6a881879735d7f47dc1ef265cafdd54710f31acb7669c42a3587b66d,30669,ok,
data/flower_photos/tulips/65347450_53658c63bd_n.jpg,data/flower_photos/tulips/65347450_53658c63bd_n.jpg,tulips,320,240,1.3333333333333333,RGB,JPEG,RGB,,133ef3061b7dd82cc64cdf40c56116300bdc4dcef88f80ab93ebefd1725799d6,24706,ok,
data/flower_photos/tulips/6539831765_c21b68910e_n.jpg,data/flower_photos/tulips/6539831765_c21b68910e_n.jpg,tulips,320,222,1.4414414414414414,RGB,JPEG,RGB,,c4c3f44c54748fc8d78ef0f7b0c000867ee36d825f84be006dde0e158e74a955,61771,ok,
data/flower_photos/tulips/6770436217_281da51e49_n.jpg,data/flower_photos/tulips/6770436217_281da51e49_n.jpg,tulips,320,240,1.3333333333333333,RGB,JPEG,RGB,,8adad6d346da22ec084e87246ccfa2801146d50baf193e579b5193dd0822c9e9,30937,ok,
data/flower_photos/tulips/6799076717_575944af91_m.jpg,data/flower_photos/tulips/6799076717_575944af91_m.jpg,tulips,180,240,0.75,RGB,JPEG,RGB,,bdc974092b7efcf20b9be0c8f3e0d7d970103211e7947d834293f6da0e18a768,30965,ok,
data/flower_photos/tulips/6808860548_53796b90ca_n.jpg,data/flower_photos/tulips/6808860548_53796b90ca_n.jpg,tulips,320,240,1.3333333333333333,RGB,JPEG,RGB,,1f94e87507d70f1bcb4d4df844d68ddc5be15e6e7218fd11ae89f57e02b83578,47418,ok,
data/flower_photos/tulips/6876631336_54bf150990.jpg,data/flower_photos/tulips/6876631336_54bf150990.jpg,tulips,500,333,1.5015015015015014,RGB,JPEG,RGB,,22884f35f1cbf891ee34973215625fc1296034e7e345107d6e38163219c46334,129744,ok,
data/flower_photos/tulips/6903831250_a2757fff82_m.jpg,data/flower_photos/tulips/6903831250_a2757fff82_m.jpg,tulips,214,240,0.8916666666666667,RGB,JPEG,RGB,,c2fe7b01a0889d2ef38cb1372419c0a46017bae1134d8179718e82bc9bd89a03,43275,ok,
data/flower_photos/tulips/6905876618_12732b74de_b.jpg,data/flower_photos/tulips/6905876618_12732b74de_b.jpg,tulips,1024,187,5.475935828877005,RGB,JPEG,RGB,,c3032a9158f60cd627e5a212f8508505aac50fb727d1df2525b9f26d6abf50f3,169000,ok,
data/flower_photos/tulips/6931489544_2f35025f7b_m.jpg,data/flower_photos/tulips/6931489544_2f35025f7b_m.jpg,tulips,180,240,0.75,RGB,JPEG,RGB,,91d31022963a81b53a5759a5f034f20560df16c378509c89b30685fab9fac623,17313,ok,
data/flower_photos/tulips/6931674908_8e93bd4554.jpg,data/flower_photos/tulips/6931674908_8e93bd4554.jpg,tulips,500,333,1.5015015015015014,RGB,JPEG,RGB,,ededc11832cfbf0b01d42fec9e5b97b753386a04eef2111a07c2b08ea0d1ed77,113495,ok,
data/flower_photos/tulips/6931708704_fccb06fea8.jpg,data/flower_photos/tulips/6931708704_fccb06fea8.jpg,tulips,500,333,1.5015015015015014,RGB,JPEG,RGB,,03acb95db4897e1567342477414039a6504fea0c62102f928398fb7a4a0cad8d,129082,ok,
data/flower_photos/tulips/6931715360_34edc5a372_m.jpg,data/flower_photos/tulips/6931715360_34edc5a372_m.jpg,tulips,159,240,0.6625,RGB,JPEG,RGB,,d100c549602ff4468510e01be2cf930c62b962abc1752147da93d73248bd431e,15841,ok,
data/flower_photos/tulips/6931748252_68f06086b3.jpg,data/flower_photos/tulips/6931748252_68f06086b3.jpg,tulips,500,333,1.5015015015015014,RGB,JPEG,RGB,,58c778d7da48354abf2f20c4debd2cfdf34540f5323bd0985de4e251798214ca,220451,ok,
data/flower_photos/tulips/6934951920_d43ff8b78d.jpg,data/flower_photos/tulips/6934951920_d43ff8b78d.jpg,tulips,500,332,1.5060240963855422,RGB,JPEG,RGB,,001795f6cec6ce46425d989346868ffaa0017ca9a4ecfb2761894c82ecb685da,224535,ok,
data/flower_photos/tulips/6936168062_a31c28b77c_m.jpg,data/flower_photos/tulips/6936168062_a31c28b77c_m.jpg,tulips,179,240,0.7458333333333333,RGB,JPEG,RGB,,5739f1ebc4795e74a32421427c5adc2b02ffe1bef6f9848de20ca3bcaad0ce94,40546,ok,
data/flower_photos/tulips/6936380780_19c26c918a.jpg,data/flower_photos/tulips/6936380780_19c26c918a.jpg,tulips,500,333,1.5015015015015014,RGB,JPEG,RGB,,9ebb18ab244f9c7d5c0ee9be52f8402d01615c5eaaefd8e6720979ede90bd088,113756,ok,
data/flower_photos/tulips/6948239566_0ac0a124ee_n.jpg,data/flower_photos/tulips/6948239566_0ac0a124ee_n.jpg,tulips,320,213,1.5023474178403755,RGB,JPEG,RGB,,b078388df6f8690cd3937e24b0d5b807a42ad83d2625d2e7e0e47bd468d73696,32483,ok,
data/flower_photos/tulips/6948277038_89d7ff42e2_m.jpg,data/flower_photos/tulips/6948277038_89d7ff42e2_m.jpg,tulips,159,240,0.6625,RGB,JPEG,RGB,,52ddaac9f782ad16f5915ba9ded9d3d30b1634f94c0e8eafd7deddb28fa93fed,23704,ok,
data/flower_photos/tulips/6958243974_8851425ddb_n.jpg,data/flower_photos/tulips/6958243974_8851425ddb_n.jpg,tulips,320,212,1.509433962264151,RGB,JPEG,RGB,,e9ad08a22d67b3c6939a93095b25d3b58e161d49c6bd0c42e4764e872f827c70,71145,ok,
data/flower_photos/tulips/6958342976_a4a9483488_n.jpg,data/flower_photos/tulips/6958342976_a4a9483488_n.jpg,tulips,320,213,1.5023474178403755,RGB,JPEG,RGB,,95101d52eb2c4996ba5b08286e32c060b35833c1581a5cbd98a36fe9009fd800,18094,ok,
data/flower_photos/tulips/6958343928_7e596da4ed_m.jpg,data/flower_photos/tulips/6958343928_7e596da4ed_m.jpg,tulips,159,240,0.6625,RGB,JPEG,RGB,,41e5c89c519561c74a5a5a95a66ea894258b70154027a1463ca703c292849a38,18590,ok,
data/flower_photos/tulips/6970683464_f70838ca3a_n.jpg,data/flower_photos/tulips/6970683464_f70838ca3a_n.jpg,tulips,320,266,1.2030075187969924,RGB,JPEG,RGB,,dbf5b96c586ba5d98e05f613979c5f9a07e28dacf1e27f58874950690a4fa84f,35327,ok,
data/flower_photos/tulips/6982913043_3b873c6a25.jpg,data/flower_photos/tulips/6982913043_3b873c6a25.jpg,tulips,500,314,1.5923566878980893,RGB,JPEG,RGB,,3c769cba8ba0f6b7f7a5e099d8572c3404dfe57823d43fdb9b70b2218d424279,103397,ok,
data/flower_photos/tulips/6989946990_62c639ff16_n.jpg,data/flower_photos/tulips/6989946990_62c639ff16_n.jpg,tulips,320,232,1.3793103448275863,RGB,JPEG,RGB,,9df9c552c226122552f26a5c86ccfc0e0ffa062015f43875848ec2dc63604b98,53000,ok,
data/flower_photos/tulips/6994351792_343e18cbf6_n.jpg,data/flower_photos/tulips/6994351792_343e18cbf6_n.jpg,tulips,320,240,1.3333333333333333,RGB,JPEG,RGB,,ac3c534425f3a7754684023d64847e13243071a9921a21964abd7377c0d18357,39229,ok,
data/flower_photos/tulips/6998661030_46cbb7892a.jpg,data/flower_photos/tulips/6998661030_46cbb7892a.jpg,tulips,500,332,1.5060240963855422,RGB,JPEG,RGB,,0353fe47bda869e348dde773f59dc3c7eac5fbf7a1cf4d32e2c65eeb327cdc7d,72201,ok,
data/flower_photos/tulips/7002703410_3e97b29da5_n.jpg,data/flower_photos/tulips/7002703410_3e97b29da5_n.jpg,tulips,320,213,1.5023474178403755,RGB,JPEG,RGB,,a4ea29a03d002f4dfa461bac0e5e8e12f94a89ac5f3ad6227c163c529d24125e,74403,ok,
data/flower_photos/tulips/7003964080_4566470798_n.jpg,data/flower_photos/tulips/7003964080_4566470798_n.jpg,tulips,320,240,1.3333333333333333,RGB,JPEG,RGB,,9257f9058ad2587c33d7d8aacfd7ff540bdffdf3f5fb50fd60a770ba90670ce1,17512,ok,
data/flower_photos/tulips/7042692841_f323799c0d.jpg,data/flower_photos/tulips/7042692841_f323799c0d.jpg,tulips,500,324,1.5432098765432098,RGB,JPEG,RGB,,4cb2ccfcb58c45b347b4aa915b5c16bb9ea9d30fba6bd1d0ae2ba5e1bf2a5d15,231594,ok,
data/flower_photos/tulips/7046815693_f159e96acd_n.jpg,data/flower_photos/tulips/7046815693_f159e96acd_n.jpg,tulips,320,239,1.3389121338912133,RGB,JPEG,RGB,,7a76b77a4041e8194621c557bff1452d1f3a43e9e287307ffe6b56323d91deb9,58150,ok,
data/flower_photos/tulips/7047408023_6e98fd1e3f.jpg,data/flower_photos/tulips/7047408023_6e98fd1e3f.jpg,tulips,500,333,1.5015015015015014,RGB,JPEG,RGB,,a1267e623873fb8738f30c2ddcd73627bdf238e81583038a532f15fc68d3389a,133559,ok,
data/flower_photos/tulips/7055500907_dcf2bb50e0.jpg,data/flower_photos/tulips/7055500907_dcf2bb50e0.jpg,tulips,500,331,1.5105740181268883,RGB,JPEG,RGB,,3e0aace2aadcfe7552429baeeed29b42f454aac5f72f05da6eba412f6f70354d,94517,ok,
data/flower_photos/tulips/7064778965_ddcc6ee9f2.jpg,data/flower_photos/tulips/7064778965_ddcc6ee9f2.jpg,tulips,500,333,1.5015015015015014,RGB,JPEG,RGB,,cb0355f0e69f024a328fe7937fda37aab68a66530488d6f8fd08a4d65cba1e21,137164,ok,
data/flower_photos/tulips/7064813645_f7f48fb527.jpg,data/flower_photos/tulips/7064813645_f7f48fb527.jpg,tulips,500,333,1.5015015015015014,RGB,JPEG,RGB,,b9d8a06fdaf45730cb948f4601d63b6f39fbb8b3afae43e9933170db7382baac,139697,ok,
data/flower_photos/tulips/7068715863_a534ac7884_n.jpg,data/flower_photos/tulips/7068715863_a534ac7884_n.jpg,tulips,320,240,1.3333333333333333,RGB,JPEG,RGB,,9ce9dc8e0dc758e9359afe9e410ee1eb75df7294155f8907ee7d8c78d47ddb94,28622,ok,
data/flower_photos/tulips/7069622551_348d41c327_n.jpg,data/flower_photos/tulips/7069622551_348d41c327_n.jpg,tulips,320,240,1.3333333333333333,RGB,JPEG,RGB,,c585062f97671fd0143a7bdfb4f4f19ff616eb65c0d628697281ee60de3abcb9,62832,ok,
data/flower_photos/tulips/7070694881_e9a331fa4e_n.jpg,data/flower_photos/tulips/7070694881_e9a331fa4e_n.jpg,tulips,320,213,1.5023474178403755,RGB,JPEG,RGB,,cccfa9658aa175ca14e51f4e67093da6f775d36e47cf43686cb1474d32c6b3db,73762,ok,
data/flower_photos/tulips/7082476907_99beef0dde.jpg,data/flower_photos/tulips/7082476907_99beef0dde.jpg,tulips,500,333,1.5015015015015014,RGB,JPEG,RGB,,92af18b53c738ffa8eb752f3e889cf76f07fb7a25402a242ec8b1744f4e56b45,73010,ok,
data/flower_photos/tulips/7082608511_f4cf233f59_n.jpg,data/flower_photos/tulips/7082608511_f4cf233f59_n.jpg,tulips,320,213,1.5023474178403755,RGB,JPEG,RGB,,bbf7e72d653e6e434152df1d5e423a7b902b6c5758a5887335fa60cb77b0183c,53845,ok,
data/flower_photos/tulips/7094271655_79a6f972c1_n.jpg,data/flower_photos/tulips/7094271655_79a6f972c1_n.jpg,tulips,320,218,1.4678899082568808,RGB,JPEG,RGB,,de6319a1aba64870b9a0855d051fcbcf6c1a2750639828661af8ef60d0fce08c,72845,ok,
data/flower_photos/tulips/7094415739_6b29e5215c_m.jpg,data/flower_photos/tulips/7094415739_6b29e5215c_m.jpg,tulips,159,240,0.6625,RGB,JPEG,RGB,,e529399d733e9079f82295caf5a7064086ad2349a2f50076c44ccaf228b7626c,28696,ok,
data/flower_photos/tulips/7136973281_b2a935ce20.jpg,data/flower_photos/tulips/7136973281_b2a935ce20.jpg,tulips,500,333,1.5015015015015014,RGB,JPEG,RGB,,d8cc91113f374398ceae01faee91e1b0dcd10f429871b6a75854b8537fe4c024,172804,ok,
data/flower_photos/tulips/7144016605_e159b6c06b_m.jpg,data/flower_photos/tulips/7144016605_e159b6c06b_m.jpg,tulips,209,240,0.8708333333333333,RGB,JPEG,RGB,,18a866fc8e915eb0b228dd8d43c1fab7989c82d1d4aeb8ff9661a0bb57c0b95c,42875,ok,
data/flower_photos/tulips/7145978709_2d1596f462.jpg,data/flower_photos/tulips/7145978709_2d1596f462.jpg,tulips,500,333,1.5015015015015014,RGB,JPEG,RGB,,3379822cc4d2d8b8de4c304cbc20fe5775b020c2fc486ae2b67f0f023ee34c16,73513,ok,
data/flower_photos/tulips/7166539842_43b7e02883.jpg,data/flower_photos/tulips/7166539842_43b7e02883.jpg,tulips,500,327,1.529051987767584,RGB,JPEG,RGB,,29d344bfc9e3a7518efb6d30eee6de18536cab808827c25cb0c3bf114a521164,203742,ok,
data/flower_photos/tulips/7166550328_de0d73cfa9.jpg,data/flower_photos/tulips/7166550328_de0d73cfa9.jpg,tulips,500,333,1.5015015015015014,RGB,JPEG,RGB,,eb6ab52139daf00e1956bb0379491e4715d9e2a1f0b597d654e9406f08adb619,185619,ok,
data/flower_photos/tulips/7166552648_28b6dce578.jpg,data/flower_photos/tulips/7166552648_28b6dce578.jpg,tulips,500,333,1.5015015015015014,RGB,JPEG,RGB,,0268c4d66c6840e8e1210a5e30a9b6249820931da5cacd74641a3cc79c080176,66374,ok,
data/flower_photos/tulips/7166554924_432aaae4b2_n.jpg,data/flower_photos/tulips/7166554924_432aaae4b2_n.jpg,tulips,320,213,1.5023474178403755,RGB,JPEG,RGB,,7331335bb0b82afacdb90596e8ccc3572f7c82e5a96ab68cbd39c77e0d800122,24258,ok,
data/flower_photos/tulips/7166564830_8b34a3fd35_n.jpg,data/flower_photos/tulips/7166564830_8b34a3fd35_n.jpg,tulips,320,213,1.5023474178403755,RGB,JPEG,RGB,,ef6df8d2f0341871eef9d718ef6f52f24f3eda6943064b7babc3d19d2604e611,53111,ok,
data/flower_photos/tulips/7166567320_0a2beb6d42.jpg,data/flower_photos/tulips/7166567320_0a2beb6d42.jpg,tulips,500,301,1.6611295681063123,RGB,JPEG,RGB,,d4a87ad4af6a7e5ee286f625428bc5bbb418a437146c113bfee49d5737258cb3,175426,ok,
data/flower_photos/tulips/7166570828_7c26ca5766_n.jpg,data/flower_photos/tulips/7166570828_7c26ca5766_n.jpg,tulips,320,213,1.5023474178403755,RGB,JPEG,RGB,,27e767cb789af08b8026178576aa5ed97dfde185500e081cbbed9578a615cfdc,57966,ok,
data/flower_photos/tulips/7166598930_18d8686ace_n.jpg,data/flower_photos/tulips/7166598930_18d8686ace_n.jpg,tulips,320,227,1.4096916299559472,RGB,JPEG,RGB,,21ce11522a8ed36e46c07b4295e045d2e60cdfaad52ce8ef34058370fcb97008,53096,ok,
data/flower_photos/tulips/7166606598_5d2cd307c3.jpg,data/flower_photos/tulips/7166606598_5d2cd307c3.jpg,tulips,500,333,1.5015015015015014,RGB,JPEG,RGB,,2f54c3cb11c90ef1db9fdcf9f79dec47556f450378378a3fe4dd0ef1a41d98b6,212363,ok,
data/flower_photos/tulips/7166618384_850905fc63_n.jpg,data/flower_photos/tulips/7166618384_850905fc63_n.jpg,tulips,320,213,1.5023474178403755,RGB,JPEG,RGB,,175589f1f5df649386947fac2709203d17ff13b82264dfa57187587e68cbdae7,43840,ok,
data/flower_photos/tulips/7166626128_8e0983ac8e_n.jpg,data/flower_photos/tulips/7166626128_8e0983ac8e_n.jpg,tulips,320,213,1.5023474178403755,RGB,JPEG,RGB,,e04c2c69625b0537dd167208b982385d08646a934ffcd56d05f4a58bd72d4b8e,39390,ok,
data/flower_photos/tulips/7166635566_ee240b5408_n.jpg,data/flower_photos/tulips/7166635566_ee240b5408_n.jpg,tulips,320,213,1.5023474178403755,RGB,JPEG,RGB,,7d8365e8f4192f429e1f2c60c1fc8d8b4ab8db6d1e196321a5503c1e781924b2,38728,ok,
data/flower_photos/tulips/7166640338_46b15d9ec8_n.jpg,data/flower_photos/tulips/7166640338_46b15d9ec8_n.jpg,tulips,320,213,1.5023474178403755,RGB,JPEG,RGB,,cb38d05edcc654ba8974eae6a342c04ebc56f3e9149b3e506aa303b8d24b202c,59295,ok,
data/flower_photos/tulips/7166644048_b00a14f01b.jpg,data/flower_photos/tulips/7166644048_b00a14f01b.jpg,tulips,500,333,1.5015015015015014,RGB,JPEG,RGB,,3eb59b1d40b997e424fdd5bcfad4294aaed8bada2e1ff3c4c037efccb2121460,210915,ok,
data/flower_photos/tulips/7166646966_41d83cd703.jpg,data/flower_photos/tulips/7166646966_41d83cd703.jpg,tulips,500,333,1.5015015015015014,RGB,JPEG,RGB,,c63244d2c4d8121fa812d3deacc869d8b924c2da6a0d53ddeb0e6a4a0951abdf,149754,ok,
data/flower_photos/tulips/7177682195_c29265748d_n.jpg,data/flower_photos/tulips/7177682195_c29265748d_n.jpg,tulips,320,240,1.3333333333333333,RGB,JPEG,RGB,,c37452b99d0ef441bd5797f049ebdcbb992d348c3560c45a3392e95097c2f85e,37652,ok,
data/flower_photos/tulips/7179796338_05e8b1c87b.jpg,data/flower_photos/tulips/7179796338_05e8b1c87b.jpg,tulips,500,333,1.5015015015015014,RGB,JPEG,RGB,,9bd1e480c51d79c450488654558c11d26c15fef39dc0efd895c6cdfe379810c6,72770,ok,
data/flower_photos/tulips/7205145492_baec4dbb94.jpg,data/flower_photos/tulips/7205145492_baec4dbb94.jpg,tulips,500,333,1.5015015015015014,RGB,JPEG,RGB,,d76a3e2bf131a29505ca63dc5bd924e7961ad145d083a4e1a678b1f5a3465d25,156288,ok,
data/flower_photos/tulips/7205698252_b972087cc2.jpg,data/flower_photos/tulips/7205698252_b972087cc2.jpg,tulips,500,331,1.5105740181268883,RGB,JPEG,RGB,,c8c64f65f6e8857a84340315e0df9be52bd3dbbab9832e3aedfdb26ba4919315,97716,ok,
data/flower_photos/tulips/7247182064_f8d6759446_n.jpg,data/flower_photos/tulips/7247182064_f8d6759446_n.jpg,tulips,320,213,1.5023474178403755,RGB,JPEG,RGB,,c0cbd8eb201ddcfb3a42d061d3be0311eefc8ba96ed478f9f1eb05294136b241,73759,ok,
data/flower_photos/tulips/7266196114_c2a736a15a_m.jpg,data/flower_photos/tulips/7266196114_c2a736a15a_m.jpg,tulips,240,240,1.0,RGB,JPEG,RGB,,3be78c076832d44d3752b8331ca3a8178ac9d387834bc72336e112051f9fee6f,35036,ok,
data/flower_photos/tulips/7342871880_c17fe0eb4f_m.jpg,data/flower_photos/tulips/7342871880_c17fe0eb4f_m.jpg,tulips,180,240,0.75,RGB,JPEG,RGB,,495a413dcfc9c1f7712621ad09b214c72397f240be0cd00a95a193e2ca67baa0,24618,ok,
data/flower_photos/tulips/738207467_fc59cfcd9b_z.jpg,data/flower_photos/tulips/738207467_fc59cfcd9b_z.jpg,tulips,640,232,2.7586206896551726,RGB,JPEG,RGB,,d74d396f0667d6178621d0247e81136e78c8fbb6f003db926c77d247e7b7bfca,115861,ok,
data/flower_photos/tulips/7447655334_e8f805ab95_m.jpg,data/flower_photos/tulips/7447655334_e8f805ab95_m.jpg,tulips,240,240,1.0,RGB,JPEG,RGB,,7170cc2a8e07af5f5aef853c6cb50c49e63fac574550d0f0e0e15aa840b80155,24765,ok,
data/flower_photos/tulips/7448453762_aea8739f1b.jpg,data/flower_photos/tulips/7448453762_aea8739f1b.jpg,tulips,500,314,1.5923566878980893,RGB,JPEG,RGB,,75b33fc23f6726e8ea2d34d2bb2e628d54ebfbd370e19b7c4ba451cf5bd99f80,106937,ok,
data/flower_photos/tulips/7481204112_e3c57dd40a_n.jpg,data/flower_photos/tulips/7481204112_e3c57dd40a_n.jpg,tulips,320,240,1.3333333333333333,RGB,JPEG,RGB,,4cb66a355492fa996ed0dcd15f5008e2a53ac07a94c792cee9cb22238ec82f2d,47116,ok,
data/flower_photos/tulips/7481215720_73e40f178f_n.jpg,data/flower_photos/tulips/7481215720_73e40f178f_n.jpg,tulips,320,240,1.3333333333333333,RGB,JPEG,RGB,,efd5eb18fda9906f73e2a28e2fbf0ebdf00812c124db421182c141e27349694a,47297,ok,
data/flower_photos/tulips/7481217920_6f65766a1c_n.jpg,data/flower_photos/tulips/7481217920_6f65766a1c_n.jpg,tulips,320,240,1.3333333333333333,RGB,JPEG,RGB,,8023dc665f7cc3c75748415cf1ab6128fd056f5231186ac6e72ddc0275322e76,53323,ok,
data/flower_photos/tulips/7775145448_c42e638a6a_n.jpg,data/flower_photos/tulips/7775145448_c42e638a6a_n.jpg,tulips,320,240,1.3333333333333333,RGB,JPEG,RGB,,d9f8aa6924b40c393bed77dee888e420ff93988b4e5f1da935e0c4106182a816,32333,ok,
data/flower_photos/tulips/779359602_30abcbf5bb_n.jpg,data/flower_photos/tulips/779359602_30abcbf5bb_n.jpg,tulips,320,240,1.3333333333333333,RGB,JPEG,RGB,,f99699c8484505b4a5d31b398153520ffaa00b367788279c1a521a5a4298a1fa,68199,ok,
data/flower_photos/tulips/7806320016_fcddfc1f8f_n.jpg,data/flower_photos/tulips/7806320016_fcddfc1f8f_n.jpg,tulips,320,272,1.1764705882352942,RGB,JPEG,RGB,,3134f9e9d953f0e4605131cb1313bfe31411d09a3366ae558b652c8680abd865,25491,ok,
data/flower_photos/tulips/8394186551_28eed83a94_m.jpg,data/flower_photos/tulips/8394186551_28eed83a94_m.jpg,tulips,240,240,1.0,RGB,JPEG,RGB,,7aa48e8775ef1ffe101e6cac76ba7c88f5d872157861e2a40aea13f3f9dadf6d,20714,ok,
data/flower_photos/tulips/8454707381_453b4862eb_m.jpg,data/flower_photos/tulips/8454707381_453b4862eb_m.jpg,tulips,163,240,0.6791666666666667,RGB,JPEG,RGB,,156aa9e576cb7b7d2575e21aa76ff5159aa446f73cbd8b2f0a1a098fb3fac826,10789,ok,
data/flower_photos/tulips/8454719295_4276c0e9c5_n.jpg,data/flower_photos/tulips/8454719295_4276c0e9c5_n.jpg,tulips,320,214,1.4953271028037383,RGB,JPEG,RGB,,e9339b52d6c0d827b5c7820bada994d3d11806887751e521408a7f5e5d5f524a,19859,ok,
data/flower_photos/tulips/8484905084_6a18c62b13_m.jpg,data/flower_photos/tulips/8484905084_6a18c62b13_m.jpg,tulips,240,240,1.0,RGB,JPEG,RGB,,3a746abcce92367a1e3d1b42fab7b0de4b4de8778433300901ba247091c14035,23165,ok,
data/flower_photos/tulips/8511683706_4173683d45_m.jpg,data/flower_photos/tulips/8511683706_4173683d45_m.jpg,tulips,240,240,1.0,RGB,JPEG,RGB,,f33dfb4f6da75470b03dfa2ab5b443af03a942e3f7e5473f9dac49da8420a2c1,36782,ok,
data/flower_photos/tulips/8520482921_21dd204ebd_n.jpg,data/flower_photos/tulips/8520482921_21dd204ebd_n.jpg,tulips,320,211,1.5165876777251184,RGB,JPEG,RGB,,45556c0c2ca31a7850929ea8c7f6d2265db34bc912c7ad5f897dc98a0cd99bcf,42422,ok,
data/flower_photos/tulips/8520488975_a50d377f91.jpg,data/flower_photos/tulips/8520488975_a50d377f91.jpg,tulips,500,331,1.5105740181268883,RGB,JPEG,RGB,,de594541a61c768a30de1f3d0846bce27341e548ceed1058cd76a690de095b8c,94824,ok,
data/flower_photos/tulips/8521597402_4b6169ba05.jpg,data/flower_photos/tulips/8521597402_4b6169ba05.jpg,tulips,500,331,1.5105740181268883,RGB,JPEG,RGB,,99fcc7a8ba85463ede9c88956286af729933fae3a511e4601daf702eaecf0285,84428,ok,
data/flower_photos/tulips/8523133474_d2c0845b54.jpg,data/flower_photos/tulips/8523133474_d2c0845b54.jpg,tulips,500,331,1.5105740181268883,RGB,JPEG,RGB,,1f800d6e90ef432df01e849a4a2a253c123b011d0d508252cd2cad45b15c7231,92843,ok,
data/flower_photos/tulips/8554190977_37ac747799_m.jpg,data/flower_photos/tulips/8554190977_37ac747799_m.jpg,tulips,240,240,1.0,RGB,JPEG,RGB,,efcce047d6c39e7e38fcc60347c59114870e908e6005ff5254a4ef06ef33e658,22163,ok,
data/flower_photos/tulips/8555123165_2fe57eff4f.jpg,data/flower_photos/tulips/8555123165_2fe57eff4f.jpg,tulips,500,333,1.5015015015015014,RGB,JPEG,RGB,,4b9eadd2e93fc62ca27cfcd230083febcb1b236c4866aa98b8bb9f9cc76ea40d,122509,ok,
data/flower_photos/tulips/8562853756_73778dac25_n.jpg,data/flower_photos/tulips/8562853756_73778dac25_n.jpg,tulips,320,213,1.5023474178403755,RGB,JPEG,RGB,,9bfe6975a831b681306cd4216987aa19a70a8c10ed97b4971c852488c72a793b,23314,ok,
data/flower_photos/tulips/8572847041_d0cc07861f_n.jpg,data/flower_photos/tulips/8572847041_d0cc07861f_n.jpg,tulips,320,240,1.3333333333333333,RGB,JPEG,RGB,,07b1884001a19afe4a57f96d5024a94549216ca883d03dda1f62f4fdd69cd7a8,27148,ok,
data/flower_photos/tulips/8601596054_33e40c2a7a.jpg,data/flower_photos/tulips/8601596054_33e40c2a7a.jpg,tulips,500,315,1.5873015873015872,RGB,JPEG,RGB,,397df68b8d60be79e831b5fb56a17e987bb77ca4ee6c59d80b1624426183e522,120127,ok,
data/flower_photos/tulips/8603340662_0779bd87fd.jpg,data/flower_photos/tulips/8603340662_0779bd87fd.jpg,tulips,500,322,1.5527950310559007,RGB,JPEG,RGB,,7c21bd6a15a669e1dd08fb33a021af7618081222b0f468cacce5289786b6903f,107767,ok,
data/flower_photos/tulips/8605564823_7a59d3d92a.jpg,data/flower_photos/tulips/8605564823_7a59d3d92a.jpg,tulips,500,332,1.5060240963855422,RGB,JPEG,RGB,,23d02ed69eb7ebbc9d441fd19be618cba5953496ccec9fa739124c0efbadf34a,191904,ok,
data/flower_photos/tulips/8614237582_74417799f4_m.jpg,data/flower_photos/tulips/8614237582_74417799f4_m.jpg,tulips,240,240,1.0,RGB,JPEG,RGB,,20c83b798fc4cc068d02e20537c5fd3da9d434e9efad798272f9730a18f66a76,11220,ok,
data/flower_photos/tulips/8619064872_dea79a9eb9.jpg,data/flower_photos/tulips/8619064872_dea79a9eb9.jpg,tulips,500,332,1.5060240963855422,RGB,JPEG,RGB,,40758ff606e77f9c866e27f1c9e74bf4ce45e589e7e85f9d8841b875f5c0e1d7,112694,ok,
data/flower_photos/tulips/8622237974_b362574785_n.jpg,data/flower_photos/tulips/8622237974_b362574785_n.jpg,tulips,320,212,1.509433962264151,RGB,JPEG,RGB,,d799b7547416575b8e5a2ad9fc58b8d0614fdd448f3d1f20784f6b8434ca124a,35189,ok,
data/flower_photos/tulips/8623170936_83f4152431.jpg,data/flower_photos/tulips/8623170936_83f4152431.jpg,tulips,500,333,1.5015015015015014,RGB,JPEG,RGB,,21f2bedf41dee7ea5b4d19e764e59a00428f85f61288094b0f6f36cb110c8fa7,119751,ok,
data/flower_photos/tulips/8623173256_3f0eb4c506.jpg,data/flower_photos/tulips/8623173256_3f0eb4c506.jpg,tulips,500,333,1.5015015015015014,RGB,JPEG,RGB,,659a76a18584d8d3546e2b847fd51411fb743f9451ae727cf7b8119684c5bb75,97636,ok,
data/flower_photos/tulips/8628453641_6f87755815_m.jpg,data/flower_photos/tulips/8628453641_6f87755815_m.jpg,tulips,240,240,1.0,RGB,JPEG,RGB,,efd12bac2a3bbbb1776df5c0cb80fbdd27e727b63ae4b501505584b163c13cec,46188,ok,
data/flower_photos/tulips/8659691170_09db83d023.jpg,data/flower_photos/tulips/8659691170_09db83d023.jpg,tulips,500,333,1.5015015015015014,RGB,JPEG,RGB,,fd84dfd7131a3ed1a2cc2e0d5cd03386a9716fc0fd3ddb06873dfc7822430fc1,127247,ok,
data/flower_photos/tulips/8668973377_c69527db42_m.jpg,data/flower_photos/tulips/8668973377_c69527db42_m.jpg,tulips,240,240,1.0,RGB,JPEG,RGB,,53c1f6ae40ded4f07872deeab40fa365f8f425acd6404f4bbd1485e8bbdde7e0,37956,ok,
data/flower_photos/tulips/8668974855_8389ecbdca_m.jpg,data/flower_photos/tulips/8668974855_8389ecbdca_m.jpg,tulips,240,240,1.0,RGB,JPEG,RGB,,a996a9cff481868ddc275079c1f9f333675a2471d55421c1ed3645d349a34bd3,34455,ok,
data/flower_photos/tulips/8669794378_97dda6036f_n.jpg,data/flower_photos/tulips/8669794378_97dda6036f_n.jpg,tulips,320,220,1.4545454545454546,RGB,JPEG,RGB,,7c72f39934288cd09e3ad7289ad5121c3aa979a03b561196025660fad8f3e5ac,37316,ok,
data/flower_photos/tulips/8673412732_f8fd690ee4_n.jpg,data/flower_photos/tulips/8673412732_f8fd690ee4_n.jpg,tulips,320,240,1.3333333333333333,RGB,JPEG,RGB,,0c4bab8d965d0eb9a24d36c84ffa2448fa7d9e94a07227925346f094f6abb222,48474,ok,
data/flower_photos/tulips/8673416166_620fc18e2f_n.jpg,data/flower_photos/tulips/8673416166_620fc18e2f_n.jpg,tulips,320,240,1.3333333333333333,RGB,JPEG,RGB,,7af9bea5db65ea040ca8642348ef3fed0b55343f899ae85e5d72983fe547b278,33794,ok,
data/flower_photos/tulips/8673416556_639f5c88f1_n.jpg,data/flower_photos/tulips/8673416556_639f5c88f1_n.jpg,tulips,320,240,1.3333333333333333,RGB,JPEG,RGB,,dee20503ac704336597360cc3d0d642ade407ab464bdfcd08ae95c7e958864ba,31259,ok,
data/flower_photos/tulips/8677713853_1312f65e71.jpg,data/flower_photos/tulips/8677713853_1312f65e71.jpg,tulips,500,331,1.5105740181268883,RGB,JPEG,RGB,,1d1090e385f7abdc358844a810a5d47a1531a58f953435715953fdb60d6bf5c2,175229,ok,
data/flower_photos/tulips/8681825637_837a63513a_n.jpg,data/flower_photos/tulips/8681825637_837a63513a_n.jpg,tulips,320,211,1.5165876777251184,RGB,JPEG,RGB,,8a218aa3635133b239875ca8d8c7844358e6b5528b698d95f9022de8e9fb3a6b,58902,ok,
data/flower_photos/tulips/8686013485_3c4dfbfd1f_n.jpg,data/flower_photos/tulips/8686013485_3c4dfbfd1f_n.jpg,tulips,320,212,1.509433962264151,RGB,JPEG,RGB,,d7ed03ca8c6b11fb24d478386186f3c5c29df818d0e5a2eaf724161b683d9cc0,63702,ok,
data/flower_photos/tulips/8686332852_c6dcb2e86b.jpg,data/flower_photos/tulips/8686332852_c6dcb2e86b.jpg,tulips,500,333,1.5015015015015014,RGB,JPEG,RGB,,0c536d0433622f3a1d969a27083256e5bd668be15c752242e326ad51367b205d,118311,ok,
data/flower_photos/tulips/8687675254_c93f50d8b0_m.jpg,data/flower_photos/tulips/8687675254_c93f50d8b0_m.jpg,tulips,240,240,1.0,RGB,JPEG,RGB,,d693121e7b8cbb1a2f24b282beb1a644ffc4289d02c177e380da040e8f549fa3,60378,ok,
data/flower_photos/tulips/8688502760_1c8d6de921_m.jpg,data/flower_photos/tulips/8688502760_1c8d6de921_m.jpg,tulips,180,240,0.75,RGB,JPEG,RGB,,ce0ac3edbd8bc4829106e829dd05a8277c7f1675070b52e568b4b6b526529543,36248,ok,
data/flower_photos/tulips/8689672277_b289909f97_n.jpg,data/flower_photos/tulips/8689672277_b289909f97_n.jpg,tulips,320,240,1.3333333333333333,RGB,JPEG,RGB,,d9115334d1c3942d22c66b2b9847c9852b2e12c7eded9c0b3f8493f6c9b540de,56493,ok,
data/flower_photos/tulips/8690789564_394eb04982_n.jpg,data/flower_photos/tulips/8690789564_394eb04982_n.jpg,tulips,320,240,1.3333333333333333,RGB,JPEG,RGB,,febc0b958d2408ba1eef4bf4d235e266d0806a3678de0f65e034d9ce152b37a4,40781,ok,
data/flower_photos/tulips/8690791226_b1f015259f_n.jpg,data/flower_photos/tulips/8690791226_b1f015259f_n.jpg,tulips,320,240,1.3333333333333333,RGB,JPEG,RGB,,db649c5521f38e3a2ffd3579801c65133d6bd37a3c6a9bb122492ef78b4cef83,54035,ok,
data/flower_photos/tulips/8695367666_0809529eaf_n.jpg,data/flower_photos/tulips/8695367666_0809529eaf_n.jpg,tulips,320,213,1.5023474178403755,RGB,JPEG,RGB,,9a458422fcfbdac276befc4e83d9c705a57ba8cd005c3586fe2039842ff1617b,32754,ok,
data/flower_photos/tulips/8695372372_302135aeb2.jpg,data/flower_photos/tulips/8695372372_302135aeb2.jpg,tulips,500,333,1.5015015015015014,RGB,JPEG,RGB,,98c6c7d0e01043f9fefc9ebf1af11dca89182cbf2fe0e4ac7b5593af8affc28c,219960,ok,
data/flower_photos/tulips/8697784345_e75913d220.jpg,data/flower_photos/tulips/8697784345_e75913d220.jpg,tulips,500,333,1.5015015015015014,RGB,JPEG,RGB,,371c68afeb09de2e2cd993fead25f183cd437cdb68f5a661e5a74ec04637f8f3,48571,ok,
data/flower_photos/tulips/8702982836_75222725d7.jpg,data/flower_photos/tulips/8702982836_75222725d7.jpg,tulips,500,310,1.6129032258064515,RGB,JPEG,RGB,,2da9ce4fd0621201e53f9c0b2f44a7e8968c40534dd6aadf6653649eaa6bdbd7,156504,ok,
data/flower_photos/tulips/8706523526_a0f161b72b.jpg,data/flower_photos/tulips/8706523526_a0f161b72b.jpg,tulips,500,332,1.5060240963855422,RGB,JPEG,RGB,,21cc9e60b6a1797890939b07d660cfc8565475be29fe49deb06e8e20cd0c7166,170851,ok,
data/flower_photos/tulips/8708209606_d3aede4801.jpg,data/flower_photos/tulips/8708209606_d3aede4801.jpg,tulips,500,333,1.5015015015015014,RGB,JPEG,RGB,,ba94a350318a168c1c4cf15477ada295adac8d4f35a786c74070041052b83e4e,113740,ok,
data/flower_photos/tulips/8708856019_f3be2353a4_n.jpg,data/flower_photos/tulips/8708856019_f3be2353a4_n.jpg,tulips,320,221,1.4479638009049773,RGB,JPEG,RGB,,c0851262e957c3eba73554a1782c3114b311057c26efb4cb1e808a2a51c59f89,16799,ok,
data/flower_photos/tulips/8710148289_6fc196a0f8_n.jpg,data/flower_photos/tulips/8710148289_6fc196a0f8_n.jpg,tulips,320,215,1.4883720930232558,RGB,JPEG,RGB,,bee3de176196278b1c8b3de39b457e073b8a7988d81ba6365e0fdbb0c795754a,24042,ok,
data/flower_photos/tulips/8711277462_b43df5454b_m.jpg,data/flower_photos/tulips/8711277462_b43df5454b_m.jpg,tulips,240,240,1.0,RGB,JPEG,RGB,,63680382acd6e5c329f57c2964d3bc90d65e6c80a56fbf9160e900d6872bfaa6,66597,ok,
data/flower_photos/tulips/8712230357_1298b8513b.jpg,data/flower_photos/tulips/8712230357_1298b8513b.jpg,tulips,500,333,1.5015015015015014,RGB,JPEG,RGB,,f9f359dd67ddcb87afbc696963bd9d81b50bb750cbd580ff0f29dc1eb0586625,85054,ok,
data/flower_photos/tulips/8712243901_54d686319e_m.jpg,data/flower_photos/tulips/8712243901_54d686319e_m.jpg,tulips,159,240,0.6625,RGB,JPEG,RGB,,9abea293108ab73b92170ea34ef6a92de842d705dca79138f67a75a6747aec4c,16204,ok,
data/flower_photos/tulips/8712244311_da8e90bf8e_n.jpg,data/flower_photos/tulips/8712244311_da8e90bf8e_n.jpg,tulips,320,213,1.5023474178403755,RGB,JPEG,RGB,,2785cce6d25edc3924b7cbf114ae09ba2f9991d3068c421e3cdfc6eae54cd891,37435,ok,
data/flower_photos/tulips/8712260079_c0ff42e0e2_n.jpg,data/flower_photos/tulips/8712260079_c0ff42e0e2_n.jpg,tulips,320,213,1.5023474178403755,RGB,JPEG,RGB,,187309b3586c683ef0e249c4699f00beddeaf9331b5a510100e9460e95d32f25,30177,ok,
data/flower_photos/tulips/8712263493_3db76c5f82.jpg,data/flower_photos/tulips/8712263493_3db76c5f82.jpg,tulips,500,333,1.5015015015015014,RGB,JPEG,RGB,,bbbee2faf1e46afe1b15803b5866de9124daa75e37ef88f9c1ae9dcc135d9c85,133482,ok,
data/flower_photos/tulips/8712266605_3787e346cd_n.jpg,data/flower_photos/tulips/8712266605_3787e346cd_n.jpg,tulips,320,213,1.5023474178403755,RGB,JPEG,RGB,,20564940457d0c13bd7646352ea0c5554d2ddbbb95ff7b040ae4a740d2d3548c,28109,ok,
data/flower_photos/tulips/8712267391_c756f18ee7_n.jpg,data/flower_photos/tulips/8712267391_c756f18ee7_n.jpg,tulips,320,213,1.5023474178403755,RGB,JPEG,RGB,,b9ade6b8d7eaa0fca9a93b5f60982336c267122f6b94b4ee90114d1c0edf4ce6,42938,ok,
data/flower_photos/tulips/8712267813_f7a9be2ec5.jpg,data/flower_photos/tulips/8712267813_f7a9be2ec5.jpg,tulips,500,333,1.5015015015015014,RGB,JPEG,RGB,,3521ef725a4f8de2c2f114f5ff56e0893106fac8d17b7a04f7d340d1908f778f,147529,ok,
data/flower_photos/tulips/8712268519_f4c2c39a06_n.jpg,data/flower_photos/tulips/8712268519_f4c2c39a06_n.jpg,tulips,320,213,1.5023474178403755,RGB,JPEG,RGB,,08226568fb75b3eea6cec0365fca9a78dd9cff0ce9048a686726a27df2c58b3d,21342,ok,
data/flower_photos/tulips/8712269349_2b933da2b8_n.jpg,data/flower_photos/tulips/8712269349_2b933da2b8_n.jpg,tulips,320,213,1.5023474178403755,RGB,JPEG,RGB,,a2e2ff5cb4169b1597ba21e2b9a9b7a80ca99482ed04a36723957d6cab66dd81,60380,ok,
data/flower_photos/tulips/8712270243_8512cf4fbd.jpg,data/flower_photos/tulips/8712270243_8512cf4fbd.jpg,tulips,500,333,1.5015015015015014,RGB,JPEG,RGB,,dbc99d449e934dd3bb9441fdf7391675f48ac5aa4d949320057d525baa2901e3,184991,ok,
data/flower_photos/tulips/8712270665_57b5bda0a2_n.jpg,data/flower_photos/tulips/8712270665_57b5bda0a2_n.jpg,tulips,320,213,1.5023474178403755,RGB,JPEG,RGB,,dcb9cdea375176cf0c4f952133f3ce88116c3b7901adad96d40d4a5cebe9c3d1,46585,ok,
data/flower_photos/tulips/8712282563_3819afb7bc.jpg,data/flower_photos/tulips/8712282563_3819afb7bc.jpg,tulips,500,333,1.5015015015015014,RGB,JPEG,RGB,,0e8892c01a8b782f9b655833ce50cfcbe4ee8bbf1db0ccbe1322a7bf8cea58de,110251,ok,
data/flower_photos/tulips/8713357842_9964a93473_n.jpg,data/flower_photos/tulips/8713357842_9964a93473_n.jpg,tulips,320,213,1.5023474178403755,RGB,JPEG,RGB,,a36acfeb2c777bf34de5af31a0f24680265888fd9e8aa8844b53664fe923f443,25073,ok,
data/flower_photos/tulips/8713387500_6a9138b41b_n.jpg,data/flower_photos/tulips/8713387500_6a9138b41b_n.jpg,tulips,320,213,1.5023474178403755,RGB,JPEG,RGB,,e7752d8797fcf04379e6dcd7a1b497c513999be93e08883987a6bb63abffa852,24493,ok,
data/flower_photos/tulips/8713388322_e5ae26263b_n.jpg,data/flower_photos/tulips/8713388322_e5ae26263b_n.jpg,tulips,320,213,1.5023474178403755,RGB,JPEG,RGB,,5e71d43adb50d434432fd2eb5bc23c28bcbe47bae18a82a84be246173fd0f0a3,41915,ok,
data/flower_photos/tulips/8713389178_66bceb71a8_n.jpg,data/flower_photos/tulips/8713389178_66bceb71a8_n.jpg,tulips,320,213,1.5023474178403755,RGB,JPEG,RGB,,535e561539d1e15a88b4cfb9e5d35aa4eaa7054792a813a44c62ea758483f0d7,33616,ok,
data/flower_photos/tulips/8713390684_041148dd3e_n.jpg,data/flower_photos/tulips/8713390684_041148dd3e_n.jpg,tulips,320,213,1.5023474178403755,RGB,JPEG,RGB,,912d3ec1d2f58161abc5beffe019db028ddb90d2234a68d878b68b10306420b9,35705,ok,
data/flower_photos/tulips/8713391394_4b679ea1e3_n.jpg,data/flower_photos/tulips/8713391394_4b679ea1e3_n.jpg,tulips,320,213,1.5023474178403755,RGB,JPEG,RGB,,f26917f6fe44f001417c3caf37d339c6ad296a36581b8a952a7295dc78d70306,26134,ok,
data/flower_photos/tulips/8713392604_90631fb809_n.jpg,data/flower_photos/tulips/8713392604_90631fb809_n.jpg,tulips,320,213,1.5023474178403755,RGB,JPEG,RGB,,b2f7cb923bea0c9fb3223dbf05804a86530f202eb33f28dc249a24cc95096170,30676,ok,
data/flower_photos/tulips/8713394070_b24561b0a9.jpg,data/flower_photos/tulips/8713394070_b24561b0a9.jpg,tulips,500,333,1.5015015015015014,RGB,JPEG,RGB,,6d4203c67934c7a4d2bc673bded8c438b74de12fc34654f92b206a4872fc33a1,99576,ok,
data/flower_photos/tulips/8713396140_5af8136136.jpg,data/flower_photos/tulips/8713396140_5af8136136.jpg,tulips,500,333,1.5015015015015014,RGB,JPEG,RGB,,3d3973705541b8d3ec902adf722d41b5807465af430a357c7a47146fafdecc06,183784,ok,
data/flower_photos/tulips/8713397358_0505cc0176_n.jpg,data/flower_photos/tulips/8713397358_0505cc0176_n.jpg,tulips,320,213,1.5023474178403755,RGB,JPEG,RGB,,39c6e9e2c9c0b1e55da399e5e7b682c199a8b4e579161ee7525a5b3fe0d9ef39,35459,ok,
data/flower_photos/tulips/8713397694_bcbcbba2c2_n.jpg,data/flower_photos/tulips/8713397694_bcbcbba2c2_n.jpg,tulips,320,213,1.5023474178403755,RGB,JPEG,RGB,,ec52ed13bcd9f2d474e923edaafae63420940a8ebd9a4b619cffc88cd5c5e036,21584,ok,
data/flower_photos/tulips/8713398114_bc96f1b624_n.jpg,data/flower_photos/tulips/8713398114_bc96f1b624_n.jpg,tulips,320,213,1.5023474178403755,RGB,JPEG,RGB,,d809ce62a3d3e9122d362efe7995e28a314eb67a71fed04c3319542bf4dbf904,54152,ok,
data/flower_photos/tulips/8713398614_88202e452e_n.jpg,data/flower_photos/tulips/8713398614_88202e452e_n.jpg,tulips,320,213,1.5023474178403755,RGB,JPEG,RGB,,4666ce523b8d484b793b41c618f0dc240c16b2a81312af4a171eed79708b5a2a,52669,ok,
data/flower_photos/tulips/8713398906_28e59a225a_n.jpg,data/flower_photos/tulips/8713398906_28e59a225a_n.jpg,tulips,320,213,1.5023474178403755,RGB,JPEG,RGB,,8005dc953ef1e028c669b99308d8be42f9fa5feacbb9e92128391ef5f17b956d,23889,ok,
data/flower_photos/tulips/8713407768_f880df361f.jpg,data/flower_photos/tulips/8713407768_f880df361f.jpg,tulips,500,333,1.5015015015015014,RGB,JPEG,RGB,,f63d8139776772c8c1dbfe1a208ccf59ea9e963acd4213dcae85992c97224b15,125433,ok,
data/flower_photos/tulips/8717900362_2aa508e9e5.jpg,data/flower_photos/tulips/8717900362_2aa508e9e5.jpg,tulips,500,333,1.5015015015015014,RGB,JPEG,RGB,,906e83eb873e48144c09579b04b2ce91fd1707db75821d168cbc66ae313467e4,265806,ok,
data/flower_photos/tulips/8722514702_7ecc68691c.jpg,data/flower_photos/tulips/8722514702_7ecc68691c.jpg,tulips,500,331,1.5105740181268883,RGB,JPEG,RGB,,0045e39aff495e9ef9603135dad40b7a8986d748d2b062fe31425732abeaacdb,187675,ok,
data/flower_photos/tulips/8723767533_9145dec4bd_n.jpg,data/flower_photos/tulips/8723767533_9145dec4bd_n.jpg,tulips,320,209,1.5311004784688995,RGB,JPEG,RGB,,cdad3606f8d42b1c9f7915aa67faefb11f277964e1a14d2e9dc267dde8c7362c,19767,ok,
data/flower_photos/tulips/8729501081_b993185542_m.jpg,data/flower_photos/tulips/8729501081_b993185542_m.jpg,tulips,240,240,1.0,RGB,JPEG,RGB,,a1b0a2506f675ffaa20075de4b7acceab0ccc170a5246da2a6f6afd089983ae9,31050,ok,
data/flower_photos/tulips/8733586143_3139db6e9e_n.jpg,data/flower_photos/tulips/8733586143_3139db6e9e_n.jpg,tulips,320,256,1.25,RGB,JPEG,RGB,,181b0c1ce98761f6087022df3c0a743e2271e2604bfa2e98447852aaa143a230,30974,ok,
data/flower_photos/tulips/8748266132_5298a91dcf_n.jpg,data/flower_photos/tulips/8748266132_5298a91dcf_n.jpg,tulips,320,213,1.5023474178403755,RGB,JPEG,RGB,,68712434494863652c9f1b3544ec011fbcb19fee54a30562e3ede08e094f7241,39154,ok,
data/flower_photos/tulips/8750288831_5e49a9f29b.jpg,data/flower_photos/tulips/8750288831_5e49a9f29b.jpg,tulips,500,333,1.5015015015015014,RGB,JPEG,RGB,,cc41f94a0f8c60c32b4785d78d4b5bd02f81c9f4043a2e5715c73e2311da5efe,60830,ok,
data/flower_photos/tulips/8757486380_90952c5377.jpg,data/flower_photos/tulips/8757486380_90952c5377.jpg,tulips,500,273,1.8315018315018314,RGB,JPEG,RGB,,417e6250ad924154588cb34e85cbf2cbffd0fd1a946ec5c4dba4127b959b029a,185829,ok,
data/flower_photos/tulips/8762189906_8223cef62f.jpg,data/flower_photos/tulips/8762189906_8223cef62f.jpg,tulips,500,333,1.5015015015015014,RGB,JPEG,RGB,,6855aa8e43890cb8fc0c43af79475fb42391f4432f822fd9ae4f5823a7121a33,89704,ok,
data/flower_photos/tulips/8762193202_0fbf2f6a81.jpg,data/flower_photos/tulips/8762193202_0fbf2f6a81.jpg,tulips,500,333,1.5015015015015014,RGB,JPEG,RGB,,5b78d0da713a14ec69893ab31fcc245dbdb5d3e2b2c4736dca099571fa5fb8fc,74725,ok,
data/flower_photos/tulips/8768645961_8f1e097170_n.jpg,data/flower_photos/tulips/8768645961_8f1e097170_n.jpg,tulips,320,213,1.5023474178403755,RGB,JPEG,RGB,,726e88dad52023110b99d2ae06554cd7aa33cdac428c6ccf73d21fa642ea5f46,23909,ok,
data/flower_photos/tulips/8817622133_a42bb90e38_n.jpg,data/flower_photos/tulips/8817622133_a42bb90e38_n.jpg,tulips,320,240,1.3333333333333333,RGB,JPEG,RGB,,33616124226c3baa79c5ec9cdb92e56f66aae5e6cdf70e576bde2492afe269e4,40612,ok,
data/flower_photos/tulips/8838347159_746d14e6c1_m.jpg,data/flower_photos/tulips/8838347159_746d14e6c1_m.jpg,tulips,180,240,0.75,RGB,JPEG,RGB,,1aca16ba9915a1a931bdb34f8a84e95b785673c8dac7a951a17f3cdb48790c12,29925,ok,
data/flower_photos/tulips/8838354855_c474fc66a3_m.jpg,data/flower_photos/tulips/8838354855_c474fc66a3_m.jpg,tulips,180,240,0.75,RGB,JPEG,RGB,,5352982c52f0b94d9cceded29c06f5bdc670740bf0a7c45e9ae4479baa6a08fb,25886,ok,
data/flower_photos/tulips/8838914676_8ef4db7f50_n.jpg,data/flower_photos/tulips/8838914676_8ef4db7f50_n.jpg,tulips,320,240,1.3333333333333333,RGB,JPEG,RGB,,0f4e99835b4412008e7c085792df12f5b3ec7f8d285fb0a351523e407dbfdbaf,58173,ok,
data/flower_photos/tulips/8838975946_f54194894e_m.jpg,data/flower_photos/tulips/8838975946_f54194894e_m.jpg,tulips,180,240,0.75,RGB,JPEG,RGB,,3f902cd04784dc0174552f27e8c441acc8de82270bcc20bbe8db91d9648b5bdb,33456,ok,
data/flower_photos/tulips/8838983024_5c1a767878_n.jpg,data/flower_photos/tulips/8838983024_5c1a767878_n.jpg,tulips,320,240,1.3333333333333333,RGB,JPEG,RGB,,1fa281f8445b0987bd26e219687824e67829a5cadb384f8a2d728ce01beda4e6,67679,ok,
data/flower_photos/tulips/8892851067_79242a7362_n.jpg,data/flower_photos/tulips/8892851067_79242a7362_n.jpg,tulips,320,218,1.4678899082568808,RGB,JPEG,RGB,,5e5299f0c8321ab65a5da3c62e26d0ecfaec5459c43975f6d9115392f3ba6504,46081,ok,
data/flower_photos/tulips/8904780994_8867d64155_n.jpg,data/flower_photos/tulips/8904780994_8867d64155_n.jpg,tulips,320,254,1.2598425196850394,RGB,JPEG,RGB,,fe9f64bc821915da0ed00781b2bf3a6c92c3c10c2709c98d40faec5c83e72d9b,36913,ok,
data/flower_photos/tulips/8908062479_449200a1b4.jpg,data/flower_photos/tulips/8908062479_449200a1b4.jpg,tulips,500,331,1.5105740181268883,RGB,JPEG,RGB,,2453da7874de893148a8e4b8baf6ad34c2ca1bcfbb072c64043f19b7ff250b55,69853,ok,
data/flower_photos/tulips/8908097235_c3e746d36e_n.jpg,data/flower_photos/tulips/8908097235_c3e746d36e_n.jpg,tulips,320,211,1.5165876777251184,RGB,JPEG,RGB,,c36852c9ebf68db785475bbfb57db49d78269e995564b91dfab3cef9260c65ea,25002,ok,
data/flower_photos/tulips/9019694597_2d3bbedb17.jpg,data/flower_photos/tulips/9019694597_2d3bbedb17.jpg,tulips,500,331,1.5105740181268883,RGB,JPEG,RGB,,c7abc7d4e3b6f466903b5fe62be51d79f997453797c85b0d936c5acd595ca421,152644,ok,
data/flower_photos/tulips/9030467406_05e93ff171_n.jpg,data/flower_photos/tulips/9030467406_05e93ff171_n.jpg,tulips,320,211,1.5165876777251184,RGB,JPEG,RGB,,9b696ec023dac921c01ba4e6238f08cd68e606c6361f676f1bcb5114da362117,59051,ok,
data/flower_photos/tulips/9048307967_40a164a459_m.jpg,data/flower_photos/tulips/9048307967_40a164a459_m.jpg,tulips,182,240,0.7583333333333333,RGB,JPEG,RGB,,697f3722dc1e4b11c99bd15a44f55602b5738a34446c9aac75a3f8587487523b,12615,ok,
data/flower_photos/tulips/924782410_94ed7913ca_m.jpg,data/flower_photos/tulips/924782410_94ed7913ca_m.jpg,tulips,240,240,1.0,RGB,JPEG,RGB,,b89640fc88a809da9118c6ac16dba0da496aefa819b802f3c961626cdea91bb1,35852,ok,
data/flower_photos/tulips/9378657435_89fabf13c9_n.jpg,data/flower_photos/tulips/9378657435_89fabf13c9_n.jpg,tulips,320,213,1.5023474178403755,RGB,JPEG,RGB,,edc2f0b422c3f805282abaea4a328eda288f8a8f0643ebe7aaee449fdbc271cf,52474,ok,
data/flower_photos/tulips/9444202147_405290415b_n.jpg,data/flower_photos/tulips/9444202147_405290415b_n.jpg,tulips,320,240,1.3333333333333333,RGB,JPEG,RGB,,045d127c7f98d6eef14bfbb47a872e1cad00085fcf883ff2f634d47b57274fd0,19067,ok,
data/flower_photos/tulips/9446982168_06c4d71da3_n.jpg,data/flower_photos/tulips/9446982168_06c4d71da3_n.jpg,tulips,320,240,1.3333333333333333,RGB,JPEG,RGB,,87a2b48a1312739635503bbf4d10ab92c0368df3ecb332f27a4d7512880c5d8f,16672,ok,
data/flower_photos/tulips/9831362123_5aac525a99_n.jpg,data/flower_photos/tulips/9831362123_5aac525a99_n.jpg,tulips,320,213,1.5023474178403755,RGB,JPEG,RGB,,6ef2de2a1c9beb2a2258f5aefa9ccae05b34ed374d876a4ecbf9258d143c702c,45210,ok,
data/flower_photos/tulips/9870557734_88eb3b9e3b_n.jpg,data/flower_photos/tulips/9870557734_88eb3b9e3b_n.jpg,tulips,320,213,1.5023474178403755,RGB,JPEG,RGB,,b6894472a4041f91422c52fcc3741bffef4e64d85945342df6a6cbd5ed9e6327,25184,ok,
data/flower_photos/tulips/9947374414_fdf1d0861c_n.jpg,data/flower_photos/tulips/9947374414_fdf1d0861c_n.jpg,tulips,320,240,1.3333333333333333,RGB,JPEG,RGB,,cfd041dcbfa8d2587f085f1940f7855bb7924a7f4ccc0dd873ac38eba3a1efe5,57967,ok,
data/flower_photos/tulips/9947385346_3a8cacea02_n.jpg,data/flower_photos/tulips/9947385346_3a8cacea02_n.jpg,tulips,320,240,1.3333333333333333,RGB,JPEG,RGB,,6d9f3f977366de899a4f455f1aada4fbad4897c4b3b332e9df27dbb35e51d491,68716,ok,
data/flower_photos/tulips/9976515506_d496c5e72c.jpg,data/flower_photos/tulips/9976515506_d496c5e72c.jpg,tulips,500,335,1.492537313432836,RGB,JPEG,RGB,,97d213378d46b1ce8b686fb18b5348c5414efa81be2548b588240732eb15f61a,218957,ok,
