relative_path,label,sha256
data/flower_photos/daisy/100080576_f52e8ee070_n.jpg,daisy,7f9de25827f56d28a5240aa0f5901799c259b41db36b3fa69d7cb1240e2ac67a
data/flower_photos/daisy/10140303196_b88d3d6cec.jpg,daisy,42241bfdb0ffeb1012d1899d4c44bcfd823d98302edd99cccfcc1c9b699d080f
data/flower_photos/daisy/10172567486_2748826a8b.jpg,daisy,4876ee5dac4f015dfe8eacc7d01271a67331ab1b48a4aabbd57228df9225ad2d
data/flower_photos/daisy/10172636503_21bededa75_n.jpg,daisy,a27cde28ec220e2d6ee1c94f4ddfeddc0c618049223b13b007197aec46d0d078
data/flower_photos/daisy/1031799732_e7f4008c03.jpg,daisy,ba718b80bf7616a152ba2bb43afceb8cb99edfab0706e07c777cd0c04a1c9827
data/flower_photos/daisy/10391248763_1d16681106_n.jpg,daisy,68922bcdf1a0ff3dbdb21f63ef2a2c92159cd3d98d5dc5126e806d797d135f9c
data/flower_photos/daisy/10437754174_22ec990b77_m.jpg,daisy,34a53427637c8ee788d9909a5f842cfc09091754a6a664bd1514cc930fdf12e3
data/flower_photos/daisy/10437770546_8bb6f7bdd3_m.jpg,daisy,032dafa74410af26bba4c25fad16d69b49cf6e2666ec17fbe70410d57f72544d
data/flower_photos/daisy/10437929963_bc13eebe0c.jpg,daisy,fc93c5da3aac42323db54d1e0403b96b4503bb1fff73fe48cf035b8d94a1cf83
data/flower_photos/daisy/10466558316_a7198b87e2.jpg,daisy,87d67ca9a1e6f0c723f3d80c8444de10f48cca34485c143ed841ddbe60f4ec8a
data/flower_photos/daisy/10555749515_13a12a026e.jpg,daisy,660c383561d2f802cadb57a52537d59e556e522729253370bbf8565668ed0d91
data/flower_photos/daisy/10555815624_dc211569b0.jpg,daisy,bb25058e94bd3e6bc5317ed8b477831738ec59ecf9d2cc085779ea9e131b6f45
data/flower_photos/daisy/10555826524_423eb8bf71_n.jpg,daisy,827aeaad06b287c4c8eddcd41e060eccc24247e6c08353d1eb2826d3be42581d
data/flower_photos/daisy/105806915_a9c13e2106_n.jpg,daisy,7e332643ba7b28be64c19ce9614be7050aba660608bef890cd7cf6c9fe14978e
data/flower_photos/daisy/10712722853_5632165b04.jpg,daisy,9897f99e7657651da53e91c11b0c115204772017082c0c314d604196592e9cbd
data/flower_photos/daisy/107592979_aaa9cdfe78_m.jpg,daisy,c7ab4c17028b15d9b3348aa46f752d80f72cafaea06491aa7a425956c6d17286
data/flower_photos/daisy/10770585085_4742b9dac3_n.jpg,daisy,d67f32d1d532400b6fae8f41969c40ca2a98c9f03a6a03bdb2298b2875af8d79
data/flower_photos/daisy/10841136265_af473efc60.jpg,daisy,21e23d6c5b98c9322af7f08ef72ada4e67cdad460300b74689ae2472a528ab11
data/flower_photos/daisy/10993818044_4c19b86c82.jpg,daisy,02f0d147b8ba43329d4bae9108d6395126b67e1e8fd3018d2582f3aaa002d910
data/flower_photos/daisy/10994032453_ac7f8d9e2e.jpg,daisy,650fa826fd0345452c36e9132b7f040974add8e8fb14af1b3af2f043ab5b2455
data/flower_photos/daisy/11023214096_b5b39fab08.jpg,daisy,1ff107c12c34077f1e4989de0285910934e30502f93b85bdd66f216be53eea2f
data/flower_photos/daisy/11023277956_8980d53169_m.jpg,daisy,7269b5a4667b944cbe5a35784b711b98fbb1655e7ab5e6df439e054150097cad
data/flower_photos/daisy/11124324295_503f3a0804.jpg,daisy,57368d245f2afa49bec0f8d6c3bc89b032418dd57cf003a9e3324a199c73ed1e
data/flower_photos/daisy/1140299375_3aa7024466.jpg,daisy,a97a16f21c5ea9dcb932e1b82fd24e39449512c11023c20a18a9679c06ed3251
data/flower_photos/daisy/1150395827_6f94a5c6e4_n.jpg,daisy,604a0ed0ac6df7efc06e1721e3059ec0201f734c0de5691931920007e59e1336
data/flower_photos/daisy/11834945233_a53b7a92ac_m.jpg,daisy,2e2aacb16bd2221997d9cb9ffc60715fd6c6b0b90e9dde0c3859ea8c7e3cffba
data/flower_photos/daisy/11891885265_ccefec7284_n.jpg,daisy,9963cb44dd748b9f646708d687d29c2961583a28186ed401c8540f6cb59a7eb2
data/flower_photos/daisy/12193032636_b50ae7db35_n.jpg,daisy,9219235d651773aa8d67ee553564a4d531a1911547f88d07e77b18633251c7fc
data/flower_photos/daisy/12348343085_d4c396e5b5_m.jpg,daisy,b99d46a3a39f96aa655bc18dc76a3e2315ff9133358f60f717f6b47e2a0965d4
data/flower_photos/daisy/12585131704_0f64b17059_m.jpg,daisy,b9159c6e8146c22eaf369443beda97ea85071af5ed55b1713999b72672405d7f
data/flower_photos/daisy/12601254324_3cb62c254a_m.jpg,daisy,14b8ba32bc7bdba73d32a3226c9efdb47445f4d2ae8737478dd59d8b1be37f6f
data/flower_photos/daisy/12701063955_4840594ea6_n.jpg,daisy,1f85a29a5c669d601a925abb0a1f9afbd587adee5bf280b1b5ebefebac6ef945
data/flower_photos/daisy/1285423653_18926dc2c8_n.jpg,daisy,d885541afdbff7ac7b556900530cbc66689f3aad4ce7cc3d6195365e8e232704
data/flower_photos/daisy/12891819633_e4c82b51e8.jpg,daisy,684bda85035d72709f651e6c6635d9679f42d25c354f18ba051c1b5982895d0b
data/flower_photos/daisy/1299501272_59d9da5510_n.jpg,daisy,09260b35c2853ac82b5405f49ff9b0028898da5dc94663b0dba31a89a3fd9560
data/flower_photos/daisy/1306119996_ab8ae14d72_n.jpg,daisy,57862a972cd8650e32d8261463ce42aef4df87a8ea55e2d7021c55856cda55f6
data/flower_photos/daisy/134372449_0f7166d96c_n.jpg,daisy,f7b6c816a070925979cdc74d8abf71c3d267f7de0985504c36724082fcfb059c
data/flower_photos/daisy/134409839_71069a95d1_m.jpg,daisy,57a71973404aa8c9aa4949830c2417c750c6075e168483424068d707c758f851
data/flower_photos/daisy/1344985627_c3115e2d71_n.jpg,daisy,28a4c428e676e55de5d1bcff486278c6c2978860266bf47f54ea8305ccc9cec8
data/flower_photos/daisy/13491959645_2cd9df44d6_n.jpg,daisy,76413f2b747c3e8364e0f85352331cb895ee96c5b18b94522cff451e3c65908c
data/flower_photos/daisy/1355787476_32e9f2a30b.jpg,daisy,f5530a39560f53b58f26676901836c6d243825d25d21749ce022e2d909efac98
data/flower_photos/daisy/1374193928_a52320eafa.jpg,daisy,7da3d78f1a5a896f66cdc4b19524e84825ae692ea8353602d031b0b698f11aee
data/flower_photos/daisy/13826249325_f61cb15f86_n.jpg,daisy,00a8943f2fae6e3c4e64de2609ee25224c21ab0017396630622889f2f62dd510
data/flower_photos/daisy/13901930939_a7733c03f0_n.jpg,daisy,156587ac6c8d01bc4857f1651183ba116bcb07d91b84d4df45676d80a3886d49
data/flower_photos/daisy/13953307149_f8de6a768c_m.jpg,daisy,97dd6fb7c61d2f5d09bdc7ed858c67d36046d753a83fc4c39489bf191f36c5a2
data/flower_photos/daisy/1396526833_fb867165be_n.jpg,daisy,73d8ca5c2cc1cd948495cf0c6a5450d89e9556106f640998cc2872315e9324f9
data/flower_photos/daisy/13977181862_f8237b6b52.jpg,daisy,7298f53d1769c9ca41287fb14c9f60763861aaa9f0f166799bbbb4c52f3fc744
data/flower_photos/daisy/14021430525_e06baf93a9.jpg,daisy,a730d0f51fd2275580a31e4d8a6d7f23b49c831d71eed585bb93a0325ac40215
data/flower_photos/daisy/14073784469_ffb12f3387_n.jpg,daisy,129adec4948e37d2ca78dcd49a550daebd026dfe84f7d55f1b371a9a444a8528
data/flower_photos/daisy/14088053307_1a13a0bf91_n.jpg,daisy,80fed52c77b9cbd708ff16ea1c98247baba9e01bd3870bde75aef1b0087a4c20
data/flower_photos/daisy/14114116486_0bb6649bc1_m.jpg,daisy,ca983bc452eae7271e0fa377d581d1eeaa88d20a626f786e080e390c6a5fe19f
data/flower_photos/daisy/14147016029_8d3cf2414e.jpg,daisy,dee6d91180e9b664305d8133231c8670f3db7c15a3199a5f716b8642ccdf89c1
data/flower_photos/daisy/14163875973_467224aaf5_m.jpg,daisy,55a7d0d3783b2943de053e0ae504c6d65252b4ab19c6153bb3dacc0270d73a1d
data/flower_photos/daisy/14167534527_781ceb1b7a_n.jpg,daisy,2aa2f678a6542c4e07d353ebd8525779fb6be984d62ebf28faae2312cde9b0e0
data/flower_photos/daisy/14167543177_cd36b54ac6_n.jpg,daisy,de985a007b820441a41377b4f14d2e8a3d9a66c303fb3c9527ef3420c4b34814
data/flower_photos/daisy/14219214466_3ca6104eae_m.jpg,daisy,880032f94c187508b4a5470b0955bac655f90743d5a51cb7fbb0f8adab411cfb
data/flower_photos/daisy/14221836990_90374e6b34.jpg,daisy,7eeb3e3e8445f7ee320841150019f67bd4f4cfee6db02272d1e2084c98077c73
data/flower_photos/daisy/14221848160_7f0a37c395.jpg,daisy,8cd58a5875c268a2f98eae3782b39eebdae2817aaa2e5802efc2dff75a801222
data/flower_photos/daisy/14264136211_9531fbc144.jpg,daisy,32b0b9aaf6b530022e1b7b9e6ceb0493d6f63d7df7020e4ae52d5153acea20a0
data/flower_photos/daisy/14272874304_47c0a46f5a.jpg,daisy,c4cc012f6060abfc1b5c133fd2f0bfda99d6fe92699a74d0c8beea66836cb5aa
data/flower_photos/daisy/14332947164_9b13513c71_m.jpg,daisy,79345e0cc5959b570afe7b10c951b273efc4955fe25b0c3c4f71abccff99a3c6
data/flower_photos/daisy/14350958832_29bdd3a254.jpg,daisy,8860100671b897490f5dca36bb7c6437a295506fa96dfaa2e69f4a3f1a01033e
data/flower_photos/daisy/14354051035_1037b30421_n.jpg,daisy,bd4fe0c2fe9a0bd456747009d64ca97dffb8e74d270b4aa46f3cf52b4ed849fc
data/flower_photos/daisy/14399435971_ea5868c792.jpg,daisy,a27c0b696715e1266445df0c021b91982b6623c005475ae800dcc1572ca36958
data/flower_photos/daisy/14402451388_56545a374a_n.jpg,daisy,74488a9806a6b44b881ef112b67b0634491d86296cb789bcc8f126ee231cfeb0
data/flower_photos/daisy/144076848_57e1d662e3_m.jpg,daisy,1e5906597e0a2aace8376086df065baa9af1d621442364a4ece2a074215fe46e
data/flower_photos/daisy/144099102_bf63a41e4f_n.jpg,daisy,5954cd411525e1464be6de5f03fabdb38b0b99811f5af89c4e6e4d08aa969e47
data/flower_photos/daisy/1441939151_b271408c8d_n.jpg,daisy,8980c634d623fd28c15f5a99647c275f3276c98d01fbde4067f744d5550a8cd5
data/flower_photos/daisy/144603918_b9de002f60_m.jpg,daisy,d5482b4c8bd9130304ede99f36c09bce54a279bc1cd5ac35231dd81fe768d222
data/flower_photos/daisy/14471433500_cdaa22e3ea_m.jpg,daisy,f6470ed4854ba780477d24202758cffcc8d00b7fc1506b8fb67316898230c8a7
data/flower_photos/daisy/14507818175_05219b051c_m.jpg,daisy,ddbc80a266bbf50de76099281be641dcca86a16f356daee4b70ef68a0f11235b
data/flower_photos/daisy/14551098743_2842e7a004_n.jpg,daisy,0bedc7fb6b6e8386af344ce1278f903ae318e326244f75bc76c3125a470c8e7b
data/flower_photos/daisy/14554906452_35f066ffe9_n.jpg,daisy,bdfeb5230e6239d25d7f693c098c05a80c31e0d8fb0a2cea74b47659b8fa891e
data/flower_photos/daisy/14564545365_1f1d267bf1_n.jpg,daisy,f60bddc64c13c5d05e669c434a641df55addcc7a12558bade02c02f1a9ca9e81
data/flower_photos/daisy/14600779226_7bbc288d40_m.jpg,daisy,2de7cc31a44ec2600d523a5ce776f19b603ba75b83568d35d9214562ea371800
data/flower_photos/daisy/14674743211_f68b13f6d9.jpg,daisy,7e40f77dbdf462f816d9edcdf8b2420d918d0af13831d535c13d665b7d21ab25
data/flower_photos/daisy/14698531521_0c2f0c6539.jpg,daisy,9c23604b0542cfd507bd0c9b2d53942ad11dfaf6ce0d7822e011485285e9c92a
data/flower_photos/daisy/14716799982_ed6d626a66.jpg,daisy,1e66906e69222be94477d89d6d8bb85b1a56c6cb4e24a009e00909279fbc7694
data/flower_photos/daisy/14816364517_2423021484_m.jpg,daisy,a84417e52d6e4a40725a56eea493bebbdbb27a67ee933bc4733a03168c7254fe
data/flower_photos/daisy/14866200659_6462c723cb_m.jpg,daisy,6f16c78a8e4dee05b8134e4cd5c0bc8a8e33bc431f4805ee4629b4ccce335bb3
data/flower_photos/daisy/15029936576_8d6f96c72c_n.jpg,daisy,a670ccf1ecd5406b51c83889164d38593b73e20eb4db88b3ff9beafd0159b88d
data/flower_photos/daisy/154332674_453cea64f4.jpg,daisy,4201717b400e4ab9d6e6fc6591b05d1b5928240da4b781e594d3a144ae3f7140
data/flower_photos/daisy/15760153042_a2a90e9da5_m.jpg,daisy,c71804fc35b3b786410c037ec51d26f696931845d369feca500db311b125eac8
data/flower_photos/daisy/15760811380_4d686c892b_n.jpg,daisy,5450cf0e3dca7a2a3c63aefdfe3b2951cd569fda538bfbde710c691d61ed7bc4
data/flower_photos/daisy/15784493690_b1858cdb2b_n.jpg,daisy,1fa43f192224817a245cd8df601b989e98baeec3c08a40327185d9e0d4e3abbb
data/flower_photos/daisy/158869618_f1a6704236_n.jpg,daisy,b9dd80b239a3644cbd87a54769728bc7e8f0d715e83b34d875aed7676d651e09
data/flower_photos/daisy/16020253176_60f2a6a5ca_n.jpg,daisy,9b6b212a228e4f2d574ad66c104762cd8edab010e6722e5dafcb82ba67bdd6a6
data/flower_photos/daisy/16025261368_911703a536_n.jpg,daisy,f44ad5dd03df42828b1aa0541f1c4fc6b1071feae7b5e8ff9ce2bd1225a249eb
data/flower_photos/daisy/16121105382_b96251e506_m.jpg,daisy,f0522281604e11c4b688e783f34d599bbe5a87e57a49a64aa5d76c6f31a56ad4
data/flower_photos/daisy/16161045294_70c76ce846_n.jpg,daisy,eacdcd96453137e521faa70ca6be09056e8ab7ea355dd2811c453431271887b2
data/flower_photos/daisy/162362896_99c7d851c8_n.jpg,daisy,7a437b32a7114ccabb939267417246ac9b2ca1ee6b920a0e8e148581beac0c85
data/flower_photos/daisy/16401288243_36112bd52f_m.jpg,daisy,2c31a7874843806fec5a6579785890818377d8de46c581285aed30f1f790fe55
data/flower_photos/daisy/16492248512_61a57dfec1_m.jpg,daisy,2d787e6c3aacac60f59e17a871f2830295c8d4fce30348f30ddfec6b55ce4226
data/flower_photos/daisy/16527403771_2391f137c4_n.jpg,daisy,3d80eace93fb155dfa2c54cb3771d8bfb21e96e543242aa95ecf4efcff5a866e
data/flower_photos/daisy/1656856503_447e5b0f03.jpg,daisy,d7e855dd507e3947799b39b5d93b6d0f9a6914c4222475e332298518a4d112b9
data/flower_photos/daisy/16737503507_431768a927.jpg,daisy,2ef1e6fe6b1cf644c4bc30dcb3544d52936a1e09bd19e538d85f93b5f19c2a6c
data/flower_photos/daisy/16819071290_471d99e166_m.jpg,daisy,34fe5843ba74ac47d0e034ec63886cdb1ea43d9db2458b63e69606ae855e6080
data/flower_photos/daisy/16833748795_b681b2839f_n.jpg,daisy,ad9541a005f1304431d47aee3f7f5ea6a0b4e3cc13b7c09d5f6a12725116cd82
data/flower_photos/daisy/17101762155_2577a28395.jpg,daisy,9e9b84f90e4df86c35b8dc21a5fd50dd361b1b9345d6130224b4f83c71198171
data/flower_photos/daisy/171972704_389cf7a953.jpg,daisy,70b3854ba709a04964451160f458e003ac8d5cdbb09334d8de8b1f8e8494ecba
data/flower_photos/daisy/17249393016_093e915012_n.jpg,daisy,a9a7ba24f1551eb0ea6c199f36622561d5ad66319c17d4df024b975f3e2eca1a
data/flower_photos/daisy/172882635_4cc7b86731_m.jpg,daisy,6a92c233423f9598e38c03f4cf310c8b0edfaa40cdfd02ffaa1f268635064e80
data/flower_photos/daisy/172967318_c596d082cc.jpg,daisy,38232ba7f57dbb9c099f1de9c1219b73c02a011f8d0116a932940f9353eae3fd
data/flower_photos/daisy/173350276_02817aa8d5.jpg,daisy,38d9387e92846b06cc21cc3bfb2179fe59d471a4686680e6c22dac77a8937d4d
data/flower_photos/daisy/17357636476_1953c07aa4_n.jpg,daisy,b0968dde8d052431687d7d11cdcba42397071e1fa6f3ec5cdddf394ead9d23fc
data/flower_photos/daisy/174131220_c853df1287.jpg,daisy,2db7dd991cfcb407137fc5706b71644ff18e6928b039344742aeab4dce24a8ce
data/flower_photos/daisy/175106495_53ebdef092_n.jpg,daisy,fbc83478166343d663814c0b90750333855749b55fa2c52a594d0f14f25e893a
data/flower_photos/daisy/176375506_201859bb92_m.jpg,daisy,a3b7dfc32d81dca70688e4c665dfb1408db2e39135d5624f05823c513e3f1168
data/flower_photos/daisy/18023717391_e2c9089e10.jpg,daisy,ca448babeacbb24831c1cfdba1cb04824e3d6bed1bd4d68b1f71189ae309cbcd
data/flower_photos/daisy/181007802_7cab5ee78e_n.jpg,daisy,d94c4aff3a79aa5ab01d3c9de3c8a26ebc2d93ea487fd4ccedd32cae6bc0cbc7
data/flower_photos/daisy/18442919723_d1251d3e14_n.jpg,daisy,50866d244c68f39346d8fd1566912aa0151c4718025414f38f291fa9e82dcf3f
data/flower_photos/daisy/18474740346_ffdaa18032.jpg,daisy,007cfa239edf05bc77bfa2ab5f61bb2134bb8c84f5e41b512011961851bd870c
data/flower_photos/daisy/18582579815_4c6637e9ff_m.jpg,daisy,9075d236c3c8c04978628a1b057399c158f6717cf94dace33e877b7c81bb36ea
data/flower_photos/daisy/18679421522_3be9879e32.jpg,daisy,ae1092dba91d02ef4c729e34f8690b36965ecebaa9aea740c74230b51c0596c7
data/flower_photos/daisy/18684594849_7dd3634f5e_n.jpg,daisy,ed4e27a10c5055e76a1ee1455a2c4aacc741eaf78e4e740dcbeb7d255d1a5c2e
data/flower_photos/daisy/18711159980_11d3bd5042.jpg,daisy,d2da8042d49391514bc74d4451bcc0a9f2135230a270b65b718b1130318c4df0
data/flower_photos/daisy/1879567877_8ed2a5faa7_n.jpg,daisy,b5bc87493493366dd38987596c119392c75b8395bbd05f5711ac5b71aa5c485b
data/flower_photos/daisy/18901817451_43e2b45f6c.jpg,daisy,adbd49985e9c758309a347b9853ae2e33964880443dae83ce242428be45b4c77
data/flower_photos/daisy/19177263840_6a316ea639.jpg,daisy,2378268268b32af87533e01450fe50bcdebde109c42a70ed41680bcf57d4e8ab
data/flower_photos/daisy/19178753159_a471bf4b6b.jpg,daisy,c1f76d5b453a703f1ccaf39b0887b51c5fd5eab4bc1727d5bfbc70ecb4ed879c
data/flower_photos/daisy/19280272025_57de24e940_m.jpg,daisy,e44488b149650f7ad19d658aa207f54cec4dab9c57ce171d858ac7a432c91f9e
data/flower_photos/daisy/19544831049_0d738d4872_m.jpg,daisy,ba377ccb08fb9a7023b4293b43b10abd782216512c591aaa87b80a51419e15d8
data/flower_photos/daisy/1955336401_fbb206d6ef_n.jpg,daisy,259db795399fe486b89b309dff94d6da28ccb4a4d23dce1d2d7a6445564bdc98
data/flower_photos/daisy/19813618946_93818db7aa_m.jpg,daisy,af34c254f273c97a6b0d523782df1bba81d9709b007a00bf3c709054dd8c2acc
data/flower_photos/daisy/19865728236_a62f8f445b_n.jpg,daisy,0b1999895b2cf0017d134016893992da91e7d512e9341aab5ecbbd9e88d74526
data/flower_photos/daisy/2001380507_19488ff96a_n.jpg,daisy,606f5f24ac653a16cd99d581d1a92c3bd82ce59e4869a792e9fe86b568a5e8c6
data/flower_photos/daisy/20329326505_a777c71cc2.jpg,daisy,7c6ea91c1d845e185585d0fa7345320d1f4ce8647c69e4ae3d813f8f1b3d74f5
data/flower_photos/daisy/20580471306_ab5a011b15_n.jpg,daisy,30ef2db5f85c45e016ce8da4c2a3cfab3fdcf1609806dda30b02d7bbe0f638be
data/flower_photos/daisy/20619292635_9857a12d54.jpg,daisy,9b4476a105c817ec7b7c995869f4378f92e8bbf23f8a097dc045b0e0660e2374
data/flower_photos/daisy/20703737132_179560d0fb.jpg,daisy,f0a06bc113d7660a1a684a7278d569f456cd1ef7de9053a832ce1ebd8f271bfc
data/flower_photos/daisy/20773528301_008fcbc5a1_n.jpg,daisy,cb761a08229bdd32041825251d61282458805b9474818d53c2635182311bc61d
data/flower_photos/daisy/2077865117_9ed85191ae_n.jpg,daisy,329bfa8200b5949925825c05487632e52ba91caf4573cbd430f65f78d55fb225
data/flower_photos/daisy/2087343668_ef4fb95787_n.jpg,daisy,918e05b5c89a1720cf409f565e28f9bee2963991c421722277a0af3123c56488
data/flower_photos/daisy/20948886919_cac7844f34_n.jpg,daisy,975b6b398033c77474d8d46f171ac796d58142b03785a9b57fbe6e5b0f23e74f
data/flower_photos/daisy/21402054779_759366efb0_n.jpg,daisy,1bd9efba538e0bc3e26d8e151a42b509ae0e42310b8fe7449844841386d65c78
data/flower_photos/daisy/21626652132_97e1318bb8_m.jpg,daisy,27e7e3eca7d39588c39d66e6360e90f5962f9c80739b7dc0c5c0fb36ffa91284
data/flower_photos/daisy/21652746_cc379e0eea_m.jpg,daisy,c0b3521645946a5024275e1c844085e73c7cd69a4faf9fecc32e1b1b3727a0c9
data/flower_photos/daisy/2213954589_c7da4b1486.jpg,daisy,a499f2463d470b8fff2520db743c572424a1a8b68b843b2f09ae6189a5c4e7ee
data/flower_photos/daisy/22244161124_53e457bb66_n.jpg,daisy,29efe41dc78023de23e9d40363e1e199c9d8951808a82c5bac82e61862187ea1
data/flower_photos/daisy/22873310415_3a5674ec10_m.jpg,daisy,8ddf0e4c0d4b39ccf4cfbc4129c1c75e827aafac626d3046115c2ed457c537b1
data/flower_photos/daisy/23095658544_7226386954_n.jpg,daisy,76d1b54fc7f10e649b23d3b01a440b871a83d454ca67a0ec83d2c32c06f83f63
data/flower_photos/daisy/2349640101_212c275aa7.jpg,daisy,0ed7a1c399c2da6903a1f6fe1e371681c6ded925568c3d22187e86e855049993
data/flower_photos/daisy/2351206867_084e57bd97.jpg,daisy,eb99b7cb9b49f89abd6d2606908710dcc080d016d41018beaca2f00b8a041fc2
data/flower_photos/daisy/2365428551_39f83f10bf_n.jpg,daisy,88e59261091b66955fdf0c4904647346b576d2a68f768e2ccbbd15d49d35304f
data/flower_photos/daisy/2454280135_ac3aa75cdc_n.jpg,daisy,095d857e9e8aa36ede313ef41527129ee92e45a97dd85a2ed7c0e5fe15ff1455
data/flower_photos/daisy/2454280137_e1637536ae_n.jpg,daisy,cbdb7590f0ee1867dc20c838f630d8fb18f8963d12d7e50d6a5a1a88aa2c236d
data/flower_photos/daisy/2476937534_21b285aa46_n.jpg,daisy,2030ffa855d71c1f7816e9e7912c2503c5e668f07db4087fcc4146ef3c8ac014
data/flower_photos/daisy/2479956481_8d1a9699be_n.jpg,daisy,0fde858572db3a8fdb7bee340a14f591622034888884a1481d739dd60cd2547c
data/flower_photos/daisy/2482982436_a2145359e0_n.jpg,daisy,6f25731c59debaaccc523d950d77cf530cab91064808fc8793ec463ebf8b17fc
data/flower_photos/daisy/2498632196_e47a472d5a.jpg,daisy,6b621c345dc9d9e8939bdeece1da35eff806ea30af1586e908ae7aa04fb0f7cf
data/flower_photos/daisy/2509545845_99e79cb8a2_n.jpg,daisy,50af78fe6ea75fbf800297dee4dbac1e248fb014a2e15d5fd8e599fcb66db9de
data/flower_photos/daisy/2511306240_9047015f2d_n.jpg,daisy,19700b0cd0e899f6948338be0f817495c3316393c4de0030e1ea9c1606e3c67d
data/flower_photos/daisy/2513618768_ff7c004796_m.jpg,daisy,738c1e328d9ab054226db8c00575253223e86f65dd1d57f4a285da9421190d1d
data/flower_photos/daisy/2520369272_1dcdb5a892_m.jpg,daisy,21f623cbbc84c460bf56e3d54beecc5da76f060fb358269d3ad2765c00e0a840
data/flower_photos/daisy/2521408074_e6f86daf21_n.jpg,daisy,a2f64735c915d4180a8c693536e55f733ae849ac66911a10a5356381c90065be
data/flower_photos/daisy/25360380_1a881a5648.jpg,daisy,3fdb828f7acf53df004d6d2d2daff60b33c4f68d396ad28c062c25f0dba76d3b
data/flower_photos/daisy/2536529152_33ef3ee078_n.jpg,daisy,0e90ba24c97e29e558555639fdcb0c9a17618304cf0a358334ed47e221f937bd
data/flower_photos/daisy/2538504987_fe524b92a8_n.jpg,daisy,520f339bae4ba3c3eb3fb43dc54a00cecab0ad25914f73230ed1a9a471a12e5e
data/flower_photos/daisy/2551708158_1f10e81e11.jpg,daisy,4f8cb7bc1133edba1b911822fb6d21bc1b3f3a5cd27cec5aa3cf746fa90a34dc
data/flower_photos/daisy/2561352120_7961d8263f.jpg,daisy,4e3659707edb141554879743f4314938928e09281ba7383816ed7f7b448afbc4
data/flower_photos/daisy/2561371688_c80a4fe957_n.jpg,daisy,93f0a35863fe8ca861313ac715227d6287d0aaeb3cab7a40b326db99ec57d6ec
data/flower_photos/daisy/2567033807_8e918c53d8_n.jpg,daisy,acfa80cf3861877615894dd500b31dd71a990dee783f8a9f37cfb25e8c778966
data/flower_photos/daisy/2573240560_ff7ffdd449.jpg,daisy,d69369a771f5174d890e4567ffb2540fd194f70d6579a95abb9cfe78e613d388
data/flower_photos/daisy/2579018590_74359dcf1a_m.jpg,daisy,d98654068be00964a904bf578c9e38773b51e843c12ee1eefbe89daba273831d
data/flower_photos/daisy/2581171297_b0a249b92b_n.jpg,daisy,b26104d553fa099c599fe32773cffa54366a4d73675f61ff497c0891688e71d6
data/flower_photos/daisy/2590291468_2635d3e4e0_n.jpg,daisy,53c87d077b385e0f54d0f3e9a59b303dc7c5a9b8c96e6223fd911bbc9fdc64e4
data/flower_photos/daisy/2599662355_7782218c83.jpg,daisy,85e0265e349d1574030d3af37c8ed6ce8bef279728a8c99f7abfdcddcd1a28eb
data/flower_photos/daisy/2607132536_d95198e619_n.jpg,daisy,1d7dd0f71fe75ede0d1fd65403d4c78a20fd2b4349e0bb7b744f40373fa3fbea
data/flower_photos/daisy/2611119198_9d46b94392.jpg,daisy,2ac830364c02477e410f6dc668c9041a5fe950d3a2fa21e983d772f705c0cd2e
data/flower_photos/daisy/2612704455_efce1c2144_m.jpg,daisy,f01be242e9f447182cfdf10a9ccab6f51aae2faa95c065eac012caa6d6604c24
data/flower_photos/daisy/2617111535_54c2ac8462.jpg,daisy,4d266aa431e3fce8b9812e8956b5725c986e44098af1d098167df2b024e528f9
data/flower_photos/daisy/2621723097_736febb4a4_n.jpg,daisy,c425d2d5b6068f91a14022a8faa4cf78899a6ad216e4c8d7549076f5fbe7a1e3
data/flower_photos/daisy/2627815904_919373e7f5.jpg,daisy,54d0570338e9b851a6bb0203432f925b68ace49184fe4889c179cac42fac7c18
data/flower_photos/daisy/2632216904_274aa17433.jpg,daisy,b226f87d4b61f74c2760a0ccfb268eaf7eb2ec404bea5eab7cbaef3ed9f91b14
data/flower_photos/daisy/2641979584_2b21c3fe29_m.jpg,daisy,d8012984506482baf277d08341cd88aed8eead312fa184340643cde7eb1b0f4c
data/flower_photos/daisy/2642408410_61545fdc83_n.jpg,daisy,e3b92d8000f0a9fa722ad26a202f337d033265fa3651c7ad61b6bace6212d79c
data/flower_photos/daisy/2646438199_b309cffd65_n.jpg,daisy,7fa3dde3bdc857effdc9da6043e9dac39055a927076455fc9c61d9bbb980611c
data/flower_photos/daisy/2649404904_b7a91991bb_n.jpg,daisy,c2aadc4c20166f8d8ef800a287ac8ff71859a4ffb3a3f878fc0e86d363d21578
data/flower_photos/daisy/267148092_4bb874af58.jpg,daisy,de77c4c4c585c26f8f0b83e1d3be522c0ba32d73c2135353812bdeb6e0de6438
data/flower_photos/daisy/2713919471_301fcc941f.jpg,daisy,877083324593eec9ec9b4d07f401ffbe4537e2473ba4d0f683f8e79404e9c188
data/flower_photos/daisy/2828733818_1c1ed0089d_n.jpg,daisy,d2f193885a100f5609c4d2e2c031cf0a5d82d5c3419c646206538d71cd27821f
data/flower_photos/daisy/2862944799_45bc8e7302.jpg,daisy,e24ce01d02611f4edae577b9168f0e8d1d9ebac6359119932a740daf4c8390c0
data/flower_photos/daisy/286875003_f7c0e1882d.jpg,daisy,7c36f06f21042a0612e259bc36eef982293170edb3b2ab54f5e4def877289ce8
data/flower_photos/daisy/2877860110_a842f8b14a_m.jpg,daisy,77ae0569e130bdce59f5d1caa262ae7e784dc7c71c100c95028313aead11b14f
data/flower_photos/daisy/2901376034_cdb4bac26b_m.jpg,daisy,7383017693b79dacecec23a298019371b87ffca48685465d19e95bbe6e472c1b
data/flower_photos/daisy/294451721_5106537b34.jpg,daisy,cb0ed0554cbcc9f9082d0f212bdae342f588f2957455d0aaf756813790385651
data/flower_photos/daisy/301964511_fab84ea1c1.jpg,daisy,a9d59b7ce2849f9c6be40fc33941b91c9f5aabeba899baf6e093d51da575f21f
data/flower_photos/daisy/3025866885_22fb0b61c6_n.jpg,daisy,e91e4881b3ca9de25a8135572f2284ae0badcc37395923cdd1e61aae80e60be9
data/flower_photos/daisy/3080880039_4f1bd592e5_n.jpg,daisy,56479e6f280344b80b5906d40550b082977cae78af84b4d04e404933a3024377
data/flower_photos/daisy/3098641292_76c908ba1f_n.jpg,daisy,54f14803ca9abc682c9e9739e1b39513b3c56fc9db53803dbd8229ea415ff82a
data/flower_photos/daisy/3117644024_1cbb59a509_n.jpg,daisy,58632f2066209c84ff0df84aa57f259a0cea44a7c666fade0c6faa3e99e35d51
data/flower_photos/daisy/3275951182_d27921af97_n.jpg,daisy,024b906e2dabf42ae61eccefd1642174e56368df13c4a9edebbe77348430c9aa
data/flower_photos/daisy/3310644753_5607eb96a4_m.jpg,daisy,3589ff7447b7bcebe2b4592a55ac82912f93a43c028690d57abfc73c797e45e5
data/flower_photos/daisy/3326037909_b5ae370722_n.jpg,daisy,d5b9c4cdb56b44a3dbe1626dfecdff4109a23896ee8a4124f0e23caf517f875f
data/flower_photos/daisy/3336704121_cfeb67a7d7.jpg,daisy,1189503aa2c619d22f425f81b5aff9cd98562a6a8bb11b2fc0fed59eaee924ee
data/flower_photos/daisy/3337643329_accc9b5426.jpg,daisy,0abc6734d5043eba9b78a206881368943e1248a36d0eb4d6a8c773527b26c12b
data/flower_photos/daisy/3338077096_3a8ed0e2bc_m.jpg,daisy,a3642a55c6ed7462a4a3669a35a8968ceb55b31e11a2356c159f7d081dbe1ba9
data/flower_photos/daisy/3379332157_04724f6480.jpg,daisy,905eae3d1bbc01c4298066144ad19561a8d7dbf7d58b3f3828086f063f0f6593
data/flower_photos/daisy/3386988684_bc5a66005e.jpg,daisy,d7bb050eef88610671e1c50c04557cf914258e62b112417d910f637f9f8db5bd
data/flower_photos/daisy/3410906335_37e8a24b1c_n.jpg,daisy,9a12392139b9c33d0da42a1508979def25d7e2609637862c53fc58b7a54801a8
data/flower_photos/daisy/3415180846_d7b5cced14_m.jpg,daisy,cfee10cb3d5d968e9d2335b2e68357d4375bb2e3cc1d6542358285ee728d1148
data/flower_photos/daisy/3440366251_5b9bdf27c9_m.jpg,daisy,884cb5d651f1f8eae7cc0a8d880777e014c8937262c5f8d5ee0a54cdc74758db
data/flower_photos/daisy/3450822975_7e77d67636_n.jpg,daisy,67b4a4cc2d198cc8891f7e40aed1fcf0d2e3f9caacce4c0b5e32ffcc4b78ab44
data/flower_photos/daisy/3456403987_5bd5fa6ece_n.jpg,daisy,470102a9720c804ad00d981e28d01f73e5dd451bcb44ad7b88a76e4bd86cf38a
data/flower_photos/daisy/3463313493_9497aa47e5_n.jpg,daisy,cf7ee6a6eade2e72c2ba37e4fba0bd0ef0077d72c53ca97b0f7b8139499e7450
data/flower_photos/daisy/3474942718_c418dae6f1.jpg,daisy,bb35fd22eb753416278465b8988e3c5105bf305e924fb9d0937876fce6ef19d8
data/flower_photos/daisy/3475870145_685a19116d.jpg,daisy,8e76353cefa62140aad6b7745c8a58af333ce5f1b05a8ae5986cb0ac190f48a7
data/flower_photos/daisy/3491933306_43cfe2cfbe.jpg,daisy,9ffbacc3a14d2fd05bbcc2ad15b18c62cc3f9c3de07e9367947d0f73c7ecf8d1
data/flower_photos/daisy/3494265422_9dba8f2191_n.jpg,daisy,2ff6cfe2f9204eeda0c033b0a0cfeb629132bee7727f5caddeb9ed7faded555c
data/flower_photos/daisy/3504430338_77d6a7fab4_n.jpg,daisy,8ae928bcb0cf18b614a68c0f67c8bdcd375509637d6080732f628fdf383eb955
data/flower_photos/daisy/3506866918_61dd5fc53b_n.jpg,daisy,6a2db19ca63ed4d2bc9d23bd32494cae6f2848d983a07f1d51fca121a356eff2
data/flower_photos/daisy/3533954656_79156c8473.jpg,daisy,e7975684a8f4dc9f7f4b35c57e2fa520c29dde3b7129fc66c46aa09b9f79b363
data/flower_photos/daisy/3546455114_cd2dea5e02.jpg,daisy,5523cd59ec3ae7b5a52e4cbe0523785786c333f1917dc6b6570c7c2988ea6cdb
data/flower_photos/daisy/3552074420_2a0a7166db_m.jpg,daisy,025b09e2fe2c53201c223e1315cc42aa3b8028144ccaaf8607eae4603cf41f33
data/flower_photos/daisy/3588872598_e0f9a1d2a1_m.jpg,daisy,04869b269c1e6b7e25ab3f382a5eb052f875170ad9ddf972c4244f8b1dbfeb3c
data/flower_photos/daisy/3598615130_578ed30e5f.jpg,daisy,f99e8a74eb972f809094d49b757ea9d7b350f267f63ea2afcbdbbce9c1b2c514
data/flower_photos/daisy/3611577717_f3a7a8c416_n.jpg,daisy,c3e597fb4fabc5f3ba25da282d8cb772a01f8462aad0673421d8dc85fc7c4324
data/flower_photos/daisy/3625257860_33efeef614_m.jpg,daisy,0ef144c630e18dc5d24f0f1d39bc896dde974f8cc6e27606fad2e550a27c2e06
data/flower_photos/daisy/3639009391_0f910681b7.jpg,daisy,aca8c175e33baff6f60a9c36d0df085eabc361782373569c3fbb3120769f31d3
data/flower_photos/daisy/3640845041_80a92c4205_n.jpg,daisy,382a54eaf92a4a553628c897f6bc431e8739d9157ec2fad1e93b1cbcb589800e
data/flower_photos/daisy/3661613900_b15ca1d35d_m.jpg,daisy,afc0ba5219d7670c74a4b772dac5fe4759ca095ad94a2a465e922e9901c54b0f
data/flower_photos/daisy/367020749_3c9a652d75.jpg,daisy,d385c2cd5e8ac1daa88fbc360806f1b33e1636f8b537c74e6f24ff078d1f2f79
data/flower_photos/daisy/3699235066_fc09a02dfe_m.jpg,daisy,c55927f3570611786a6393ed1a5b9fd7358c4fb86b1414487b501a79c1cebc3a
data/flower_photos/daisy/3703643767_dee82cdef9_n.jpg,daisy,b9055a137af4c658ff1e51981de626f57b5217ca4730ce4d036b1efa52d6e6bc
data/flower_photos/daisy/3704305945_a80e60e2f6_m.jpg,daisy,de15092d2d62e58b808b964e604e3ef2b0d26e12db43f8eb3f49bf0ee3b2ac87
data/flower_photos/daisy/3704306975_75b74497d8.jpg,daisy,22fa395ad3340ab0b90678fe15020bdd0fa2c5628a9fe065296720f504ceb2d4
data/flower_photos/daisy/3706420943_66f3214862_n.jpg,daisy,401e2064bc82f340d4c2c9d00a73f26280ec563910094f9a714b936571edc760
data/flower_photos/daisy/3711723108_65247a3170.jpg,daisy,6c4d8e3d184b5c722cbd157bfc1de82ca818622870c5d319248489660016b861
data/flower_photos/daisy/3720632920_93cf1cc7f3_m.jpg,daisy,8aaa78257d50219862dd4fa324a90e923b895820b579fd17b0c0960162d638b7
data/flower_photos/daisy/3750250718_eb61146c5f.jpg,daisy,abdd83e5b712dad91596a26bdfdeaa734a681401d1e42108fdfbac269f62d867
data/flower_photos/daisy/3750771898_cfd50090ba_n.jpg,daisy,469e458f2169c89df90c6162ccd1c6820f6dbcfcd595a3f051d775a50694f2cb
data/flower_photos/daisy/3758221664_b19116d61f.jpg,daisy,d91827a194974d4b6ac4cc11c1108ec2513ccfe4b736c25bd1aa6ac24036a40f
data/flower_photos/daisy/3764116502_f394428ee0_n.jpg,daisy,97ad57b199af24f22768d314de06aaef0a619757fcae8166e528c6bb38e7b571
data/flower_photos/daisy/3861452393_14d2f95157_m.jpg,daisy,c1c29149ff68636fc1a7f75d1f8a1f8402ba1d02035beb676bad8cf153906984
data/flower_photos/daisy/3962240986_0661edc43a_n.jpg,daisy,eed29ecc63354bace0be932a037e9ab877253da54d99d2515e64b9968c571a51
data/flower_photos/daisy/3975010332_3209f9f447_m.jpg,daisy,40b1211d0b4d94766855c1b06d316bf14712c9e080b3880e0b2310ecc794bf7d
data/flower_photos/daisy/4085794721_7cd88e0a6c_m.jpg,daisy,e459cd14288432629a1e3b4a57dfc7efef3a9c64f1ba73586455874d3c94e198
data/flower_photos/daisy/4117918318_3c8935289b_m.jpg,daisy,5e4aed46df62b8ab775319779a8d77574aa6e7d2407ea409021ade92d2a68cb2
data/flower_photos/daisy/4131565290_0585c4dd5a_n.jpg,daisy,ac2e7c73558b225b6b30c2713e85b7ec9b36e6c7db5433feedf838f493859fac
data/flower_photos/daisy/413815348_764ae83088.jpg,daisy,486bce5911dc63a9c6e647b9588aae395d78ada413e5c977d1155f4a5222f871
data/flower_photos/daisy/4141147800_813f660b47.jpg,daisy,eac8a17ac483cd131a829ddc8ab3778b730529ced71176457c42d129ec17222c
data/flower_photos/daisy/4144275653_7c02d47d9b.jpg,daisy,e2d8bfa2a3d4d4287b5b23c844a401ddecaee2d9fb708b102a435b060d460390
data/flower_photos/daisy/4222584034_8964cbd3de.jpg,daisy,1df20016d17233c5ff9f0524f6b801f25fd6cd5d042ed325492213a0d920346b
data/flower_photos/daisy/4229503616_9b8a42123c_n.jpg,daisy,156a73b00c08f2d308c28f45f407d572932d6ba46bced84e2459fdc2c733ca72
data/flower_photos/daisy/4258408909_b7cc92741c_m.jpg,daisy,5743e143ff83065cadbb640eb190501a73fd46951fd58e94b34c3bfc1f65a470
data/flower_photos/daisy/4268817944_cdbdb226ae.jpg,daisy,ad883f072b41fb318df59baa87024c5b6708105d2f98e0cd30ec56c67cba40ee
data/flower_photos/daisy/4276898893_609d11db8b.jpg,daisy,f2d27a7df4a4af1300f2d39764209fa05cdbc1c6f33df8099a11b680cb713ff4
data/flower_photos/daisy/4278442064_a5a598524b_m.jpg,daisy,8c638190c2ff0ea16cebeed200258a1f6803b2e9620b6c56cc75120370a1f930
data/flower_photos/daisy/4286053334_a75541f20b_m.jpg,daisy,3bcbf00242096ebb776e5a1b5524b38de15b5849711c8c8acb7cff11eee525e6
data/flower_photos/daisy/4318007511_e9f4311936_n.jpg,daisy,621f5731a314979eadbf81aa86e656fe663fe85aaf94a49e9a8263d4714d238a
data/flower_photos/daisy/433037739_6a030e5912.jpg,daisy,5269052e55d8d98979e099fedba56435a128bdd24fd2d6340042c5ba95267f7c
data/flower_photos/daisy/435283392_72e4c5b5d6_m.jpg,daisy,29a8ccacdc8feed13843b96eed4c5d8c2f6abd74bece7bd44bf719888f405082
data/flower_photos/daisy/4432271543_01c56ca3a9.jpg,daisy,a7b0cbfa167b0b1dfd3fb7713fb7a4d224864c0ccc06f13415d2c6debb6780d4
data/flower_photos/daisy/4434592930_6610d51fca_m.jpg,daisy,7ff0d16d4c16e91fca325aa4bc53750df2ff8c76bef22f9167fc53e95333ca57
data/flower_photos/daisy/4440480869_632ce6aff3_n.jpg,daisy,10d90cf264b0fd861b14c188e816c8424086672d2117bd6705580038da973768
data/flower_photos/daisy/446484749_4044affcaf_n.jpg,daisy,b580e44e3aca0ff66275be91de3f5fbc26bafb6a0f46d191996e3378648a82b7
data/flower_photos/daisy/4496202781_1d8e776ff5_n.jpg,daisy,b5614199974de50e78a04494f58516d583f428d5a528203b8360e0032df8cb65
data/flower_photos/daisy/450128527_fd35742d44.jpg,daisy,ba263864a4703b09a11356d99c64e18a67d39fc7ad1ee556214b0638b812e071
data/flower_photos/daisy/4511693548_20f9bd2b9c_m.jpg,daisy,3a7cb2c9749f39fdb4beef3d499abe71e58a568fa6449f269ee9b02f524ef82e
data/flower_photos/daisy/452854574_59492f119a_m.jpg,daisy,c5d6844169ad012ea7ddbb47e76ed75cc7638139abbfdc6c05e1205db84ad927
data/flower_photos/daisy/4534460263_8e9611db3c_n.jpg,daisy,86c32cf35b678d31e49c7230f744ba1bf55fe0d13ce81ed9264508119a6eadec
data/flower_photos/daisy/4538877108_3c793f7987_m.jpg,daisy,3af82915a984d5099e9d6b254e8a7893e137ec6f3296db11b6b711d1f84d58fc
data/flower_photos/daisy/4540555191_3254dc4608_n.jpg,daisy,4968373c6a1af733da73b82203f99d5d00b51e239cffb5b1a3c6e6db8f8622ed
data/flower_photos/daisy/4544110929_a7de65d65f_n.jpg,daisy,4340af37690f5c8e3157e02fb81f439cd867362b108f61bb0e8bfec33b1a60c5
data/flower_photos/daisy/4561871220_47f420ca59_m.jpg,daisy,ce3781a0e6d5bed8ccf1ee4098e2b7d4d325335349f2ebd3ebc21f0065608d18
data/flower_photos/daisy/4563059851_45a9d21a75.jpg,daisy,ee38d14215040b876876ddd9529fce5ac17a7cd9a3f36706197b6dcf41b88c52
data/flower_photos/daisy/4565255237_9ba29c4d4e_n.jpg,daisy,e029634e5de1846ce0d7e8d263f81af4706046f0dd3f51d96f891d4ee68fa095
data/flower_photos/daisy/4581199679_867652c3f1_n.jpg,daisy,f0253ffc196da8c54f7d871152973e6b6be5a9bedd4551528c720c8730424a97
data/flower_photos/daisy/4613992315_143ccc2a10_m.jpg,daisy,3e0c6b8ae23bf82ef98e07da34e4a458bf66a14547fd04b814c29e2fd493775f
data/flower_photos/daisy/4646886118_b5c5ceaf6d_n.jpg,daisy,949461423418b64685ecf27e092a19a00c7e36b61f1601fd5d96bd25b8f81b96
data/flower_photos/daisy/4666648087_b10f376f19.jpg,daisy,7664bc94dc3d2af9fb80004fb4b2de3ba47f61512379c0df76ae075bce3b575e
data/flower_photos/daisy/4669117051_ce61e91b76.jpg,daisy,081a32b10c07f058fbb5b035b3f27d4df43856bf46676c25c512419c58245a5d
data/flower_photos/daisy/4683997791_56e7d3c03c_n.jpg,daisy,1795f2f21e29a00fed1324484a209288f1cee4ede3837342b54d1bf4aff6a3f2
data/flower_photos/daisy/4694730335_2553e77aa5_z.jpg,daisy,eb0573958d5874a87359a3171ddaac907a4ecb9e6aaadc32515a8bdb3ba0bd56
data/flower_photos/daisy/4694734757_5c563d38dd_n.jpg,daisy,a8d145903ff36971cf96c9cb9262e9f58867e32b1630ffaa1e0eb8182246756c
data/flower_photos/daisy/4724713781_d169f98a35.jpg,daisy,a979a92f1e6e9b612f68ef6d1d10cea4646df592a26829bf0b4f80883a8b0e8a
data/flower_photos/daisy/4727955343_0bb23ac4ae.jpg,daisy,06f90dbd160b5c741fc32f14c492593ea4ce9ad199bfee41c967f7ec42340113
data/flower_photos/daisy/4746633946_23933c0810.jpg,daisy,9796d62ec0a91a1b671e450a5a6b7e0231d20a283d01f4e28059366f3ab15919
data/flower_photos/daisy/4753134939_8e87649db6.jpg,daisy,d14c2234728fde2ec9f85cac3e506c44c48a40f270607b4d6154648474f977fa
data/flower_photos/daisy/4757448834_a29a9538c9_n.jpg,daisy,84f49eada056e4dd24fa7312cc43c3caeab58b25ebe8a82d4bba20d3e0fc45ce
data/flower_photos/daisy/476856232_7c35952f40_n.jpg,daisy,43e880f22f0adc926fb521a52e938d96952154ec89464a778e1d78adc6ef444b
data/flower_photos/daisy/476857510_d2b30175de_n.jpg,daisy,1d5255fb368c1b202d1d411fe9f1e7965ee43bf3b6032e3b75b33e1f7ee00692
data/flower_photos/daisy/4792826628_aa5e5a9804_n.jpg,daisy,c1cea34a0572f94284db8a4091242f0f0bebb6e4c7c3a1cf2fd763339650c4c9
data/flower_photos/daisy/4814515275_6e25a6c18f.jpg,daisy,539420a79cabcebb75f424edc452115f0ed621c75d37dcf7ac2a525ea566e721
data/flower_photos/daisy/4820415253_15bc3b6833_n.jpg,daisy,60420a66335d920e8220fa32cb9fcbe1b869cb0d6c400a45b8ec97886ef5a87d
data/flower_photos/daisy/4851353993_2cbbbd1040_n.jpg,daisy,75e5d538a1fc16b9b4b32cb2b946540a4eb4b5bf37618a7915c93159b3d31213
data/flower_photos/daisy/4858518329_7563eb0baa_m.jpg,daisy,5d6e03d8fd4a62337dfdd2d25bf32077d846835ed1a9356cdc1cc3e4e279f4cd
data/flower_photos/daisy/4861391074_c3e122dab0_m.jpg,daisy,0d0087ae212abcb2b53053145b14f73f5728ade43b7f220036c6ffd05b5c5e5b
data/flower_photos/daisy/4865691548_00319261b8.jpg,daisy,d4a119d1312300f44a012ce6d47ca1343a8df4eceea2a0fa62ffc3a3235dbab8
data/flower_photos/daisy/488202750_c420cbce61.jpg,daisy,cafcc4606e7196c7d96227fc05fbf264a70e13616cc87c45d1e9aa28652a3a97
data/flower_photos/daisy/4890424315_6a59696357_n.jpg,daisy,ff17c62837e867daa2fa48721611a2aef2624eaec5e5420d1e798215bda55411
data/flower_photos/daisy/4897587985_f9293ea1ed.jpg,daisy,0ae13a592d2b6744694ef9ee040c6628479a0f0dabca8abf5179f101a09004a3
data/flower_photos/daisy/495098110_3a4bb30042_n.jpg,daisy,b1a188baeb552ee52c09e3a0452d3fdf648a74bf20693aeddde91aeee901d2d2
data/flower_photos/daisy/498159452_b71afd65ba.jpg,daisy,44e3828efa359b03ab33506a3301433a71e1f3a30f6bad6b012a27cfb09fe030
data/flower_photos/daisy/4993492878_11fd4f5d12.jpg,daisy,a0473e3924b94767e278841138cf5ad99338c266a0de967f3888db48cbae5e31
data/flower_photos/daisy/5014137563_d03eb0ed75_n.jpg,daisy,5397d2f7e944120e911d9db23e688f97a61b564ae108a50b9ada13d9b7d7b637
data/flower_photos/daisy/5054771689_00dd40b971_n.jpg,daisy,f9dcb02435d7aebe63e377eb12a4e7abe4ac424b2cfb61ab6308882bdd82db03
data/flower_photos/daisy/5058708968_8bdcd29e63_n.jpg,daisy,31b095efb28df6892125922efcbe7bf4fcd47022d1cdfbf976a40f7322c34e0f
data/flower_photos/daisy/506018088_4f7a15a7c5_n.jpg,daisy,4ac6c6176b108b5943cb2ede1e9d50c232f7091c71097cbc917869f22cf03c89
data/flower_photos/daisy/506493250_e9ca42fe3d.jpg,daisy,1bbc5a2a5661585dfd66753607e7078c77025dccae8b6b426f548abad78d4372
data/flower_photos/daisy/5087720485_c0914fb623.jpg,daisy,92338783ea1dddaf4977ec73d54f372365a5a5a3e66c1c4399335508e11009d8
data/flower_photos/daisy/510844526_858b8fe4db.jpg,daisy,946695b99c629a43758ad98e29b3567dd56a1dd9a65d03c45de49250186c4346
data/flower_photos/daisy/5109508979_68e3530791_m.jpg,daisy,c625405990c1bc35b541f67b4c94860c1472afe3ad9eec9dab8b8090304c5c64
data/flower_photos/daisy/5110105726_53eb7a93be_m.jpg,daisy,5dfbdd14dad6efac58bf30ab7819d29e681f10706dc19ec67498c79c5f995848
data/flower_photos/daisy/5110107234_12ddc0206b_m.jpg,daisy,02a77e71c65454f58a3939543f347895406669b4504419104561006cfc9b99e1
data/flower_photos/daisy/5110110938_9da91455c4_m.jpg,daisy,d6887539cf17f82bddff0131432e34b6bdc2017d9a9f751d3fab1899f8207268
data/flower_photos/daisy/512177035_70afc925c8.jpg,daisy,ff9d417c4174803a991231bda5099ba97a249f81a3d9e138b5af69b3d7954a7f
data/flower_photos/daisy/512477177_d9004cbcf1_n.jpg,daisy,4199445c7f46a4078521c41044dbd75438bf4b91b77b9fcc8f0441f7ad96d69a
data/flower_photos/daisy/5133243796_44de429de5_m.jpg,daisy,b83f9988d6c74bf876c778419381fba2dc9e3b40d271673790974fabae42d244
data/flower_photos/daisy/517054463_036db655a1_m.jpg,daisy,a0a90606f55fe0fb6962eceeb51e4b7180e3423573101e70b16fdd81ed409e8e
data/flower_photos/daisy/517054467_d82d323c33_m.jpg,daisy,60eff1e5aec60a3e4670ae71d376dba6ea2ea999be41bd879430c81e33e2fdc8
data/flower_photos/daisy/520752848_4b87fb91a4.jpg,daisy,91a97045418e64defc8371fd0256cbad10de83b8dcd49f561d52b1cedcabd0dc
data/flower_photos/daisy/521762040_f26f2e08dd.jpg,daisy,fe92e48fe185f0de47649f636ed68df5cd27e7ca00becadf881a2ba7e1fea531
data/flower_photos/daisy/525780443_bba812c26a_m.jpg,daisy,2324c40aedb8e3037844614d3cd2ba1f758729482b144239c03d6d7252caeb63
data/flower_photos/daisy/534547364_3f6b7279d2_n.jpg,daisy,879d6cf7622b672efb149da73bf724ed378f21790e1a90e8ede6ee706e9c1407
data/flower_photos/daisy/538920244_59899a78f8_n.jpg,daisy,7e25fc926f59530459b2b2662a68675de0c6cdaaaa13637b807f911b7e0c993a
data/flower_photos/daisy/5434742166_35773eba57_m.jpg,daisy,e5a0c3162069fcc8abf53c35741e78164e73c38757e3fa6c5e31788a0252f1ab
data/flower_photos/daisy/5434901893_4550be3f84_m.jpg,daisy,9f22d7fdeb5291b851479bad113b97fb362cc8e4425cb466356f826da6533298
data/flower_photos/daisy/5435513198_90ce39f1aa_n.jpg,daisy,e723a327ac43312f2634965fc0a46b19a4c2745ec9c1809245e68b0516c0c2c4
data/flower_photos/daisy/5435521200_92029bbe2b_n.jpg,daisy,a1cbde597615a0c83186543e3fc44ba841f183688b622eeb07bea803786f81bf
data/flower_photos/daisy/5435522104_1d6a61b431_n.jpg,daisy,adf89123efc27fbfb69a4017a17320886a84a67fc023daf25213161a2247a601
data/flower_photos/daisy/54377391_15648e8d18.jpg,daisy,b91b3546bec39cdf6bb2a636b9b1a59e3eb30bbbd9bd2a51f8f369a89b0c6e74
data/flower_photos/daisy/5459481183_18d2d49e44_m.jpg,daisy,816ca1abe0878b99cb8eee906cb18c4ba727df93960afc6cd7519844c16de320
data/flower_photos/daisy/5512287917_9f5d3f0f98_n.jpg,daisy,485247b819b512731c40cd898a2ec8806fd635ab327de3869b2a461d2dd74499
data/flower_photos/daisy/5547758_eea9edfd54_n.jpg,daisy,9bd8c2a1ac555c7e8291853fe9153af6141175d111851a9614a7033e74996ef7
data/flower_photos/daisy/5561775629_a2b709b3a4_n.jpg,daisy,80333928e9811745f6534995fbbcff0570bfb0fa62fd1499254797739c9fe051
data/flower_photos/daisy/5577555349_2e8490259b.jpg,daisy,54da04eab6939b912dde05ba3c7bfacc1686f8b2b603a4232a87ae08088d254f
data/flower_photos/daisy/5586977262_6b24412805_n.jpg,daisy,b63166ee46bc36c0deb29ac92e1013d9dc0b8d2d05b082b83ceb15a6c6ba6bf4
data/flower_photos/daisy/5602738326_97121e007d_n.jpg,daisy,c6ffb3a2e750c0263ee8597ef677fa87c4fe0665b75188ff407bce5a97cdfdde
data/flower_photos/daisy/5608389827_a42a46f760.jpg,daisy,45b60d1d9255639e7ff58cde6fee61264c4052c5f7b0e0601429d2ea71c4bc64
data/flower_photos/daisy/5626784099_b36dd3fb11_n.jpg,daisy,7016c6a92bfcd3b4c4d442fc24e90101eec8571be7f85f31295e4aef1267b429
data/flower_photos/daisy/5626895440_97a0ec04c2_n.jpg,daisy,c760dcc4b973dac423190db07a930d199b46df1fef2c37e9a8d4327e81443a8f
data/flower_photos/daisy/5665834973_76bd6c6523_m.jpg,daisy,f66e803b1106eb329df912adbdace546b697fdc8cd57f8ec4f2de76dc75169c7
data/flower_photos/daisy/5665838969_fe217988b9_m.jpg,daisy,8de0e23d7a2f2c84af7e9729f1b1b2b087b61daca7cb5a36e4f1ae1b5a328045
data/flower_photos/daisy/5673551_01d1ea993e_n.jpg,daisy,3f7c18e16050675696fa60ef3ed7136ed127d98e9d57fa98d2abc032e31adf57
data/flower_photos/daisy/5673728_71b8cb57eb.jpg,daisy,6625b0db3cd78f6f0fde3c4b1361c723272155bb0580c7834b9a02990fee259b
data/flower_photos/daisy/5679288570_b4c52e76d5.jpg,daisy,f5d3732118da5935ed934b497b1baeb848d184c06e05a83969244cb0c34956bf
data/flower_photos/daisy/5684911529_88a7ae32ba_n.jpg,daisy,34a1592fb476af31199c599407600d1e0061a6a352da6c69e17fa08e4f2d3ed4
data/flower_photos/daisy/5722473541_ffac1ae67e_n.jpg,daisy,0e5c53b5a6f43f003e2e66a970b21ed22cf36d3015c735a2bf12dd48ed44a8bd
data/flower_photos/daisy/5739768868_9f982684f9_n.jpg,daisy,419af38c2e82e647513a6ebc327701ed55f4d3aee2878302fd257cf73fbdd7f6
data/flower_photos/daisy/5765646947_82e95a9cc9_n.jpg,daisy,28365f7230b58bffdc9d1705b015e1f07b99015f8a85b679200c67e3e7892634
data/flower_photos/daisy/5769217520_c90efc3c93_m.jpg,daisy,c510d2c4f7b8ec7aae9d47b411dc7cf02d3b0a39acd0c2ef8c33980dcf180e6d
data/flower_photos/daisy/5794835_d15905c7c8_n.jpg,daisy,a8e7fb50ee856852abe203bfc3b301f4c810b5ae1bc7e5f611411e61e2143c47
data/flower_photos/daisy/5795159787_ebb51a5e75.jpg,daisy,2c80a6d32dfede90ac7d420b89532f21f6769bcac4ef0d4fe171183c0654c4f5
data/flower_photos/daisy/5796562389_ae43c83317_m.jpg,daisy,a6aa3e96ba99bfd536d1db579fd7ad4914481b7b176897292af7ddd7e3df8874
data/flower_photos/daisy/5809489674_5659b3ae5d_n.jpg,daisy,87454c88ed087fe4d8a61e4d24890cb3b21cb01b8b698eb9ee79dab530bd8f01
data/flower_photos/daisy/5811226952_4650ed70ae_n.jpg,daisy,5e68b8b0d88f68fa6a86cdf5bbd7637f5034e52b939d4cb4c714326c5b16655a
data/flower_photos/daisy/5853276960_d08f90fff6.jpg,daisy,914f8b308370309bdbfb6545e118547371d579a567bb6f0dab31e883fdfe89bb
data/flower_photos/daisy/5869147563_66fb88119d.jpg,daisy,5051aabb55cd1ee694d79811c9ebdc6f1f5804b82f4f9684bf582bf9bdd107b9
data/flower_photos/daisy/5874818796_3efbb8769d.jpg,daisy,1652ab8fbe2de0717a7d16aa818f2ca892edaec57533871e6ddd8ea638f76072
data/flower_photos/daisy/5881907044_92a85a05c8_n.jpg,daisy,266d92e2959668a94ccfaacb901d5d164ecbf3a3a9ce76c902abbfec8ce70a01
data/flower_photos/daisy/5883162120_dc7274af76_n.jpg,daisy,082b460131e3c3a7c7fcf9ea4688e4bf4edf337645dbb12a5839b8813a833a9c
data/flower_photos/daisy/5884807222_22f5326ba8_m.jpg,daisy,6734439e87b5b1ee853b67138220e3003cebd48013d62255e69e84ef1f020e56
data/flower_photos/daisy/5885826924_38fdc6bcaa_n.jpg,daisy,45282f81119c99394b697303fe75b8c7bd31d8e7efceabe83234951c9e88d056
data/flower_photos/daisy/5948835387_5a98d39eff_m.jpg,daisy,529040113f64d6df6c42b06ef16bb89887682ca1e729082a427fc667cd196695
data/flower_photos/daisy/5973488341_50bdf6cee3_n.jpg,daisy,2a1ca6e4b9d4db77cf1a164a81120006a12ee371f3c63d5996fa094f05ddb7bd
data/flower_photos/daisy/5981645737_29eceac291_m.jpg,daisy,9ceac3e6cd8a1b5019a8c3ed08d76c0a50504ca31b5e70e95e5238c1d9924ce4
data/flower_photos/daisy/5997702776_c7bc37aa6b_n.jpg,daisy,d5651cfe4f84623290837e4c23feeb0211d7cd64249f31231244e47072f3b77c
data/flower_photos/daisy/6054952060_c88612f3c5_n.jpg,daisy,d21aa3cf6bcc47bb4e779614f1dda303f66722cd3ccd1dc190ced7ede3ee4615
data/flower_photos/daisy/6089825811_80f253fbe1.jpg,daisy,9762384ffe8df3ea0a87de9b1c44e5c77fbbf6a009f25d7b241a767df39b3039
data/flower_photos/daisy/6095817094_3a5b1d793d.jpg,daisy,54b8ca3aeabea60de10a052f15d7361c2a8fe8446816ba96861d09f4bdb776a8
data/flower_photos/daisy/6136947177_47ff445eb4_n.jpg,daisy,37b78179e2eef431bcfc3ece775ff9f584394d66aad12ac84ae9a4b9aa92e41e
data/flower_photos/daisy/6208851904_9d916ebb32_n.jpg,daisy,5d792a35cc27d9ba0408c002e78632de44964533bdf399df2827f2d65d7c247b
data/flower_photos/daisy/6210664514_f1d211217a.jpg,daisy,e1b2737db532a082a9e497bbab075eddf728a9746f6b602b98960323e006219b
data/flower_photos/daisy/6299498346_b9774b6500.jpg,daisy,b8f7f42bc392658c9a88403a78b4b0631ccee1f6716e9a21f7515e3949addadb
data/flower_photos/daisy/6299910262_336309ffa5_n.jpg,daisy,ad90bc874500149f4a8894bb356fed9ad691d5f091128f154d874a2411a633e4
data/flower_photos/daisy/6480809573_76a0074b69_n.jpg,daisy,4d4f53eab31d93cc6b8ee376712f7cc98bf77fba47e419e40a41051b07b026f7
data/flower_photos/daisy/6480809771_b1e14c5cc2_m.jpg,daisy,9bda61f8ebeefee01e1691b6d1084e3ac8677ab1c9e449807d70532a00042dc2
data/flower_photos/daisy/6529588249_d9cbe68aab_n.jpg,daisy,d741dde816ab3d3ff54252837599a6a8f2a81e8ae25c093e298f844346fe950b
data/flower_photos/daisy/676120388_28f03069c3.jpg,daisy,a4e433d4a812f5ec693cc44a059926bc3aa7ad978bc4664d0588827c017a7c4f
data/flower_photos/daisy/6864242336_0d12713fe5_n.jpg,daisy,7ce0654430cd35e5f0b841f7282abf09d88813f86f83dcee9dd350060cb500ff
data/flower_photos/daisy/6884975451_c74f445d69_m.jpg,daisy,221c797746ce72d8a353ead797862feb71279cf7a0773ae328d802b34dde1671
data/flower_photos/daisy/6978826370_7b9aa7c7d5.jpg,daisy,ba6dc4478dcbbf96583608379eab25ea60bdfec2f53acb9cb90ee031b36616cd
data/flower_photos/daisy/705422469_ffa28c566d.jpg,daisy,30d046c3b1dff59231de9821470a66419a2abe99263e86afd6aa9dc01062c603
data/flower_photos/daisy/7066602021_2647457985_m.jpg,daisy,84cccc608172432a18c2f212c606dbd86cae9957d2ba0cd9623dc7f142836331
data/flower_photos/daisy/7133935763_82b17c8e1b_n.jpg,daisy,545790107a92001b240b11b33ed4739f0fc6210901221e8782adf310b56038f2
data/flower_photos/daisy/7191221492_610035de7c_m.jpg,daisy,2b6b1a48dd16e553f255b82fa1c4ba22816843e616e1d21262f4501694505f45
data/flower_photos/daisy/7199968650_72afc16d31_m.jpg,daisy,4a20410448576c4574d4ed32104caac44c0ae3c41ba17e4038f09f536b12e7af
data/flower_photos/daisy/7227973870_806d9d3e42_n.jpg,daisy,a9fdf9b03cfec66f4a17a9e4a9a975210479dfb522ecd3540b993456bba5b0c3
data/flower_photos/daisy/7320089276_87b544e341.jpg,daisy,5c98acbb48fa294d0333657f4c2b727d8c309d3168fb1602f478d3994b659568
data/flower_photos/daisy/7335886184_d06a83f640.jpg,daisy,27371e8e153acc0960d937daf57a14add878124dc6eae032daa6c90f259d688c
data/flower_photos/daisy/7358085448_b317d11cd5.jpg,daisy,4cd12442c96e781cc1b3b50d99fbf50d9e40fe4cdad12711b0ae2641a95447c4
data/flower_photos/daisy/7377004908_5bc0cde347_n.jpg,daisy,f2c933e28a81685aeaca5e8e7752a626dc99b2c2948fd434f4d68c6da3a5a40e
data/flower_photos/daisy/7410356270_9dff4d0e2e_n.jpg,daisy,e5ec9ff9f1ef5e1bdbb5aa33327bacacc41028f638b40ffb870ea81a53f3aa64
data/flower_photos/daisy/7538403124_f2fc48750a.jpg,daisy,5dae68e61f0130f4246725fcb4587687f904a7a70967d8e849eed8226fed7b6d
data/flower_photos/daisy/754296579_30a9ae018c_n.jpg,daisy,fc57de35f3dc894d5ef7fa0f7d6e86bed8f89f21f3d50f766f4aca2d2a233f4e
data/flower_photos/daisy/7568630428_8cf0fc16ff_n.jpg,daisy,f9a7c0d7e0e0f34636d2909f38f2da4ffd9138b48e25f9247aa75e540576263f
data/flower_photos/daisy/7629784968_b953501902_n.jpg,daisy,14477d91a7d07d184c4bd07be4701cdc80e775efae39198ba5fee07907b8a659
data/flower_photos/daisy/7630511450_02d3292e90.jpg,daisy,935058177c840bd7a2467004bb907dedacd6f4c6122ef50172a80cd199764097
data/flower_photos/daisy/7630517248_98fb8bee1f_n.jpg,daisy,5a3ad47dc18fea514d42e5728b69a0498e1999aec0cb9f4b8220cfc7af407399
data/flower_photos/daisy/7633425046_8293e3d0e9_m.jpg,daisy,4cfba2fcd975122f749efd9213ff20fb5cb97abc773d429ceed7ebae35b600e5
data/flower_photos/daisy/7702332000_3f21ef4571_n.jpg,daisy,49303f12546086bfe6f1b478d954c7c40d29ff1b2a2591946ab9c02ec73fbbb4
data/flower_photos/daisy/7790614422_4557928ab9_n.jpg,daisy,922b7a6e5160d55f1dbfcf02b3532bb9d1034ca51cf1191d5a4d67c54d8295ed
data/flower_photos/daisy/7924174040_444d5bbb8a.jpg,daisy,cc4ef688d57ba456b30dfa9f696a43e84cec146cac35f0396efc7a8f8981fa03
data/flower_photos/daisy/799952628_bf836677fa_n.jpg,daisy,a3879b2ea093cb6caf2c19d572b4c51271a7ca758058a9f29db7a9cf7fdbe820
data/flower_photos/daisy/799964360_7e07a227ea_n.jpg,daisy,0bc216a63536bd3eab76ddb0f7500d9cd11308e813c20b41487190da15b7fc7b
data/flower_photos/daisy/8021540573_c56cf9070d_n.jpg,daisy,4e3865307f22808e1b15757f4242226863693e4895d5119bf0b5672d00db37a4
data/flower_photos/daisy/8063844363_db3f4dea85.jpg,daisy,ead849579218cfa0a303d746a1a9e5144116fde953e29ac88c699f46b88a2bd0
data/flower_photos/daisy/8071646795_2fdc89ab7a_n.jpg,daisy,e68db0882d334c71db3302245637ff6bf4c0d6f674af4c880578154ba6a6c564
data/flower_photos/daisy/8085329197_41d53a21e2_n.jpg,daisy,beea46e5e78ac5417c446e8d85196cb7ed15d8ebd5264deefe638fb7187a8604
data/flower_photos/daisy/8127252886_96558c23d1.jpg,daisy,b8e78773ebbf35c9a4a80ae8260836dcd7e5ca32907f5e9b455dd5c699227eef
data/flower_photos/daisy/813445367_187ecf080a_n.jpg,daisy,4d434e2624dcae37bb184fe84128099011201cb8458bcd2d6914bbc2a932c685
data/flower_photos/daisy/8348621545_8f02b82662_n.jpg,daisy,c0078f38e7dd5bd0625937936dca38260cd8d4c0d867006d1572f1c491ec157c
data/flower_photos/daisy/835750256_3f91a147ef_n.jpg,daisy,a19c5f340b4d11c58e464be78d902b969d9151f34e81c36a3c76eb28cff35c3c
data/flower_photos/daisy/8382667241_0f046cecdb_n.jpg,daisy,3dc2a37f2314ef278c3d085cfaaf9e10963136b8efb69e01bc9efdaa1bbcccde
data/flower_photos/daisy/8446495985_f72d851482.jpg,daisy,d9167d72d3b97427ea9879c3753122a406cad50aa6064c0a5a6e8de1595b067d
data/flower_photos/daisy/8489463746_a9839bf7e4.jpg,daisy,21c424da6f3a68172782c00df83258c8788eb6feb213df5af8d38d0156beeaa9
data/flower_photos/daisy/8619103877_d8c82c5f34_n.jpg,daisy,6095e7d34c4d1720efc9add5f280ea507a8e0e0914f830fffd399caa9abdd9c0
data/flower_photos/daisy/8645839873_0151fb92bf_n.jpg,daisy,a0bb9cf3b75bffe64526ee90aadf52ad00c2238319ad1ef7070ebf1a6e20b16c
data/flower_photos/daisy/8671824531_64b816949e_m.jpg,daisy,6a80e343ac0b3ca9dd4f09f9bdc5c1dbcef2828f306dea8a7ff8ac03da2aaf38
data/flower_photos/daisy/8681746439_d6beeefbf9.jpg,daisy,27cba187c18911367ce2159484fb8f33203cbfe87bf5f4d5b3292ccd779cb4f5
data/flower_photos/daisy/8696022686_1f8d62c5cb_m.jpg,daisy,c5d7d03db8fcc2881db2aef66bcfda8e5d48cddf9e653dcd50ecdedfe3f41976
data/flower_photos/daisy/8706810197_17b6c1f1e7.jpg,daisy,fa359813ad8b9d326c7459e77dba4fbf51d7fe6034991335b5f84d25675b648d
data/flower_photos/daisy/8709110478_60d12efcd4_n.jpg,daisy,986a6a8306b6581e03db66d07a1156e1d679b69ed28f9932fd04ad8f2380bc23
data/flower_photos/daisy/8709535323_a6bea3e43f.jpg,daisy,d0bcfb5ffb38d1012f47cd346807ace42bf26590385d3aaa9004229406632230
data/flower_photos/daisy/8710109684_e2c5ef6aeb_n.jpg,daisy,d62a698236ea83b311050c569b632e1327de2a8cdcac74470e11b26f5e1316ef
data/flower_photos/daisy/8718637649_87a0d85190_n.jpg,daisy,7466507516960334143a4bd4b17153e5a0bbfdd2b84eb9e8f401a5a3083c4dc7
data/flower_photos/daisy/8719756744_34a5a83976_n.jpg,daisy,1588100afed3ddeea4c24776f22d322f7dd0a033cea375b6160f7872bf5b2a42
data/flower_photos/daisy/8740807508_0587f5b7b7.jpg,daisy,83be3e1f0dbb7958728317ac2abbac4ca500422394a21eac55a22927815a8d75
data/flower_photos/daisy/8742143296_fed9fa007c.jpg,daisy,6824ef42bf43a8d523da9a38190d7407b50fe46344355ec500c85019e7d0432c
data/flower_photos/daisy/8759177308_951790e00d_m.jpg,daisy,d4060d473f47cadaf50b9b3286df50580eeebd7018828a5d61ba0d23a421850b
data/flower_photos/daisy/8882282142_9be2524d38_m.jpg,daisy,bb8c2c841fd50c8a7299fdd4194eeb00184a545bed9ece55aabaea0ae4d4144c
data/flower_photos/daisy/8887005939_b19e8305ee.jpg,daisy,07792b6bd00fc92164ab165d78a1a0031622775a389d3aac44402de48c322f1b
data/flower_photos/daisy/8983779970_9d3a6a3bf2_n.jpg,daisy,f067c8a8ecda40244321554b707693984b666f2bc526726f1fdd3fd134a4892b
data/flower_photos/daisy/9054268881_19792c5203_n.jpg,daisy,3d564af8da40753f7d636677a7ee6efd6768b28d446813c511b1b0c3e6163aef
data/flower_photos/daisy/9094631844_1a6abca29e.jpg,daisy,13868811c08c2622af8bbed6846736b48f99ecf22c04e9eef6b533b74bbc7253
data/flower_photos/daisy/9146733107_98b15d3892_m.jpg,daisy,c08d0452bc61973eb2f868dfe1f580047fe63bb8a145de2167fdeef7a5993ebd
data/flower_photos/daisy/9158041313_7a6a102f7a_n.jpg,daisy,7661b894ba2ebd119a3da0e3e19c693c13dc905ac3eb5e75e8118ea7db744d7c
data/flower_photos/daisy/9161647994_e39b65cb9c_n.jpg,daisy,1bf71e054d5ffc7a5c0cefa752e06e44d22cbd05dc2999819fd320fbe65d3900
data/flower_photos/daisy/9175280426_40ecc395b8_m.jpg,daisy,47e26c184f87589ec45bcb3cdd2a38eebefc86b9565e72e28388b39fa0e837f7
data/flower_photos/daisy/9180706736_092d43088c.jpg,daisy,82b024a3113b91b8fee99d99ebe2c8341142d3787d8c3068029748965cbb5737
data/flower_photos/daisy/9242705328_eee8402a8d.jpg,daisy,27f779416bfcf816c3d60b706aafe3f07e274dc0dcbdf9a969299534b12b6d8d
data/flower_photos/daisy/9286947622_4822f4fc21.jpg,daisy,920678cdb4b630eba41dd210a544b9d5b56567acc16de924de8c492dc1ea4b4c
data/flower_photos/daisy/9299302012_958c70564c_n.jpg,daisy,1bacb6d7546ce68a00354d7ae566e0fcd5b7e9a6c4f47d9d4aa4dd92e6884e1e
data/flower_photos/daisy/9310226774_d1b8f5d9c9.jpg,daisy,e9f8942e4d55e9fdb423db675bf59da36f0667c03d79046a9f546a6c79c35a52
data/flower_photos/daisy/9345273630_af3550031d.jpg,daisy,f730cd9e71c512c1e575dbaf302ef7d87161f8effe981d5d72fe8fd30dfbe1b4
data/flower_photos/daisy/9350942387_5b1d043c26_n.jpg,daisy,1145e37f5b427397a04bc7d32ff4c1a812f39459a75b951ab3a1f27feb315d4f
data/flower_photos/daisy/9467543719_c4800becbb_m.jpg,daisy,de2e3cdae60f2c9782370de966cf860e1bc1c9ebfe1d79e8aecc3add2934a8c0
data/flower_photos/daisy/9489270024_1b05f08492_m.jpg,daisy,61fa2a2a13fa8dcc321e78be2ae282a063003ddde4d84c7c5ec56a22ce34a942
data/flower_photos/daisy/9496209717_25a6ebdab6_m.jpg,daisy,0c9affbefd33536dab5547b42893221508e198cca435aa758a969bd88a9ba6bc
data/flower_photos/daisy/9515186037_3be48fe68f.jpg,daisy,19f4200b54a21e7bd6f9c56b204a4fa4d0a067e95c75397a4fc6685e0bf4a1fe
data/flower_photos/daisy/9529916092_de70623523_n.jpg,daisy,a9050f5b2ca017a8e8e52ba431d029e6d446566cca82f785e7909ab07a3d562f
data/flower_photos/daisy/9593034725_0062f0d24e_n.jpg,daisy,f4656934cd75f2f97ab191633ac52bc0c841d85e629a4d4b0902b341259a2d88
data/flower_photos/daisy/9595857626_979c45e5bf_n.jpg,daisy,2ed415be0d064f3b5ce4854efecb229fff122e7149a21f73f56b03118a47684c
data/flower_photos/daisy/9611923744_013b29e4da_n.jpg,daisy,fea09e1406557f65f7f6bfb75396b44c426bc5d690c2b3442c7525364c6adc22
data/flower_photos/dandelion/10043234166_e6dd915111_n.jpg,dandelion,840f83be85d6452906847226f84bef50d9319e416a6ecd6e71dcaf719b49156e
data/flower_photos/dandelion/10200780773_c6051a7d71_n.jpg,dandelion,23193e7c045e862dc2e555827d43756545c3a17490b84b33256ab04d210cf3e1
data/flower_photos/dandelion/10294487385_92a0676c7d_m.jpg,dandelion,72c716f3f242547156c047483db5898b7cccce42a4059fdf671b56c25673670b
data/flower_photos/dandelion/10443973_aeb97513fc_m.jpg,dandelion,f673ef797737117b25044017e4adbc76d855f32306ab5f74c0eebe8d1b564774
data/flower_photos/dandelion/10477378514_9ffbcec4cf_m.jpg,dandelion,5ddd3342457e0fe2e2e8041721d565d0a44b05f18e7b841e7d395f5cb0ae652e
data/flower_photos/dandelion/10617162044_8740d4dd9f_n.jpg,dandelion,85c90df2faa15e2e62db63ae51192cc3c6a4cfe5f241b93e8b7b87108df5d6aa
data/flower_photos/dandelion/10617191174_9a01753241_n.jpg,dandelion,b8d02cbae23173b5fe0998297280ba7dc18b59c8a8f9adefd4eeaa9375df4070
data/flower_photos/dandelion/1074999133_1e4a1e042e.jpg,dandelion,e4235e456dbac1fe98c329227fba7e58860deba15662fda527de3bc68b831aef
data/flower_photos/dandelion/10777398353_5a20bb218c.jpg,dandelion,f7e446c34eeaf651498e6c23165c29ae142ae41ec6506cb8419fcaffbb50866d
data/flower_photos/dandelion/1080179756_5f05350a59.jpg,dandelion,e290bc39a6a694514b8e4eae84e43e6867860c76222c4aaae6e72dbf2ba340c1
data/flower_photos/dandelion/10828951106_c3cd47983f.jpg,dandelion,be076cd50b63ffc7a59d0ddf7bea1daf232ece9a02593244f51a663f5246d735
data/flower_photos/dandelion/10919961_0af657c4e8.jpg,dandelion,44a8813f2c2e7803639a84858746d550762ee6e37cac0d7f91b9ab09a0ac75c2
data/flower_photos/dandelion/10946896405_81d2d50941_m.jpg,dandelion,d34efd6b180a9f22e6b9fe87b33dfd17ae199dd411486989f1d1bd2aa9a2c77d
data/flower_photos/dandelion/1128626197_3f52424215_n.jpg,dandelion,06417986b5b61eff31e04e054d6b8b816775253990fad3ffab86d7480fdb4200
data/flower_photos/dandelion/11296320473_1d9261ddcb.jpg,dandelion,f1d23372d2cbba02716282ce89d8b92d84a7ffe42ffc088a3ff72341c2b37c97
data/flower_photos/dandelion/11465213433_847c4fa261.jpg,dandelion,feb2496040b8a559d7f359da4fabbeb178df582f2742dff743a73408b401c69c
data/flower_photos/dandelion/11545123_50a340b473_m.jpg,dandelion,b115ebd42a6e0a6df7fc22a28e2f405b3b73e178da667ff0260766716017b842
data/flower_photos/dandelion/11768468623_9399b5111b_n.jpg,dandelion,1f29795c64d984a3fe42d68e2c2526a9c114166715a3404972dfeca7973f9b81
data/flower_photos/dandelion/11775820493_10fedf4bff_n.jpg,dandelion,f4644b69674fea5810d1eefeee106066872eab8766b7e777d92ef182c596caed
data/flower_photos/dandelion/1193386857_3ae53574f2_m.jpg,dandelion,db4f3393f0182617aa230ecef5f516895d6386c08b6a695018c39a6b830e9939
data/flower_photos/dandelion/1195255751_d58b3d3076.jpg,dandelion,607627f3dd42ab50c331737d9d7df3eeff9f57e5496adc4e3ac4c652e1de202c
data/flower_photos/dandelion/12094442595_297494dba4_m.jpg,dandelion,0bad2795a0f29961f77deada894b41a03b9b67bea912f3133fb327c8f0e09fba
data/flower_photos/dandelion/126012913_edf771c564_n.jpg,dandelion,aafd3985fc334633389ee30d616d420809f61d7d3e41398b8c9b8579f9d419a1
data/flower_photos/dandelion/1297972485_33266a18d9.jpg,dandelion,93ef3c8d18cce427c6f3f9b18f794c2362d92fd442a1f8c967fac3a58348d47c
data/flower_photos/dandelion/12998979765_3de89e7195_n.jpg,dandelion,814ac10c18de3a6eab02c08d39ef76fa4d71e500cc993ba229b65424f1d8a89b
data/flower_photos/dandelion/130733200_fbe28eea19.jpg,dandelion,a426fdff6740192d542ca4157033177ef9e5887fe2109ccddd000ea5fdd95ed9
data/flower_photos/dandelion/13290033_ebd7c7abba_n.jpg,dandelion,b3c551f11b1a13e96600e82741112916171be5aafa5a26d8e0e6967b643c46c8
data/flower_photos/dandelion/13331969914_890082d898_n.jpg,dandelion,d233d2a22be07c2082067ff55e7a153462e02fe68f6d74321321914a8c7f8821
data/flower_photos/dandelion/13471273823_4800ca8eec.jpg,dandelion,e81d5166922ec7b6fd897e447928d93a63b709e7fd697d7816784639361f95d1
data/flower_photos/dandelion/1353279846_7e6b87606d.jpg,dandelion,04bbe33cfc142e0dc99c667dec53b070cb448deb4b276f30b55111d639bde232
data/flower_photos/dandelion/13651218133_b6eb8e7ed2_m.jpg,dandelion,0b26ee914f6fdbbf193bd224a899519a2f3f7de022df34d04270a8d7282c774e
data/flower_photos/dandelion/13652698934_d258a6ee8c.jpg,dandelion,39413942f708a11ba250730e50e53e4ebe46c9eb2e678ee860ca91ff9217580e
data/flower_photos/dandelion/136999986_e410a68efb_n.jpg,dandelion,06a5fa1dbddbc8cc8929e0c69eb98713a4a78cad89e5950f5b4d2b10ba1f11d2
data/flower_photos/dandelion/138166590_47c6cb9dd0.jpg,dandelion,293f3779a6ca8d40b6dc094e82363890fed70b9eb22daec52d746283e4796a61
data/flower_photos/dandelion/1386449001_5d6da6bde6.jpg,dandelion,4511061aeca449114701c0bb8b198b83fd24b3048580333106295fe831ae513d
data/flower_photos/dandelion/13881700933_69a750d418_n.jpg,dandelion,7ef9ca0e7f6b4e254beeb4572cb14b2aded568f9241563618aa7647eab5c0880
data/flower_photos/dandelion/13887066460_64156a9021.jpg,dandelion,28b5cf328de6051efc28dec56a43fcf666c9edcff1b01b9e01591625113d8a9c
data/flower_photos/dandelion/13897156242_dca5d93075_m.jpg,dandelion,3ac0cc2d110b2a223a0429e7ec4c73ca0732cac8e002b33d786179d61c7a1f42
data/flower_photos/dandelion/13900486390_5a25785645_n.jpg,dandelion,1434fa0afd1f6dd80bff75f05c5f4b449cbca074c7be5626223333698b3b113a
data/flower_photos/dandelion/13920113_f03e867ea7_m.jpg,dandelion,e27a4284700b74d9cee7b9f6334adcaff1453a6b1b4e61a42f18d45aa4ab4c66
data/flower_photos/dandelion/14003401241_543535b385.jpg,dandelion,522e2961f0843dad476ed7d057eed83aa28270edd92642d85f7f68e8cef10fd9
data/flower_photos/dandelion/14019781123_ea0f8722d4_n.jpg,dandelion,b35b358122cc07c291bfad9e7f9590a70e3bb8e81005659129495be0673f3693
data/flower_photos/dandelion/14021281124_89cc388eac_n.jpg,dandelion,fe06301104afecefcf3df4276e5a7b814b18644e4358a60865e40ca232c6e37a
data/flower_photos/dandelion/14048849371_ec9dbafaeb_m.jpg,dandelion,eb68e5db5e5c3834056bb8f310183f5b5e522e1570c530650c161a72ccce8670
data/flower_photos/dandelion/14053397367_75cba846eb_n.jpg,dandelion,c1749d8db293d6630e331ed43f72bec4c2cb7114d2af747fd97d6c7ccefe7fc3
data/flower_photos/dandelion/14058811536_f29cd7bd58_n.jpg,dandelion,a1c6cf85555b248fc2f125cf193c68f5411dfd81112fd43ece3c1a23bce3f237
data/flower_photos/dandelion/14065420729_9b388bf7cb_m.jpg,dandelion,1521cc4e4ffc83d110376afc15d7841d5b513685e82afa34e2abb2867718f85c
data/flower_photos/dandelion/14070457521_8eb41f65fa.jpg,dandelion,8557a665577b8b6e45b742a819aa062d2eada6b551f76fbf7871f5962ac40d7a
data/flower_photos/dandelion/14070463051_86ab57ab36.jpg,dandelion,eec58d81cc0d460cae51713684170d0a926a9c4fdf7df7209284cc180a38942a
data/flower_photos/dandelion/14076873230_d0bd53b220.jpg,dandelion,a6abf3f646ed894442cd131342acf9f07511d54bbcc3b90608b369f1302cf768
data/flower_photos/dandelion/14084345111_8a4cb05a31.jpg,dandelion,109d87d25c9d170a114528445cd3ecfbe372444df388b13834e966c5932518fb
data/flower_photos/dandelion/14085038920_2ee4ce8a8d.jpg,dandelion,6068bd707a52cccc900fd2a1e92aef3b31fa04dfacfc42e002ad9b0924071222
data/flower_photos/dandelion/140951103_69847c0b7c.jpg,dandelion,2c744c656a0cfc30bedba8710115bfed1f79af6ba954649e59d341871a5e9af2
data/flower_photos/dandelion/14126515096_1134fae695.jpg,dandelion,b484d2215381187f55593414ce652198fe48ac9ad580fb2a80913b4400fd1bb6
data/flower_photos/dandelion/14128839257_23def53028.jpg,dandelion,4c85721e23ddd644a83b4059ca31f46cfe03b6219eb785cdfe42909469c7591f
data/flower_photos/dandelion/141340262_ca2e576490.jpg,dandelion,c5cb47a57f85d1738f39777321f536c9d6fce8d0e1b24533b26b458b42865f19
data/flower_photos/dandelion/14164392167_650946a169_n.jpg,dandelion,6c297e15baaee3bdfaf843f9c83cc650681891294db45ef9a03ed7fc65686f9b
data/flower_photos/dandelion/141652526_2be95f21c3_n.jpg,dandelion,1176c601ed6c55c796de96c62ef750409ef3a7e2ad56dab97aa6f575a91d54c4
data/flower_photos/dandelion/14185089716_2a48298d17.jpg,dandelion,c8e6b973a901870dcae9065275ee81cd2f290af1d0cda2818a51bb5fc562e7f9
data/flower_photos/dandelion/14199664556_188b37e51e.jpg,dandelion,17a84fdc9b7840dfbfef2da00818734a2f3fe6cf4da5ca31544faa65d331edf9
data/flower_photos/dandelion/14200639491_2a4611916d_n.jpg,dandelion,26f3e716de9b5bdbc1905051fbc5b08fb097fc3939876ee31b566428609806e2
data/flower_photos/dandelion/14202166370_e989588332.jpg,dandelion,0b8e7c1fbae32f8a9ba16a11b6206e18ad116ff8077b3e37aea70855ba32d3f0
data/flower_photos/dandelion/14211880544_5d1f9d5aa8_n.jpg,dandelion,42a580cd0481fda61897e1bfed2499555f2d097189fea97b51247f2b22636844
data/flower_photos/dandelion/142390525_5d81a3659d_m.jpg,dandelion,15bff5a45a84068fbb2176e0d8ca2a00b31e5782f5ec95eba0b698d20b9b3080
data/flower_photos/dandelion/14278605962_d3cce5522f.jpg,dandelion,a918a44b4ab327c8faa178ec419db4e827464603395b76361503de01ee61b8c8
data/flower_photos/dandelion/142813254_20a7fd5fb6_n.jpg,dandelion,69e5d5a9965a168a196fd412b13efaf82e0be2832447777cd16ccefa2815bfaf
data/flower_photos/dandelion/14283011_3e7452c5b2_n.jpg,dandelion,a98f5450f94bd3f4171a5a71e37b88f71cf0a0eff652ef3732113c4efc067a3d
data/flower_photos/dandelion/14292205986_da230467ef.jpg,dandelion,b23ebccf013a7a2af902706baea2b987ac1a4062435b767a3a9b276ca5c0c8f1
data/flower_photos/dandelion/14313509432_6f2343d6c8_m.jpg,dandelion,7540cdc3e389a7b2bb81cefe4094c45079f1bd1bc31c1f763247526d41151710
data/flower_photos/dandelion/14335561523_f847f2f4f1.jpg,dandelion,a3fe9045fbd974d086b24895b683481d780b4ac78000146c901f00a87c2fb594
data/flower_photos/dandelion/14362539701_cf19e588ca.jpg,dandelion,2d518ef1337cfc3a548f1ff6281835655749341550c177a3def814b264c6eed4
data/flower_photos/dandelion/14368895004_c486a29c1e_n.jpg,dandelion,03c0000319f85391124d86794018b34647364de17e4e7da24c6e72c5652c3ff0
data/flower_photos/dandelion/14373114081_7922bcf765_n.jpg,dandelion,932ca83ed158d6e305ecf92412c1489205ec4a346032328ccee0de1be22c880a
data/flower_photos/dandelion/14375349004_68d893254a_n.jpg,dandelion,30c56a84b94c9ee0ae24f7957c3308f6b2b24d22d14b3544fee66598d59b7fb7
data/flower_photos/dandelion/14376454225_a1de336c5b.jpg,dandelion,c416db43b4f80de5bfd46123135f48d59a2892b3c9486397917a77702bd9a08e
data/flower_photos/dandelion/144040769_c5b805f868.jpg,dandelion,e320092aac9122d84b7deac7cd198c37cffd6272412e34d005f2d8ef59002ae5
data/flower_photos/dandelion/14404468648_37903d7025_m.jpg,dandelion,62a1a6a5e29896eff4e16a712cfc39b4895d14fa1fcef3d74d23a70dc2ddb879
data/flower_photos/dandelion/1443259657_2704fab26e_n.jpg,dandelion,afc65e221dbd028a7652e98e0493ef55e452a8494935f631951b19ff571b8990
data/flower_photos/dandelion/14439618952_470224b89b_n.jpg,dandelion,7616a83492c09b080404256d9cc122e01ea3534f4ca3c82f5ba1eaba2d8486dd
data/flower_photos/dandelion/14457225751_645a3784fd_n.jpg,dandelion,2ec18105d4e1217e03232ed6745f5c00f1bbfaccc9bd47b0efc9ca8e86163092
data/flower_photos/dandelion/144686365_d7e96941ee_n.jpg,dandelion,42ff5eca8d5d56f895f427597b7ca2feeafd85a21c2da5a91d46b0f330afd2fb
data/flower_photos/dandelion/14469481104_d0e29f7ffd.jpg,dandelion,a82c557cacb30aa67114282f71955ac90ec3e47cfcd9309f6dfccbc4bac6d03a
data/flower_photos/dandelion/146023167_f905574d97_m.jpg,dandelion,2c748c5a53d0ad8fe11357458eabbcbb7510b5414d799a1ed74df163a713f83f
data/flower_photos/dandelion/146242691_44d9c9d6ce_n.jpg,dandelion,9a7fce009c7df615776a85765663024e31a4da0562801a34dcd3232adaebdec7
data/flower_photos/dandelion/14648777167_1d92d403c9_n.jpg,dandelion,1669ec53e3ec6d8d7c50f31afec153319be25fb5ad80f026387e314acc4473ca
data/flower_photos/dandelion/1469549847_eac61a6802.jpg,dandelion,b2b85e53171365e92c62d390b018a464cfec8adb042f0ff07f78eea5711f4e4a
data/flower_photos/dandelion/14728922673_99086a3818_n.jpg,dandelion,989159ae7013a88bdecc3b230bf64e01e122f8c7767ee2795fc83259a241103f
data/flower_photos/dandelion/14740350060_a489d9fa06.jpg,dandelion,0ad85f9e8d84f3d331644811da8bb626e7f99d9d14fa67c775054416267c6509
data/flower_photos/dandelion/14805304536_c321a7b061_n.jpg,dandelion,6c36205495d52ab1a1984b8ff18e6af5b1265382efa732317ba38018ea7f5925
data/flower_photos/dandelion/148698493_5710e5f472.jpg,dandelion,23e219514e97bc60ada5f2799a7ca77382e7a48d482f0a6a97d11d4c30ebbfba
data/flower_photos/dandelion/14884028290_a1344eb446.jpg,dandelion,96e9b234b32688111b0bb51203183d870c637c64ed44ab2b21e442e4239f96a4
data/flower_photos/dandelion/14886860069_b84665a073.jpg,dandelion,b58ca1ab4087604b164f95857645ec8b6801fb612272ae728e9e4f9520440991
data/flower_photos/dandelion/14886963928_d4856f1eb6_n.jpg,dandelion,1f69d9b4952ae452bbcb85c075def6a2c346830bb4025a0ee26606c1efb8b131
data/flower_photos/dandelion/14914603395_b271ffab56_n.jpg,dandelion,4342e6d2f50554edbfda7b3b90a4bba8a8baf7e4aa64907982d7b4268bf3b6ac
data/flower_photos/dandelion/15002906952_cab2cb29cf.jpg,dandelion,2603807d93b9075bcdb8f52d28464d6ec0493818b0e6a32b3817fc5b4509f09e
data/flower_photos/dandelion/15005530987_e13b328047_n.jpg,dandelion,3852825a677d8c27d89868ed942e59489795948d1cd28fce7896b97b15c84907
data/flower_photos/dandelion/15123503538_8ee984abc6.jpg,dandelion,44aee69e7f1d024e8b8f11b1d11923bd44f86b5d5ad5e3ce75eca47902a00a55
data/flower_photos/dandelion/15139657325_74031c44fc.jpg,dandelion,26eaeec3894770cfcfd75633487c5754f15523a3286ec75889576a53627644d5
data/flower_photos/dandelion/151861297_55b10a03a6_n.jpg,dandelion,99def45e6e1d8fb4c1a2a408fecf78def0a2e3d5684f057d29fd92da7bee92bc
data/flower_photos/dandelion/15219268336_f2460fca88_m.jpg,dandelion,9bbc86ba2ca6964959b39f5580075d0dc26bf579f8eee47c91ccad045abd798c
data/flower_photos/dandelion/15268682367_5a4512b29f_m.jpg,dandelion,0fab45754db79acc1ffb99137af1a18e61b480f2de8c6429f46a92dc20310d82
data/flower_photos/dandelion/15297244181_011883a631_m.jpg,dandelion,390dc152f5222a929c9b4e4181e2bbdb9d7309284d02b4db5e65f16e8b84602a
data/flower_photos/dandelion/15378782362_4161b23af7_m.jpg,dandelion,d3fa07660abb3e12aa0f9b44ca7a124f22661c56f22c5f1faac380983e501809
data/flower_photos/dandelion/15381511376_fd743b7330_n.jpg,dandelion,564a9854956d90b721dcafd0c721e80a4f64ebd93429645c7fa6623cf4bdce24
data/flower_photos/dandelion/15549402199_2890918ddb.jpg,dandelion,eeddfda9dc31146d41cc7ecbf7df0688214e1153643ad4dffa687ac277e631c2
data/flower_photos/dandelion/15782158700_3b9bf7d33e_m.jpg,dandelion,b2ca4c35795a3a744801627e0095118087286b8663d93fa8d916e776675eb833
data/flower_photos/dandelion/15821571649_06c4b9a868_n.jpg,dandelion,02b62c3a5bb4564fd97af8c290b963ac5c98fb0ba5dd31c391c0189a78e6032c
data/flower_photos/dandelion/158988663_6fe055fcb4.jpg,dandelion,4338191b90d4e657e37e3b9f47f2436da68a023f4e980db51853f916166daf8e
data/flower_photos/dandelion/16041975_2f6c1596e5.jpg,dandelion,1a8fa934a885cf3cf5101d0a53d6b5a0f7d897a25c13a22355b431e5043c304e
data/flower_photos/dandelion/16096748028_7876887ab2.jpg,dandelion,9e0da91e07b03ba55c0cb342780963d4dd9b28fc844d76e4c367645b644c34a1
data/flower_photos/dandelion/16241101274_334b54731e.jpg,dandelion,9e41480c2e94d428ff99aa0ee549ae44a0e0c8e16670b70c9c12f694a43d124c
data/flower_photos/dandelion/16242239484_51286673af.jpg,dandelion,31decd30e83ad85b51bec5d15da6a467af761ff98e7ad0caa8a2e349f09f1a42
data/flower_photos/dandelion/16375088191_2bf2916b53.jpg,dandelion,46f1aa6a44690a9e6223613477fb73297a22dc00ae6c711369afc0e4cda866c3
data/flower_photos/dandelion/16462263826_2555edeb74_n.jpg,dandelion,6aace9ef435477fc8f855327be9962f8b207a905d19378b1bbcf682b39a0b34d
data/flower_photos/dandelion/16510864164_3afa8ac37f.jpg,dandelion,5d00d98efb682f31f00b4dd9e203034df11d96708c074a888b8580f08e2920c4
data/flower_photos/dandelion/16650892835_9228a3ef67_m.jpg,dandelion,de84ec4b5a2a0862a141b10583a43e428f719897912373d3304f5e76d83b2136
data/flower_photos/dandelion/16656127943_2f70926b6c.jpg,dandelion,8bf37901cccf7140ca70b07ba3c4543cb21d703b4210127da7f7519cb8c5d21d
data/flower_photos/dandelion/1667963621_c76d570af3_n.jpg,dandelion,3dc1a1b1c7d3da7da76f772f425f88ac2f142e1233e9b4e81e3dbd51f6da0e3c
data/flower_photos/dandelion/16699732794_5bfd639cf8_n.jpg,dandelion,181ed46cbbc9d9a0ba6129ce8adc4a27a27696d60c6ae3ca2d4ddec6ab9fb804
data/flower_photos/dandelion/16713229021_bea2533981_n.jpg,dandelion,a4a319d3fb29623b3b1aea45d4037505aaac97c1998220415e0f884eab292a7c
data/flower_photos/dandelion/16716172029_2166d8717f_m.jpg,dandelion,994274bec2f1e9e0f5c07d5327139977cf414977f55ba12bc035225dd253df00
data/flower_photos/dandelion/16817037661_2980d823e1_n.jpg,dandelion,e6f32fec367b2c80b347e5af198cb024edc4945f8af3dd6e1110a4bbf67a0703
data/flower_photos/dandelion/16837594326_1056d875a4_m.jpg,dandelion,8445f546d2f2ba5a52423bfaa8531eaf6920981deec03c0f79c1358e42794211
data/flower_photos/dandelion/16953818045_fea21c8bf8.jpg,dandelion,ca2cc4aa339263c43a1a3e69ccf6b36b255c8f5b3b301c6e4c2d418f594391bd
data/flower_photos/dandelion/17020815734_81e8db8008_m.jpg,dandelion,0f3773c001305096512f6d0deba05cf1e05e63185502b8bfbc4db64cd32353ca
data/flower_photos/dandelion/17029965300_8e755c2214_n.jpg,dandelion,436f913b720d7dc494e69fdd8b72df11ec266142b0e1c0d1f08154531beae28d
data/flower_photos/dandelion/17047231499_bd66c23641.jpg,dandelion,bc6a170e5d7c5fb011ae375909f95ed4816cba1f2303fab943a80a16954f0878
data/flower_photos/dandelion/17047385027_8fd510e164_n.jpg,dandelion,8b11c3eaf8cf1e4fc52202cb795f4a6b07a9ece2febe70add1c1decce99e0499
data/flower_photos/dandelion/17075803866_aeeded2637.jpg,dandelion,85b0051815743b44a556404a212b8e2edc8333cd1aaf40edff1de9bad8125a72
data/flower_photos/dandelion/17077940105_d2cd7b9ec4_n.jpg,dandelion,c9c789716e94a3d60bc40ad86daa670b729aa6b7c15c77c6859cd630e697d00b
data/flower_photos/dandelion/17135145776_4c2ec21b05_m.jpg,dandelion,2cf9f905f3c398dd953955ca4166ce4eba3dda4c396ebb74e821f237572e3986
data/flower_photos/dandelion/17146644679_11aff3045c.jpg,dandelion,5f3f280f7c18b4f8909ed7d76a007326bebbd196ab3d3383d19adb2fe9b1373d
data/flower_photos/dandelion/17147436650_c94ae24004_n.jpg,dandelion,faeed83bd72c184196b02ca7907f83120922ae9cbefaddc922753a372a2254d0
data/flower_photos/dandelion/17175932454_c052e205c1_n.jpg,dandelion,0f1df15629fd294293fbb6f1aad690ba68c6fa4dd2875f7743829d048496cbdb
data/flower_photos/dandelion/17189437699_a9171b6ae3.jpg,dandelion,7bab5a72aa939cb9cea5c94b5502cc52349477a8f03d23aa5edf623bc6aa25aa
data/flower_photos/dandelion/17220096449_0e535989f0_n.jpg,dandelion,26e967782b9d8ef8ab496a9b36cfa1ddfe33ff97f56503e08eda07a06aa9eabc
data/flower_photos/dandelion/17244252705_328e0bcda6.jpg,dandelion,33c3a3a129f9a983e45c1c91f0e6db492d1ee1b9d4a4e815d8b2c631c35c1a24
data/flower_photos/dandelion/17276354745_2e312a72b5_n.jpg,dandelion,7a7db0155bb422ec688f07f93e05d8e5c751eb9cdcbb59937425e4473b00d7f9
data/flower_photos/dandelion/17280886635_e384d91300_n.jpg,dandelion,d864f6e6b249f81d9c09a6316c67e318d120753d4154642aefe13c4ee9a2268d
data/flower_photos/dandelion/17322195031_c2680809dc_m.jpg,dandelion,c8f2d040f4064fa7fd45fb88d4543f30489a7e72506d4945ac503a45ba9f47e6
data/flower_photos/dandelion/17344936845_fec4d626b7.jpg,dandelion,2e6fa28d1e8a93fff1865baf14072689ee38079ee6c0f9b8a64b02c3c7154dc2
data/flower_photos/dandelion/17346385582_7ba433dbbe.jpg,dandelion,d51ca7b7314dda43153cce7aba9ac357a6b61c29af7c50156fff9a6a8d5f8ee0
data/flower_photos/dandelion/17367866236_61abd4d243_n.jpg,dandelion,3e0323efc0ca739ecb5d06ee0a452df0a9ab9fde12233a95a33ee1130d5fef47
data/flower_photos/dandelion/17388674711_6dca8a2e8b_n.jpg,dandelion,21fbc419aa2f5f7d2c49f4dd2fd68609f5c86b0c42f16a7e2dc4063e06289bd3
data/flower_photos/dandelion/17388697431_0d84c427d1_n.jpg,dandelion,947fd992991cd4a750c8b9a86b17ae62d2e2d7605c1cf696c8f0ea93275a0e76
data/flower_photos/dandelion/17420983523_2e32d70359.jpg,dandelion,512068b50958782e51344076b2e72656297c705036fdcdcb0131ece97e7c8756
data/flower_photos/dandelion/17457028309_95514c8d02_n.jpg,dandelion,60fe27b51d46742ce1a2636117998601aef2bafbee6d50dff78b862ce3bee3cb
data/flower_photos/dandelion/17466568484_9128287148.jpg,dandelion,350e93e808dd5fe9359cded73715d3e31eb110485660f3e17e30772599d6bcb8
data/flower_photos/dandelion/17482158576_86c5ebc2f8.jpg,dandelion,1d2e4103352bb071190fde450e395b5e63f14b163d2279a9886839ecc32d6c7c
data/flower_photos/dandelion/17574213074_f5416afd84.jpg,dandelion,7fcfffca2427aba8b3546923fc4fa2b9b22baf92b2fdd1fd487b1589bc4a6148
data/flower_photos/dandelion/17619402434_15b2ec2d79.jpg,dandelion,370f50c39e30cfdbe19c3892f3d62b7f182a7c393f9277aea3a997b81c013a5a
data/flower_photos/dandelion/176284193_8fa1710431_m.jpg,dandelion,77664c69be0e2026d7f31cabc7b1ea372c3e9fff82767aba37f8748d4d319c48
data/flower_photos/dandelion/17649230811_9bdbbacb8c.jpg,dandelion,5c8be719b4e0699f7a48a3984662c7ac18c903b1dc8ad8b6cd9e7bf7ea83080c
data/flower_photos/dandelion/17747738311_5014b1f77f.jpg,dandelion,d9a61a14ebb2c75df3082e18ec1a1f2bec3e7395f7b0ae262b0eb7ecb8927482
data/flower_photos/dandelion/1776290427_9d8d5be6ac.jpg,dandelion,9a63c1a63d582807fa1d4277846408a65f794c6a32c805cf84d5afbe611d1997
data/flower_photos/dandelion/177851662_b2622b4238_n.jpg,dandelion,d5f5474821b01bee0ca36c2daddea1b28317463922b788c561bffd5765829a6c
data/flower_photos/dandelion/17821459748_873101edd0_m.jpg,dandelion,cf2555b9a25b3c6820dff5b5c7bbd5086f8e33499790bc7d9b58733df12966ae
data/flower_photos/dandelion/17851831751_35b071f4b0.jpg,dandelion,a0a780f60e5a961ac57ac95fca7bd7a9941cfa47c1c8212e1ea5d129ad774e7d
data/flower_photos/dandelion/17862580326_293070978d_m.jpg,dandelion,3d79d6976f038737ae9eccafa03fd6c4ed954fc758ef7fb10ca14cef80b37bcb
data/flower_photos/dandelion/17903104293_9138439e76.jpg,dandelion,b9ff474f1a96da88445f376609556f0b9d12159ddfc1c15e56e0ee567919d64e
data/flower_photos/dandelion/18001393975_2a6acaabd8.jpg,dandelion,c235f694c33fd1a4d9c8f29f12fd42c88816744e2fb51fbdeb86198721f152d3
data/flower_photos/dandelion/18010259565_d6aae33ca7_n.jpg,dandelion,7faf7f9feb30b7d1f41dfbd43ae297bd022748c40a8673c874f44abb76696854
data/flower_photos/dandelion/18089878729_907ed2c7cd_m.jpg,dandelion,c6cf2d8d73e00fb33d0c800ccd3ff64314642afe9709e3aed0348b2faa28ca52
data/flower_photos/dandelion/18111636378_856027a7b8_n.jpg,dandelion,1078afb850a0e7587ecde287cc9989cc3ba99a5604e25b39abfa3e740e97272a
data/flower_photos/dandelion/18204150090_fb418bbddb.jpg,dandelion,042304f019202b11399ae87ce1048e6805759bb41b72b253a5bc999a8de96fcd
data/flower_photos/dandelion/18215579866_94b1732f24.jpg,dandelion,e70a43f45f1242249c1d8fe2c1fa4ef1184a3c08deda804cb01b0d2160293d93
data/flower_photos/dandelion/18232119726_cef27eaaac_n.jpg,dandelion,5e899b32aa0d61d7e6995cc4cd6ee10b2c1fbe75ed2b942ed0174c5debdab277
data/flower_photos/dandelion/18238604119_a5689980ee_n.jpg,dandelion,23b78af016b4d4241ebaf179f011b2d6a89a7bd498a6704a2ef16e4e17f8d38b
data/flower_photos/dandelion/18243329421_771b4d938e.jpg,dandelion,1527b0a28eeda946a9a6578faf17ca1df4beb321728dda1ff54d56531053304b
data/flower_photos/dandelion/18243351371_5fda92ac0a_n.jpg,dandelion,eae730b0715a695d57ab4bfcad449868c1895888d12d4de07590bf960abb3b62
data/flower_photos/dandelion/18276105805_d31d3f7e71.jpg,dandelion,014f6b00c2ea0ac41a298081cb7759a8a354ec8e3a13b8d06cafb87022770e18
data/flower_photos/dandelion/18282528206_7fb3166041.jpg,dandelion,90845b5e2e21a2fd8301dedbc5cea20ee044eca026a40741e745e15c539b43d8
data/flower_photos/dandelion/18342918441_b1bb69a2fd_n.jpg,dandelion,803bc8b341f1a37c7927fe22ddcba0f31cf3828fa96e2f312912fa40e43a7912
data/flower_photos/dandelion/18479635994_83f93f4120.jpg,dandelion,da8de3070363d1abbbe97872ea1a56b2f4cc3407d643b34e9cae4c9747bceec2
data/flower_photos/dandelion/18587334446_ef1021909b_n.jpg,dandelion,4b282717ec349e1361d482346704b145466cfa6c0b6601f450f94f69fd1fc270
data/flower_photos/dandelion/18803577858_fd0036e1f5_m.jpg,dandelion,8f046c232b96687b6789abc34943629463e6fd6ddd18c4e5fcde1a91893f6ff4
data/flower_photos/dandelion/18876985840_7531dc8e6a.jpg,dandelion,184093db4640a76d687a577d8019584a77cc3f8e2e03674480daefa2ff0b220c
data/flower_photos/dandelion/18889216716_cd67aec890_n.jpg,dandelion,bd0a36f632a551e065ca14a2a9cd1fc3e8a188f48b5fae5aa829fe75c6dbc3f2
data/flower_photos/dandelion/18970601002_d70bc883a9.jpg,dandelion,01350f845e134970c3a25935d45c55e744a056e75a889c8a924265dc3fe0aff7
data/flower_photos/dandelion/18996760154_58d3c48604.jpg,dandelion,80b50ae8596e921c2bcb4a6b709e110c8f6c2608ac6098a66feb711c437710dd
data/flower_photos/dandelion/18996957833_0bd71fbbd4_m.jpg,dandelion,a7047de4156cff6b649c53cc90cbbdbc0ea288d7132fef93da290f6b2870981f
data/flower_photos/dandelion/18996965033_1d92e5c99e.jpg,dandelion,9d16a778b247f5ca059babbe3026f13e88eeaaf1f6c02bcf3945771840f734fc
data/flower_photos/dandelion/18999743619_cec3f39bee.jpg,dandelion,b7a0732b203eed0088877390fc08af6efca4fe32e2c4e8e84d650142868db9db
data/flower_photos/dandelion/19004688463_12a8423109.jpg,dandelion,34b107bc1e887a62db3a5abab96dd94ffb8333cad84e8fdd76f444cc8556b648
data/flower_photos/dandelion/19435491090_7af558e17e.jpg,dandelion,5515d3ed0e7aff600312f95b865c0e3c2f30e8369255d7ec09669b8e007df446
data/flower_photos/dandelion/19437710780_c5f2156438.jpg,dandelion,291d6ff1aca94d50d179f2ce81bf11f6b55cc0c9ca62018c7585f28533982674
data/flower_photos/dandelion/19440660848_c789227129_m.jpg,dandelion,2633c5b9869dd400f4e7338796a81db9d9812842d2fce688b11d203f6f474267
data/flower_photos/dandelion/19440910519_cb1162470e.jpg,dandelion,5ea0320dd8ee3945e19c0dc6f8d4bfc82835cc2aa4bacb9f8fe14b1e8e939e71
data/flower_photos/dandelion/19443674130_08db1d9578_m.jpg,dandelion,fe5293e2ae45282626b22aa91a730d4c69a8232fba4491d7edfb3e7f3693edda
data/flower_photos/dandelion/19506262462_d0945c14a6.jpg,dandelion,3c08f7e774faf19e5cf5001f2320fc7f9d2a165d1a335f8f60ba9abc0a14609b
data/flower_photos/dandelion/19526570282_1d1e71b0f3_m.jpg,dandelion,bdb07832e45494e3cde17a3b940c2acc7bcb088d3e7035533a355e3bb774e7ab
data/flower_photos/dandelion/19551343954_83bb52f310_m.jpg,dandelion,0e7170a7b19bed44ef306f0761b56fbe23a405ac8954c850fa6570257d8db370
data/flower_photos/dandelion/19593576916_f5a083d7fe_n.jpg,dandelion,889ab3b1c111c590d18f95b7b9656ae78eeabfda364c4c72c68677ebe2e95288
data/flower_photos/dandelion/19599413676_fc9ee2640e.jpg,dandelion,050a0ddb86d6142063f40044244515a29ad3aaa71d4d3a0a6089336ec05be9a8
data/flower_photos/dandelion/19602790836_912d38aaa8.jpg,dandelion,bb9d15f891c66abfc4fcc85879707d731f5cbb043f2e61934e3c356716fe1b58
data/flower_photos/dandelion/19613204505_da554eb56a_n.jpg,dandelion,fe5a612d5ccb735049237cb503cca588256018cade7456f981e7d15f5780c6c5
data/flower_photos/dandelion/19613308325_a67792d889.jpg,dandelion,f9d509bb0c68ee400579aa78f0da411f0f6de8c153f69ae179e9b360acbe5427
data/flower_photos/dandelion/19617425002_b914c1e2ab.jpg,dandelion,4bde6d6809675edaccda5b32c65880b70fbe4d84d84a81ad17d1d3e38833f02e
data/flower_photos/dandelion/19617501581_606be5f716_n.jpg,dandelion,942ae658f78fa2dbcf7fa9877a13b5149e49256de46d5194e3794c9ed33d3991
data/flower_photos/dandelion/19622465055_2a62ebd504_m.jpg,dandelion,a393232bd8e67d3b84c7bcc9c2adb57a17fcf9a954e0e321379a20b06003b551
data/flower_photos/dandelion/19691175559_ef12b8b354_n.jpg,dandelion,b6cfed0d87365630eac4ef89e00860c52864e8871f5a6dc8ba39bd1e8c3282e0
data/flower_photos/dandelion/19812060274_c432f603db.jpg,dandelion,fbda2a4d926c1c3ec0f27fa4cbfd953a82b38a4a17de35c6a53ba23bd3e2b5d8
data/flower_photos/dandelion/19961979110_fcd8092388_m.jpg,dandelion,b687929f1fe93afe412e21f2a2409499393f603799da1b4d177596d158d9b8f4
data/flower_photos/dandelion/2019520447_48b2354a20_m.jpg,dandelion,057b9f1856e6c3ebeb8aa57c7d83a3eaae71984144accb16dbba167ce5f6d571
data/flower_photos/dandelion/2039797043_d5b709f275_n.jpg,dandelion,4bff2e842a5e89ebc5ab1fc1180befc6de6dd0dba322cf57da6723802ce8dd35
data/flower_photos/dandelion/20456824132_b1c8fbfa41_m.jpg,dandelion,921e57f328a3c8ba9fd6eba977743fb7ae2197dc04cb76c0d03f21fbe66b2b94
data/flower_photos/dandelion/2076141453_c63801962a_m.jpg,dandelion,a9540db531db4df2e48e442f435751e6b973a5348d6d1f229433ccab54255f09
data/flower_photos/dandelion/2116997627_30fed84e53_m.jpg,dandelion,07593a55728f7a5ae649f67cfb21a629f9596a1fec48393abaa0c3903a283b70
data/flower_photos/dandelion/2133943140_9fc7bcc9aa.jpg,dandelion,5e3d13996afa59a57a79df2d9fc8c043b1806465181c03734d6fd770a5983d67
data/flower_photos/dandelion/21523597492_39b6765cd7_m.jpg,dandelion,580d885e9c2d120db5b831a2ea6ec635aff6b1bafe4689c6f3d902f630848635
data/flower_photos/dandelion/2161283279_02ea3ff8d4.jpg,dandelion,d8f8fa74853b75d0650fbca8b59e00f718106e0f7283d79391107e3119500957
data/flower_photos/dandelion/21657726011_2c94e341bc_n.jpg,dandelion,1ee4d5ba13685c75b379407cdc32b9cbb6b1fac47219ab984df62e9a76238d0a
data/flower_photos/dandelion/22190242684_8c3300d4e6.jpg,dandelion,e92799b3735212fcf30d9260027b0a6bc9ca7a855a200fda0ea76c369976114b
data/flower_photos/dandelion/22196426956_eca94f6faa_m.jpg,dandelion,6d6e99e23c6475aa5bf65d3c4a72505ba78cd756a59c4a88d5b13c8103d4333d
data/flower_photos/dandelion/22274701614_901606ee34_n.jpg,dandelion,8eb4b2412bcf61c77f3443625b315ad74dd0d66ac88d65658a09ec1f828ff958
data/flower_photos/dandelion/2257649769_deaf97e2c9_n.jpg,dandelion,875446b4767b9e48fb677bb493505981500f0ec33dc2dedeb13c6b60a8360b19
data/flower_photos/dandelion/2294126841_e478564e77_n.jpg,dandelion,3cb1d1a70876a78c358931b0aa571fabfd46d906d271ac025a6b3dfb6ee62a08
data/flower_photos/dandelion/2303491518_f25fee9440.jpg,dandelion,ff625e4e369a6818ac61448f7047cb2da78d6e4be98db47dfb2ecf78124a0926
data/flower_photos/dandelion/23192507093_2e6ec77bef_n.jpg,dandelion,823437cde4a6ce62010b4b31d30ab8162a8fa7aac4cc5a01e7646b5562f138a7
data/flower_photos/dandelion/2330339852_fbbdeb7306_n.jpg,dandelion,4c51969a6f3ad3652851dd253b427635a33f4208386f0a39f9e38c3b71a27cfd
data/flower_photos/dandelion/2330343016_23acc484ee.jpg,dandelion,0077506c93eb7549eec0e620e75240f9b382dec1c924e4d72c1ce3aeb1ad649d
data/flower_photos/dandelion/2335702923_decb9a860b_m.jpg,dandelion,4826276ce5fcddc25b892552714c367ee0c2216f8e6cb48da10df18a59480136
data/flower_photos/dandelion/23414449869_ee849a80d4.jpg,dandelion,1885dca2e39ea40ed6b0c141df3992770a5c8e78720438d042feef3b09f5eff0
data/flower_photos/dandelion/2387025546_6aecb1b984_n.jpg,dandelion,e9abe333d4f62dc59bb3a60f5cc2425f9bf91a2a7923a3bc3537e4386ab5acf9
data/flower_photos/dandelion/23891393761_155af6402c.jpg,dandelion,20e3c7324089730b54a1f88ea29822d1743e106bb7ac82980bbf4a454607af3c
data/flower_photos/dandelion/2389720627_8923180b19.jpg,dandelion,32bc8c4cb71e32efab3b7705ab410f0556fb0fffa45bd958028ded9da4138ac4
data/flower_photos/dandelion/2392273474_a64cef0eaf_n.jpg,dandelion,2140f2102c4a353a1a60eb6f2b959f3005e2aa4b86bf608e9e8f135a1e03646b
data/flower_photos/dandelion/2395009660_295c8ffd67_m.jpg,dandelion,4a3206a85dd97b32cdf582bedb75a6dd901a3ad4302f01e36f9c6f2dc4e473c2
data/flower_photos/dandelion/2401343175_d2a892cf25_n.jpg,dandelion,d476baab6d18375829379c3353710aa48f4a39159ee7f61998d1f3d8257a0f85
data/flower_photos/dandelion/2443192475_c64c66d9c2.jpg,dandelion,abd2e72d7119b1156c6da9f66cabdf0ff550fc560d75e96386d5f07df693cb37
data/flower_photos/dandelion/2444241718_3ca53ce921.jpg,dandelion,a52058e8fd8c4a52ce12cae3dd2f88f40cd8dc5a7314c7dcc7a0d113cee5984d
data/flower_photos/dandelion/2449852402_45d12b9875_n.jpg,dandelion,8ba25c28219206aa6e495c94a62952af136f245ea5a700bfa54cd748702f245c
data/flower_photos/dandelion/2457473644_5242844e52_m.jpg,dandelion,1408d8f47bbe7e284d17233679db9313ed8c7aa19bc96c2510ff6739a00be25b
data/flower_photos/dandelion/2462379970_6bd5560f4c_m.jpg,dandelion,d8817cf2233bcc17b90d4af8acc00f08c036fc26afbf6faebe8de432261513c9
data/flower_photos/dandelion/2462476884_58c617b26a.jpg,dandelion,ba978d6a38d70d5078c19be3568c8e8e393ca4e83bc7cba7580588980603aa29
data/flower_photos/dandelion/2465573725_d78caca9d4_n.jpg,dandelion,c084de2721f2c2985afe29b6ab03131a11ac935eeb4ecee0f82543121eb62100
data/flower_photos/dandelion/2469856983_fe8e36ba57.jpg,dandelion,36f8aec772a7454b08785d88dc0d25ace8a8ffa5396dd0a5361837d8e2c9fa03
data/flower_photos/dandelion/2470731130_089b8514f6_n.jpg,dandelion,f1dbf8f15b7e06026e8c4d6bbe180080116b388333025187ed028a99d6b2f7f2
data/flower_photos/dandelion/2470874500_43d8011e75.jpg,dandelion,b2ab449f4f9ba6291eca1bc695a13563baa285a6c439a1ae0a256b0665abe276
data/flower_photos/dandelion/2473862606_291ae74885.jpg,dandelion,cf8e6a5d6c17fb0e6efcfdb6455b407d1f3a970fb4ba752bc9d5be73ef668e82
data/flower_photos/dandelion/2476098674_e6f39536f5_n.jpg,dandelion,bc1d2f2c03cdfa835ee7ef0d6499aa46eab230946e261209d8653308e614e6a6
data/flower_photos/dandelion/2478018280_1be353ca8c_m.jpg,dandelion,24f78ed411abf867e90ff19e8495301a6fb48bbc98513fe166b9d3ff2c0a2fac
data/flower_photos/dandelion/2479491210_98e41c4e7d_m.jpg,dandelion,85cb8613ff6997a3103427e1ffdb515fde38fd9630b72dd7753df5a5015f24c8
data/flower_photos/dandelion/2480853696_aacdbb5324.jpg,dandelion,cdc1da52695603897e72a3a13fb61deb5af06860cb968aa0dd1ab931c61e4f5a
data/flower_photos/dandelion/2489438981_4eb60ef98f_m.jpg,dandelion,bc59360039f9bb0839c510755963b24974a4abec5f8d606485bc4e74b2dfa5db
data/flower_photos/dandelion/2490828907_5094017933_m.jpg,dandelion,6819629c1033635da9ef2a0f2932cb3814d4c4ebb210ffe543ffc282ba7f6b62
data/flower_photos/dandelion/2495749544_679dc7ccef.jpg,dandelion,0e5fa4118f5100b4a333168e1180e812b4887f4922cc9a9d901dab25f37410a2
data/flower_photos/dandelion/2502627784_4486978bcf.jpg,dandelion,08ee4f5f03ad8cd2fa868ea33be1cd3ab0bc6ade0bfb9175d896295e17acb81d
data/flower_photos/dandelion/2503034372_db7867de51_m.jpg,dandelion,f607f47ac8909a50362fe371ed0c2b9bca6e4a5ce5acb040b03171a2210e73af
data/flower_photos/dandelion/2512148749_261fa9d156.jpg,dandelion,7b464c3551e86b71440c54c8abd56aea92e6d743308353e8046af4638e73e8d6
data/flower_photos/dandelion/2516714633_87f28f0314.jpg,dandelion,25b910ee4c9a9b137c36e349464619a9467b364bbe333fa2eeb33f2927a49e24
data/flower_photos/dandelion/2517777524_e871ec5291_m.jpg,dandelion,df3d93a9f7080e36a48ad4082397698b646e4e81f2e5cbda77ca4803e1a7854a
data/flower_photos/dandelion/2521811279_1f7fc353bf_n.jpg,dandelion,ad67456cf766a3500e967364e88a2967426697f7992cc30c78b19d030c09ecad
data/flower_photos/dandelion/2521827947_9d237779bb_n.jpg,dandelion,7424a97a0be1c5ccb897f22d28340152c8289eb9c9be84dc957c04647cb28b6a
data/flower_photos/dandelion/2535727910_769c020c0d_n.jpg,dandelion,86c8207bf2f7c4c9e665fc2c81895193b4a8b2286fb821a8f521645346360299
data/flower_photos/dandelion/2535769822_513be6bbe9.jpg,dandelion,80f6454f1400e0904d2dd629693b0e12d94ddfff4bbc15ab5cc11922e3d42f41
data/flower_photos/dandelion/253622055_d72964a7fd_n.jpg,dandelion,ff11010df33a0131755f7ba92454247a6e85b99545a406962f0ba116860bfcc7
data/flower_photos/dandelion/2538797744_deb53ac253.jpg,dandelion,cff463008b7407e8cf4b60f4706ca3b15a11414b10d6bec5469502101b26c3db
data/flower_photos/dandelion/2540640433_dedd577263.jpg,dandelion,beaee927860b7170f10241a5b4c94dde3530d0c8251cb550514d73bad1a81d8e
data/flower_photos/dandelion/2542908888_25a1c78ff0.jpg,dandelion,29ab26301e8e6af7c481b0c4c9ce4afbcc16d4f1a6d7755c7a236073adc050a2
data/flower_photos/dandelion/2569516382_9fd7097b9b.jpg,dandelion,febaae98dcb592bc875ce0a4244bed7b1019fdce464f3d3d53b0583c5e9642be
data/flower_photos/dandelion/2596413098_7ef69b7e1d_m.jpg,dandelion,c180d9b24480fc8567020e6cb0a6c2a320f15c64025cc4f0639c39fbfdd30e91
data/flower_photos/dandelion/2608937632_cfd93bc7cd.jpg,dandelion,9613d6b47547f99500dd58f52bdb919bca151864e6ccaf02bb7010a4e5a7510a
data/flower_photos/dandelion/2622697182_ea4aff29dd_n.jpg,dandelion,00b3bee22dc670ec79a18c524d920c781814af30bfda8332737a298f39921ce2
data/flower_photos/dandelion/2628514700_b6d5325797_n.jpg,dandelion,944923d0b08f36910f5445e44385a2a2f5b39296fdb33e81dece1c1d9179521d
data/flower_photos/dandelion/2634666217_d5ef87c9f7_m.jpg,dandelion,cb27bd67578a1229a01f91d7d7289e4794710af9f6202df839b08ab4948980d3
data/flower_photos/dandelion/2635422362_a1bf641547_m.jpg,dandelion,c56f90bd12595a02d4f1d1716d319e1785bbc7303315b66bbd5894fbc9a814f2
data/flower_photos/dandelion/2637883118_cf6ce37be4_n.jpg,dandelion,75ab469aed5a8fcf28dfc3f60c9a1bd1d0d812bccc446ce1c4bf5b90f9059e44
data/flower_photos/dandelion/2661585172_94707236be_m.jpg,dandelion,3e447878d68178a921fe7305963df08553922a23b3509f715bb49f53142097e5
data/flower_photos/dandelion/2670304799_a3f2eef516_m.jpg,dandelion,bc25f3fa2a775c22ccc83595f4440ac18198f193e01ff5afb3a0c95f77cd038f
data/flower_photos/dandelion/2674176237_e265ea64cc_n.jpg,dandelion,7ef7ee07f9254ba4e42ece7616288e06ec50e466b5be4a98161616be03707ec9
data/flower_photos/dandelion/2683330456_0f7bbce110_m.jpg,dandelion,a96d21754160d039a4767d026dc4234e366acf756627512ec1092ca7207326eb
data/flower_photos/dandelion/2693136371_dde2570813.jpg,dandelion,3af625b1ed70331b465c2405e0bfc2ac629c320a5e5e4aed3d64cf577a22d1f5
data/flower_photos/dandelion/2753166154_0cb51a127b.jpg,dandelion,98756db7bcb2658b60e29e69d52b513870c2e2f380b5044fa5fe96861dcf2e91
data/flower_photos/dandelion/2780702427_312333ef33.jpg,dandelion,af906847a1a868262400528b48f195cb37ac98f465bfce2431e2b35cd53fe0a3
data/flower_photos/dandelion/2831102668_eb65cd40b9_n.jpg,dandelion,465115f96981cb4b681b2852cf1f2fdb172422decef4fdccb4ab7065543f57a3
data/flower_photos/dandelion/2938040169_eb38581359.jpg,dandelion,2d6f82a7d45618714728f41d1edbe60aa67e52369979f54eb05678fd35340122
data/flower_photos/dandelion/2995221296_a6ddaccc39.jpg,dandelion,41121db498904c373664ff74b1a2f8bfb7b7a8bee5984391bdf4866f88d6fc9a
data/flower_photos/dandelion/3005677730_2662753d3f_m.jpg,dandelion,5962ec1d291e0cc0252f347c2441cb0cf299b513d5281402270b8c73bcaaba4f
data/flower_photos/dandelion/315645471_dda66c6338_m.jpg,dandelion,0e63caef3567fbcfa686736cec4f8ea6971f1709e9d85df648412a40478201a2
data/flower_photos/dandelion/3198028825_fdfaa1d020.jpg,dandelion,368cf42a8e8129ab6e137137fb5d67caaf3333447503b762d1a6db7951fe5cdd
data/flower_photos/dandelion/3357432116_b3dce6fed3_n.jpg,dandelion,a08a9e963d7b1af6528b6838e26c6f717c4f08f47c25c59e26f16f49a34e611c
data/flower_photos/dandelion/3365850019_8158a161a8_n.jpg,dandelion,aa3a8840f7c377ddd5013884bec76642f37b497692d8ac16bf3cc0f11b315fc9
data/flower_photos/dandelion/3372748508_e5a4eacfcb_n.jpg,dandelion,2bc3d54e62dd4c5a2ec1a3dd0bdbb42d71999311fb320902f21d88ccbcc796c6
data/flower_photos/dandelion/3393060921_2328b752f4.jpg,dandelion,31a57d35b9f818d3952c72365af65d8a733568fc9b6556e3755c714703fbe9d2
data/flower_photos/dandelion/3393564906_f2df184b76_n.jpg,dandelion,717e0361acc198557b756df41b59941f81b95440b2e990674db36fb1e021498a
data/flower_photos/dandelion/3398195641_456872b48b_n.jpg,dandelion,4e0abbe640badf19550268b02e8b7b4b25555f96b02009f2c369e41137d6a98d
data/flower_photos/dandelion/340190928_d77bf4d615.jpg,dandelion,1f0830b5a3d52876d344e3b70aec885fb154ddadb6dc4b68065f0d37246af65b
data/flower_photos/dandelion/3418355347_2bdcca592a.jpg,dandelion,dcb04b2ff84824396ce55883136aa1f9569a8c95e40094b9fd51f1ebb75dba18
data/flower_photos/dandelion/3419166382_a5e4b8fe6d_m.jpg,dandelion,47136deed257c20038ff36bdafa3366de12b1ed0aa059597f4d36b5c2dabc23b
data/flower_photos/dandelion/3419172904_7708414ae9_n.jpg,dandelion,3473ab8683b9c6490051315f86ba2f1f8b8238ccaa80e3d9ea806c66b7f6906e
data/flower_photos/dandelion/3419176626_512811d3ff.jpg,dandelion,4a92f18cb80fc10734283435261210539bc7573b0381084cdd1d95437c624af3
data/flower_photos/dandelion/344318990_7be3fb0a7d.jpg,dandelion,794d90c775e0d0a7bc0c2a25b0031d52033d042db05e0bc237678b7117f9dbbd
data/flower_photos/dandelion/3446018470_0c40e73ed6_m.jpg,dandelion,df93bca62e0ad33610ceef216e98880663f460dce9232fb455fb0744b2244a34
data/flower_photos/dandelion/3451646670_3eff7094b7_n.jpg,dandelion,382912164b3943b94211c5a0ad2126dd552732105adf13f2d7239ebf33c64baf
data/flower_photos/dandelion/3458770076_17ed3a1225.jpg,dandelion,6dab46abcf9eaf32fbfb68358899959417d87c08dedbe898e7632deecb67c205
data/flower_photos/dandelion/3459346147_faffff51c7_n.jpg,dandelion,68e01b3ca2d59c478dc85ba6c32edd3432aea1e84db3a2a264ce8787e44ffbcb
data/flower_photos/dandelion/3464015936_6845f46f64.jpg,dandelion,6e1a901b312c6075bad4aa07160cb57fa9ccb477668db1dfce87cab07b755fd4
data/flower_photos/dandelion/3472437817_7902b3d984_n.jpg,dandelion,a730f83cd7c4bf3fc563ca5a5ebc404c8fb015b82c458435c12b0ae2f8146cf0
data/flower_photos/dandelion/3476759348_a0d34a4b59_n.jpg,dandelion,6a2a8e25bc616d1730fc65419ffbf60278300a8d8b9f911c9da8d9d132246a0c
data/flower_photos/dandelion/3476980444_c276bea402_m.jpg,dandelion,094388cec61a8b7034ae6fddeef1c22721085b60b2f3cc0a4d4640a30d291dae
data/flower_photos/dandelion/3483575184_cb8d16a083_n.jpg,dandelion,bbd5ec9becec4c7b2270f3488036805929b45d9f1e081f74ff7ed736b0042bf9
data/flower_photos/dandelion/3487229452_73e3004858.jpg,dandelion,7cb6339b434a56f673dabb67e99ef953316067d744ba65ae094100404f0df5a3
data/flower_photos/dandelion/3491333876_e3fed43c0d.jpg,dandelion,b7a4ccdc48c7667d5e6eae39988d88919333523e7970a44957439fb882078973
data/flower_photos/dandelion/3499837275_5f24d2f8bf_n.jpg,dandelion,9fd8ec4960cb77b1413eb4e9a4f749396a4ed6ff412941f2977a38660deb60bf
data/flower_photos/dandelion/3501368412_358e144d1f.jpg,dandelion,9342a759f57646287456558234f25c4e5581370880b9c9061c1082eccc8a6321
data/flower_photos/dandelion/3509307596_6cfe97867d_n.jpg,dandelion,36d1d1c76612aa1f072b21383e8870a8c964eb855421a5d3c8a5c58be6a195af
data/flower_photos/dandelion/3512879565_88dd8fc269_n.jpg,dandelion,bbddbf2c13ebfe026ef33e67a68495ae73b4cf3baa111bd33a21724e6f5ddc1d
data/flower_photos/dandelion/3513200808_390f1d63a7_m.jpg,dandelion,875e72e2563cf81e672893fa08b1897e1119d91e86c5e5599faddc3ded2fde7a
data/flower_photos/dandelion/3518608454_c3fd3c311c_m.jpg,dandelion,57c95ea84e2d841e45d3839da8b522aa44b43818fd9b232fbf599a1c8f7eb446
data/flower_photos/dandelion/3530495617_fd84fb321a_m.jpg,dandelion,d5bae6db4d12ffe99a50b8a539f60454ea094ad310f0bb3e1646aed81ea15be9
data/flower_photos/dandelion/3530500952_9f94fb8b9c_m.jpg,dandelion,0457d812edfbb928b81709a5374b6dae4b39042b5efc3c37fe1ae44d1951f1da
data/flower_photos/dandelion/3533075436_0954145b9f_m.jpg,dandelion,6f7aa401af9038943284d7532e9b4c1c7bdae38378468e7d4b413beda3d61059
data/flower_photos/dandelion/3533167406_e9f4cf10bb_m.jpg,dandelion,a460ea93f2398b037fc6b92ca2016a36fc6845cf8ef6f03ede5ffc0c615ae901
data/flower_photos/dandelion/3554435478_1a7ab743e9_n.jpg,dandelion,4f94757be4eb1b7d2882bf2a9fc4d45946762e14666621e4574e9188ed0f04e6
data/flower_photos/dandelion/3554992110_81d8c9b0bd_m.jpg,dandelion,789125f7bbe784328f06153381e62bca664190ac5fa8187e237cd4e6c3e24ab5
data/flower_photos/dandelion/3562861685_8b8d747b4d.jpg,dandelion,62711784b2d23800c1d32eb287f124c1ebcbc10a2bf490c513af16392047bf61
data/flower_photos/dandelion/3581252194_8c976d333a_n.jpg,dandelion,1458936eb18f26f84ddf2b8f1bb3bdabbe4ff52ebbc270045a5f165c36cd19b0
data/flower_photos/dandelion/3584414925_1e6c4b61db_n.jpg,dandelion,244dd7f36261937220d689134b4ae9c7d6cd4a020d41b35e03987ea6a2184492
data/flower_photos/dandelion/3589816063_50f8de7b64_m.jpg,dandelion,f0f57a56b5bb93bd3e455c9ee960598be5de52af165018076d39d6b79fa5f76f
data/flower_photos/dandelion/3664916269_29f07c7c7b.jpg,dandelion,09c2a2f268cebabc36b7f74f6adb9d6e6adc6936b2c0417444652f8dd4ab6260
data/flower_photos/dandelion/3688128868_031e7b53e1_n.jpg,dandelion,8027c8600d7c01923d8e67af26cf7e8b71d60d9004f8a8e54aa02ace7a6007be
data/flower_photos/dandelion/3696596109_4c4419128a_m.jpg,dandelion,52efcc3582547d6f00940cf3b1bf672cbd60e75880f389659e6b5fe49f110088
data/flower_photos/dandelion/3730618647_5725c692c3_m.jpg,dandelion,fe7c886db3c9d25adaaa70da70cfe2bd5519cc9b42cf3d85778e79c5c680869d
data/flower_photos/dandelion/3823142577_dd5acd5ac6_n.jpg,dandelion,b2c5982c7e50bdc75359620c10d861fdb95cd512e576c2f407a31d50b104cbc2
data/flower_photos/dandelion/3844111216_742ea491a0.jpg,dandelion,4780b245dc47222123c92312df762bf8db0121ef095f1b44077aae7a5c323e8a
data/flower_photos/dandelion/3857059749_fe8ca621a9.jpg,dandelion,2cfa120a594ac5910586413a0aa8ba0ea3bcb837ca09fefd8dd1bde3080d0d16
data/flower_photos/dandelion/3954167682_128398bf79_m.jpg,dandelion,1b84f44330d96726f86349ace3e09423733fbd4cba3aed45247c6d22441656f9
data/flower_photos/dandelion/3998275481_651205e02d.jpg,dandelion,90467450261b5ac54a187138313c09cd94ca18e72b5c5bbed80d54d98c787d95
data/flower_photos/dandelion/3998927705_af499a4f29.jpg,dandelion,19b83bbc891a6051eae69149b10af37053df5c876985d04dc5b5a615b4eedb44
data/flower_photos/dandelion/4082856478_741a411ebb.jpg,dandelion,45ba244a10bb11367eabded8c27d81011b8ee25cde4e3f683423c332d5f6f300
data/flower_photos/dandelion/4151883194_e45505934d_n.jpg,dandelion,e5021117e6fda0e7886ff21e7f54c48712a8775290bd17ec8899131f8b06dedb
data/flower_photos/dandelion/4155914848_3d57f50fc7.jpg,dandelion,3c677eb8b51226d05431a4a2ee08e5ced57053f12f29a43cee04ed7feac30ab8
data/flower_photos/dandelion/4254850910_0610224342_n.jpg,dandelion,76d78cd683607f5815292db9071842d5cdc144d95e46d9c755803c8b61448350
data/flower_photos/dandelion/425800274_27dba84fac_n.jpg,dandelion,d069a63b2bb94d593dd642af5f95e9df33a6ddc4b2dd8ca85426255683d4e2a0
data/flower_photos/dandelion/4265711814_9a006ee5b8.jpg,dandelion,c93c3c4664cba7d605f3972279daea19b6dc2bf24a13dd31074e9da45f7d8366
data/flower_photos/dandelion/4275776457_d04b597cfa_n.jpg,dandelion,1d2dbcbff18ada99383f04858894e0c94f1cdcc68e68c1d01fc466e98b2d2c1f
data/flower_photos/dandelion/4278757393_bca8415ed4_n.jpg,dandelion,dfe3b26343d5040552bf31bdaa03cb160cfff7181b0921766863f2d009b1c5bd
data/flower_photos/dandelion/4290112545_3528055993_m.jpg,dandelion,c4d58118e403f569c5ae39a2abd8a77aa544e9ab64d875a20fe65027b6bf7859
data/flower_photos/dandelion/4489359360_09db62f825.jpg,dandelion,da1a7312c043b2bc7530e810703830d80c2d7de8bab7c047ddda5f083d74aaa4
data/flower_photos/dandelion/4496277750_8c34256e28.jpg,dandelion,60e074b706598a23e2c7f2fb54ab10aa248f78b221046b1a35b378f9bfe52058
data/flower_photos/dandelion/4510938552_6f7bae172a_n.jpg,dandelion,74645e578afe4aba66dd8e71f4503712f08d2e6d8f6b96da0a88612212e263e3
data/flower_photos/dandelion/4512569988_2b3f802cc6.jpg,dandelion,c479d5a9e619a671c4e516c2bfe6e2c4248b0aa42c52cbf6e00b6e702a5f9627
data/flower_photos/dandelion/4514343281_26781484df.jpg,dandelion,54f82f6a10a59d329a86c73415b5e0cf6a7e5231cbe63588d0146fd08e7535d2
data/flower_photos/dandelion/451965300_619b781dc9_m.jpg,dandelion,e40fc561128456cc4634ffe13047e367748334fd1a46fa46698b0eb6fe22d8aa
data/flower_photos/dandelion/4523239455_9c31a06aaf_n.jpg,dandelion,88e0603b15813e84591cea7203fe1c942cb3ac86f0c4822e4edb9fe2ee5028e2
data/flower_photos/dandelion/4523862714_b41b459c88.jpg,dandelion,5da396b30fecff4f60f3a13d99775caf113a5010f4d1d0ea35a750e96b8d9c52
data/flower_photos/dandelion/4528742654_99d233223b_m.jpg,dandelion,abfb588ae9a1bc84f08368156ca25fc457645f46e915eccfc8bf667322182e6f
data/flower_photos/dandelion/4530848609_02a1d9b791.jpg,dandelion,0fbd8b34741682dd41484a1aa36bfb802fb1e9d987b774de0868c67bd7a37c86
data/flower_photos/dandelion/4550784336_584d7a65de_m.jpg,dandelion,52b06fa99ba248fb0b430fcd06ccaedcde3b822bff41cc0f1adeac9d88822eb3
data/flower_photos/dandelion/4552571121_2677bcdec3.jpg,dandelion,9c15ee76cc02fd361caa65b4cbf0b39be0b7da23cce986de28c8f666cdf7fa90
data/flower_photos/dandelion/4552591312_02fe1dcc04_n.jpg,dandelion,1168abd3c49d765b9594683cd370317067f543f760b8d5012996ccb68c40968d
data/flower_photos/dandelion/4557781241_0060cbe723_n.jpg,dandelion,026c85c21de6d3cb479cbf92b62229e09d24f9af4834cb7ac42d1a293c9ba60c
data/flower_photos/dandelion/4558536575_d43a611bd4_n.jpg,dandelion,5611d10fb02459ee3b382953fd44c7229a6417d54a80e09c680811563e64a74d
data/flower_photos/dandelion/4558562689_c8e2ab9f10.jpg,dandelion,485c6fe64999b529029b9dff03ae9aa9138c5606ceb3ee8d44b5ef1c71f55d38
data/flower_photos/dandelion/4560613196_91a04f8dcf_m.jpg,dandelion,868427a246ae403c034d96916c76f2303449facc5be7b13213a106ce34fb0030
data/flower_photos/dandelion/4562516418_8ccb8c103f.jpg,dandelion,acc4eb25828fe9d75317d6f513fed6717fa3fc282b191538d59cc395b08cbc67
data/flower_photos/dandelion/4568317687_3f89622f76.jpg,dandelion,c943c817cfdd82789d4c539b40a300662d3c1a8d7676f246edf98abf3b8f2890
data/flower_photos/dandelion/4571681134_b605a61547_n.jpg,dandelion,09764fc866a2161f8f3961b50380ce34accdad65a9c4ce6d79d25b21e7cbbcbc
data/flower_photos/dandelion/4571923094_b9cefa9438_n.jpg,dandelion,9440d6e2451b7de1994bdbc8a9f9a4a0cb60e40a704dd897fa9f680d77e6948d
data/flower_photos/dandelion/4572738670_4787a11058_n.jpg,dandelion,5258e0760dba8e67a0df787a5ce295e3a6b8a4b902f8cbb97ba71a67b39cb5ec
data/flower_photos/dandelion/4573204385_9b71e96b35_m.jpg,dandelion,84d1077062f720d6ad4fa50ffea315d26788e6c52ebce4b844e7976e54a499eb
data/flower_photos/dandelion/4573204407_babff0dce4_n.jpg,dandelion,520123fb7c208ff397a07400091400021b8e842110c6e3a3f1c1e108916aabd7
data/flower_photos/dandelion/4573886520_09c984ecd8_m.jpg,dandelion,9f5f07510c93c02ab632a1e9d013f5e20c587f7e985483b538c0ba1ba56a10b3
data/flower_photos/dandelion/4573886524_5161482ca7_n.jpg,dandelion,7cbe080735f9efb4fb21217fbb4681c751f410f0eccd62b3bd4a8f7caf1ebf09
data/flower_photos/dandelion/4574102507_70039c8b28.jpg,dandelion,b124a6a6703f51e9b938c97f24847f4192d24b61dd7fa4be7d66c3d1137e5857
data/flower_photos/dandelion/4574736702_b15ecf97d0_m.jpg,dandelion,554da5c9b288860506f618db23f53ea3e85a0d86681e372cb24316bdd9f6ae2d
data/flower_photos/dandelion/4575406391_7a62c5f90f_n.jpg,dandelion,ab57f66bfc88ec3cf49cf350d738603eb65bb0e2f7745adf53df971fc2a714c2
data/flower_photos/dandelion/4586018734_6de9c513c2.jpg,dandelion,118907a1d4c7294811535b358084ac483346fbe372ad78da103bf35b8a708ae7
data/flower_photos/dandelion/4588529727_4a79c61577.jpg,dandelion,e4c30f876ccfbb1e4f4a0b8f9f2a6ebb4b1184fe65da37f0750cd6703d427104
data/flower_photos/dandelion/4589787911_851cb80157_n.jpg,dandelion,521d67797959cc5f6718615f18c709aeee73bc94482c4066711de30f0a8e035d
data/flower_photos/dandelion/459633569_5ddf6bc116_m.jpg,dandelion,5f13984c36516a93716bcd990689155f614921909ad273b84f17f635b9f98bb2
data/flower_photos/dandelion/459748276_69101b0cec_n.jpg,dandelion,850b446b91d48e4e88f4f434905661b8d83472d8cdf799d355fb9bd755caf0c1
data/flower_photos/dandelion/4598938531_9749b3b56a.jpg,dandelion,d163cab97558d5069a7504a4151f9ab7c6aaf4690df548ab6f012a5fb42631f9
data/flower_photos/dandelion/4607183665_3472643bc8.jpg,dandelion,f1382ba661a6bc69755f96a43d698ad9309a396cd7edb31eb258b3f6922614f5
data/flower_photos/dandelion/4610125337_50798408b8_m.jpg,dandelion,405e2ba0907f13887c059b5f4d28800b0b9fbf7311d8c9da0890174423553089
data/flower_photos/dandelion/461632542_0387557eff.jpg,dandelion,a9c776f7f95416bf80355d7e2c49b92bca4e6116e631bde1f1a2fdfa87bdb61e
data/flower_photos/dandelion/4622115595_a0de9f2013_n.jpg,dandelion,691c77b0a26dd1e236cd7108bf8fc1078b1c2e894aeecbfd1f35c00b8115e696
data/flower_photos/dandelion/4632235020_d00ce1e497.jpg,dandelion,4562fca4ec839730a2f6e92b9a5e36187721cd1b91c596a7e169dec1a3da61c9
data/flower_photos/dandelion/4632251871_9f324a7bb5.jpg,dandelion,44bd29746f3365faa812812820d34bbc9afe5b6c679d9ed810546bc9ee5642be
data/flower_photos/dandelion/4632757134_40156d7d5b.jpg,dandelion,985428c364a672a88c7073b239347936c7000bfaec527305b9736d5b3b351dc5
data/flower_photos/dandelion/4632761610_768360d425.jpg,dandelion,86fb1131a9780b42b982079cb2d3f6a78ec55f11d2420fd1a2c99ad6b7a9da1f
data/flower_photos/dandelion/4632863567_5f9af7de97_n.jpg,dandelion,70c22fb9f73228fbf37a79ec22c21825d1f947785e9f2fd4bcf8e486e64a509f
data/flower_photos/dandelion/4633514720_22e82c5f7c_m.jpg,dandelion,0d0f330cda72dc90ea0db90f6c63f4fe1d1dd27f81fc6c550bb110b11cfeb673
data/flower_photos/dandelion/4633792226_80f89c89ec_m.jpg,dandelion,e9453bd2bbbb587a2a1f14ed2cc79f98344514c14a8c0d94307ae6f61c2aadbf
data/flower_photos/dandelion/4634716478_1cbcbee7ca.jpg,dandelion,3f10a11b6bf006606b82c2b6c894979b1a1ec61dcc55cbda703cbc15f3953b22
data/flower_photos/dandelion/463736819_f779800165.jpg,dandelion,e3969f8974888c22b98f923ab63db938b1e7f0cf55bc326764fef60fc94ae791
data/flower_photos/dandelion/4638438929_2ec76083c8_m.jpg,dandelion,0df62867543d4fd730a66cc087b49f2552b8e55b42e975b997d201a0b71a9176
data/flower_photos/dandelion/4645161319_c308fc31ef_n.jpg,dandelion,d1a6529b0a2ba398ad665afaf843f918d8fccb296d8dbd5a1aa414c721a724a2
data/flower_photos/dandelion/4654848357_9549351e0b_n.jpg,dandelion,bfd2dbef9de237da11da210a20c3501c23fa2600e7d03dac565ffcd14f60c52a
data/flower_photos/dandelion/4657801292_73bef15031.jpg,dandelion,c214b47c471d284c2e3701e2e00bad1dc7a118fd8d5efc7066f29ffdc5f6f473
data/flower_photos/dandelion/4669006062_6b3d260037_n.jpg,dandelion,bd752f5c28f3a91ed9a0f0276fd122231cdcd77e49a0d9ff47f47fd410c29390
data/flower_photos/dandelion/4669815582_0a994fb4fd_m.jpg,dandelion,622090f276386a160711a50801098f283e29170b773adf7aee78d48a146fc729
data/flower_photos/dandelion/4675287055_5938ed62c4.jpg,dandelion,ddc569e404f75c513aebc629e1640893300503ca9e0dd84522bd885d9871c9b4
data/flower_photos/dandelion/4676527148_d701b9202f_n.jpg,dandelion,bd71af7e28fc24915cf914bca565ee1bec7df781d87c8e75377f92e69e8d692d
data/flower_photos/dandelion/4684022752_89631bd98e_n.jpg,dandelion,616bbcddeaaa19d5d87181772c7e99cb701390f4d9082f97b20d3e938deaaa51
data/flower_photos/dandelion/468749497_951c571eff_n.jpg,dandelion,f731719397bf7f40d04b319324b88a013c97997f8465b81b08c6f4dc82791c79
data/flower_photos/dandelion/4691257171_23a29aaa33_n.jpg,dandelion,95d362bd55ff0096fb4ef18e28109faee50cadadafba21ed326efcad8489876f
data/flower_photos/dandelion/4696437766_85952d0196.jpg,dandelion,a8693f5347224db528d81fcc1f4980ebc4d52abb715059fd2b9125feb544ecaf
data/flower_photos/dandelion/4708723476_a1b476a373.jpg,dandelion,17b432740334aac594e0e5d1c6de057da98a43a868e804651b6ddc8b721b2f4c
data/flower_photos/dandelion/4713958242_fbcfe9a61b_m.jpg,dandelion,5f22691ba37c8c36d4069760811aaaa0cdd712b5dbf3b6f331e904fb12f48668
data/flower_photos/dandelion/4714026966_93846ddb74_m.jpg,dandelion,8bcf8dde1bd043554795c1656d2cda8c55cc6b6eee671314b7c9dcb7a8ad0b93
data/flower_photos/dandelion/4721773235_429acdf496_n.jpg,dandelion,2b466aaac11a36b27803259ef77917455b386025ccda22a2746ec1176dc4cdaf
data/flower_photos/dandelion/477207005_6327db8393_m.jpg,dandelion,a787e9d524047aa50114f61a84486fcf6497f0cdc7875ef571238a1680c63986
data/flower_photos/dandelion/477316928_a70a31a704_m.jpg,dandelion,75f4b098cc36f7653c207922aeb4f1be052d05bb13326fce663c31db4d6de0c7
data/flower_photos/dandelion/478851599_25bfd70605_n.jpg,dandelion,31729b53fe1d35b5ab9b656c3d52c4195c839c2210c52c97fafcf70862815a0b
data/flower_photos/dandelion/479115838_0771a6cdff.jpg,dandelion,8db9fcef0820d2d384aa29e3652f3e52f64301dba8c1e2c682649e97a39be008
data/flower_photos/dandelion/479495978_ee22cf05be.jpg,dandelion,6dc5576f7b3929222a367b06acca5d991fbe45524974c31880f39b5ad5284cf4
data/flower_photos/dandelion/480621885_4c8b50fa11_m.jpg,dandelion,afbd8ab33415f87ca60eb7a03e86bd6c9244dd535b95caced34351d8a00af141
data/flower_photos/dandelion/4847150510_7a5db086fa.jpg,dandelion,32eda5ba0005b31320b1bc87b74bce0b366fbe27d15f38be86b5179535393891
data/flower_photos/dandelion/4858372040_52216eb0bd.jpg,dandelion,cc0bfaa6cc198f8b8ec09f3492995b29500b1a477243605d2069817664f82f48
data/flower_photos/dandelion/4893356345_24d67eff9f_m.jpg,dandelion,e53e3b93e34b9e4b6f28e8c3138ffe5bd8645aae62f8ac1c3716c8db5391dc77
data/flower_photos/dandelion/493696003_f93ffb3abd_n.jpg,dandelion,4e946420ba761859e3038f4b19b15433cc435d4aa2b6e7a5601b216d7036daac
data/flower_photos/dandelion/494108764_e00178af6e.jpg,dandelion,e3b6240d166795ce3bfb90f6043d36b38e963e6f1fa7400d7f6f1f349fb98748
data/flower_photos/dandelion/4944731313_023a0508fd_n.jpg,dandelion,123be57271db771417a781526093cb824bdb302f58801234cd54ab274307fb04
data/flower_photos/dandelion/501987276_744448580c_m.jpg,dandelion,929e5ffb1f238a7538e212d7cc8ab49169ca0c1b6a1e8c5dcabca5536c0213e4
data/flower_photos/dandelion/5024965767_230f140d60_n.jpg,dandelion,45a0de4c8e0633eaebb7323234631ba787bfc7bde4ff238ef2e7080cb9e3b24f
data/flower_photos/dandelion/5033866477_a77cccba49_m.jpg,dandelion,dae4e7d28afecb3814d7e850a652b53852f45cc6c354a6ee09c5092b12b5b19f
data/flower_photos/dandelion/5045509402_6e052ce443.jpg,dandelion,d1dc081df0e7e94595acd0b60c661a4f9aea2467b21579485ab6fc19446b2021
data/flower_photos/dandelion/506659320_6fac46551e.jpg,dandelion,10ea8ec5b01b40bd6eae27f3ad9ae6be26de3247f3819dda863e00c278d905f7
data/flower_photos/dandelion/506660896_c903cca1f0.jpg,dandelion,ad04dcff0fa1839dc037973615e6b1a7c8c35e002d8e08886e63b13a43b0089d
data/flower_photos/dandelion/510874382_f7e3435043.jpg,dandelion,74a79f67d4f30e3f5315522716eddc740e4bcc6c5656d8d3ad7adc7e67c9e9de
data/flower_photos/dandelion/510897767_918260db93.jpg,dandelion,5d6a08b90a5abf3b7c2c51b13f405dc449f6ee89a5da36141e5ff55b0200a985
data/flower_photos/dandelion/5109496141_8dcf673d43_n.jpg,dandelion,9d43844bb1ba0a234b45e833d7d6d5e8879760192ca6d6b43508cf4dc55c0503
data/flower_photos/dandelion/5109501167_2d9bbb0f27_m.jpg,dandelion,8c1fe293d99aa7c4f9b17a5f34a9f9879b005142825426e67c910c8cd94d5b6d
data/flower_photos/dandelion/5110102140_787d325757_n.jpg,dandelion,ce2d3288bbffb7bac7f1b480662444541b9102f1a13cf4ee33ac8fca0460d4d9
data/flower_photos/dandelion/5110104894_a52c685516_n.jpg,dandelion,a4a435791d46e0ef40ffa1d24455de0988662467dd212eb7d8ca40c431c9d8bd
data/flower_photos/dandelion/5129135346_3fa8e804d8_n.jpg,dandelion,cebadbdbebb0c6e92eb52fd3239a361eb5e1f6239b6207180557f23655ffa084
data/flower_photos/dandelion/515143813_b3afb08bf9.jpg,dandelion,830b38a07d5d38a0d5ce3d3b1fb5ea0ad76d9c668a0a48b9dab495f3bcc9ef85
data/flower_photos/dandelion/5416388641_c66d52d2ff_m.jpg,dandelion,d5d79fd4b07ba6318c9ff8622540f908cf65215fa5af011395f08f16fdea3213
data/flower_photos/dandelion/5598014250_684c28bd5c_n.jpg,dandelion,30ac788e3bee1683a4bbd5c62b587bb143cfabc9e3e542d3d402998ddc02b154
data/flower_photos/dandelion/5598591979_ed9af1b3e9_n.jpg,dandelion,c100f13d86089238f60f088f689c9f957c57e5d7dbcc07fddc9b80494537364c
data/flower_photos/dandelion/5598845098_13e8e9460f.jpg,dandelion,9bc7eb7668d5162df105754b7b2f213881ee128e99d68336630780f21a02cc42
data/flower_photos/dandelion/5605093210_5fecb71c61.jpg,dandelion,63b6c7b301b363c86720c6f967c5fa6b705371af255b881571357b2886ab7a53
data/flower_photos/dandelion/5605502523_05acb00ae7_n.jpg,dandelion,658111938b9de3217b5d4bc37e6ed34616c4e23cbef78ab3e3b71d48193dafba
data/flower_photos/dandelion/5607983792_f8b8766ff7.jpg,dandelion,af8e4588a7b03f4516c4b43ac1adee0a72d082b68b681cd375d95421ac1411d4
data/flower_photos/dandelion/5608832856_f5d49de778.jpg,dandelion,dd0768f03911d0cdd53e753a2c55a0f895d51bf56eb5764591d893be40a99d79
data/flower_photos/dandelion/5613466853_e476bb080e.jpg,dandelion,b53aab568021925ff2b052e5ba364a65f7a7e9b16d7508ced7f4c17698fa22a5
data/flower_photos/dandelion/5623492051_8e5ce438bd.jpg,dandelion,5fde20c690462e1b3e7e334c995e965831a575ef915dcdf2f8d1ba4db14349bf
data/flower_photos/dandelion/5623855601_ecaebdb8fe.jpg,dandelion,66d6260aee07747a591ea60d9d4b1b6b0288b7dcc38d7e82cf0fa20b9f638587
data/flower_photos/dandelion/5628296138_9031791fab.jpg,dandelion,ecc8743758aa03a5e9bee6ce62a1f25e64e45540eeba9e42b1fab7aff040a816
data/flower_photos/dandelion/5628515159_6b437ff1e5_n.jpg,dandelion,9139a2f8368c92d467cd90233746997e821659a9cf91e55f0746130c506a4719
data/flower_photos/dandelion/5629940298_634f35125c.jpg,dandelion,185646a3ddcd3eb2747390777b7b5bbb8580334961535d28046d10d9fa725b49
data/flower_photos/dandelion/5642429835_a0cbf1bab7_n.jpg,dandelion,551bc53a10f41a566d8619647a2370bc6b226f437312a04b8076235630938065
data/flower_photos/dandelion/5643666851_dc3f42399d_m.jpg,dandelion,e5fc8d0ac1a19875d331c9d29d2fac5a7bdda965cbc51641927a9f108dae60d7
data/flower_photos/dandelion/5647842237_b1c5196718_n.jpg,dandelion,6784289f9b40c42168c3c7b7b7cb94c7f608ef86106048361da1a4f351f5c125
data/flower_photos/dandelion/5651310874_c8be336c2b.jpg,dandelion,f1362efb91d2fa65cdf3083f67b0c0b3ff5ed312321421fa20d9bf512f55c02e
data/flower_photos/dandelion/5655177340_78fc36ce59_m.jpg,dandelion,3a30a9ee3675a73a629487d6dc29219ae24cce2b9f7faba22269c54cc38d79f5
data/flower_photos/dandelion/5670543216_8c4cb0caa8_m.jpg,dandelion,2a9804017fff2722a946540c8f4b8b92ac88f0a98a77b9b62a3a03b2e1b389ab
data/flower_photos/dandelion/5674707921_1ffd141bab_n.jpg,dandelion,942803b002845d46db4837f39214e61bb6525dde3f1b47f23adb0d723d640d1d
data/flower_photos/dandelion/5675705011_82729927ca_n.jpg,dandelion,34eec7be293e0e1b4c6245593a0d25c4ecdddafc0647e1d0624ddf3a0938d818
data/flower_photos/dandelion/5676682203_70d797f760.jpg,dandelion,779ab048092571274975f3438439b899601c0ed507012950e1aebfb091800c9e
data/flower_photos/dandelion/5681951567_d3b03bfd2a_m.jpg,dandelion,edc4e0cdf5d90c344344f751eacf5c42db399b7080d5fd82234e87dd5f1dfd77
data/flower_photos/dandelion/5705695593_d79286ac0d.jpg,dandelion,20161ffc57facc2c2a358eaee1e0313e591533d32b90068696974b94938a777e
data/flower_photos/dandelion/5715788902_9dd2b4ef1d.jpg,dandelion,0d8ab8f835391fc36b41447245aa967c05395e0a4d00447bd06b17a4452976fb
data/flower_photos/dandelion/5725836812_a7d1c5540d_m.jpg,dandelion,496729dd4264d8be56abe816406f468774460a977cefcf2ccca13d2a23973b96
data/flower_photos/dandelion/5726984343_ae124aed97.jpg,dandelion,4631c6e8e3bcaa2ef1d111bf1788c035750eba6541ee7bd4306b04e3245315e3
data/flower_photos/dandelion/5727534342_419604c177_n.jpg,dandelion,8efc499ad6a55f2c5a8f7212fe9e883ca12c9d812d23ba272ad0fd65023a59b5
data/flower_photos/dandelion/5740633858_8fd54c23c9_n.jpg,dandelion,6ce4c2a6e46e449264965751345aa65e4e454d8866e63fb9dc1ad2426f55cd33
data/flower_photos/dandelion/5744236092_de84b4e38d_n.jpg,dandelion,2a9a200bdf23afc09979d7d8f6b63c951df7c1f37e26dac71c951840dd84ceaf
data/flower_photos/dandelion/5745882709_fb6fc8f02a_n.jpg,dandelion,311ee8a65176f383b4b29225794e7366dbebb1359171ba22e9ee56c7211a534c
data/flower_photos/dandelion/5749815755_12f9214649_n.jpg,dandelion,7c041a8c5de24b0aaebe2b2cd62c17961c53bcf0960e201026c61370686e13b5
data/flower_photos/dandelion/5762590366_5cf7a32b87_n.jpg,dandelion,95509b64aaee586d15b6bc69dad5c369abdfb0e5185c59a80d389e25dda762b2
data/flower_photos/dandelion/5767676943_4f9c7323f3_n.jpg,dandelion,4eeadae13bdff0b657d9bf2290575ef659ba6c00895345254ae85212b92f9cdd
data/flower_photos/dandelion/5772194932_60b833091f.jpg,dandelion,0f512edffc78607cdc017d90647562e298b07bc5891259b5fada88b5a4179fe8
data/flower_photos/dandelion/5776879272_95008399c3.jpg,dandelion,6dcaef4e3bc2c74de6ba413f33cd3708a104d1b809b5bf62f8c33e1d2c1f06e8
data/flower_photos/dandelion/578938011_34918b1468.jpg,dandelion,7ddf2022a5d799ba4cad3f7bc5c45439dff0419cd7087592171a992291d2c623
data/flower_photos/dandelion/5829610661_8439ba4a77_n.jpg,dandelion,6b857a45d16e7b66753958479b79aa43bc39afef98839d21819bf026fbbf6aed
data/flower_photos/dandelion/5862288632_1df5eb6dd0.jpg,dandelion,c1da38e5d2c73bfc113f7abfa43b128f40682c6dba277ec611bbc464e1f106c4
data/flower_photos/dandelion/5863928177_8ae1425e76_n.jpg,dandelion,954e57dd4467d22cc0c4532ee8f6ef3efda2519ced475d5efdeeeeca925b758c
data/flower_photos/dandelion/5886830036_2b99899c95.jpg,dandelion,f570648517ffa44a029470004250452600633b402fe8ab429fb7057c1b09e36d
data/flower_photos/dandelion/5909154147_9da14d1730_n.jpg,dandelion,edc3a8ef8b7afe2f6967da95c86017aae9496e65f845246dfa638f9f3b8913a5
data/flower_photos/dandelion/5996421299_b9bf488c1a_n.jpg,dandelion,d7d34369d41896147bdede6aa407b46a8bdd8c40009e15147b13fe6a70eb70eb
data/flower_photos/dandelion/6012046444_fd80afb63a_n.jpg,dandelion,e6776a57b403a83650fb82269e0585f9b53e8fb7c8bcbd9919c05560f3b925c4
data/flower_photos/dandelion/6035460327_4bbb708eab_n.jpg,dandelion,ba6f26a4b03ab647100116ef2591c27ae878d014aafeebe480e56a12b4a1e376
data/flower_photos/dandelion/6044710875_0459796d1b_m.jpg,dandelion,9dde1f58d41d2a87e1adce0f79a1442b7ba6df0b453367f4b036f5d45b88afd1
data/flower_photos/dandelion/6060576850_984176cf4f_n.jpg,dandelion,058d8343b8d085aa7d502c396b8b43a2093bd57135103ba28070640ba1c9d9c7
data/flower_photos/dandelion/6103898045_e066cdeedf_n.jpg,dandelion,10b2af7589b82e2c1b45433213125ce8788a29dfbfaddb0b8b11fad1df473fd1
data/flower_photos/dandelion/61242541_a04395e6bc.jpg,dandelion,f62da0564ceff29aeb65276a23c2b26683e44d21c6beeaaa5ed685605d728a5c
data/flower_photos/dandelion/6132275522_ce46b33c33_m.jpg,dandelion,c9b43e06d0308d2aede35a751e5969e1f0e6c21c9c1e87648e9f40b18081e77b
data/flower_photos/dandelion/6146107825_45f708ecd7_n.jpg,dandelion,bc2911cdbd2bbd24caecf36cd5ff09034c58f37f3a7b7badf72d3f3a9410c930
data/flower_photos/dandelion/6208857436_14a65fe4af_n.jpg,dandelion,26fda12aa8ef14d3617bd093c1feed845f4fddbdb67b26d8699b5e558594ec77
data/flower_photos/dandelion/62293290_2c463891ff_m.jpg,dandelion,c17598cd34501ee7a64b9cb1addec807af66c0d9640558986069952b4deba738
data/flower_photos/dandelion/6229634119_af5fec0a22.jpg,dandelion,8ce77ef87b765f00faf0c9806533c0af03c2070284d795f6ad5eb2957056dd75
data/flower_photos/dandelion/6250363717_17732e992e_n.jpg,dandelion,959ce821b314c0f756658bab263582d950737fd627034d440c28d2747f91a07f
data/flower_photos/dandelion/6400843175_ef07053f8f_m.jpg,dandelion,84c712e0d37b34fe42d057d549193f60af039e0999529099a6a2158880546374
data/flower_photos/dandelion/6495802659_98b57e0cca_m.jpg,dandelion,826b78627602259dd0c3a623b9ba1f2967122ed159d41fe2879957d0f8e934c4
data/flower_photos/dandelion/674407101_57676c40fb.jpg,dandelion,4a961fefb4e27ac451b8c299f14a35e6afff13ced39ae33f2db7cd8fa8223c8d
data/flower_photos/dandelion/6888894675_524a6accab_n.jpg,dandelion,9481e41dd1a76469d8cd54cd27f43801e4e078e94f3e01dbeb8230d15a7a6008
data/flower_photos/dandelion/6900157914_c3387c11d8.jpg,dandelion,b4b514dfd8ac88c4c9a6d6089947aa2aa2bef9e583ef601a0cdaed94998c1f9a
data/flower_photos/dandelion/6901435398_b3192ff7f8_m.jpg,dandelion,745f2ddd1447a3245b4d97b51adaf5ec120b5d54673f98e2bcf72276ef423cd7
data/flower_photos/dandelion/6918170172_3215766bf4_m.jpg,dandelion,7d415627a07d9977e39384f1e95a97aacfe55515e2f139373b4f46002ef78b0c
data/flower_photos/dandelion/6953830582_8525e0423c_n.jpg,dandelion,0bbd020e669a987671a803854f836e3df40b5073475a8117a3ea1302d21c0493
data/flower_photos/dandelion/6968202872_cfcb5b77fb.jpg,dandelion,ec07fee6e31c7d747170e99a7b6351a571a433065ae0a88a623c5f4750efeafb
data/flower_photos/dandelion/6972675188_37f1f1d6f6.jpg,dandelion,78056e540bb49a6fa55a717bcf9f643609c4aadfa74fcf1d9355014e5271604e
data/flower_photos/dandelion/6983105424_f33cc9b08d_m.jpg,dandelion,8f392267be6361ccb9c8b79efa4e87abf4e505e0340c4d809fd8250021f1c88d
data/flower_photos/dandelion/6983113346_21551e1b52_n.jpg,dandelion,2eebb35dbc4b9d697f29d86abb6c420da00c7a11db7732ff35f9bba8f861b2d9
data/flower_photos/dandelion/6983120596_8b9f084ac2_n.jpg,dandelion,252fa5701b3aac60e2fa8e02ee6825c79b9bfe534aae0f4ce455f584f4f64356
data/flower_photos/dandelion/6994925894_030e157fe0.jpg,dandelion,299cd00898ab7603e5597d77f126ea7ddb9eb9fd1566799d35c293b8f3760a5a
data/flower_photos/dandelion/6994931102_4667c0352e.jpg,dandelion,b4d045230335da9e4e43e30ea9a50452b024a9c26b6b9ca01f8c897c501637d3
data/flower_photos/dandelion/7015947703_11b30c20c9_n.jpg,dandelion,e333f301be0bab175edc92d03266facd574b029ec4801af8a6fbed87f00441f3
data/flower_photos/dandelion/7040710179_7f86a17a3c_n.jpg,dandelion,a173ee3b4a0a711f08b59697a823baeaba226400ce97d953fb7bf6c5caa294d8
data/flower_photos/dandelion/7062171343_db61c92737_n.jpg,dandelion,935af8cf9b0e29355589413acaef1c0bc6e902f5e609ca55c1426e49c325da0c
data/flower_photos/dandelion/7099259755_1c66420206_n.jpg,dandelion,9f1cc432ecdeb6ee69d81b87b8780b9210b8d1fde7a5e61a61c234a38744ae52
data/flower_photos/dandelion/7116950607_49b19102ba_n.jpg,dandelion,5acf910e24768232c49ddade451b58f64e0a30deea14520ab8887322d55b5cce
data/flower_photos/dandelion/7132482331_01769e36e9_n.jpg,dandelion,51fa8a8cdfebad6bd4e2a83f70d132f05c45f03a147faf89a58f079fd2ab223f
data/flower_photos/dandelion/7132677385_bcbdcc6001.jpg,dandelion,f822903773856892111d753128f15202703a64ed95828a6e1593b818c7a08fa2
data/flower_photos/dandelion/7141013005_d2f168c373.jpg,dandelion,8c971afde2591ff719d591501e719e23393f7770b372bae32884ee761e5fc56f
data/flower_photos/dandelion/7162551630_3647eb9254.jpg,dandelion,397ff57d4d931b73c54d319a33b8041f89d9be5b4ef3ded5d5e3f4e2907d81cb
data/flower_photos/dandelion/7164500544_332b75aa3b.jpg,dandelion,c4265e838ec5b9f3dd51b62316dd13aae641e2f1c2ac3565597a66d26f49062f
data/flower_photos/dandelion/7165651120_2279ebf6d1.jpg,dandelion,31e748492d9938894ceb908dfb5c86ab02e9ea0c9f02daca1fc094e8eaed2e96
data/flower_photos/dandelion/7179487220_56e4725195_m.jpg,dandelion,638fbd1ff8ee7e03dec5fe9ed1d1ae3204cca54d49c402d0838dd08a77cb1ab4
data/flower_photos/dandelion/7188112181_571434b058_n.jpg,dandelion,2fc14093950fdffd2107460861544616424c2c237fd79a45369a1e18dc4d0c03
data/flower_photos/dandelion/7196409186_a59957ce0b_m.jpg,dandelion,cd63db5fe6b8720a92a20f33b379b755a37c9aad1a955687b860287acc556159
data/flower_photos/dandelion/7222962522_36952a67b6_n.jpg,dandelion,61168aeb838c4a37b48b04dd63567da4006fabdcb2d0f67f5d75a1627c07c622
data/flower_photos/dandelion/7226987694_34552c3115_n.jpg,dandelion,d1d2e41e09ea5fd3ee0cf3c684f462567dfa083f7d76a01f22b563395c1fcaa0
data/flower_photos/dandelion/7243174412_d3628e4cc4_m.jpg,dandelion,01bb82eb77cbf5792875aed3f50dfe87104e6ee60640991c04f7fbaf2f4f7967
data/flower_photos/dandelion/7243478942_30bf542a2d_m.jpg,dandelion,370499cc4d804c8074e0b582d4bd1d40a89dc55f7503d89b7d3664201ed900c3
data/flower_photos/dandelion/7249354462_21925f7d95_n.jpg,dandelion,000b0fffadf2d18c3bf81d4e5b72c805ba66a9e7a647398c1629dc31099eadd0
data/flower_photos/dandelion/7267547016_c8903920bf.jpg,dandelion,691daa3f8dd710202449280d95e9095746a08d8c0af50ae1a43239693006348b
data/flower_photos/dandelion/7270523166_b62fc9e5f1_m.jpg,dandelion,0abd15a9983ff4e52b6c5f8ffc1e73b012046e5a0e10e9b91d1a67cef2bb5f0a
data/flower_photos/dandelion/7280217714_fb9ffccf2d_n.jpg,dandelion,edad1b128345ed9092ea1b092df02f995fac91ff16bcf6af568f38963e392401
data/flower_photos/dandelion/7280221020_98b473b20d_n.jpg,dandelion,c3dc899cb3784178120532d781749f94e15a3fe3cad14a66a4c1125c2ad4a583
data/flower_photos/dandelion/7280222348_a87725ca77.jpg,dandelion,7b58049be3b7b0de6f6cebaded0625eb50a64593113f4dd460fe499a972d646d
data/flower_photos/dandelion/7280227122_7ea2bef7f4_n.jpg,dandelion,cda51d2ddbbc4c934ed40f66ab1b5e0a9bf72ace5c774e05a9debb842a25e5e0
data/flower_photos/dandelion/7295618968_c08a326cc1_m.jpg,dandelion,2fa7be234aeb577d28a5c9bd2c80e1ca75cde3b860b187904f70b5e75ec18430
data/flower_photos/dandelion/7308600792_27cff2f73f.jpg,dandelion,d6758fd9a12460dcb2b08ff117c6e77b264fb9933584a296be5bf6b8a5817e39
data/flower_photos/dandelion/7355522_b66e5d3078_m.jpg,dandelion,a83198cb3d7aed61b80667f5b3ce910d97ef7307585269af3658d1a20b070a34
data/flower_photos/dandelion/7367491658_9eb4dc2384_m.jpg,dandelion,342a7aa34f530d19a1ecff96b02788306377bb6ca813898567b1891be3d47b8d
data/flower_photos/dandelion/7368435774_0045b9dc4e.jpg,dandelion,bbb163929bed7d62d0d43e58786d261f9e5cd740bc48b8e73d5dad804c1be2a1
data/flower_photos/dandelion/7368449232_c99f49b2e6_n.jpg,dandelion,7bf50d57617fde24e26e7e23b6621a58549d3b4d6078672c615c7dcba5c430fe
data/flower_photos/dandelion/7425858848_d04dab08dd_n.jpg,dandelion,f34f4f41eb1ec8fe894e4a311256d5ef6efe2afce9f772e3e8794e018fb5b0ce
data/flower_photos/dandelion/7448453384_fb9caaa9af_n.jpg,dandelion,14a4b3b45415e59c79226db748819281c9bbd11777cd55f019c116919cc1b9ea
data/flower_photos/dandelion/7465850028_cdfaae235a_n.jpg,dandelion,95aa6b5c19920b52f1e73e7213c1f4d473853a062dc3c935402391b52f9622c9
data/flower_photos/dandelion/7469617666_0e1a014917.jpg,dandelion,8d23c861c866e4068c79a9996ce33e3ec05480ca029eb1c2300f5db17b5f6dca
data/flower_photos/dandelion/751941983_58e1ae3957_m.jpg,dandelion,46cc90e279908d3a973f3faf8e173bb537af8d8c4ce575e5e3ce751718fdf7af
data/flower_photos/dandelion/7808545612_546cfca610_m.jpg,dandelion,f7c99030c491ae59cbf8a52ec118ba5c8a0a80771c23885dbd9be6c78baccdde
data/flower_photos/dandelion/7843447416_847e6ba7f4_m.jpg,dandelion,7ded73da8032f5c8ee0f86e892581c4e9e2a03714f5163dac2860aa7681df6e2
data/flower_photos/dandelion/7884440256_91c033732d.jpg,dandelion,e7b8c19ebb9ad90b170567897b261475ee3f4f5de70bbc46964ac06d93f4643c
data/flower_photos/dandelion/7950892504_33142110c2.jpg,dandelion,d8e07a465cd3995e92e589abd4e6ca6b2a0da22434c635593ca48daa03ea616a
data/flower_photos/dandelion/7998106328_c3953f70e9_n.jpg,dandelion,30f88e302ccf76793036cf50c48e31b3e6c192a7b5eaf51c8de03cb0b7e46f6b
data/flower_photos/dandelion/8011324555_375b7b5b0a.jpg,dandelion,83b56bf7edc60b4522d2339eca9c16f3996e451319a707d16fc1a34d217e1cd0
data/flower_photos/dandelion/8058286066_acdf082487_n.jpg,dandelion,4107ca0c68c3780177ef03393f7f3bfc80f1e53fe341ed6be9643a0327f33f3d
data/flower_photos/dandelion/8079778274_f2a400f749_n.jpg,dandelion,d9408a4460f892973bbb2733f5d541229caffae3354c3a3b763d9de90780e37a
data/flower_photos/dandelion/80846315_d997645bea_n.jpg,dandelion,9436a5adb5e137cc18e106f5630ba0545c630b759738cc4964bdcd395035ff2e
data/flower_photos/dandelion/8168031302_6e36f39d87.jpg,dandelion,50b69cd0288419a34cad3200cc2276f0acd232389d8a867534a58b7c04d3bce6
data/flower_photos/dandelion/8181477_8cb77d2e0f_n.jpg,dandelion,5d900292d99ac2c12566a0660b7445c7a6385b46703a639a6c1efd4acf825305
data/flower_photos/dandelion/8209318399_ae72aefdb5.jpg,dandelion,ca25b5ccb391425ca47562b8357d67ae628be359bcb0d392ecce5d62342325c8
data/flower_photos/dandelion/8220011556_28e0cab67f.jpg,dandelion,f7dc226359c3046a8f63b9a6a6e686da84ac01c36e9025cd2a72a3de3eddba29
data/flower_photos/dandelion/8223949_2928d3f6f6_n.jpg,dandelion,4de0719c6d63fa9fd66a696a5da18ac480aa51ca191d168c6915a1d621601b11
data/flower_photos/dandelion/8223968_6b51555d2f_n.jpg,dandelion,e95f8711691a06831ad49130057f51dcd0e0afb103157c2fb9e042844b4ac5b8
data/flower_photos/dandelion/8267315764_129f2e1d77_m.jpg,dandelion,7d0e772d8cf13c2e9d5bb5ff1d15556d078e83953b664032bb1d869090cbae38
data/flower_photos/dandelion/8270191872_61e47ae3b8_m.jpg,dandelion,b257e39789ede4e42f0c17e3550e3ec65023d830b5392b1d8a0ec593761bfb3d
data/flower_photos/dandelion/8327657321_2cbceec396_n.jpg,dandelion,087fb289112c8a02ccc52578d6171b6f9ffe87129b6d61954392edd489e52631
data/flower_photos/dandelion/8376558865_19c5cd6fd6_n.jpg,dandelion,ca418308efd03a53ef7997a221246e064c9dadf5110260a057d78cb35205631f
data/flower_photos/dandelion/8475758_4c861ab268_m.jpg,dandelion,5a9418535e7b547d661e35aa588d16fddc35b3a5235b714bbf491da65f419af9
data/flower_photos/dandelion/8475769_3dea463364_m.jpg,dandelion,dfeb4e2d2e372dfae5545a365a5c9e25fc94fe570b08a782437b61ebb75f5a53
data/flower_photos/dandelion/8497389500_45636fdd14.jpg,dandelion,6ced5d01bac59dd9846cb3371bebdcbae00015e14162999fc3101986d4246fe6
data/flower_photos/dandelion/8533312924_ee09412645_n.jpg,dandelion,44ce5c05915e86ae243dc475f488deb169df6864013af06de3d4816b958d5903
data/flower_photos/dandelion/854593001_c57939125f_n.jpg,dandelion,0252c1a3faa59472836b0320d18028f0a5d829c81cf4e4af524fd03b7d5d3fb1
data/flower_photos/dandelion/8613502159_d9ea67ba63.jpg,dandelion,ecb372dbebe758e03b5a892a2b4e432086f8500db25a28e9dd0f57fc5d358293
data/flower_photos/dandelion/8642679391_0805b147cb_m.jpg,dandelion,3a6c2358fc00e486e385d977555b557ac9fc2fb621be310456395a5263f6805a
data/flower_photos/dandelion/8647874151_aac8db2588_m.jpg,dandelion,1f8c4a475ac67ace52faf4c226dc1d4f9a0dc0a91c51d49a351858563924575f
data/flower_photos/dandelion/8681169825_19a21c6bf5_m.jpg,dandelion,0273db966611ef6a481ab2d6f5144c492bd10276078af665d0891771939317fe
data/flower_photos/dandelion/8681388520_c697dee897_n.jpg,dandelion,b5a038cf116ca6204264243b2febd63949791b1f9b40b31d8219903da4a3947f
data/flower_photos/dandelion/8681420404_6ae114f036_n.jpg,dandelion,c5297c3a1c326ef0304b15d807a575f4c23df71cb82d40544ecb42f61228e094
data/flower_photos/dandelion/8684108_a85764b22d_n.jpg,dandelion,8e08b8df17597c621dd4067ffd6b6af6ee08ef12b47821eb27619ab1d172d81e
data/flower_photos/dandelion/8684925862_d736e153bf_n.jpg,dandelion,ea72410533cb249eaa3180d3397ff0f26b71418e9c08bf68ff2e0143b4622f3d
data/flower_photos/dandelion/8687729737_a7fbeded2c_m.jpg,dandelion,b8bbe1b2d38856f1e4f951ea5fe1f4f6e81c77fe5061bf82af9c00ed3ebc7b1d
data/flower_photos/dandelion/8689302100_be76a16ccc_n.jpg,dandelion,8ebab9d59793376e3b0b74bf8518596ddc869e331a20fa6d186af645f54bd341
data/flower_photos/dandelion/8689302980_9bd2f7b9fe_n.jpg,dandelion,482341a3abda9a8db16b1d05eb15e83df3787dff2dc3fa481eb965087d330513
data/flower_photos/dandelion/8691437509_9ac8441db7_n.jpg,dandelion,0007f09bb3d363fe44895a1b0072dea698f438770e5ad6bd5c188f9cdf17caf3
data/flower_photos/dandelion/8707349105_6d06b543b0.jpg,dandelion,307c8e64f5ac5ef28ad39064c7b5e03a322d65be817f19e7ce24262e2f258931
data/flower_photos/dandelion/8717157979_05cbc10cc1.jpg,dandelion,b83265eed5d2d752401a3795647e27d20f652692edcccdabf63283f1040bee70
data/flower_photos/dandelion/8717787983_c83bdf39fe_n.jpg,dandelion,152851f34ada58da78231574ba6488265e49d771d4831dc77d349764926af608
data/flower_photos/dandelion/8719032054_9a3ce4f0ff.jpg,dandelion,1f5e90db0e65e93a8e03d58469cc208f3db71e04eb557aaae691489f695783a8
data/flower_photos/dandelion/8723679596_391a724d4f_m.jpg,dandelion,9ffdda5b618542357d767357b2244db4013c294cf482066467e425dab8d77fbc
data/flower_photos/dandelion/8724252904_db9a5104df_m.jpg,dandelion,e499a603cd7ec3be7e904653e594f3f0fd3276b054e6e5fb4f36042d913f9399
data/flower_photos/dandelion/8727612532_6f3d0904aa_n.jpg,dandelion,7d66902b67dde8a08ee2cc901a25cd526fea8772588c35e0f2c5cbd63d57f66d
data/flower_photos/dandelion/8733226215_161309f8ec.jpg,dandelion,05a9ba084bf9a0203f8d4bb5c872d472afa980b4417d785779b86a66a6dcfe4a
data/flower_photos/dandelion/8735646181_fa9787d4e0.jpg,dandelion,33bf6cf3cd9e9b528f3be071e8d79bdd2354ef56ee984fff78ed09adfbfb8981
data/flower_photos/dandelion/8737699225_19e0c9f0fa_m.jpg,dandelion,2fd89906e6852e91c6934ae2fc0567a4d771bb1668d9c5d705dac6766ccbedea
data/flower_photos/dandelion/8739657154_6db14796c9.jpg,dandelion,3003ac564724009661c667ffde112e301f78722bff442c88a649da0885375340
data/flower_photos/dandelion/8740787470_67230d0609.jpg,dandelion,a3ed0267bbe9c691ec67b44728307e09a61840fcd0ad6c0447dd17e05da8e087
data/flower_photos/dandelion/8744249948_36cb1969f8_m.jpg,dandelion,3205c81a0dc5c01525afecb3be025a755a6610ddf1f8a26b1027c081e6e0b9cd
data/flower_photos/dandelion/8747223572_dcd9601e99.jpg,dandelion,747b05d836805d06d80af715867bba7688c4bbcc7ab894f67233d34fe32fb92e
data/flower_photos/dandelion/8749577087_dc2521615f_n.jpg,dandelion,b0b307588130d65ba4b510975997236fc6a524b4e675ab18e295c3a71e0102e6
data/flower_photos/dandelion/8756906129_b05a1b26f2.jpg,dandelion,c01199903fc37a004712d4d9c06332f424a64df784606de5cefe36d7d00d3818
data/flower_photos/dandelion/8757650550_113d7af3bd.jpg,dandelion,a8454956d280bce0a5af2220755d98b655edb590b7e34d5d60c9620b53906359
data/flower_photos/dandelion/8759118120_9eac064e38_n.jpg,dandelion,a2c943d28b66ce0976c3d699b38535eb0f2a7ec149a9ce8eed6b25824b2db22a
data/flower_photos/dandelion/8797114213_103535743c_m.jpg,dandelion,e526e5143a62560bc2579ac10b06cb69d14e72ed47e99097f18bcb8c078a8919
data/flower_photos/dandelion/8831808134_315aedb37b.jpg,dandelion,b01d5e54253ba77b28978464a2cb6c922cfd5c7687550690d32a9e7f324a8e4f
data/flower_photos/dandelion/8842317179_d59cf218cb_n.jpg,dandelion,2fec7995670cd4f68c9ba46b7a172ab35383a46295d6b37fe06a5264e06073f0
data/flower_photos/dandelion/8842482175_92a14b4934_m.jpg,dandelion,c9f0ec4e0db34f0c08057f2336f8a4767e820f8110001d361fcde527143c67e7
data/flower_photos/dandelion/8905148527_ba9f55cd78.jpg,dandelion,0340c400eb39f0ea707ccd8ddf9d6b469010a09250deda6cd30d792e66af48e1
data/flower_photos/dandelion/8952484062_31d1d97e45.jpg,dandelion,0589233f0b756d3fa07e2d28d7bc325170c0ca11b892c6d00b49b0ef58823036
data/flower_photos/dandelion/8956863946_f96be02aae_n.jpg,dandelion,394adc7e3353ee5b3321aedb4d7d5451b964a3943359a2ddabcc55a456c5fc2a
data/flower_photos/dandelion/8966818334_483f4489be_n.jpg,dandelion,b504b6eb73cf9b5bf41a31a1ff5817c20de403f7d0cfaa66e2b9f5efd960ad26
data/flower_photos/dandelion/8978962053_0727b41d26.jpg,dandelion,2810b2872a4103f9bb9f4025120eb2140b01400e214ee3f2ef8b4fb6788d851f
data/flower_photos/dandelion/8979062599_86cac547b8.jpg,dandelion,78634616e30139bad6906f9a4e322f59fbdd595ef115e234ba33518c51e6e850
data/flower_photos/dandelion/8979087213_28f572174c.jpg,dandelion,ba6952f2ab8f2008128eabd67b2c0dc44399baf42ccb752cf58e94914aa82411
data/flower_photos/dandelion/8980273068_cf7e8b880a_n.jpg,dandelion,b7ec17488083969eb555b5d9f3fb70326f8febb410d4755766f064837e9d4c6d
data/flower_photos/dandelion/8980460785_b5e6842e59_n.jpg,dandelion,b979663db952466ee8956466985c49a8d39676b900fcd28bde4507c19897400d
data/flower_photos/dandelion/8981659922_7b1be892e7_m.jpg,dandelion,f60f65d99ba4cfa6f81e876c0f1d68e9455788243480a01ac1e07a07204e2e18
data/flower_photos/dandelion/8981828144_4b66b4edb6_n.jpg,dandelion,cea6a87aad58cec246161d0c842aa4c43ab5d8e56b2f024e081218d154dc21b1
data/flower_photos/dandelion/8989067485_aab399460b_n.jpg,dandelion,7ad50eb9f19133d7a3fd0365e878e1b5b942a8234c7bcaa16f3efd0e75806421
data/flower_photos/dandelion/9010116368_2f51f1e086_n.jpg,dandelion,a26f324021138771f316b806d70215f0efe954d4b7863f279c2e8d311c45b5e9
data/flower_photos/dandelion/9011235009_58c7b244c1_n.jpg,dandelion,c9b1d9331f6dfb73b89836c85acddc0696e6bec237f10109dea6461eae7d358a
data/flower_photos/dandelion/9029297232_de50698e2f_n.jpg,dandelion,cebfa69a8006e36ceceece178400e693f3bddd817183d431c851cbca94edf788
data/flower_photos/dandelion/9029756865_db8891807a_n.jpg,dandelion,5f4247ea296cb5efbc7c40e84210c99639e00af923c585d6afe986dfcb510bca
data/flower_photos/dandelion/9111669902_9471c3a49c_n.jpg,dandelion,c73541bd2079356b19a5cb9c018d876e1350c9f31b6f8f062219b24c045d0629
data/flower_photos/dandelion/9188647508_3b56e62f69.jpg,dandelion,ec9bb931909df1aecea9c202de60c58669da6016526a4b8ded91a8cf26e3257e
data/flower_photos/dandelion/9200211647_be34ce978b.jpg,dandelion,91f511b4c6be0198178be22e12cfef40add868e65bf3093eb5b169b7d1dd60d2
data/flower_photos/dandelion/921252114_91e334b950.jpg,dandelion,2075acedc437da81487c16c0d081f2ee8402787f6e5fd2f65315a1ead5898737
data/flower_photos/dandelion/9293460423_7fbb1e3c32_n.jpg,dandelion,7ebdc00f894e3d5085c5f426f9159f87a9d076a2f0c2b7f7ae9830132a75d720
data/flower_photos/dandelion/9300335851_cdf1cef7a9.jpg,dandelion,4594664305e516eec0cd3a601f910e3db1f1191868f494a9dea21e9097914160
data/flower_photos/dandelion/9472854850_fc9e1db673.jpg,dandelion,cc5828ef876114c90c78977f29515bf7f68d8c313dd186fa4835c83225fcf772
data/flower_photos/dandelion/9517326597_5d116a0166.jpg,dandelion,ea3e6a3006db14b4f449c55a5d1e69645ee4f86ae68bc4fa8f7a9e0fa7888167
data/flower_photos/dandelion/9613826015_f345354874.jpg,dandelion,3ee39f02fc89963dfd91f7e6168f4a0cecb1b2cb43a6085c255d33fe1f79532e
data/flower_photos/dandelion/9617087594_ec2a9b16f6.jpg,dandelion,05c3d587f23c1c7c90c86b4881ff199cf163341e3fef1000d24eaf75d2aed9f0
data/flower_photos/dandelion/9646730031_f3d5014416_n.jpg,dandelion,cca523391e7e6fb7814040cab434f0be99a28e462e057dd2e71c89b350ebe452
data/flower_photos/dandelion/9719816995_8f211abf02_n.jpg,dandelion,0a0470000fe3ca827b80607de5f72e001a3b7ff1136474a0335cb6f429f743b2
data/flower_photos/dandelion/9726260379_4e8ee66875_m.jpg,dandelion,9c43a2b7e1f12a3d573b5f72af96236df29958fdbb12e1e14f30abca47b11609
data/flower_photos/dandelion/9759608055_9ab623d193.jpg,dandelion,2e65011c557956a5d151712a16584bd076c90c4381ac16eb4a0ea26941dfe602
data/flower_photos/dandelion/9818247_e2eac18894.jpg,dandelion,c38199c6e20afabcadac4657ca7ccd0b3422f7fe630944eb2805a204d2d93496
data/flower_photos/dandelion/9853885425_4a82356f1d_m.jpg,dandelion,9effc3dc9e8fcae0d33ca7f712bc913b244e55941cf6494561ec461801457238
data/flower_photos/dandelion/98992760_53ed1d26a9.jpg,dandelion,eac018612d6a15011f94e4f7a56d2805e0fa1456bf397eb3bd0d067a71315064
data/flower_photos/dandelion/9965757055_ff01b5ee6f_n.jpg,dandelion,6393e89e3a16eeba5b0bce2558ac5d906e0d338968cbbd4b89c92199f166503b
data/flower_photos/roses/102501987_3cdb8e5394_n.jpg,roses,668205384fe3b77d8a2a56e50a8db14de78399b1d22aeb261e8d9ed9adfc910b
data/flower_photos/roses/10503217854_e66a804309.jpg,roses,f1e02da9ee536673564eccb2a9070ad99730f568891e91d761c56f74d4985f76
data/flower_photos/roses/110472418_87b6a3aa98_m.jpg,roses,dc870f042144ad9cfd053a7e4e6378bf1bc8d689fbee03769855162e71e9c080
data/flower_photos/roses/11102341464_508d558dfc_n.jpg,roses,ef56d0935cfa318b6500e01d7bebf1e321ab32a7412b6dd135a5cc3af66f9e37
data/flower_photos/roses/11694025703_9a906fedc1_n.jpg,roses,9e427df084457585425199c54cf20de2807ce81d2881e26224d832210cafdb84
data/flower_photos/roses/118974357_0faa23cce9_n.jpg,roses,17b650264ac630e485eaf84582972caa19db3155c0b0d3295b348a3a2ca2b67c
data/flower_photos/roses/11944957684_2cc806276e.jpg,roses,fc3661df6e8581bba0edb3d01c5466432823231b0f27763339354220b553490d
data/flower_photos/roses/12045735155_42547ce4e9_n.jpg,roses,1562875df85548ac5bb8a530ffab263d4122ae35c16bee954d2a409dfbc6981d
data/flower_photos/roses/12165480946_c4a3fe182d_n.jpg,roses,890d4f2401b5f87fd7254062285cc949461a7edb37e335aff02cbc98bdafe228
data/flower_photos/roses/12202373204_34fb07205b.jpg,roses,c648f136aad8cf6dde838e8426adad885838f3f07bbf0eebeffe40193af55e0e
data/flower_photos/roses/12238827553_cf427bfd51_n.jpg,roses,e029dbbdffbcd318029cc307337da072becb54e7d8a3cf0c5b5035150ae77904
data/flower_photos/roses/12240165555_98625b1e88_n.jpg,roses,d2bd47891156e8ad8e9f3f922eb6580f7ea2cf8ba9e581b16d94c26c23ba6464
data/flower_photos/roses/12243068283_ee4c2683e2_n.jpg,roses,22c3224da56c98fbe1a392e865248614051648beb86a607b3c19bbaeda1890f7
data/flower_photos/roses/12243069253_e512464095_n.jpg,roses,4b3e20225763de65c8e53d6d3637344c57c355152f6024e00de836404077f03c
data/flower_photos/roses/123128873_546b8b7355_n.jpg,roses,9d0a8b85fde17245797dcc12bb377ac4c682cee334951a665f872829edac0a8e
data/flower_photos/roses/12323085443_8ac0cdb713_n.jpg,roses,1796984bcbcb4073f726ebe12740517821c81f5e30f7e5a27b05376ec3c8421f
data/flower_photos/roses/12338444334_72fcc2fc58_m.jpg,roses,1d414092324ed17e78aed38cd2d5a34bf0b7c1dde3d6bd98b9ef5f4fbf8a5928
data/flower_photos/roses/12395698413_c0388278f7.jpg,roses,2179da094b05bee3fd88f7f4985a02f7f534166058ec70ae2704252587a83dd1
data/flower_photos/roses/12406229175_82e2ac649c_n.jpg,roses,56b2e948b65457595b3b2710fee982895861d33127eef221702e9172f2c8ef70
data/flower_photos/roses/12406418663_af20dc225f_n.jpg,roses,bede11bdeefa211d4d09302c7c91f5d0e2168244145aa473e8bdb9f82c6dd430
data/flower_photos/roses/12407768513_3440238148_n.jpg,roses,a2764e3638ee6447764348c97aa04fda654dfe8524668db0ba4dbe80124d1a14
data/flower_photos/roses/12434194695_a7c4e73c6b_n.jpg,roses,bf8d5faf57dea877cade887a1d6a2873a51a92f1f3cdb21a0d395b303aaac187
data/flower_photos/roses/12450781274_eb78723921.jpg,roses,578d60a2e8a5227636f7225c288410bdb2f3e743d18a7fa43c3b4aa6da7fd7ba
data/flower_photos/roses/12572786553_634868f7f2_n.jpg,roses,c7b314f0603dc613c7851211ddb24221a13ab11bcd565cfc605606dce753c40b
data/flower_photos/roses/13235124703_a7e1266e44.jpg,roses,50c48ffab7aa9a76cd37041daf9ed019a2ff78f804b4b772400dbbd98c2decd7
data/flower_photos/roses/13264214185_d6aa79b3bd.jpg,roses,0c4f9e68ad6fe3a9e6d7cf60383e5a7b0632cde6eb1ba7a4a174c41152206f7d
data/flower_photos/roses/13279526615_a3b0059bec.jpg,roses,46b91381260d682e53477d930c57cad2fb41bd2256e387d7169ea77122e5cec5
data/flower_photos/roses/14001990976_bd2da42dbc.jpg,roses,a8bdad72dc86e55719f73fd43f7e2c1ad82bc61cde26277c2b7bb756b95aba81
data/flower_photos/roses/14019883858_e5d2a0ec10_n.jpg,roses,a36c41f3039e330635d66d66287d8b60f7f57cbb912540f329b7cddc08d323cd
data/flower_photos/roses/1402130395_0b89d76029.jpg,roses,8f1887cf0e0366dfd7febfe6b28fdcaaea518aa75c3b1c94674fc10d0e8dd238
data/flower_photos/roses/14107161906_5737e0e4ec.jpg,roses,cddda871b8a50fda96be615d8a5db07505980e79bad7a5a007d1c4a56ef3135c
data/flower_photos/roses/14154164774_3b39d36778.jpg,roses,253f1d398be207eacaa3169691b98af97c23394b79fa4f533a21cc47d7e9d19c
data/flower_photos/roses/14172324538_2147808483_n.jpg,roses,b29a1fc805e46f1edcfa08e739f9bdf611fb388621ffcb112bcb92311e2023db
data/flower_photos/roses/14176042519_5792b37555.jpg,roses,97ab9612e0d6c123bad9c08273a46296c080b048c445824f0abe15e324c50af7
data/flower_photos/roses/14221192676_eb8c89a7d6_n.jpg,roses,7c2cfcc33de80407c026f79e7a5b54b07c6b192a4b10d136b3b6f7a0cbbf1863
data/flower_photos/roses/14312910041_b747240d56_n.jpg,roses,1f74c2dcf68614c02c8520ab35d16d51b4ea94ddbf0f08a06716987d81f347f3
data/flower_photos/roses/14381787252_e8e12e277a_n.jpg,roses,beba3cf776674396145ae4d59204ed29f186d7b53d01ec76c19a5e89a2e7c8c5
data/flower_photos/roses/14414100710_753a36fce9.jpg,roses,0750b4b6bf7f8f58653743d6debd84c5cff7acbb7457ed429fd5939f5d37ad39
data/flower_photos/roses/14414117598_cf70df30de.jpg,roses,8d1b5102cfa23ce9a81ad43d1a28a61579d8314946d8048f9386dcffe7573327
data/flower_photos/roses/1446090416_f0cad5fde4.jpg,roses,437ee50cf8b877a421a7de21ce468734aa4f5f3dc2d1fb5ff868e2b09e761478
data/flower_photos/roses/1446097778_97149b8362.jpg,roses,b19c2e324cdb11ab37a9b64c396a0f8acdb8449fd807addf54e07cde9ecc5b7a
data/flower_photos/roses/14494590921_3bb1dc7b88_n.jpg,roses,2bd84bcbacb7e578227b738e736ff1b17831d6808b04c24c167a8a78d7855dda
data/flower_photos/roses/14510185271_b5d75dd98e_n.jpg,roses,1a3650f7647a0586529e0c26a3fa468beb1fd58a791fb31ce0846bdab927393b
data/flower_photos/roses/14573732424_1bb91e2e42_n.jpg,roses,2ac0ba95fa6c530b9dcc8aa723325499860b62be74557868eb7c0d779e537bfd
data/flower_photos/roses/145862135_ab710de93c_n.jpg,roses,27fe36bbd7a9dd636b4771c7a04058f84429209b624604a00ebc32ff60039edf
data/flower_photos/roses/14597445311_8acb60247e.jpg,roses,61636e4f1f698d21c483f522599899f69ab9301928f7e95839aa6c7e0f4b3a56
data/flower_photos/roses/14687731322_5613f76353.jpg,roses,445d68133f90604d0cfa93ac5e8f06ccbc248a7ee1662aa1032cbb605258854c
data/flower_photos/roses/1469726748_f359f4a8c5.jpg,roses,9fea44dc46455f5e06291c4d954f8d42c3c7b41558238b0f8b7f9e42e3e4ee17
data/flower_photos/roses/14810868100_87eb739f26_m.jpg,roses,49493d4beb1614d57dda74b1dbba5009203acda188a2253f757e82145467d0f1
data/flower_photos/roses/1485142251_ca89254442.jpg,roses,53cfddedbfddafd107b3a03285fa5bd94f1ccf8a3796f95fa9010a50f9f70bca
data/flower_photos/roses/14880561916_79aeb812fd_n.jpg,roses,786ec7fd697881dde6313b47e9c093b8ca3bf72acf1b978123b025835f442ad9
data/flower_photos/roses/14943194730_f48b4d4547_n.jpg,roses,1814ade287e6462330f12799bac56840791ecc31c86b01c22cfb6540022dc6c0
data/flower_photos/roses/14982802401_a3dfb22afb.jpg,roses,aeed754f011f464f695db0fa3b6ab25150e250a0550b4ec6ed9b34e1244cd738
data/flower_photos/roses/14993880427_95d0f27257.jpg,roses,d759e9c86bffaf264d890ba873baeedccf1a556aef58a0820030c727bb612277
data/flower_photos/roses/15011625580_7974c44bce.jpg,roses,2ab74606c9180dd99d052b2f2b0b449a899b47115357fdd463cfb9f6374b6bbc
data/flower_photos/roses/15061894841_e5aca59ecd_n.jpg,roses,87d84b8bf93c7a6de999d2558089615728cc163ac4835f5f69fc2f36471103f8
data/flower_photos/roses/15174615529_144ae28bdb_n.jpg,roses,f2de18095dad56e860490d609b289f959dd82d41860094a871179bb002b70d72
data/flower_photos/roses/15184419268_7230e9728e.jpg,roses,72fbcb19df313ec630e65e87184be7d7f55402fd9856b23dd1c0a30b0b84ac9c
data/flower_photos/roses/15186434972_e353da940a.jpg,roses,76646a70f1aab2b5dfe75d6ce3c7dc72fad3d9e9f682039663cf7edd34a0cf2a
data/flower_photos/roses/15190665092_5c1c37a066_m.jpg,roses,ba8f531a9cb791166b8145433a2f298a5c73e5bce658bce1e1c76ea68f0c8ef0
data/flower_photos/roses/15236835789_6009b8f33d.jpg,roses,824516be4e5a78b0ee4bbef3e844ec0545fe823e64a481ece4768536e8471c73
data/flower_photos/roses/15255964274_cf2ecdf702.jpg,roses,992daf85dbde9d5ffdbaed2eab9d9db57cb51eb5f0b52572b24e7d654a9f679c
data/flower_photos/roses/15255964454_0a64eb67fa.jpg,roses,c75e064e18bb9d728ac40a5827282057d97c52b4818781b3fb3ff2dcf5865d28
data/flower_photos/roses/15312360171_57bde98799_n.jpg,roses,cf154cf2a3cb2902717b75af76cccd227baa0244cc5e917f4a1617ff50a783e7
data/flower_photos/roses/15319767030_e6c5602a77_m.jpg,roses,9e884adceb7ab1381a5a638153ca0e27caa19b228f6c867147fa83cf36431fb0
data/flower_photos/roses/15333843782_060cef3030.jpg,roses,6f7677cb32ab5b8a0ca36f93bf74411751f582a23572894092e86871fd7c38a4
data/flower_photos/roses/1540738662_7b4152e344_m.jpg,roses,b80c5edea3cde2203f52aef32b76815efb095955c2e0a93fe195097ec0b5f649
data/flower_photos/roses/15419696882_9394168a10_n.jpg,roses,a7edbc2beddea34ddb54a590b7365f21d30c1a4ad999d1d632aca0e520eca8bc
data/flower_photos/roses/15424480096_45bb574b33.jpg,roses,f30cf6d294cf2ee98876329c7904d16f10cda4f5f8292dd9d06f3135d4d2f1cf
data/flower_photos/roses/15566697073_9a214b700e_n.jpg,roses,70c3a532207ba7a1a3d8e66ad106aa5b26667981257459926028b301f722b562
data/flower_photos/roses/15602874619_03fd934bed.jpg,roses,58fa4b0b4d749cb2d3b482a3c48bcada53bbe182cce1086291fc45df4779a0b5
data/flower_photos/roses/1562198683_8cd8cb5876_n.jpg,roses,05d09e8fd2125d7ca2615768ddec09e5c64996e8caacc358b6c6b7598a721b8f
data/flower_photos/roses/15681454551_b6f73ce443_n.jpg,roses,0b05cd89ae0a1f2b9f3255771b93fd7501be8155c7be6985d00723922e0dbec9
data/flower_photos/roses/15697872479_ed48e9dd73_n.jpg,roses,c8e517b6812b763358578a8fae0eaf7f8b30593f3c09751c7484b3af321f9ce0
data/flower_photos/roses/15699509054_d3e125286f_n.jpg,roses,2789db0b7135aed7df88a442a5bc73e255c8ee3bd074d2c55e8a0deb4ffccb93
data/flower_photos/roses/15712574834_2f121c7cf9_m.jpg,roses,4c835bf4e6463d07c95c4cb7427f39e16576b16c80a15360e98ba6377b6b12ae
data/flower_photos/roses/15738649506_2b4c2fd933_m.jpg,roses,162a288e518d553073063181d2ba8671b4cdf677e83cfba41fee91582f659b9a
data/flower_photos/roses/15750320284_22ef21c682.jpg,roses,7d82a11d7884067cc135e2d7be49797e438fdcc71653998177fedccd90b3e851
data/flower_photos/roses/15761264350_4caaf080f6_m.jpg,roses,b1bb31d019f3bb3b60d5f564e8e8bd23ecc05abd052c02c5eb458fe27038609e
data/flower_photos/roses/15802657001_40fe77c030_m.jpg,roses,cd714a96cbeac130e694bb48460287f923bd6a77609bc7d8971c385a3fd58274
data/flower_photos/roses/15821959372_518b9dcf57_n.jpg,roses,089c51100a65663bf55f5bbc22678321b84305038f7aa0dce2cf09f5c6eb7269
data/flower_photos/roses/15859434664_67bf3ef29f.jpg,roses,df4ec96deda1c5957d7ea31b3c670242bec911bb8e232e5b939fffa43793fe7f
data/flower_photos/roses/15901230359_1819e96b89_n.jpg,roses,ecad941d23980e7fe11f9429a8d87f092960c731b41289c894524ffbbb961a50
data/flower_photos/roses/159079265_d77a9ac920_n.jpg,roses,8005df1d12506c4d1be24dd06ccc42179784a78e2871f8f36e757e49c756011c
data/flower_photos/roses/15922772266_1167a06620.jpg,roses,6784c09ff4eeec0e0ac148cdc74682f99c424ac89d85321d95161e20da9204e9
data/flower_photos/roses/15949087094_a8f565295c_m.jpg,roses,e5c24e709de0e29408e85fe3920a83985b87e5c8eb62789863d2eeb460e1993c
data/flower_photos/roses/15951588433_c0713cbfc6_m.jpg,roses,22bf9746eca2534376a386b51563b571c739bfb34cd9e07f3ca79b0a6484f011
data/flower_photos/roses/15965652160_de91389965_m.jpg,roses,6238eabebef764e11aee5ba85a7f7e960758784555ecfa7b9cde1f525ec5bed5
data/flower_photos/roses/15977362155_461030c196_m.jpg,roses,b19378ec895cfbb17f155f42cb34f023d9584573a97904703ab44200b6ce7e43
data/flower_photos/roses/16018886851_c32746cb72.jpg,roses,b1d88b01653d317eb99b52f18508f008c14e57b265c17811c21343083ed54b83
data/flower_photos/roses/160954292_6c2b4fda65_n.jpg,roses,380d13a1a11b14dee2b808bd61c83da75cbaa57df9e27205134d23b212a8d8e4
data/flower_photos/roses/16157873719_bf0bdf8558_n.jpg,roses,b0c931395b85e96278de12d7e011e08ad9d3fdbbe18fb0d5d75319669d193b69
data/flower_photos/roses/16209331331_343c899d38.jpg,roses,becf2d679f067d0adffd39d59a79767bd19c1df6baf69a3aa99a0c538f6e276d
data/flower_photos/roses/16229215579_e7dd808e9c.jpg,roses,b43d1c91a84c01211a7b1b2a5a634f56ca8785038aa525034c29f6e234df19c4
data/flower_photos/roses/16258946661_f9739cdc0a.jpg,roses,dcc2cc126e4751dd942dfd5aa8bbbf813659e4bef25f2c1e1eb770b1f151001b
data/flower_photos/roses/16316557109_7fc55c1cbc_m.jpg,roses,b67c5b8300efea1758dbdccf896905f2666c4b57932c3fc7a91c4efc2a63bae9
data/flower_photos/roses/16334786972_1b3e71cab8_m.jpg,roses,2878c7d5c9e5d6fc70487718bb5b7a89264a5e324bd7757708ad5f891ed62114
data/flower_photos/roses/16339359979_6d742660b8_n.jpg,roses,7340933d700a7c284a8ae2d5977a429e837fc0daa4cb17c49ce8e09cfa3fc167
data/flower_photos/roses/16424992340_c1d9eb72b4.jpg,roses,a33fc3a80cf1f62ac9c11d6b09592009658a66ac8244f503d906883615379b4d
data/flower_photos/roses/16476788181_0e2ffc719a.jpg,roses,06515acd5d137cb21007911b1ededd5f43f993028cadb8f83a34f1f2786eaf58
data/flower_photos/roses/16484100863_979beacb08.jpg,roses,1bf69f70280fa980cbe358b7c1d16ba28761126da35cec4240779d5273080519
data/flower_photos/roses/16525204061_9b47be3726_m.jpg,roses,958198544b764d740c172148935bcf47af5c7da626f3ee3630e9b507b0c5f432
data/flower_photos/roses/16545641666_2781e542a0_m.jpg,roses,8f97cbbfae47ad8ab9cac1aae2572edd3cea78d9b074c39cf2a40ab827528a33
data/flower_photos/roses/16552686350_db8db55cd2.jpg,roses,bf71bf5e70efdd9e638107006ea5feb3c15cc5e099a6fc5e53526ed1ce3eabd4
data/flower_photos/roses/16643944275_3cd4cd966c.jpg,roses,bd868c948d7399751cddb1e2bb295914f8ff91f2d28f62f211f6092983efefe5
data/flower_photos/roses/1666341535_99c6f7509f_n.jpg,roses,3cdc3f824471f42ff6e1f922a29705430ae359893595f1e7d3c0acf30415e8e9
data/flower_photos/roses/16666836810_216f50e9c3_m.jpg,roses,21dfc82ccaa1643f503febcaf7d78c79652db5fd190b7a681e6afb1d896e27a2
data/flower_photos/roses/1667199972_7ba7d999c1_m.jpg,roses,7e5d2399b998340f70e1ac80720a10d91535d7a7b61c4ca7843eed1664cd7ce3
data/flower_photos/roses/16903172207_2cd7aca66a.jpg,roses,f3667db4c232605a2359630a2bf5933e6c98a8653a77ba6f5c1d0a2debbd1222
data/flower_photos/roses/16961613890_695b36aab2_m.jpg,roses,08d1786c4aebe8aad5b2169df0ad0cd8f804ae104aa83d41f28018fa87420e6a
data/flower_photos/roses/17051448596_69348f7fce_m.jpg,roses,e2cca184b8cf7838732ab202217f7de0b9bf4312a7b609ab09c02c8ec81039e7
data/flower_photos/roses/17090993740_fcc8b60b81.jpg,roses,a3d269656a5de230d3f0feeda2c12a27380f45272f81b9b2622226fd13565203
data/flower_photos/roses/17158274118_00ec99a23c.jpg,roses,d46f088e8f82623a91632aceb26bf713160c45a5867804ef21a7fd3d58f26ec9
data/flower_photos/roses/172311368_49412f881b.jpg,roses,483f0fa4f486f14a8fd1c4d4c3a7b3c10fcb7b9789bddafc97daf78d8a8ee369
data/flower_photos/roses/17302463621_d82be11f01_n.jpg,roses,f4179a18ca3374c6ff5f7abee4103c155f0746d5a32eccf3feca61c597d61131
data/flower_photos/roses/17305246720_1866d6303b.jpg,roses,61b156c5633a91ee508839bdd0215415697ec40e629698b4629d799e1c1e92e3
data/flower_photos/roses/174109630_3c544b8a2f.jpg,roses,86e99bded3eaf3fd73946258a43b7ff24e7dc03cb746fe9ceb26af1b079c1a75
data/flower_photos/roses/17449165090_dfb27af360_n.jpg,roses,1504410941a2148ea51d779844defdefb4f2cbaf24c41bf6383b0797109b6edc
data/flower_photos/roses/1757822526_fe30b9b3ca_m.jpg,roses,db2596fadbc17af79ff7019de104a4d7f95742c8d2787182390d0e80a37ee503
data/flower_photos/roses/1775233884_12ff5a124f.jpg,roses,f7bd1a60c48cf84675580749bd66794ccb61910eaf59d020ab892a35d44f1ed8
data/flower_photos/roses/1788484468_f73afa6c32_n.jpg,roses,ae1f32373a7044287b743ebab5640a26ae8246ae2102399bf4d8532d60f2cc2e
data/flower_photos/roses/1793211631_68c31a74dc.jpg,roses,bd32cf6b6204198369a76747af75798cd8137699c61536b931b42ef420560e3e
data/flower_photos/roses/17953368844_be3d18cf30_m.jpg,roses,256a18084d83279882c3501b83043f577a4185914b9c6bcc275775c08cdadade
data/flower_photos/roses/17990320484_93bba345d2_m.jpg,roses,28de1f5249a2f2bbad1382a133a36a2ec13a7e2412110df7d0bd85e44b129492
data/flower_photos/roses/1801614110_bb9fa46830.jpg,roses,f7be58993041d8bfdc1f7156e727eea401179e2cde4011eb98b33efa4b5a85dd
data/flower_photos/roses/180613732_3a7aba0b80_n.jpg,roses,0ea1daa9b1f2343cc5195dc305aa897cb116f583869ca3cfeb3a2a2fb51abf71
data/flower_photos/roses/1813435848_7852708394_n.jpg,roses,23d9eb09e73990db95c6eefab99f7e9b09201879eea078040874dad3c1a3173c
data/flower_photos/roses/18220342690_f1c20134bd.jpg,roses,c630bca4b543431b8f13782a610bf8e211e516e1003d7f0bd950360c1d1924b4
data/flower_photos/roses/1831404161_d2df86fd70.jpg,roses,de7fd2c87c743d696f0e7dca62fd7d5cdf1beaf978f52142ac23a2431b3a5ecf
data/flower_photos/roses/18376177250_86060cbdc9.jpg,roses,c92e6922e568ec6cfec39eb7a69a0ed42e8e5618d47bbac20f8fe5ba82fbfa55
data/flower_photos/roses/18389368680_91c24a2087_z.jpg,roses,8ed7875acb85715415785d24bc1bdadbc529be326c35cd90f3afc711c91ec367
data/flower_photos/roses/18584002386_cec0df537d_n.jpg,roses,51244bfcf23c26f6f29cef33f5c4af91f23e8c8b1dbc225f8fba5769ac2ac727
data/flower_photos/roses/18599603859_f2ec616ddf_n.jpg,roses,9559a7f7750d61e50bb51c363e33e3b220aa7b3b85442bde3f9f58817b7fe54c
data/flower_photos/roses/18741313803_1bbf842fc6_n.jpg,roses,ce14e54f9ce99b469f6b96f81f8e1b9d1985fc770e8a447ee322ac4fb24e8bc1
data/flower_photos/roses/18760363474_a707331322_n.jpg,roses,6b4f43693af0b43a9af08270f7980ed8c1071ff00905e6275997606b40218041
data/flower_photos/roses/19153732586_9de58c8f53_n.jpg,roses,0a98557d02f6d92115b98d354e82f73c442c67808c75fd1f0a190d3ba9599e70
data/flower_photos/roses/19271410704_932d1f2c97_n.jpg,roses,ac162b07a90e113e0ee933a8c63bad45e7df60099f9bc2d53811adde2cd2da0a
data/flower_photos/roses/19566556880_476c66c5ee_n.jpg,roses,48ca1a59836d9b8d4a7d4d07227415905f9bfaa08e7faaffe6deed2056f327da
data/flower_photos/roses/20409866779_ac473f55e0_m.jpg,roses,189dd5e65613de04fd989cb1659dac4c90b076f70219bebef23c411991d52bb3
data/flower_photos/roses/2053476785_c162a3e358.jpg,roses,8f68d0d4bdfe86f3342645192eaee08e7805a3e260bbe15655bd0c6e5417b474
data/flower_photos/roses/2059172936_032ffc12aa.jpg,roses,95a81be225338fa4801dd4e44a6e476f04cf0ba05b00a599eb17354fc7dc0442
data/flower_photos/roses/20622485918_90fc000c86_n.jpg,roses,16092b4ad4ed0be04ea3fc718cf9dcd5e5a38378c0a17704668b43c1d11305ab
data/flower_photos/roses/2065522422_cfdd80044a_n.jpg,roses,5d649267da01cc125f049e33469dc6016a1cd1c2860b20e1c9b9169a3025bca3
data/flower_photos/roses/20825078671_90b0389c70_m.jpg,roses,270d18cdede3bb99f5f8f06b18ba28030a9309420e5a059b61ddd1d321ffa3b6
data/flower_photos/roses/2093263381_afd51358a3.jpg,roses,750a8a0b7f5adcf3377a31ad2b45b4cee65f151539592756f1c2a8b884d1fae2
data/flower_photos/roses/21346056089_e6f8074e5f_m.jpg,roses,cb2228ac98291c40a8b42ee73628aece2179900efff810164be7bb9906bcef5a
data/flower_photos/roses/21347496068_f4d3339607.jpg,roses,6b318336bf8ba464b47d1ac8a4fadac1f1a4a8009eaed61fed5a9d14efc6be1e
data/flower_photos/roses/21413573151_e681c6a97a.jpg,roses,f80dbc34b211a79bbab1ae0a021f018c1937735578d0eec4b8aa6b95ff4076f0
data/flower_photos/roses/2183357362_4b4da4b6b5.jpg,roses,a33fb28bf4116909fb2db12e78a95b47883e1b981526e78d94bed6553f812457
data/flower_photos/roses/218630974_5646dafc63_m.jpg,roses,e46ad9ff8f87f28044153c109264858f32303f761ce565c15ff9b1893026645b
data/flower_photos/roses/2197754124_5c8a146761_n.jpg,roses,7e4bf3e3511ed6234e53c89d9aafc22afcab4a432242ad5853f9983b2bf4e5fa
data/flower_photos/roses/22093190909_77223e6f53_n.jpg,roses,a00fd9d3fff6743921675b99837716867d6b807cedcdb61b47bc34996bc0d3b7
data/flower_photos/roses/2215318403_06eb99176a.jpg,roses,387cbe8a57855cf52467c4655faa93b23f6cc78ecec401d0ec781af7c72fd18f
data/flower_photos/roses/2225411981_6638c3e988.jpg,roses,fa0699a649144961a07e1f42b8651242e150212bb7a8d49ed1dc531da6da07e8
data/flower_photos/roses/22385375599_1faf334f5d_n.jpg,roses,c27c4fe9506a2208c7c87df76e26cca8fd38fba1dd04f5d540a609b6430d6142
data/flower_photos/roses/2265390547_2409007cef_n.jpg,roses,931ebd086fdc3fa5c5addaa601a67c468f9cc5469ea0424f0bf5254bc86d2773
data/flower_photos/roses/2265579414_2e00a8f265_n.jpg,roses,98cc63c7edaf7f030ab13ae3a66758cc9a3422c08ec14e045b4aad4090c4afd0
data/flower_photos/roses/22679076_bdb4c24401_m.jpg,roses,2d8e913a89af33870601cf51eb1ec97fd362a4c11fe5aea5bf05702de4914ffc
data/flower_photos/roses/2273917656_6d6c038283.jpg,roses,4a5a3797f93783fde327b7e0cc3c54ffb9ca50c6bcfa1442b5117bebbbbc1ada
data/flower_photos/roses/229488796_21ac6ee16d_n.jpg,roses,772752288aa619cc4a0dd0d57664b4823ac5bbba007c32130c32e6c573f1cf2d
data/flower_photos/roses/22982871191_ec61e36939_n.jpg,roses,012fc4c1bfa79e73b0371a3c904d657055477a2872c41403a05374eb40174982
data/flower_photos/roses/2300959680_8d22fa5ee2.jpg,roses,1e2cbb11edf5b6fed268004974f40580513288b2b1a20aec073051a5c86a6b1c
data/flower_photos/roses/23232710191_cc57620cd5.jpg,roses,09a1dd3a4cde5c56b313a352367aa007edd0b98296b38af84edf41f23306bafd
data/flower_photos/roses/2325232198_751645d0bb_n.jpg,roses,261d43f585e91d5cbab2a8469b9b4e46c69f911b196413ec02ff244ad4a55ecf
data/flower_photos/roses/2332478138_28f1d586e4_n.jpg,roses,e8df2d737e9c5d32bbd6295f89a002c66375617379817b4a5a8a51f7848de73d
data/flower_photos/roses/2347579838_dd6d2aaefc_n.jpg,roses,38fa699a5c6ec208e39cd22bd82e64d7f808503e3e789340a6caa781f044cd43
data/flower_photos/roses/2364976562_a184463083_m.jpg,roses,ffb0929f78328c37df0985f150962575301d92f9f00be7e95969430af435d877
data/flower_photos/roses/23891005905_17ce9e6936.jpg,roses,693e11c9e3aa8907b36ce4a31e7c1160afc626aaab75fc6dbbee767278d22b87
data/flower_photos/roses/2392457180_f02dab5c65.jpg,roses,dfe88c7dafaf58f4f31c8f030e55118b865758bad1b53f43e5d2be815bcd161d
data/flower_photos/roses/2409069862_b128ee2a71.jpg,roses,b2ecd093200e18da490a959959636e4ac48639c91db8a7c7712f29213179496b
data/flower_photos/roses/2414954629_3708a1a04d.jpg,roses,dde3ba120a686c1256e7d552dcf592036cebbae222edb939dfcc3f7e48a4b899
data/flower_photos/roses/2423565102_2f1a00bb1b_n.jpg,roses,4509f9081ee58ce76d0f4956945a23d251be134111ee9d74588c617c3afa46f8
data/flower_photos/roses/2471103806_87ba53d997_n.jpg,roses,c0fae45a3141c0ad81636e8f17ef4e711b9801f88c617847edd41100e96624f6
data/flower_photos/roses/2491600761_7e9d6776e8_m.jpg,roses,120055ae4fcc81ef6cd928f6e9271c54f58d99b316faba18a4f075c37afc22bb
data/flower_photos/roses/2501297526_cbd66a3f7e_m.jpg,roses,9bae04f3024e408e52323d99d8345a56525538861cc56b92f177bf7776dc0a20
data/flower_photos/roses/2535466143_5823e48b63.jpg,roses,93a73ce0fa9e225788c75fc789cbba34be7db701cce61b62abd57a557b53c5c1
data/flower_photos/roses/2536282942_b5ca27577e.jpg,roses,52c3994950d05874ea99d21dfa1be8aec604539d73d1340ad5dc698ed24169fd
data/flower_photos/roses/2550860627_998a4fc4c1.jpg,roses,cec49d78d4164873727e686074dbb3c8a2a5fd8bbd1cb3108b29dbd7fb0d7165
data/flower_photos/roses/2568105249_15720d081f_n.jpg,roses,adbee3b2c33e0821449fcaebe4cfda6e366c43e53ebe504c9ae9efce9301fa8e
data/flower_photos/roses/2607130050_9c34310004.jpg,roses,08538299bc35d9c619f79dbd30dae149f4812bbfebba90b2d3dd4c4f64973fbf
data/flower_photos/roses/2627513944_b1361e60ec_m.jpg,roses,7b544b334b9fe5511579c1d131fe2f6f2d921e2035d4d79626abcbe92af81565
data/flower_photos/roses/2677417735_a697052d2d_n.jpg,roses,d77388bf420275d609b21a79a082441bb6b4f94101aafbe21dd1cc0b22fd2aa5
data/flower_photos/roses/2682566502_967e7eaa2a.jpg,roses,9f573d659b40b17c14c19947139a82f7389fe40f2b276fe6abe67fb87e5ea448
data/flower_photos/roses/2735666555_01d53e74fe.jpg,roses,c1d7e81da5e4dfa39a2b4a235be7b6f4f6216a8e3ee8fcca3de72d6dbf82b286
data/flower_photos/roses/2756028421_b3d5eea526_n.jpg,roses,ec593b6b37f983a32bdfb6c0affe71039d0b3de296609ee8ee888c47b3e5bd68
data/flower_photos/roses/2788276815_8f730bd942.jpg,roses,33db32ebe9af375500f7fc1db4f2e95b0078001cf05b6156d9e80016c7183409
data/flower_photos/roses/2863863372_605e29c03e_m.jpg,roses,59008081b5ab1e0e71bc867d6c6eeb024802250144bf88ebe513a92d3bdb5539
data/flower_photos/roses/2888138918_402096c7fb.jpg,roses,5af856faaaba97b4798baf6e8432ff38e35cc9216bb1af5b0035679b554fb25c
data/flower_photos/roses/2892056920_918c52889b_m.jpg,roses,7f716d1dde4731cbc68d3093adbdc65607e4db96609c91f98cdd7e36e37145af
data/flower_photos/roses/2949945463_366bc63079_n.jpg,roses,309cdbd3830938e42cbab77f3d2274c12f988eaf55bd85dfa4099b0ef8cbd63a
data/flower_photos/roses/2951375433_ae2726d9d2_m.jpg,roses,6a22313afd203a2d8d9f01184ecedea4ef86bce1e06860111f992d3d34e58b6f
data/flower_photos/roses/295257304_de893fc94d.jpg,roses,f225af6cd7420bbbd8bc35e619ddb1073abb4c0ea406eeb4c0e30db363ba28b3
data/flower_photos/roses/2960709681_e95940c0f0_n.jpg,roses,9408baf45af9b79a268adea2de08819cada0d6553098599edb3322409864412b
data/flower_photos/roses/2973256732_1926295f35.jpg,roses,f3598131bebb46110d5a05c23282facb60ef6819f4e1540af6029e8f962c2a34
data/flower_photos/roses/2976723295_b16ab04231.jpg,roses,186eeba576cc0bbe9e8315045e85968615a5b1de72adee0400ce78fcf2abb311
data/flower_photos/roses/2980099495_cf272e90ca_m.jpg,roses,18d4e8155791e26f1bf5a4281afa70e825f6332973c5e4c022f0ed3ae176d9d8
data/flower_photos/roses/298670754_f25edda891.jpg,roses,5b0bb6d81b7b5a9b71e360b9afe34900a7370713bb3a1babc38e9e9316ec2f4f
data/flower_photos/roses/3045046293_57f6d52065_m.jpg,roses,5a201b4bacf8c0747beb096dd20c554a83c5829f8952b18b256099357898b726
data/flower_photos/roses/3052753519_d087aaeacb_n.jpg,roses,5ff707d40590a9eee6ef2105c8ade8f6efacc236eadb7112ce5ae10b0147918a
data/flower_photos/roses/3065719996_c16ecd5551.jpg,roses,227213047519729002cb0f1c32bfad0c69eabbb4f54275687954ed3f7ccdc143
data/flower_photos/roses/3104672186_5f75647448_n.jpg,roses,47e51b5a4ce8597269e54981399e890c4f3cd2e67c0fe184dda2dab8d9e88888
data/flower_photos/roses/3109712111_75cea2dee6.jpg,roses,d1c2855010f221b4f5b19894bbbc32017cf5f5aca690ef776f3157c1ec1c10ed
data/flower_photos/roses/3115889021_053f3b8e5a.jpg,roses,1fddae1c6b242b85441938c9aa9edc79c7a48c71849cc46ba8dce18aa2b5f6ec
data/flower_photos/roses/3145692843_d46ba4703c.jpg,roses,59181c0d54c513c792339db764f5013455bbcc70bb3d48169d48e7e698cdfb6f
data/flower_photos/roses/3171577977_8608282f04_m.jpg,roses,fb5ceacd34bfedc8bbe7f75a5f805793dffc2281bc61bf98a14e51c9f8f96751
data/flower_photos/roses/319298955_0c72bd36bf.jpg,roses,f8a9565b11f8b76725eaa0e0517bce1108a5d03bdf5d0a1d4655d9201e61d429
data/flower_photos/roses/3203779656_3580151ea4_m.jpg,roses,e7d8630a7a60fcd0c4fdc096a446df9dd88193f657db1b0fa8c1cafae2b1beac
data/flower_photos/roses/3208417632_19138d8e35_n.jpg,roses,b8bef109ca425c4e8d7bb5c9a39b4158e6ea8cc51add2b9342eb34106a0a9c71
data/flower_photos/roses/3236806990_a90c7bb520_m.jpg,roses,3c83a82e2ab31382b1a7c00228f7a602c3fe6ec847c81af3a5eca2d14dc82366
data/flower_photos/roses/323872063_7264e7e018_m.jpg,roses,3699acd34f8a8f6c162db396619b70539f52a4057d337ad9367e1dd277f92f41
data/flower_photos/roses/3253243865_435c1f2c2b_m.jpg,roses,340da5361fd19418a63871a274b7aee6a825f128f4f664b297034812a6df1d50
data/flower_photos/roses/3264570182_c7ded528ba_m.jpg,roses,ad4052f74bfee6d7ab62884aa09e5355b4ce49c2a129d68836b516f5a489d698
data/flower_photos/roses/326541992_d542103ca8_n.jpg,roses,d06b0351afc0a18bc5c403a446040815c82a6a386219890afb848f6b413cb11e
data/flower_photos/roses/3276552939_8c31b22d3e.jpg,roses,4258d7ead501ef43f1a204e888340ff8f2e5c7caae4cc2de2103a00a9b56b078
data/flower_photos/roses/3278709893_ba4956a572_n.jpg,roses,839697073f5c452c6aab90024678ec8d53ce14aa2f307be6301cfc7d08a5ed9a
data/flower_photos/roses/3292434691_392071d702_n.jpg,roses,98ed708ee7943c7c9e4969c0036c86e0bf4f5b4558430cf662caa3c5c50fd3e5
data/flower_photos/roses/3315973481_850d2253e9_n.jpg,roses,91bf773da28068e65b4fcd004fc3d84bc57eda6436dc7d46d8246dd50a00204c
data/flower_photos/roses/3407482427_49d5c75291_m.jpg,roses,b7053083d35a140992216c10b8ad38f7f4399fd7af219fc83df052316cf653c6
data/flower_photos/roses/3412874275_ca78ee024d_m.jpg,roses,4e00cfe44035735c66346a4fef9b4c32657116f418393cda76a6baab98bbc49a
data/flower_photos/roses/3422228549_f147d6e642.jpg,roses,63e92eb6bff655a3284925d5aae61646c993400e1fb390e5cbff2e9e9811aacc
data/flower_photos/roses/3450344423_63ba3190e3.jpg,roses,c2b71c666980a986f2e19726f2c0fdd308d7046630cbc88ad95bb122213e2c94
data/flower_photos/roses/3451177763_729a4d54af_n.jpg,roses,2f109139c9d0c3167d2e3053a900440dfa5a3690b059666f02c313a177133997
data/flower_photos/roses/3465443774_6b0c75a3b1_n.jpg,roses,63393959f19ecf209af6fb205f011196e9528e591e8271f82f67f2fd2972e83d
data/flower_photos/roses/3494252600_29f26e3ff0_n.jpg,roses,985a7c7ac178c7f5e66640002b873946b9f74801bd03b6795381f02048608aae
data/flower_photos/roses/3500121696_5b6a69effb_n.jpg,roses,35a672f63d562a5a65be5bc163a7e66cdc512d3ea38a3bfd3d9758f7b978d4c6
data/flower_photos/roses/3526860692_4c551191b1_m.jpg,roses,0bee79abfc393e44baa3795f0877d8fd20b05a2bcecf5df78b902a5f8af9efd3
data/flower_photos/roses/3550491463_3eb092054c_m.jpg,roses,750c1c5d2122d73769678b9ba2660cd11e0a4a371b5f70fccc04e8a1cc3e01d9
data/flower_photos/roses/3556123230_936bf084a5_n.jpg,roses,88c17a3f4dd2f18eadac9890a38280de05fd099d6bfcbba0ce87a64f12e45f36
data/flower_photos/roses/3560426426_1c66cb8330.jpg,roses,195e4c0d4e554335bf385efa7d0c6d1ffa254f08a79809f3bbd77a77b0178990
data/flower_photos/roses/3576488381_611f3446e0_n.jpg,roses,e9aade35bfa51b768e950f711dcbcf790650c855fe0042d11ca7a49a59d2075b
data/flower_photos/roses/3621011057_0d03bd171b_n.jpg,roses,d78a9054cd826b54a96ffff7f832cd6b3c7197bd4b50265c27553a2f70974ead
data/flower_photos/roses/3624546109_8eb98f0cdb.jpg,roses,e77c77c2103a807f85937971d14d557cf18d1420b0309e3adb51aaccb643d27f
data/flower_photos/roses/3630246240_4fee9a33db.jpg,roses,4bfd70cd0fbea8fdec5b93de61f9bcd9b3fc281c427925dcd147fd194fd403e6
data/flower_photos/roses/3634244527_e72c47842c_n.jpg,roses,a8f8e11fbcbd39657e968852ebbff021fb69ff69c8fecbe9d4db4cb407ea9345
data/flower_photos/roses/3661675690_ed2d05fa5f_n.jpg,roses,a11a08c52fdcbcf49e82c27007c0f11e6c0c38287c5ab57d17c6381895f277ec
data/flower_photos/roses/3663244576_97f595cf4a.jpg,roses,36d30a87ad0dc41484b6299ab8775d98cc710836f4c1993c899341d022d6c233
data/flower_photos/roses/3664842094_5fd60ee26b.jpg,roses,92de2a956b6e94a7055dfb7827adbbb1fa461368e58993bef7cfc47fa7cb470c
data/flower_photos/roses/3697780051_83e50a6dd1_m.jpg,roses,9dd2c23882ff9959f65114cff66d33ae40030baed4643749a81a1d85e34cc394
data/flower_photos/roses/3705716290_cb7d803130_n.jpg,roses,4c58af16d150be0658a5c7a28ef49d2677d6a6ff0d49eec3148c44db329b0930
data/flower_photos/roses/3742168238_d961937e68_n.jpg,roses,94d2807efdb212ec1b3c263ccf7a2259289e855d1a28e538af0271e8d802cdbf
data/flower_photos/roses/3753920123_c7ebc18ee3.jpg,roses,8f9071f0e8f9052d168acf0edd71cfd1bd8d72c435244fb3da0c59f12041109e
data/flower_photos/roses/3829990289_c0c3821e4d_m.jpg,roses,11e024ecc3f97a772f6f2bda4d24d16601c4e576aa4c77269eb6678f5f2ca9c1
data/flower_photos/roses/3871586333_5a708d5cf4_n.jpg,roses,3ce57ce4233ec90aff51434ed0c29a1b12f417a3fa273dd26ff9bafa8e791d3a
data/flower_photos/roses/3872230296_6c477309f3_n.jpg,roses,dbcd8537b0ea4e9d3c3eba7be67a2685d6bd9b8ae11250787109e46da5b43408
data/flower_photos/roses/3873271620_1d9d314f01_n.jpg,roses,cef5be6eb0584a882404b59ab9da1fbddf029003e4d01ef1cec0e310f5040267
data/flower_photos/roses/388405293_4db1d71f21_n.jpg,roses,aa1a513aa070195221aab86c4d7cf6544c9a2e0326b69548b76409fbc602f2e3
data/flower_photos/roses/3909587261_f8cd3e7fe7.jpg,roses,a2664c0ffb7a09d2b95e7347cc91b9e6ac5bf76494d868ad8a315c3c89cfe32e
data/flower_photos/roses/3921794817_276eb4386b.jpg,roses,c96e3f43b733a38a2e95cafe732f98815cec088fae9ab901af729c8ccfab32a1
data/flower_photos/roses/3948347096_42261f047a_m.jpg,roses,095a89370a7002bdddffadedf0f2092669f0793f4431bef020a57247f4f758eb
data/flower_photos/roses/394990940_7af082cf8d_n.jpg,roses,fc24bb1d238dc040ad6d0faaa469e0fd8b264b23849afbe04f3baa487cabe38d
data/flower_photos/roses/3971662839_5cb2963b20_n.jpg,roses,ea13bb6ade4b259aa7ddcffbe4a80b9fe6625d75088d3d3c420f6770ce8f6c49
data/flower_photos/roses/3997609936_8db20b7141_n.jpg,roses,25dc115e300fc7f2f2d59abb20059ca467e57c097cde7541aff81cf258b6b233
data/flower_photos/roses/4065283966_9504b98269.jpg,roses,ae4b3d7b0b5a156fa20d29a017a5432547971b56c890f1f6e8bc84d2559bdce0
data/flower_photos/roses/4093390305_4010c736c9.jpg,roses,3fbce7f683ee71c8f7b49c402340e8d63c16f4084dd3f4a19c4bc8a0dd26d8ea
data/flower_photos/roses/410421672_563550467c.jpg,roses,0b72cee4a5bcd71d38f75b578314e28fdd6f27d7391f826346136baa5ffe6184
data/flower_photos/roses/4231745228_ece86330d9.jpg,roses,a987540ab45e40cf14375525f185cb9727e6225fb3332acc35a571670c47006b
data/flower_photos/roses/4242976586_607a8f9843_n.jpg,roses,a23b2d3cb214416acfe21233bf13cb4c08f880796285296d28f466ff32547521
data/flower_photos/roses/4243078361_7b92a932cd_n.jpg,roses,d6c0414d215e5f55fee200a50ecc1dc1331f19c1f3fb1d549300d14e8805b8d8
data/flower_photos/roses/4248222578_b4d5868b32.jpg,roses,f2cbc6886c0beeb5eaf6d56dfa652585590142dcf4564a66cd570d7d2515343c
data/flower_photos/roses/4256169180_55df2048a0.jpg,roses,8270d0e261e5bc2e81d40a98d1bab626a9631696d48bd07071cb6213bed6a892
data/flower_photos/roses/4267024012_295e7141a3_n.jpg,roses,c6251a20de91db6af1ab19a6649fd12979bf60398627569c76422d7f3757d94e
data/flower_photos/roses/4279990882_031482f8b6_n.jpg,roses,3c0f65fb37bd37e2486f9f0a2576ef0843187c923c860ecab7dfa83a8888cf04
data/flower_photos/roses/4325834819_ab56661dcc_m.jpg,roses,074b4139b019415072b232b6efb2bbffcb0edfeafd16b15174aa597eb566641c
data/flower_photos/roses/4360743371_6238b36d8c_m.jpg,roses,780b9c8824257e31e98df05f7b54649b74ed066f9c08c86a8b31dfb0b75f138e
data/flower_photos/roses/4363734507_5cc4ed6e01.jpg,roses,d71cb169bdba39f79ac062e185ddc3699a59594ffd52e06f3ac0b31c838c8f82
data/flower_photos/roses/4396642388_3081a38875_n.jpg,roses,4fcc62eea55fcadd848a51ea2c3def27b41271e15df32e21b9b35e1fb1225388
data/flower_photos/roses/4413509121_a62879598a.jpg,roses,e7d81739efc7c9a11a97d5e884b05bb6ed1b1d12e26c1409bbd562032a835b05
data/flower_photos/roses/4414135084_1ac7e6cd54.jpg,roses,8300219e0d8a11892554157b2fcf1f6d6cdd16cfa28822cb140b56292eb77f37
data/flower_photos/roses/4495885281_fe2a3b671d.jpg,roses,86779f4aaa99037923e78924ac15f62d1dc2e2ac90501d360239ec43d9151c38
data/flower_photos/roses/4503599544_3822e7d1be.jpg,roses,6a03e3b55c56df37b63869271b53c7a2c104a756a71fafccaafba1c2b552936d
data/flower_photos/roses/4504731519_9a260b6607_n.jpg,roses,ccecdbf6f71eac9e492745dbf827c0f1fa84b347bca132bb5e41b80c865e9a50
data/flower_photos/roses/4553266758_09d4dbdac9_n.jpg,roses,952024cdb7d5f355ae59dbde18220663f7e69202a883afbc63754a70971d0d3c
data/flower_photos/roses/4558025386_2c47314528.jpg,roses,acc56d854bd0223e98907fce88274d558d94ceae3e00c0ba3a70a236fd7899b4
data/flower_photos/roses/4575042086_7674b76297_n.jpg,roses,26b9431c2930f56ac74cff3a8b3111835b944f1b59b7fae4a232173be0a4027f
data/flower_photos/roses/459042023_6273adc312_n.jpg,roses,08f122f1921863312779f987a9dd80b64c3d3ef0c8b4a780ab959ff4d576bcab
data/flower_photos/roses/4608559939_3487bf3b62_n.jpg,roses,e7b1d47b034ccfd4cefdc9b9b3817d4f7c7b0bf9fc951142dc78dc681e6be6d7
data/flower_photos/roses/4609166128_b7ed49b40b_m.jpg,roses,d9eb097df9725694120e33eacfa5b6c02a6367ce790258336c4d2be01c1f5339
data/flower_photos/roses/4609168052_3d4e1d3804_n.jpg,roses,0c9d9f11f5d1c74dc463f994b8efd1002de95ed99cf53358d98ce553ac0412bb
data/flower_photos/roses/4625089819_55c45a189c.jpg,roses,bf7bed82ed65af8699e419d62dea709482b399169afdb2a9f18051fade6a7890
data/flower_photos/roses/4644336779_acd973528c.jpg,roses,21f7d57d5fe86caf98997945a6c1be2cf0a88c78ddd5e27849a618b73e80d58a
data/flower_photos/roses/4654893119_45d232016b.jpg,roses,588946b86d75b8a27f2224893d442b2a4ab3c60118914f83bb8653a862bdcc4d
data/flower_photos/roses/466486216_ab13b55763.jpg,roses,5f8f309f88ce0da296f9aba54abac4319b78bb746ab7719b9dded0fe08b43da6
data/flower_photos/roses/4675532860_890504a4a3_m.jpg,roses,5ea5c1a6eb43b94d4e435478d2af4830488998159707ae1687512bec764e6852
data/flower_photos/roses/4684127262_6c3346188d.jpg,roses,ac8ffeab0fd477adb56e02e582f96513935a7f2609fbf04d16b603255d1aacf6
data/flower_photos/roses/4694341873_65fe187a4e_n.jpg,roses,b783a78cc539c1d68198e647f2614c586f9861f73e510b189e7b47be431e59f4
data/flower_photos/roses/4702438868_278b9cf41c_n.jpg,roses,70d97b5b183b58a03ea562efb54eb09979ca44e75cb75dd3228c7f498daa28e8
data/flower_photos/roses/4713531680_1110a2fa07_n.jpg,roses,0b7c8fd00d8f0168cf096f434c559443afbe77e34e5393a25cee3d3204014dff
data/flower_photos/roses/4713533500_fcc295de70_n.jpg,roses,42748cb7e328a82a7c40ec9b5ebeba1a7e55a24c31e389c446b9ad7b356a19c7
data/flower_photos/roses/4723876257_d87b781986.jpg,roses,2f08f22d51c420486614dbc223a5121242c6919b3613e9e40f6c9b47269766e3
data/flower_photos/roses/4731069260_b270f47803_n.jpg,roses,0cfd85316e80332dbedfcb7cc2f671f9b670a23a01fa6c0ba5a4cce43d3e3ea5
data/flower_photos/roses/4735314389_94fe1b2a9f_n.jpg,roses,42cdcf68da9d9ae3de7f9465e916d98440ecfd2ee6784e87b250c8ff1d63a2f5
data/flower_photos/roses/475936554_a2b38aaa8e.jpg,roses,fd183ad8dd920d42e225c510aa5b14d7b7dce11b8188515c79d40737a9be28c9
data/flower_photos/roses/475947979_554062a608_m.jpg,roses,71cbc37f076fabae39b85bc26b67eabc42271995f48fa62fb9e91b6a314e837a
data/flower_photos/roses/4765063233_f64440c20b.jpg,roses,c4f7bf3673297893597d90bfdaa7f7471d0e88873dc0799e0700faef94562c9b
data/flower_photos/roses/4797595918_79887b1229_n.jpg,roses,0a236d0616b762492316ef007c0dea443abab56f122ae51518883f5247f76185
data/flower_photos/roses/4804011140_7defedf4b7_m.jpg,roses,a6a31bdc49df834a15cce907ae0775379307ef548b7b711a290bf75bcf92beba
data/flower_photos/roses/483444865_65962cea07_m.jpg,roses,a6093a4d775e0e57beb013fe495e3f65ccb42e13634d56faf265e17d982b41dd
data/flower_photos/roses/4860145119_b1c3cbaa4e_n.jpg,roses,7aaf117e2ba26eaa1a2cc859d1eba912d43eafe1c506bbe252fb8639e139ee1b
data/flower_photos/roses/488849503_63a290a8c2_m.jpg,roses,ef26d9f253a039aab0e35d615591e708f6fa50ac02671d4904f0c1ec21c9c8b1
data/flower_photos/roses/4900231976_f8ced2b42a_n.jpg,roses,357dc4935eee3b8c349c87af049a322fe52b4f21c08a50d88bc6b1558e7e456f
data/flower_photos/roses/4910094611_8c7170fc95_n.jpg,roses,544c16e9fc3f438738913cd807381ae5f0c9b06a88e69a73b12b50db32eb4449
data/flower_photos/roses/4918137796_21f0922b0c_n.jpg,roses,337cc6a28d78147a71223817ce5e8e9d21447507f5f0da10adec2bb2969e80ec
data/flower_photos/roses/4979895172_ca06eba616.jpg,roses,715ce51ddb6a4f4320845e2fbdc027dbd6a7a01152a3838d9cab64f777d64f23
data/flower_photos/roses/4998708839_c53ee536a8_n.jpg,roses,41d062d05f5ba37e415380ac870fef8eb2f76b83b89f5ae5013ac86bb4ae9171
data/flower_photos/roses/5050969148_a0090f762a.jpg,roses,12fd6def91104b1b0b0f6aa620d070cdda12dd2826f4711287d94d5298b7c0df
data/flower_photos/roses/505517255_cfbb6f6394.jpg,roses,85a8720dd470871794a11aeffc367cd337861cbbf716f3223d9ee25288b88159
data/flower_photos/roses/5060536705_b370a5c543_n.jpg,roses,accb3e08bce8761c6e3ee220fd05ae9a2bd1096c149a963f31d06c57a8dd31da
data/flower_photos/roses/5073473370_bdbb5a99fc.jpg,roses,cf339a09f0d949973f01e2306adfa2e44e4487ab48d3f137930e754a571093ba
data/flower_photos/roses/5083072098_81587295d5.jpg,roses,c78eae382f6b822ba4a82e155dd1c009b8f291f691146190075eecfdcf69ca48
data/flower_photos/roses/5088766459_f81f50e57d_n.jpg,roses,a678625f547900ffa9622fab62c6d25ebcef2b5c0e82d9014f9764720ca6bc26
data/flower_photos/roses/5089363428_2c5a1272ea.jpg,roses,21088822ee2a7b480085dfc517ceacb9fabf15266de902497077f343df29b66a
data/flower_photos/roses/509239741_28e2cfe492_m.jpg,roses,0c6d46dc93924c3ded02066caa88c92940e470629e1a9bf44f2f70053072f8eb
data/flower_photos/roses/512578026_f6e6f2ad26.jpg,roses,02dded472d53eeae8434dd42eb3e1f39a8c3fe722bfcdc0d0fc451029f577bf1
data/flower_photos/roses/5148639829_781eb7d346.jpg,roses,f3c80b3423618c2e08c6934991eb128b218e83156adb22aa4945737fb7aee3b7
data/flower_photos/roses/515121050_dcb99890be.jpg,roses,6f220b29e129b009a77685df86ba44204dfe33269e18d229ae41289ece0db3d8
data/flower_photos/roses/5156037859_1673720a11_m.jpg,roses,47e760b6c764ee95deba0f701c40679056e86f489ca76094bbe512288d14c15f
data/flower_photos/roses/5159317458_bbb22e2f65_n.jpg,roses,f3836c0533a2b4bc8ce072b9da89e0f0b1edf8b8203c8d7a7c6e49ae18721223
data/flower_photos/roses/5172171681_5934378f08.jpg,roses,fb8da330e10fa1ead0042c0b28edaa9727e54c43bbb81ecf0ef42609a806bd74
data/flower_photos/roses/5180896559_b8cfefc21e.jpg,roses,1a76077694e5c4246eb437c6230b25d0deb5aa35ac74b953697b76b3fee94b42
data/flower_photos/roses/5193918046_d44e4fcd75_m.jpg,roses,e11aedf2fb2e2bdeadd9bd249872389de3126d29a74ceb38d4265fb43dd3469e
data/flower_photos/roses/5231103167_a03280e9f6_n.jpg,roses,4342eef43bf390aa8776192c3d3a21bdeac00e42f8963ba5f066ac032030a846
data/flower_photos/roses/5249439791_196b4e7fc7.jpg,roses,75a4d0153a694674a589be2b6533a08f1d11d050ca7c6532d750a320aafd7fab
data/flower_photos/roses/527513005_41497ca4dc.jpg,roses,28c567ad02d6af843d451d38bbd4a6d31147e853c9812c1a411f5977fee1e7a1
data/flower_photos/roses/5292988046_a10f4b0365_n.jpg,roses,5f23e0823b16cc924ffbdcaf5f7e59524f5045a2393da434e9bb8a54d0e6fff1
data/flower_photos/roses/5332550500_ab341aefd8.jpg,roses,ceff15a6c657f681c74a1266d762ef75aaa078a43937874e7a910f212c9d1ef0
data/flower_photos/roses/5333437251_ce0aa6925d_n.jpg,roses,9585991f652e5fea806d173b29766055710375627544203d641a462d1c236141
data/flower_photos/roses/534228982_4afbcece9b_m.jpg,roses,ef3886d42fb77bf8450f99f7b85522f74f56bd9c64e09e04b828a0e37d76fe7c
data/flower_photos/roses/5360769702_ec28c53b9e_n.jpg,roses,ca5ccf1f0e9944fad20808a3963c1488eb5fee11d1602d0fdc9b7b0917331eb9
data/flower_photos/roses/537207677_f96a0507bb.jpg,roses,e458665ce458e4c0e920eeaebbe39fdeec0a3cc88b7bf105e63c2c6e6d36e270
data/flower_photos/roses/537625768_791e973b40.jpg,roses,e7a5e927ac18a4295b4445bd031b779236653db994e896592250caa4ba057394
data/flower_photos/roses/5398569540_7d134c42cb_n.jpg,roses,9f86e3d72f44dea80f68c167aa474f1139e45f08caee17ceb1e32e6a207b7d57
data/flower_photos/roses/5398974188_799753449c.jpg,roses,a7cbe46acacea2e4f11509052a5b28bcbbe97c67ae751283d043d0f3fa85df75
data/flower_photos/roses/5402157745_a384f0583d_n.jpg,roses,809193ce3de04009fab7900e2e48ca4893181aed8fc125aa2ffcc2eab606c3fe
data/flower_photos/roses/5419629292_2f06e4b295.jpg,roses,de75d1a91a705e39c68c3896d4363790dfee1eac081b94b0189a88007243803c
data/flower_photos/roses/5497730366_44d758d8f5.jpg,roses,e2a61205f328e3e80f84c6a7adfa62b776828da40b2710f9e4b2328602087ecb
data/flower_photos/roses/5526964611_76ef13025c_n.jpg,roses,40057695f0cf7b1e97caf036400f8a380f26b2c803e0149f27a0398bd3ae7a83
data/flower_photos/roses/5529341024_0c35f2657d.jpg,roses,0dda2eefd51a14f4291f3bd46ff432e3c3f3f72da3f6de52a04f97ea1d9762e5
data/flower_photos/roses/5537794501_a0767743fd_n.jpg,roses,3971b55d58da1ddb62fa8047b94b761f51d0092d8cfb6c822b5fadf235f9ba01
data/flower_photos/roses/5570018782_c56bee942f.jpg,roses,2745760ab53398569be299095b6e4f6e9253e887cbd6f8735fc7eeb38d525f65
data/flower_photos/roses/5578760521_e54aca6bed_n.jpg,roses,0a3955a1f0b097af9b241545a04627b062de85817a53ee97dd5d82b190b1bb7f
data/flower_photos/roses/5602220566_5cdde8fa6c_n.jpg,roses,15e2b400b34a5d1b3cd3aba51285b64cee0aa3d783bd27c9b359c8b2ad4c411e
data/flower_photos/roses/5628552852_60bbe8d9b0_n.jpg,roses,2d792043b0f40b1542aa72871b71bcfc2e3cba8ec33154505ba8588658fea16f
data/flower_photos/roses/563847503_89e9756c80.jpg,roses,e92833b46ed6bac09586fc6d11b8d39b230a46e9a5196c712dc2716501537e37
data/flower_photos/roses/568715474_bdb64ccc32.jpg,roses,7830011c2664e568213aa9fcc47083b634d8ecf442763700304fb1892a939dba
data/flower_photos/roses/5731750490_ba3325b7ee_n.jpg,roses,358080b92c527d6451253bdc9c2cc561a74b890c57d6847ba8c553d06a547656
data/flower_photos/roses/5736328472_8f25e6f6e7.jpg,roses,9e6ecc938cf3aa912829fe5ca9b532955544d7f14250debb883b00c30402e90e
data/flower_photos/roses/5799616059_0ffda02e54.jpg,roses,7e9a5b8d7ca53e86f21eb72d5cab89dc0c5b0e1a2bb3b6a7772456479bfcc888
data/flower_photos/roses/5835539224_75967fc400_m.jpg,roses,ab1b5e6e6427772bb837660895a075b3b9b76c61b6c035395494fc33545bf422
data/flower_photos/roses/5840476802_dfa40deb1f_m.jpg,roses,74f293984005592acdbf0386e9a3317f2f7de9f15cbecc300863189acdd37b94
data/flower_photos/roses/5863698305_04a4277401_n.jpg,roses,c724016732530c028f87511ca1320b57b39d9ab9ef20404939e1051a57c2da11
data/flower_photos/roses/5892908233_6756199a43.jpg,roses,e48cad343e6f8a0ab87ae5b057c1c12d911d86a396954e625adcdc0ee47f3272
data/flower_photos/roses/5897035797_e67bf68124_n.jpg,roses,9c650a5e8e92ab63191ef1b3492013a6f3b9322f36c714b9ccf82b380279c261
data/flower_photos/roses/5979193298_639e877248.jpg,roses,793d652b764b2abd296c9a46244f50edd8fe1ff2dfabe3ddd49a0432f81fa679
data/flower_photos/roses/5990626258_697f007308_n.jpg,roses,3197ba771fdc0cd43b4f89c4f8a03bb7fc54487c243cb1475ea36816f6a73be7
data/flower_photos/roses/6053143173_991c011b23.jpg,roses,8c8e7a3e6ec52e720c302c0093123a89b7d1dc1053445e14171bd0d24c1fce7d
data/flower_photos/roses/6069602140_866eecf7c2_m.jpg,roses,543fc41a1470b713f5d00d35e3325741721bbdfb5e565d50aac18faae9f39abc
data/flower_photos/roses/6105809987_8f3d7a8d67_n.jpg,roses,84243c68391022375ac983990be91dd4440329eb1e6d8681d73f39756d66647b
data/flower_photos/roses/6108118824_5b0231a56d.jpg,roses,d822f55a887833b038d29ce521d42ba9e9031ecfdbf0b85307aa894841dfabcc
data/flower_photos/roses/6111589202_8b9555364c_m.jpg,roses,70045d52f3505a4c0fc749882535dccc19f5b2600dc2a0e8176dc0ce6f0ee714
data/flower_photos/roses/6125332325_b768e08bd9_n.jpg,roses,c1b0d4e9b9c9e972aef095b3e2e007439d00891e3718c74f0ac2cd1bb964c581
data/flower_photos/roses/6158504080_b844a9ae05.jpg,roses,46d133cde2734800800d9432d3427a31fbc80a899f31cccbbcd29f94f043d274
data/flower_photos/roses/6209630964_e8de48fe04_m.jpg,roses,a222ee979dbbcf06bad3b8345447ae7dcc532f4249e1be0eec233c971557ef5e
data/flower_photos/roses/6231418894_7946a7712b_n.jpg,roses,f1524679e350a11a173c20cc6317f3174841781b8812270091ae196418a31683
data/flower_photos/roses/6241886381_cc722785af.jpg,roses,5f0d6c340f0c705c175885cdae7480bf52f0cd326828c15995bffefe27f6986b
data/flower_photos/roses/6280787884_141cd7b382_n.jpg,roses,b3440ae7bfff68f1917fcb610bb3bd4f1b57dcb2b791466172994bc470295fc3
data/flower_photos/roses/6347846687_3f0a7c3176.jpg,roses,802dd494026ad67ab215785379b3d678e91b5435c087eb5e4d018e862e0ae4c6
data/flower_photos/roses/6347847065_83cf87333b_n.jpg,roses,df743c656fe88bc8b0d2f41156c5234c1d8e3e83885ba31cf9e14c48f1a9ec52
data/flower_photos/roses/6363951285_a802238d4e.jpg,roses,aadd2df2ee85c528de23ef952857e889c92c9ccae73370233515a6cd55cb4360
data/flower_photos/roses/6409000675_6eb6806e59.jpg,roses,751582de75af5bbaf0aba98a7e51ed94b03359a6db75ff8be14396db687c2701
data/flower_photos/roses/6570546331_ffb9dab0bf_n.jpg,roses,f2bfae76e92c88cf9170ddc911aacccc9a3179cd74a230f7bd679b7e4db7d46c
data/flower_photos/roses/6653567281_768a1fd160.jpg,roses,64b56bfab67b98c6b06a559bf2c019424858e580fd1f5d537e876cb4ce219241
data/flower_photos/roses/6655078437_759fd626fd_n.jpg,roses,e10d79fd62dee45b6984db9e37c21d61a06e3110c7281662104ab3b5129d35ef
data/flower_photos/roses/6676529655_9672b6f955_m.jpg,roses,1b2c1f5a619edae2ceba62724edb70cc15971a8cab11e947332b0585421592af
data/flower_photos/roses/6687138903_ff6ae12758_n.jpg,roses,83d801c2846cce4727f6399cbd855ab334eb5ef94818f380722c531e5671206d
data/flower_photos/roses/6732261031_861a1026fa_n.jpg,roses,aa953fcb452eb53114f9ac5cc1a7db46d755fac8c3550fbdef932f333f1621d4
data/flower_photos/roses/6783408274_974796e92f.jpg,roses,c1b7a8b11d40627dbf3a79683d60af96b9e5e6a10b138546d62d0bb3c599ec06
data/flower_photos/roses/685724528_6cd5cbe203.jpg,roses,2b56ca37ad1aaba3bd8e7bf3a2b27a02c0c207ff46dca94a487ef0f0096c5897
data/flower_photos/roses/6864417932_36fa4ceecf_n.jpg,roses,cca8473505613f2d88d8f1789408f134c3d9a0495b7ac22d78edfcc241bb951c
data/flower_photos/roses/6867597533_d65d1c39fb_n.jpg,roses,2d1a8c4be7ecb513c2a8a2122555f2b61499abfe20fb9dd782c177c880317b83
data/flower_photos/roses/6950609394_c53b8c6ac0_m.jpg,roses,c11b40b94e81fa26e735b7c592d98eec88a11619aab8acb7b9d114ba7c8f34bd
data/flower_photos/roses/7186509956_c37c02fb43_n.jpg,roses,dc543ed33b565bcd5bd18ca0fe023e69d7443a1b37cd892d1ccc42c10255a6b6
data/flower_photos/roses/7187035716_5d0fb95c31_n.jpg,roses,1a422a129b9984cafb30ef58a1d47fced73659b2cd9ffb027f5335fc69b5b90a
data/flower_photos/roses/7211616670_2d49ecb3a5_m.jpg,roses,5a46e8bd772cd405a5676b1c35a2cf9b0dcd82057f31b51cdf3e41fc923466a5
data/flower_photos/roses/7285188160_49d84b95a3_m.jpg,roses,4f4292b79e2c94ccd6420f553ff89ffeb7e271a6cbb55af8ccaf720b16dab6c4
data/flower_photos/roses/7302931078_30054c1970_n.jpg,roses,3a76b2a51dc1fb1d12c671c8183516fec0e395e1a59f0c27e32d584115e69ec5
data/flower_photos/roses/7304710956_015b41f802_m.jpg,roses,817072a39091b035fc23661774945eed9edc919c86810a540d96c84fe84d00c6
data/flower_photos/roses/7316409504_7cf3707f8a_m.jpg,roses,de6e8dba1e8bb67951237a171be0da46fa112a2bac35c9dc9b3f46ad7fc5a630
data/flower_photos/roses/7376473742_532364cee5_n.jpg,roses,92562643c7e48c35074874e23290289152c3161630e1f32877ad1b5bfa09d377
data/flower_photos/roses/7409458444_0bfc9a0682_n.jpg,roses,06494c904ec24458cc0541a3e868bef9e4c4517c2689c6916aa3203ebaf12b80
data/flower_photos/roses/7419966772_d6c1c22a81.jpg,roses,c5f79850294a1283a3e33c0a15dcdaa0fcccde0a9c4aa8a25630dd8670a8679f
data/flower_photos/roses/7420699022_60fa574524_m.jpg,roses,ceb0d64c00ef50cbd36743bddb0ee62c8623c0570d33a791977e11fe4a0cee23
data/flower_photos/roses/7502389724_85b4a6c855_n.jpg,roses,01133c2533d5cc1a9dcad4ee32ba6f42e7b9ea1fa5d62aa81f3c65d410c00e42
data/flower_photos/roses/7525783408_0999483bf4_m.jpg,roses,57c7c2ba922e4a0158ef613ab1928be4ee1baed026bbcbfdb9e4fbf9d531b4c6
data/flower_photos/roses/756943228_e15a7b2318.jpg,roses,8b495e98ad2d7fec2c93d829db2492e276a05f4fb93e57347b407a2f347e0b3c
data/flower_photos/roses/7683456068_02644b8382_m.jpg,roses,b3ee721a881db11aef37e201b76ef61efec05300faa81c1c7f2c9f9830191483
data/flower_photos/roses/7820626638_3e2d712303.jpg,roses,421992e0945b9dda2022a84fb6c5222c63a4efb66017f010357706a28faabcd9
data/flower_photos/roses/7865295712_bcc94d120c.jpg,roses,d6430150285e5d630c0db1e4b14c521c5e90cb43be63a1e5be76cbeaba11f92d
data/flower_photos/roses/8036594516_69a7da5f73_m.jpg,roses,1abf60a647cb89d7abd596a44e9fb022be4df3b91eabaf286b8c6e35ca836a70
data/flower_photos/roses/8060338380_eb6c806624_n.jpg,roses,e97c7488ccd72114b98bb852973f9059ef29164ec969d0ed14f4bfb64d3230d6
data/flower_photos/roses/8125886145_ae99f91fd0.jpg,roses,7593433b811e445fdaf91768fd6f1b5bd75fc8aeec03457f5f327cda5df093a2
data/flower_photos/roses/8209458141_38f38be65c_m.jpg,roses,04b0b006d2efc6daede46b3b07c456aa9a97c45079e430b48c215e2544d50d12
data/flower_photos/roses/8241471746_5d81fdd3c0_n.jpg,roses,e4dd4ec3998dbd03507d99b217980557e8719b152a2e0636f0b99d10dbf6f731
data/flower_photos/roses/8337607102_d9e0fa887e.jpg,roses,8c1a4e12e80136d30a11748383d9a78c7242d03c07510ef337ed2a409f1cc653
data/flower_photos/roses/8388497874_1fe750cc95_m.jpg,roses,8b639ae07ee209c8f644e9f79c916b8bd5b1b2e11a8ba31e251720e90dc2d523
data/flower_photos/roses/8394286483_69fe04cc7f.jpg,roses,573ecd675ba2b2f132b11a3347bc27f947bdc6f8e121e3576623d6cd44a1f016
data/flower_photos/roses/8442304572_2fdc9c7547_n.jpg,roses,0f8927920d0167435cb45b2abb8fe8abfb2757c76a42c05ddc18ec38d998dc53
data/flower_photos/roses/850416050_31b3ff7086.jpg,roses,ecc6a6b4042e730936056b2449b9a4000f13ed8e71768ee060be336b5461a6b1
data/flower_photos/roses/8516036987_8a06dfe1b5_n.jpg,roses,f8c917b563586a3a9e18c709354382215e3e2729380e3e3c9b403dd5e7578c61
data/flower_photos/roses/8523394349_61b31fdd8f_m.jpg,roses,92edf6270ecfa8ffe55b30b37195d9850aa33d2c7c51bed932c354a304b60ba7
data/flower_photos/roses/8524505868_236f4c94b5.jpg,roses,453c5e67b22ab49db86e082b11e0e0969d5229ebc1852aeb11c53aeabe1704e8
data/flower_photos/roses/8562144481_1d629848ff.jpg,roses,89ca31261c7032a0bc92f022ede13dfc8bc75150bf6ec50cc16027dd86465e24
data/flower_photos/roses/8590442797_07fa2141c0_n.jpg,roses,2fc7fde9c53e26d8188f90fd992284ac1504bd9c590b30fcdd45ff779e22e730
data/flower_photos/roses/8622493424_877ae35ed7.jpg,roses,90bc3bc2b239fc5f85c9a051a8711b48f07b00e17313dc26ffaa2ee603ba5a43
data/flower_photos/roses/8642943283_47e44d049d_m.jpg,roses,58b2d761cc714b4a79ea646142b4705fb8d6909073642ecd8986d0c0244cef27
data/flower_photos/roses/8644003462_2272de26eb.jpg,roses,75f359a07b100ac30c54d62171c4789bd2adc01aba7a8c19ce9d318f14557929
data/flower_photos/roses/8667101118_87ea757b15.jpg,roses,26027d224001b0dea30bc4ba83c3ab2212375f761a614bd79e83e8cfb3eb7e87
data/flower_photos/roses/8667746487_781af9e615_n.jpg,roses,1c08109bba8fd9486b29c0086db3679f0d7463db9148b57911bd3c28fe80f645
data/flower_photos/roses/8674140377_ae7b0be523.jpg,roses,f6240d347932b48fa1f398bd6ac0bff05b6a3d796853f19c0fbfa2fe80f96659
data/flower_photos/roses/8692051081_dffa8709e7_m.jpg,roses,6ae3b1294adca0b6873aa2749b3d6c3c5e005b3548fd07260851cafd811c51a4
data/flower_photos/roses/8723767157_c45bfd3ab6.jpg,roses,bbf0180e46f69ba1401b1564cdb4b4aaff2ee94366c3e262c1a75d51c63f93a3
data/flower_photos/roses/873660804_37f5c6a46e_n.jpg,roses,4bd203e12e48b84dc298bdcc0fd201742496fe4e3acfd02aae2ec42aeea8ccbf
data/flower_photos/roses/8742493689_fb852f0228_n.jpg,roses,0c844c50bbffddfd93d37fc02ccb56ea761921945ed39a2709dfe14c7d424253
data/flower_photos/roses/8747396730_966149e6fe_n.jpg,roses,0bcd74706309f362c5b82e6e56f67c0c0c556c3613920f15dc8f564f2948445a
data/flower_photos/roses/8775267816_726ddc6d92_n.jpg,roses,d76f7f5b9c150d441a66a28403d5a1f889f0f29de9d53977bde70dec7d4ba9cb
data/flower_photos/roses/8926641787_d2515dfe8f_m.jpg,roses,02d145d0988381ed29ec9b62b7e0f9f39420699d1b985049e87f6000f6c7c780
data/flower_photos/roses/8960904651_9a0b727258.jpg,roses,d668e01faa5e3d590940251abd6ab802671df05f811b18247d78dce9d8581751
data/flower_photos/roses/8987479080_32ab912d10_n.jpg,roses,482782035c1063e1ed21de306540be4b2d53eda20788839f800ca3a0a3b9dc6d
data/flower_photos/roses/909277823_e6fb8cb5c8_n.jpg,roses,5cdaec05e1dda96632856fd546780184ddc6e3838f747593992178fcff923bfd
data/flower_photos/roses/9159362388_c6f4cf3812_n.jpg,roses,e7290013002b438df19c4f9dcf76d9c651f829bd2e634d7dc49c87a56aebd11e
data/flower_photos/roses/9160289562_ab2718d19b.jpg,roses,6de044b578af0fb72f5577215675141c0bbf5f91729457b8cf8ae761deacfd46
data/flower_photos/roses/9164924345_6b63637acf.jpg,roses,f994dc022a01c0692dfaaf267c2ff136255cb89d8ffc2ccd15fc0888570f3839
data/flower_photos/roses/9167147034_0a66ee3616_n.jpg,roses,62019ecb28f38f22cad0ce2e9053617df5022108f34bb9780cb52a150fd4cfca
data/flower_photos/roses/921138131_9e1393eb2b_m.jpg,roses,f66bacdbec9e572acbc1b6677ec1a3bd86434430e8dec757c8b2fed90d6e3697
data/flower_photos/roses/9216321995_83df405ea9.jpg,roses,735e139b5017bc92da85b4bc2d4f4ddef8ace1df47e02ec11423693d0dfb31f8
data/flower_photos/roses/9216324117_5fa1e2bc25_n.jpg,roses,2ec67a5c7da92c902c212245e810896b1aecef3ee5f78362b4ef391678fabfd7
data/flower_photos/roses/921984328_a60076f070_m.jpg,roses,0537183bef1d016f81f44ffd7042b1f94e6a0ca0e5f906cd4b6f57ed3fa1d1ca
data/flower_photos/roses/9300754115_dd79670066_n.jpg,roses,ef4eaa369e865fdf1bddc88a6c13e836fc9ad1ecf7ce59c6f9658ed8fe4c0b5d
data/flower_photos/roses/9309388105_12c0b8dd54_m.jpg,roses,7c7c383973cd151449a69358c2a90dfdd93e88c8b27dc0db93382a685d761b0e
data/flower_photos/roses/9320934277_4fb95aef5d_n.jpg,roses,b3a29fe993e7d57cf53301203c6a2d6c6fe2b80c216b0c9a018b919b890567b5
data/flower_photos/roses/9338237628_4d2547608c.jpg,roses,99fdf45bdb918bb9fe4e7245e49d1817ca9621962e160cba43d1f1cd8d379624
data/flower_photos/roses/9353111163_7a89b2df35_n.jpg,roses,a6b5856685df834832800fe56990699e838ac0f51e5097508aebfc8ba01c5be7
data/flower_photos/roses/9355706808_a9a723a8e8_n.jpg,roses,ff0023a1de341b0d0014319a2e0274953dab16623343d74921d4ddbeafacea6d
data/flower_photos/roses/9404876600_04f6d37685.jpg,roses,fc1f2ec7b7cc64e6760066abb614f10afaa4988017fbff9cbd87d3c35b769285
data/flower_photos/roses/9423755543_edb35141a3_n.jpg,roses,66591f230b3581dbd767e95e2278e2d597f682106ace7baf083f51d2e9bc802f
data/flower_photos/roses/9433167170_fa056d3175.jpg,roses,8bba212cd84cab0eb078926ccc1881d74b6e41fbf40cfeb0550a7a045af0d707
data/flower_photos/roses/9609569441_eeb8566e94.jpg,roses,676f7495fc3503fa8cce80ddafdeb18ec327f25cc9bdac026a9d5206cc11c17e
data/flower_photos/roses/9614492283_66020fb4eb_n.jpg,roses,160aef13442ef949ac372572687a9b34aac3c301dfdf7fa85a9f9ab662eb4248
data/flower_photos/roses/9633056561_6f1b7e8faf_m.jpg,roses,2633016ab04dfb90548e2d2f01685037a76d36b3acab17ad1302eae9490e973d
data/flower_photos/roses/9702378513_229a96b754_m.jpg,roses,1ad7b1735dfcd5cae6c39d16fb01b1a80e56b119b6e0e468739c984beaac749a
data/flower_photos/sunflowers/1008566138_6927679c8a.jpg,sunflowers,3ea595aefc826f5ddce16af7c8add9a6e3c8b4d66cdb3184e0073806aa75377f
data/flower_photos/sunflowers/1022552002_2b93faf9e7_n.jpg,sunflowers,6f2dda7667fd04b9b3ae1579b216766ae57b086dcc370af2522950b753cd4282
data/flower_photos/sunflowers/1022552036_67d33d5bd8_n.jpg,sunflowers,fca103944f6cefb0df578833c98d4ba2979fb5ea77536d00789a56ee89ad1e75
data/flower_photos/sunflowers/10386522775_4f8c616999_m.jpg,sunflowers,fd82a94e709ca402ac707fbbeae089ee2a3201262eaca46d839e072db5ed1749
data/flower_photos/sunflowers/10386540106_1431e73086_m.jpg,sunflowers,8d7902e46f01d5a3d1b7e3ddd1cf2b2f55d2bea29cd2bda6470d17a72a380566
data/flower_photos/sunflowers/10386540696_0a95ee53a8_n.jpg,sunflowers,73183c0dc368565ab408e92461349c0b1cf97e4d15210e5c8807f495e3453fbe
data/flower_photos/sunflowers/1044296388_912143e1d4.jpg,sunflowers,1bdd130710ce265e0aa43da79e1cef254a4ff10afb851aa5030eca044a0769f3
data/flower_photos/sunflowers/10862313945_e8ed9202d9_m.jpg,sunflowers,972a3ddcf89540d1e99931dabe70f4defe706198ee5783f083a4f4841964185d
data/flower_photos/sunflowers/1217254584_4b3028b93d.jpg,sunflowers,d846f31a11610cdbcaae32f2d54067e6c68d95b6b3c9b3f461ef4fd1262f1ab2
data/flower_photos/sunflowers/1240624822_4111dde542.jpg,sunflowers,30036e6597f97e37d711f0707faf73ea8829b658b482895a498e4eb51edbf605
data/flower_photos/sunflowers/1240625276_fb3bd0c7b1.jpg,sunflowers,dfd3d983d19ad52ad01f92911693ebeb277fe2bc5714e40afdb36f653928cb8e
data/flower_photos/sunflowers/1240626292_52cd5d7fb1_m.jpg,sunflowers,20eec0c85c1c05f9ee7b7796c9405fd848ec2022ecff3749893c940abda66cd3
data/flower_photos/sunflowers/1244774242_25a20d99a9.jpg,sunflowers,fcc58984d5d2ce19b3af94d079688ca4bebc3503e03aaf9173aa86ddefd0c529
data/flower_photos/sunflowers/12471441503_d188b5f31a_m.jpg,sunflowers,9ebd83c28dfc1f9f365d9396f9d5b384fccbd74700a487e4e114705acf82acaa
data/flower_photos/sunflowers/12471791574_bb1be83df4.jpg,sunflowers,6031170ae9a06b58f1817607132b9182225096b239cbc587eb5df606f394a2a7
data/flower_photos/sunflowers/1267876087_a1b3c63dc9.jpg,sunflowers,88b16f1456d0c6ae4a70e0977a4e0cd53c4145802e4630fcf1c1247ea9daeb20
data/flower_photos/sunflowers/13095941995_9a66faa713_n.jpg,sunflowers,ca06c8e9e490e2a1ac265738e533bc98f2712e372bf24f5e14a324092d3413cb
data/flower_photos/sunflowers/13096076565_72c2c60875_n.jpg,sunflowers,a0027fa339f0d981a497242900646ee4c92e7282ea03a0bf6e62a353f23cfed9
data/flower_photos/sunflowers/1314584013_fe935fdeb1_n.jpg,sunflowers,dcb0c167ac44ca643f12a2222f0b40ec602adab12bfdef9e07751d42b177bad4
data/flower_photos/sunflowers/13354458753_7b586f7c95_n.jpg,sunflowers,a8f28e546585e0e4de0216d4cfbbd09526d98f450a8df0a16a4437ee691b1a9f
data/flower_photos/sunflowers/13648603305_1268eda8b7_n.jpg,sunflowers,812bfb249f50613d41ae06316997b4b53b655a4310959d4011ab84c738f7b1ba
data/flower_photos/sunflowers/1379256773_bb2eb0d95b_n.jpg,sunflowers,deeaa9f428fc3d9da90fc054c85ed9c71089f821f002e69f26a45c5ed2171f3b
data/flower_photos/sunflowers/14121915990_4b76718077_m.jpg,sunflowers,814a23bff0e8f3b4ff1b090fd37e1cb595a2f54dabbdeab23b45270a374af83a
data/flower_photos/sunflowers/14144522269_bc20029375_m.jpg,sunflowers,ca33358aa9c7861fed81a3000dbb19068a8d0df65d79bc3436b1bc784fc1d6e6
data/flower_photos/sunflowers/1419608016_707b887337_n.jpg,sunflowers,ec88cb057fa430c5077eb80c856bbc54de64aef6753f4a87d86c3395cd573324
data/flower_photos/sunflowers/14472246629_72373111e6_m.jpg,sunflowers,26853df810253285a09b393882942fc2c774b491ce09a8afae088edc882eb91f
data/flower_photos/sunflowers/14623720226_aeeac66e0a_n.jpg,sunflowers,dc101e821f48e4900b7e16ff68202481c7f962c1164cc4c1612ee1a2ac1cbdb9
data/flower_photos/sunflowers/14646280372_dd50be16e4_n.jpg,sunflowers,9b455e04c750405a95acb34fdaa3c44ecdd8439a774e07e2fe28922f9f1ce231
data/flower_photos/sunflowers/14646281372_5f13794b47.jpg,sunflowers,130218c89fa965a463593b08513ab795f059b2c69bd360255bbdc698bdc0b622
data/flower_photos/sunflowers/14646282112_447cc7d1f9.jpg,sunflowers,1f7a395a9578d818f3f8ef4762f615ce35cfef0960b8da80258f5fffc6e2ec2d
data/flower_photos/sunflowers/14646283472_50a3ae1395.jpg,sunflowers,76b3f3a66e3c54272ba206122bee6e44a2d26b79c74fc540ba1b38cfa59d7de2
data/flower_photos/sunflowers/14741812319_e1d32ffb84_n.jpg,sunflowers,b1abfae01bbfc188fad197deeac37ba6d522804e744d748bd6eceb906d2ed26a
data/flower_photos/sunflowers/14741813010_5d44e33088_n.jpg,sunflowers,99709f1b2a7a4ecfc756d0180742da66bb741bb9db1ae28534eceea5ebcd1f34
data/flower_photos/sunflowers/14741907467_fab96f3b2b_n.jpg,sunflowers,78785e28f9452656ca8af92d72373fc40d2ebd8c4bea790c0abce1ca55bb22b8
data/flower_photos/sunflowers/147804446_ef9244c8ce_m.jpg,sunflowers,8df1e044363790ad8516b59850da02467700c7411d99769eb7137ccc9217cc3d
data/flower_photos/sunflowers/14814264272_4b39a102f9_n.jpg,sunflowers,9249eec440fb99fc51de37e6a0bbb143c83bbb89ef8a24b248c70468c02a0fb4
data/flower_photos/sunflowers/1484598527_579a272f53.jpg,sunflowers,ed3aa00bf541c18b81ae64cee591500995c404367e1b89f8b1279b21c006e4fe
data/flower_photos/sunflowers/1485456230_58d8e45e88.jpg,sunflowers,605cb44d966fb0922de4f141dd5a6944fbefe6ceca07abdb20b4bca1fc6ba457
data/flower_photos/sunflowers/14858674096_ed0fc1a130.jpg,sunflowers,e6343c2ff25e67a58c9a16894253890a504a875a0ddae7a02ff0366b0af7b653
data/flower_photos/sunflowers/14889392928_9742aed45b_m.jpg,sunflowers,1235dc340983196227bcd84cdd1d598b97348373dc96b60871d16a63b9b30d5f
data/flower_photos/sunflowers/14889779907_3d401bbac7_m.jpg,sunflowers,1ffa5ef8e0170805f05a2e0a41ed9714018731db59ab57b7157d5db7ef3471c1
data/flower_photos/sunflowers/14901528533_ac1ce09063.jpg,sunflowers,0bc6400995416ba5031c4ddc35ad177f4530f7d1feb00333c03a5e8cc8c71039
data/flower_photos/sunflowers/14925397351_c7f209d804_n.jpg,sunflowers,10165f5edfc122f73c9c712e814194260a0c54c988752b1ef20950384755bf82
data/flower_photos/sunflowers/14925397651_97dcddc383_n.jpg,sunflowers,41bf92d5d358498915d33ea5ce70ffcdf109dc45f6a2f72443b0a12fb4ef474c
data/flower_photos/sunflowers/14925397761_46ecfa24e0.jpg,sunflowers,8c23d0dd4e72db32e7285f06662f494fe8d94da442e27c35717053f652bd191d
data/flower_photos/sunflowers/14925398301_55a180f919_n.jpg,sunflowers,1e013f5d419481255b7b12fb525ebd0d2c9635554dadbc04e28e99f43185621c
data/flower_photos/sunflowers/14932787983_d6e05f2434_m.jpg,sunflowers,1053d5ffb8e1a9701a35ba6d6106534f10da6c6908a66238596f72e1f4f6fe89
data/flower_photos/sunflowers/14969295739_c132a08663_n.jpg,sunflowers,4fcd32800bff097678c7a4101073696a6a280cd8c83d984712e1d538001fed69
data/flower_photos/sunflowers/15026703621_e15e9d55f0_n.jpg,sunflowers,eccca9ac830e786231a2bb9c7fbf78c08d6bec1024a9d926159f95cf46f46aee
data/flower_photos/sunflowers/15042911059_b6153d94e7_n.jpg,sunflowers,f18de42411e3b8fd38b629502e263603a13658f920ee1b1834cb23043cd3455b
data/flower_photos/sunflowers/15043962658_dcf9dff5e9_n.jpg,sunflowers,78c774a3cb2b7135243a5d4b32ba4638278f5f8ede0601345c25d2aeb7b9948c
data/flower_photos/sunflowers/15054750690_198b6ab0f2_n.jpg,sunflowers,aa24e9e013aa435e9035ba1cc8c65e8d2af320d336f58dbd17b3e2c80e5fb8a6
data/flower_photos/sunflowers/15054751430_5af76f6096_n.jpg,sunflowers,79d0993f22ddd5c6ee84cbcd5228c97368d7cdd5ca30d514d929715bbcd3df42
data/flower_photos/sunflowers/15054752730_fcf54d475e_m.jpg,sunflowers,b03a4e9077ef931d7806be5eb744427d50d50a1c4134ee5e98cbae23f35c0f01
data/flower_photos/sunflowers/15054753070_4f6ae0e763_m.jpg,sunflowers,2af25ff9224a8f6eee4aba7e190f24e13353dcf157b2414474465aa6b6abf109
data/flower_photos/sunflowers/15054864508_0334b892be_m.jpg,sunflowers,4d1b144fbf1e21f85e64d6b4c2f119e650f7312e83f70635b970d4c4d9ea69ba
data/flower_photos/sunflowers/15054865217_e398d0dc9f_n.jpg,sunflowers,0aa71564df06a077a34d33da2a10fcb0bd63abb8d06c53bbd188d86d7410ddca
data/flower_photos/sunflowers/15054865768_2cc87ac9d4_m.jpg,sunflowers,fc89916e5de0630d50ccd116eeaf4d564d998992b107d5280b20106bb7822556
data/flower_photos/sunflowers/15066430311_fb57fa92b0_m.jpg,sunflowers,1235dc340983196227bcd84cdd1d598b97348373dc96b60871d16a63b9b30d5f
data/flower_photos/sunflowers/15069459615_7e0fd61914_n.jpg,sunflowers,65ea2fd6f038f541bea6e28f077e666c755b81441ee6e2224191fc48f69b8d21
data/flower_photos/sunflowers/15072973261_73e2912ef2_n.jpg,sunflowers,65ea2fd6f038f541bea6e28f077e666c755b81441ee6e2224191fc48f69b8d21
data/flower_photos/sunflowers/15081164641_45a7b92b3a_m.jpg,sunflowers,b8a8cce3e8db2b4d5edd90c2b5e365d2b007287a3d0c751c0294bc0d8ccbba8f
data/flower_photos/sunflowers/15108515192_f686dce398_n.jpg,sunflowers,0ad4b66f896449d34c041c911ee975d3df03ee4e7c20ad9edc2b55b9685152e8
data/flower_photos/sunflowers/15122112402_cafa41934f.jpg,sunflowers,16a3816bb2acd429b46ff46c10f8937750a2518e810f18b2b894ae8903f9f334
data/flower_photos/sunflowers/15123604714_dd034a4a3b_n.jpg,sunflowers,a50505187afea8e8356e5f60beb4e37b18ebd5e27145088efef10f5775cb7222
data/flower_photos/sunflowers/151898652_b5f1c70b98_n.jpg,sunflowers,de4c6b14fc15398f7c7e39ce540ca41d74779febf8f0440f4d1615b66bc3f3f9
data/flower_photos/sunflowers/15191613243_82ee8e0fe8.jpg,sunflowers,b2823d42ec515354e595814536ce3b78faab0517efb1e06bd8358902dca9d53d
data/flower_photos/sunflowers/15207507116_8b7f894508_m.jpg,sunflowers,6e0403e2c926ddeba339911b04ee76352cba7160f481bf64a77abd1a1c410a90
data/flower_photos/sunflowers/15218421476_9d5f38e732_m.jpg,sunflowers,2635a993711fc063188dc1af44b743e6ac1e322077d6aa9eea7969068387ef37
data/flower_photos/sunflowers/15218871222_c104032ca1.jpg,sunflowers,e905796785d4e67ca183a0f4abb50cb88169b42c3a2658016095fb4328025088
data/flower_photos/sunflowers/15238348741_c2fb12ecf2_m.jpg,sunflowers,da9b48005bd5041014ceae0a20dcba8b3a3dbef802f9129aff382a402bb403e1
data/flower_photos/sunflowers/15241052342_466b38b68d.jpg,sunflowers,8ba5718aa3ef2abca004e522eb971380eba955c3b88e0b5ce75c4159e35f034c
data/flower_photos/sunflowers/15243175532_ac28c48e14_m.jpg,sunflowers,c1003bc0fb65a57bfca28fd5dfe8fdd22780ed983ab917a016c372c36b959aff
data/flower_photos/sunflowers/15266715291_dfa3f1d49f_n.jpg,sunflowers,f12f43cf6cf70135ed78d2caea097f9301eae55361d803d083b145343492429b
data/flower_photos/sunflowers/15380755137_a2e67839ab_m.jpg,sunflowers,7c867b1208da5e8638d49ec8bbb1288e7b61b4dbb81f27163994cd9dc1268bfc
data/flower_photos/sunflowers/15460162172_014bcce403.jpg,sunflowers,29e760ae910056cbd2f68d18d38aff23de722c0d4f87741402594ce3b579c8ec
data/flower_photos/sunflowers/15493195788_60530f2398_m.jpg,sunflowers,a3ce2293f5f4350278814dbf0fc829c9bad26818e9aaecd338df1ab01498ca9a
data/flower_photos/sunflowers/15495578821_92c6d14252_n.jpg,sunflowers,2b9a412f651cd3d71e8c2441211c35bcd1c42ff185151b19a16c33c73f2e3ff9
data/flower_photos/sunflowers/15495579081_661cb260d1_n.jpg,sunflowers,6aeed573ba3d269f237e789179664440a02611b9201230d9410a5e0dc02240cf
data/flower_photos/sunflowers/15839183375_49bf4f75e8_m.jpg,sunflowers,8e297c3b6d509aa1f3b7210d5c20bd251b7b086fb54dad7d66ee441aca61087d
data/flower_photos/sunflowers/16143151468_4f3c033e33.jpg,sunflowers,4311608f6ca95f7a3e5bb0432cf74d74d7db68dabcd58bd37ed7fc9f0401978b
data/flower_photos/sunflowers/164668737_aeab0cb55e_n.jpg,sunflowers,3555539b270c3f6741c15e2b20d27cf8d87b5e32e0a4e16ec033116b8e14dccf
data/flower_photos/sunflowers/164670176_9f5b9c7965.jpg,sunflowers,c070cd4e3ecb3a050c1d292a608a97b40edec598b0e76fdc4a78d6eeac1a53cd
data/flower_photos/sunflowers/164671753_ab36d9cbb7_n.jpg,sunflowers,87ffac38b99744ee3daab669979d1b345572ff619f24ef6402044fcbbd74a331
data/flower_photos/sunflowers/16967372357_15b1b9a812_n.jpg,sunflowers,7ca9addda39a12f2d5f0fa5f541cdc04f786d39a8fff76775dbbd9f798a2ca2a
data/flower_photos/sunflowers/16988605969_570329ff20_n.jpg,sunflowers,cb1eb1f6e55a1325a25474409871648ec6e827352e90305a6cc78cf7890ed8df
data/flower_photos/sunflowers/17148843706_df148301ac_n.jpg,sunflowers,9f9ccb40fd56f64cf83f2cc01fb6b056c04336dd2d342ceb2053c11f583594d2
data/flower_photos/sunflowers/1715303025_e7065327e2.jpg,sunflowers,93045b1cd6c47aba04d03dae3404e4fd6538dc9e6b20e804e877adb07f0bddfe
data/flower_photos/sunflowers/17433282043_441b0a07f4_n.jpg,sunflowers,8016feac6c75eda71ed48ddd83fb969c1f27b3fee24760ba3995138ed16df512
data/flower_photos/sunflowers/1788133737_b1133d1aa7.jpg,sunflowers,f94ff75dac6fd006b4c16d4476910d1dcff637ab3b351df34c95a82d45ae6660
data/flower_photos/sunflowers/18097401209_910a46fae1_n.jpg,sunflowers,1a11a86197a10c8a2e08ac6815fcaec83db47dfcf8ecc130c45f754646840c07
data/flower_photos/sunflowers/18237156988_9ceb46a8de_n.jpg,sunflowers,9e316ef92922b6ed18c13c058c453c73f447c86131db841429690ef8976096a7
data/flower_photos/sunflowers/18250039435_7654bc11be_n.jpg,sunflowers,eac24c690ac0d7e6b3f780bed0a37ec6948e1db4e37b8040ba972759ed3fbe81
data/flower_photos/sunflowers/184682095_46f8607278.jpg,sunflowers,ccbc6f5b4d03d2b9d18f97c2fbc0fc96957d00711b6910fb7c1abc709930102e
data/flower_photos/sunflowers/184682320_73ccf74710.jpg,sunflowers,1f99decb3da380cca9d286a24ebf134e378c57a9cba25b51f2145f0068523802
data/flower_photos/sunflowers/184682506_8a9b8c662d.jpg,sunflowers,dc7763e1b459257baef73064ecc53702d049e4574be648d65197c4f514d7318e
data/flower_photos/sunflowers/184682920_97ae41ce60_m.jpg,sunflowers,6b4316a3bf99d2a74b36966aad35eb0f9985075e58dc79c2b25b62363050b4c3
data/flower_photos/sunflowers/184683023_737fec5b18.jpg,sunflowers,c1bca80de06dfd1b8ffd0fe1c9b9a59bad0dcace9fca14980f141ff64bf90a2c
data/flower_photos/sunflowers/1880606744_23e3dc4f6b_n.jpg,sunflowers,e49c28e0f3eb0fa1d3de127a006fa73a067c0045233acbd2c92b27e03c87b941
data/flower_photos/sunflowers/18828283553_e46504ae38.jpg,sunflowers,13a01c26e6331914bdcdc01eacc65081858b5e671eb4b1483293ede378f47b08
data/flower_photos/sunflowers/18843967474_9cb552716b.jpg,sunflowers,877c4c97dc8dd62970616c2dd2607d9bcd47d2faa4f163da753ae644e862df0f
data/flower_photos/sunflowers/18972803569_1a0634f398_m.jpg,sunflowers,198ca08a497d9fdc5bb5736ece694814ca32282e48bf05c19e1720ab89b76051
data/flower_photos/sunflowers/193878348_43571127b9_n.jpg,sunflowers,f0a37a297958a38c84a5ec228aefae436c8944560ce72fb600d8a4dca96609f8
data/flower_photos/sunflowers/19442589512_e733cfea0f.jpg,sunflowers,2b8222315c005be4dc73c317e9c81d1e5ef5e2a0a8fb30e155d7ad73ef2b18e3
data/flower_photos/sunflowers/19504937128_a4ae90fcbd_m.jpg,sunflowers,fc4c7a3a70c3384bd8a80c48c725a4a0faf82f6a7ab7df977fbb7d591ba6e469
data/flower_photos/sunflowers/19508264965_d1dfb565ea_n.jpg,sunflowers,3bb359eb24834d2f27753b7b31ecc7a579c5602610c8992787c9ff000c9844fa
data/flower_photos/sunflowers/19595718862_c68896370c_m.jpg,sunflowers,70cfaf7adf3ff3c0e9cae7972b70ea2b7d81ee530c0973b6df98ec1662311dfb
data/flower_photos/sunflowers/19697910486_0086d893a2.jpg,sunflowers,bebaf2257b41740be4d3cbd10cc6d78b1983aa5fa598715ec8bcbf0a73e0c62a
data/flower_photos/sunflowers/197011740_21825de2bf.jpg,sunflowers,8b4b359665de5b0ced0c1794c687378476658103b744c6aada543151a2125254
data/flower_photos/sunflowers/19710925313_31682fa22b_m.jpg,sunflowers,fe829ac4d57a2f33834294ea618e139e76d713208d89b2cb5ab6584b48338b3f
data/flower_photos/sunflowers/19756232959_17cde3b9f0_m.jpg,sunflowers,824840beee5e6d98c9a9136aeb84f3a67de4263b463b76ada6fbf695c2d764cf
data/flower_photos/sunflowers/19784656639_cd7f0a4a26_m.jpg,sunflowers,1ed7080a9c153fd0b38152645c2882f00ed31f16894da2ddabf9dc00b72c0f68
data/flower_photos/sunflowers/19915160340_ec904edbdf_n.jpg,sunflowers,cbc70803cb4645cb4927289c28ef724db6edf74971af54f62f675964816b4c65
data/flower_photos/sunflowers/200288046_0032f322ff_n.jpg,sunflowers,db76d65edf17d8e4362264223fa94a76809cc5822be4ff530f55d982abb7773c
data/flower_photos/sunflowers/200557979_a16112aac1_n.jpg,sunflowers,d0ab697479b30b1d5c2f47c4cb8e88baba40ce99754c8c50d3e8dd92e17b91cd
data/flower_photos/sunflowers/200557983_10a88672fc.jpg,sunflowers,7be5d1e44c9b3f9b694833fff7b5fb77d0461dc0ebd847e4fc7518e542920812
data/flower_photos/sunflowers/20078409301_aa8061bd0b_n.jpg,sunflowers,11380bd8ba400abba77028f1334269e99e65b113ddf4bf853b51b2772c35bb18
data/flower_photos/sunflowers/20148493928_9f75a99783.jpg,sunflowers,b41a408129a248af32de3ce0c0b104fc3b7eeebf0f6ef5fa4d909159744220a6
data/flower_photos/sunflowers/20156280765_a6baea3176.jpg,sunflowers,a067aaa29224befdf9e2479348778eac4ebc0f44a53ceec4c1b94d2888c59bf3
data/flower_photos/sunflowers/20171662239_f69b6c12bd_n.jpg,sunflowers,0820374694aa8dab68340da337108364f3ff9a7555bf5ca4a1d6c819ef9e61f7
data/flower_photos/sunflowers/201809908_0ef84bb351.jpg,sunflowers,6ca79e6e85d5ee24019afcdfaa0af8f711ba66f0b61c4608b2cbc7396ec6c2ce
data/flower_photos/sunflowers/20258015499_93b9951800_m.jpg,sunflowers,4689e71dac62b767793a3dc1e1b2a95154cd30e2b58669eac727a78684a07b8a
data/flower_photos/sunflowers/20342824594_9740b7b160.jpg,sunflowers,dc30e45af61afd12ba09a6ec69c49a4dcb57c9812f6b3c2e3f14fcebb8f38388
data/flower_photos/sunflowers/20406385204_469f6749e2_n.jpg,sunflowers,77e4fd0556b34efd3a247247488d742584392a17e1cb16d46a4042307532d2ef
data/flower_photos/sunflowers/20407896403_a50fef58ac_n.jpg,sunflowers,b5950ea057cb7e0670f5647c81bc929cf7d22ef0d78b7c7b04c26f892f7c99bd
data/flower_photos/sunflowers/20410533613_56da1cce7c.jpg,sunflowers,ee27cf3976052c8e08bcd858fb7094ce5263dcdcf096f935b7d55046aa657b41
data/flower_photos/sunflowers/20481273479_d459834a3e_n.jpg,sunflowers,aa79658af9bd23283a6a34a0d93b23edf554ae180e9193763a85dc01152c12d1
data/flower_photos/sunflowers/20621698991_dcb323911d.jpg,sunflowers,018be29d7ffa4349b4814673278df14d77edb3c03257fcf8544ac544cda70708
data/flower_photos/sunflowers/20667988875_6e73ac2879_n.jpg,sunflowers,9a6a125562e7c76ef89d81f81c6a2e84af1d35ff0be7477dc431dae20e848a77
data/flower_photos/sunflowers/2067882323_8de6623ffd.jpg,sunflowers,f22f0b73c82b439a66ac3781af5a4b2662aa1a74cf719c8f991378f9c57d1b42
data/flower_photos/sunflowers/20704967595_a9c9b8d431.jpg,sunflowers,2353aa9a7f7c23126432b5752f65aa5ebe7af6cc0b006304d6c760d0a3d29f07
data/flower_photos/sunflowers/20777358950_c63ea569a1.jpg,sunflowers,5e407a842ee9271056a8f545fcf01b8d644f731b1586af44d8133cb2381846b9
data/flower_photos/sunflowers/20777375650_ef854bf645.jpg,sunflowers,bbbb3c263cfdc0d63c129db0dd3e2ccd7f353a182ffa19c7df8458dae9dcd015
data/flower_photos/sunflowers/20905163782_312e2c3bda_n.jpg,sunflowers,328c63052c8b4bc7480bb859fe22615f5f358fe46bfb565d1981ca734891f00f
data/flower_photos/sunflowers/20965412955_2c640b13bd.jpg,sunflowers,a807e1c1f4f089ee88ef3e80c22a9b18495ed1537e6260f26ef0b41757df6639
data/flower_photos/sunflowers/20972862281_5367f4af88.jpg,sunflowers,c697647885f8947fcbef8bad00c9c46a457dc9226d2ddad697dab6567de5f77b
data/flower_photos/sunflowers/20972866151_e6a928b00a.jpg,sunflowers,874d3e2e9147a51324e7dae51ddca87ed2fbef75dc9cecf7c2050bcdb707d5b6
data/flower_photos/sunflowers/210076535_80951bc5d5.jpg,sunflowers,9d8aec40d02dac50632f11c384d7111bd15db9b83c6778b59ca68dbf4fd1cc00
data/flower_photos/sunflowers/21134000558_d7d6c9b1fe_n.jpg,sunflowers,37e5c64a217474ce5ca4461b6f1455088e4ce859e948da65e40b81d594bf9e94
data/flower_photos/sunflowers/21349789961_18ba1af5b7_n.jpg,sunflowers,20f13aea2f14d09763de064d93629f3cb809b1b13d64ba0b3a3900b380f0f175
data/flower_photos/sunflowers/21374127408_5ffbe87bb2.jpg,sunflowers,400b7f70b32ec1d9ffc6d64ee02bb50e60a69897d3a30a7bc1e46a614f30d1ec
data/flower_photos/sunflowers/215798352_184d8040d1.jpg,sunflowers,89a8d86d851867e6a5f0ae39d9fe94eff1dc7b187a748904730b5238e94dbe28
data/flower_photos/sunflowers/215798354_429de28c2d.jpg,sunflowers,61a8817c6bbcf0cf5d3c02315dd9551b3a777f1a543a7ea77d189c5c48261f11
data/flower_photos/sunflowers/215798357_3f4bfa27b7.jpg,sunflowers,6e4d4efb9d4ca153a5a8ee1e6082a97312e99eaa530cd7621ba341759b71fc08
data/flower_photos/sunflowers/21728822928_9f6817325a_n.jpg,sunflowers,5c046b51f0ad8fcf7048d55338fccb33523564ebe83513d2bba3515ab14792e1
data/flower_photos/sunflowers/21796333524_38fc8e0ab5_n.jpg,sunflowers,b33f7075951b0b87b0909051a7c6390c8cc28a3d0da12b146f90d6bed65680b4
data/flower_photos/sunflowers/21995435890_e5672244a4_m.jpg,sunflowers,8eb95563114db9ad90f2eb1cc73fbe9d1c18c488aa75844e06fee7d1938a7103
data/flower_photos/sunflowers/22183521655_56221bf2a4_n.jpg,sunflowers,984d50a06e40222c053cd365e7f29cccde0d9064097013fadeb312e440c90d6d
data/flower_photos/sunflowers/22203670478_9ec5c2700b_n.jpg,sunflowers,0445585d04851ec49b94c4a0c9271cdce8ac706f95f59c6fed034ee82c6d3642
data/flower_photos/sunflowers/22255608949_172d7c8d22_m.jpg,sunflowers,0ab30e396a6fff617e179180a8a4142439703b5f74c6597ca9f685036356e3d9
data/flower_photos/sunflowers/22405882322_d4561f8469_n.jpg,sunflowers,6929ee9b7e554e3546e090c57f9c00ba6e53c23aa5c13ed1eb0fa3f331503b6b
data/flower_photos/sunflowers/22405887122_75eda1872f_m.jpg,sunflowers,dc651b804ddfc6c4655c52877163c42e5d254f2bc8041dec52e0b6f262ba96c8
data/flower_photos/sunflowers/22416421196_caf131c9fa_m.jpg,sunflowers,96d4f0493ab67bbf9b9bb92a726230c7aa69f208e80a587aa9fc4b2d3d4f532c
data/flower_photos/sunflowers/22419079265_8902cddb7d_n.jpg,sunflowers,8b34c9a863b27c7cd93e673be35000ec485838d0f56a026020e3ba027431d2df
data/flower_photos/sunflowers/22429946721_e17a12cb39_n.jpg,sunflowers,88cc5ff117737487da124ac3c3f65862ac69d597a8028aca26f604eeb47bccf6
data/flower_photos/sunflowers/22478719251_276cb094f9_n.jpg,sunflowers,74e728fcf195f0d03fbb4f6739bd251560c418a88dbc270dd29ce51cdbadc853
data/flower_photos/sunflowers/22686342422_c0b9e2f38e.jpg,sunflowers,82475c29331997a3f76a8950aa6f71ebcba391b4fc455114506125ad3d2c904a
data/flower_photos/sunflowers/22755811033_cd17b109e0.jpg,sunflowers,4a0a2cbf0c69a0a8222d2dbee4c76b06cc2f88c261d0f8ca31a2baac3c0ccbda
data/flower_photos/sunflowers/22992257000_76dbc599e7_m.jpg,sunflowers,45c27065de790abb88c928a63f3529290ca0c8dc6bed2a043e6c768551c31f79
data/flower_photos/sunflowers/23247483352_0defc7a6dc_n.jpg,sunflowers,d9021cec08dc5ef4355f22bdf2537084d923df7a9b4259331d0fbd43e6a081e1
data/flower_photos/sunflowers/2328600790_90e2942557_n.jpg,sunflowers,5fedb8d5c50bd3f9a7af83b9e5840da170cc43a04b90e4a285efbe8d89ba3ee8
data/flower_photos/sunflowers/23286304156_3635f7de05.jpg,sunflowers,2f3165c4bb367c8c01393c16b082b317cdd8e427c21cba888b6aad85818c1b59
data/flower_photos/sunflowers/235651658_a7b3e7cbdd.jpg,sunflowers,fbc3ee3827e481f76493f5a59b54dd60a0e8fce4f21214a3ac655816edfc3b25
data/flower_photos/sunflowers/23645265812_24352ff6bf.jpg,sunflowers,ca10d633bca56839ccf1903bad8cd0beb26cee33a6f225ccffd216f945e6a556
data/flower_photos/sunflowers/2425164088_4a5d2cdf21_n.jpg,sunflowers,7d7617ba3682b810da657ea895a052dc35e6fd30027427ef5f2f7546a2dd71cd
data/flower_photos/sunflowers/244074259_47ce6d3ef9.jpg,sunflowers,c2b8914eb03656461dea5bfb351a8ec81a8c9548002ef62f7d8e0440bced10c1
data/flower_photos/sunflowers/2442985637_8748180f69.jpg,sunflowers,44faf4abb5b45a62a37d46a4f576a328eb57f3e285f7f82bc2e641ab0ef883f3
data/flower_photos/sunflowers/2443921986_d4582c123a.jpg,sunflowers,edcba1b5303f1b5ecc98e5beebe3dda4160ae9427f07abf31edff08dc852eef6
data/flower_photos/sunflowers/24459548_27a783feda.jpg,sunflowers,fd2d3de51ef8f146c2d4cdefe0abd69dd3175d5bfa6f2d9b1900dead9ee119dc
data/flower_photos/sunflowers/24459750_eb49f6e4cb_m.jpg,sunflowers,597107e6a00b11eadf763ba2dc0f81f0ec59ad1c3dee2f26e4f525f183e05116
data/flower_photos/sunflowers/253586685_ee5b5f5232.jpg,sunflowers,eefcb3f9ff4f518f7d41dafda88c15581d45a004d42e8e9bc2dd45bd5c1d6c65
data/flower_photos/sunflowers/2575272111_f04d79b9af_n.jpg,sunflowers,ec5a7f3c0762962c3909c6b8d98c4280411150680edffb3d9db8288e829aab3a
data/flower_photos/sunflowers/2588453601_66f2a03cca_n.jpg,sunflowers,1f453fce8bdbabf0bfcf96a35d5c3a8a11b9aa81b5f6b3a8e2ba1bd7436d3714
data/flower_photos/sunflowers/2598973480_07de93e91d_n.jpg,sunflowers,637d42720ce467e4794ce74b85db7f97bbf41083be9c233867ab7e68932ded8f
data/flower_photos/sunflowers/2619000556_6634478e64_n.jpg,sunflowers,29df3dce618fac3bf76da6fab1a6601927fe1e3b725ad9711560cee6d14ec582
data/flower_photos/sunflowers/265422922_bbbde781d2_m.jpg,sunflowers,7a9b8a1c975182462c12824118840a807f8a921ba1d8a2cf3e3c2752b2b5ae43
data/flower_photos/sunflowers/2689228449_e0be72cf00_n.jpg,sunflowers,01247d75228d8308c3c1ff5bfab256bc356568bd601ded63a478cc27953787f9
data/flower_photos/sunflowers/2694860538_b95d60122c_m.jpg,sunflowers,50335287e4d7c02b79694afc05fec066cc77e5f72213a6c6cdfbfb62ac71d28c
data/flower_photos/sunflowers/2697194548_ec8f8de97c_n.jpg,sunflowers,b3783458fc561ad1865c9be926833b8b828b84ac6b491bdb11974e5b673f8aa2
data/flower_photos/sunflowers/2706304885_4916102704_n.jpg,sunflowers,2cf78ffc620a15dd31bceab10284872622b110c0f7e6abbc9407601627e1e106
data/flower_photos/sunflowers/2706736074_b0fba20b3e.jpg,sunflowers,ac0e35d7eb368964ea3ef27deb062c21503a6496b4cdfa34803f4af98d8b1ac1
data/flower_photos/sunflowers/2720698862_486d3ec079_m.jpg,sunflowers,588bca1fd641b3dac262eb6597c5e777269d904f38ca948f2a8bd8b1c8770bc0
data/flower_photos/sunflowers/2733109082_1351f6738a_n.jpg,sunflowers,e86338c8f81b19ae5f4ce5e45d10d8d0361618dd8669c878e773db881ec13685
data/flower_photos/sunflowers/27465811_9477c9d044.jpg,sunflowers,3ded07181a14c6050fe04ca165e4f23b7c8c0f010a897e6b176cc1b6f9a17d68
data/flower_photos/sunflowers/27466794_57e4fe5656.jpg,sunflowers,ab6d5ea26be01b4f4ef5ac84f2b77cd744b096154d778a80d26122d85ccd50da
data/flower_photos/sunflowers/274846229_990e976683_n.jpg,sunflowers,033d0ee5fdbb1eeb7e774a677ec13ff4ae0b15ed363cd5a4ddc1c891aba0cac3
data/flower_photos/sunflowers/274848710_5185cf33b1_n.jpg,sunflowers,5695e8a422c0a3600039b6de177e812580846e88605b11f9898f6bdfb6a86916
data/flower_photos/sunflowers/2759796022_55bd47bfa2_n.jpg,sunflowers,fdf1d199759eacf3b70e976a38bd09805470de86dcec61a9a7974c946cf8e570
data/flower_photos/sunflowers/2767688889_b176b0c3fb.jpg,sunflowers,6bad5014ee00a3fce1be18bb77493c88e67a56f039ab8db4a9ec5dd89caa79bc
data/flower_photos/sunflowers/2803725948_5fd1f2fc99_n.jpg,sunflowers,e026d9b39c3528687e923799e37de607cb665d0b98ee0f64ff2dd43c2c3c5a34
data/flower_photos/sunflowers/2807106374_f422b5f00c.jpg,sunflowers,33b2bd809dc8d0b7424bc8c8044d06e4ae63c6d990938ab0a2090814e50f84f7
data/flower_photos/sunflowers/2816256710_a2d3616fae.jpg,sunflowers,202784b6b4f49002c48e0499a34a4d8529b2b633dbfde0955b77d0181aabb45e
data/flower_photos/sunflowers/2816503473_580306e772.jpg,sunflowers,d597dde6d767ed7f0c282db1ed9cd6c4bb113004c3b6f69398f49cf3f57bd9e6
data/flower_photos/sunflowers/2823659190_afdabee45c.jpg,sunflowers,b91802c6fd45c5e7ce822b22199dccc566017a9b4d7ae2281dad82de9fef1ae1
data/flower_photos/sunflowers/287233531_74d4605814_m.jpg,sunflowers,3f55a4a6bdde0b0ea1359d274718db05d0ce82bc58d5ed812aae36e0a651a712
data/flower_photos/sunflowers/2883115609_5a69357b5d_m.jpg,sunflowers,ad05001b905b7a2d8225225a1454c0a7d0280e914e13d6b67aec5a92d229e7ce
data/flower_photos/sunflowers/2883115621_4837267ea1_m.jpg,sunflowers,e951defda367fe6fbdd1526b2202b30162e21d765ca5fa0ff7cfcbf3f9b2c9aa
data/flower_photos/sunflowers/2895404754_6d9f9416d7_n.jpg,sunflowers,0b734812ca70794cda8852c12e2c22770fdf97efddb9b29eaefe448209c5e62d
data/flower_photos/sunflowers/2927020075_54c9186797_n.jpg,sunflowers,95d762c8fdb22f65d83f8458c15e457edbccd748f31900603d12dba536a9e7f5
data/flower_photos/sunflowers/2940221732_3507f3e927_n.jpg,sunflowers,881a5defaacef2a02fd6666e822fa08f6570f735b063b72df064e2b43998b8d3
data/flower_photos/sunflowers/2944298800_1984bd4f8a_m.jpg,sunflowers,1f166f78f821bf0ed142ffcd722fd988f64d5a3aac7710dcecec41bdd8464fbb
data/flower_photos/sunflowers/2949654221_909b0c86a1_n.jpg,sunflowers,6f9d11500339abca8bfd792ef5e9ea5fd5d33853c517dc9c03398b6e6ce8aeed
data/flower_photos/sunflowers/2960610406_b61930727f_n.jpg,sunflowers,e6e633e55b3773786fe238132e86ffd8013f62b2b7b8f3ef7f5bfbaf93513b1b
data/flower_photos/sunflowers/2979297519_17a08b37f6_m.jpg,sunflowers,96db805016dcbfea710e91c82ebf34eefd00174858bbf43d40d1add01844d1d3
data/flower_photos/sunflowers/2996573407_5e473b9359.jpg,sunflowers,ce3dde9eff15e89f78092378061aa454209f69381f44470b5be7918c0d87b63c
data/flower_photos/sunflowers/29972905_4cc537ff4b_n.jpg,sunflowers,71d4d18c07a60531725e35790c238769941da2db60c658551cf68cd87bca6c28
data/flower_photos/sunflowers/3001531316_efae24d37d_n.jpg,sunflowers,d07c0293127289b922de0a79093472029d068b047a6c2a41d569ba809e9b0e43
data/flower_photos/sunflowers/3001533700_1c62fb8b4a_n.jpg,sunflowers,c3b898b8430812cb6d1ad4937144a598ea05b32274d872a58464eb6a1fdfa261
data/flower_photos/sunflowers/3062794421_295f8c2c4e.jpg,sunflowers,99cd9c9966ec895019e29dec14049848b89abde50deab7296138d53441331bb6
data/flower_photos/sunflowers/310380634_60e6c79989.jpg,sunflowers,41b684f824348f7a7f941b5de265657895b643405d9fcdb3f8ed1c0398031216
data/flower_photos/sunflowers/3146795631_d062f233c1.jpg,sunflowers,edcc3eb6282cdf67c6eaa577d2708fa89fa84411998ebf3c10047805ab02b69c
data/flower_photos/sunflowers/3154932076_eff5c38231_n.jpg,sunflowers,520c8a5e33df28df6d2652fc90f5189906846719cfea7dcfcdca4a4bb0763ab0
data/flower_photos/sunflowers/3196753837_411b03682d_n.jpg,sunflowers,dd12c9e970e4d19efc67b2f6d73d0f10870b2184d933c9f3af5d50df81024935
data/flower_photos/sunflowers/3311874685_7b9ef10f7e_m.jpg,sunflowers,7266106041fce262240942023962d1f8a391dee7bb44280bb4336e8a52d9c3a1
data/flower_photos/sunflowers/3334350831_f8755a2095_n.jpg,sunflowers,c51fe87ea75d46373cad5e102dd6108c60a4dc9f6ea61255af6695466c790eac
data/flower_photos/sunflowers/3514340206_efb8198a80_n.jpg,sunflowers,02af1c1c70bb55a682cbfd096c9763dc2f228f029ac844797cefa3f9ebc0e74c
data/flower_photos/sunflowers/3575811488_a31714472a.jpg,sunflowers,98c7def5503c734d50024cb0692d9e40de5b0e0ad70818d0b94b21543562b144
data/flower_photos/sunflowers/3594967811_697184b026_n.jpg,sunflowers,a62146f7baa81e6f69c8d2f0af6a88285a4546e7b4ce31d92f1af0d61a6b8bb0
data/flower_photos/sunflowers/3596902268_049e33a2cb_n.jpg,sunflowers,c885006ba1bcd16dd54f70648a5edeb4eca5e9d8dcbfacb5ce46e4310b859b2a
data/flower_photos/sunflowers/3665455426_9cd1c3af4a_n.jpg,sunflowers,1107e01362ed28c99b9758bd35e11fed33b49c1d807284fd731b683882c04dfd
data/flower_photos/sunflowers/3681233294_4f06cd8903.jpg,sunflowers,0c57bdf53bf51d27a62e1b4367460e3cf884617584c33976a204d6b0a7419d86
data/flower_photos/sunflowers/3683873444_be4a609c46.jpg,sunflowers,6608d87849f35dd59677149f0037b65e188ee2a29c690a9fd58c44810b3664d3
data/flower_photos/sunflowers/3766264038_ea701c7131_n.jpg,sunflowers,a313e357eed8a348aaba3fb2bd32a1ed045c832f1d00aa33ecf2d7ea7fe8aa08
data/flower_photos/sunflowers/3784815653_5df39aa9c2_m.jpg,sunflowers,1769cab0e73ee6dc2344e08042fa91192427ec2020b17563c8368c7a75183fb8
data/flower_photos/sunflowers/3815322974_52c12dbde3.jpg,sunflowers,180b423fafa26353eb0d5aa0a763fe922568be752887bce46016888ff1c4cfd0
data/flower_photos/sunflowers/3838274225_36010c6254_n.jpg,sunflowers,7b4363dd5d9aa3b67dd01f8f2afbcf0fc4246885d5898aebb6033d5eda763d13
data/flower_photos/sunflowers/3846717708_ea11383ed8.jpg,sunflowers,9a445c47e92c005ecefd9a905cb968fa2ace52acfe2f06aa71d34726560716e5
data/flower_photos/sunflowers/3858508462_db2b9692d1.jpg,sunflowers,78b31b6f153db4a3b3e86bc527dbdacb86539e46bf8da8e5b2b0912736963513
data/flower_photos/sunflowers/3865206264_5d81584bba.jpg,sunflowers,8a07701a243b1de6b0343c6572af5e1027f2f364325654d4a8e59c091313bca6
data/flower_photos/sunflowers/3883895985_bd20198371.jpg,sunflowers,bcec08edb190061ace7760ccfbe1bdec6b232bcc5a124654379449080473b29a
data/flower_photos/sunflowers/3897174387_07aac6bf5f_n.jpg,sunflowers,75529bb1241fd817ff4d2a3e05304b5180b190520873e2d700b7164fb6217ab7
data/flower_photos/sunflowers/3912497888_e7a5905bc3_n.jpg,sunflowers,ffdc3de7af1d7d40442d305be04d13639bd65d3574a9d9259919d0ca86789d43
data/flower_photos/sunflowers/3922005347_7b6fb82fcd.jpg,sunflowers,68f0ad38258d28dad38c79e8505a304d506c3f7040882afb128e6bbad811bd49
data/flower_photos/sunflowers/39271782_b4335d09ae_n.jpg,sunflowers,ae7efdc0628de7637b0a247861b2c1b158a5009af6e7bbf56103b1bdbec395c3
data/flower_photos/sunflowers/3950020811_dab89bebc0_n.jpg,sunflowers,b02e0f0b8090187697c714d5234820eed414e11b5e9394529145738fe8da394c
data/flower_photos/sunflowers/4019748730_ee09b39a43.jpg,sunflowers,ebd18d80361489a45b072a81a74a4c42b8f4ea4f2135d6bfd3fe642c484ed9b3
data/flower_photos/sunflowers/40410686_272bc66faf_m.jpg,sunflowers,a3c38852e0af9b417aa974422c2e0dd031ae18773b01f471d61bf20c27180b32
data/flower_photos/sunflowers/40410814_fba3837226_n.jpg,sunflowers,b2c90e4a6297a540f7aeb1e17a80dd46b41116500e0c465523eb68f42d88d841
data/flower_photos/sunflowers/40410963_3ac280f23a_n.jpg,sunflowers,2519e494dba7761dc6e1a674dae5fd17321bbb1a09d63357e8b682591a95c53c
data/flower_photos/sunflowers/40411019_526f3fc8d9_m.jpg,sunflowers,f4ca652222e0be160a65cf1c0c285a8e852ffac374b5790003d13f082c3a37da
data/flower_photos/sunflowers/40411100_7fbe10ec0f_n.jpg,sunflowers,d6f5de28907ad1ddcfab6bb3a40c3332ed935f4d0a208ecfa3becc9444d5f758
data/flower_photos/sunflowers/4042816698_578a1d599e.jpg,sunflowers,fe819f346005167e291c9974864a582902e7aad65dbaffab75a2ed09e65a3638
data/flower_photos/sunflowers/4160805260_cf758daeae_n.jpg,sunflowers,6da6a7eb692ad2e96cb31b67ea4065057fe707a5dc2a1c7c14e6283fe643e322
data/flower_photos/sunflowers/417251603_69f0ee57a9_m.jpg,sunflowers,5e1edb9e1a0df9013099bfdf256bb8b42f84b2780c57be2da88a6fd5080d7499
data/flower_photos/sunflowers/4186808407_06688641e2_n.jpg,sunflowers,838a1a91df9066058441482cb896a0dcb3b7f192ef9db370dbe9a8065b2ea3d2
data/flower_photos/sunflowers/4191299785_a4faca9b74_n.jpg,sunflowers,98de5ac039f3b4860676c62581a7f542cff51a564037d3c4df940aab0eb81423
data/flower_photos/sunflowers/4398771472_44f2a0c162_n.jpg,sunflowers,d78f3cb530c42d8f7ec5524c7459fcb0f892fc797bbd52a01210888382ec1a16
data/flower_photos/sunflowers/44079668_34dfee3da1_n.jpg,sunflowers,f18ba9b22c9366fde9e1c4e680fa5a3abbe9dcfe5c19cb1443ae7443919a96bb
data/flower_photos/sunflowers/4414080766_5116e8084e.jpg,sunflowers,f2e41bf4de5b9768396c10827b8cb4c51cc33a3f6be37a67560ff5b8d535e849
data/flower_photos/sunflowers/4414081772_8a0e8a1327.jpg,sunflowers,8106f9804ad8c0a28a423a4d662bd7e3dde949aad528a2442d5dad423d9f99bf
data/flower_photos/sunflowers/4414083164_3f285f8ac5.jpg,sunflowers,8652450d29124b148f47f1f977ed326a79add460db811efbfb021a8b09d026e8
data/flower_photos/sunflowers/4414084638_03d2db38ae.jpg,sunflowers,1e33605340f5cb7b58c60da634dbac96de057b436f9ee6133b0ee047f30d9a73
data/flower_photos/sunflowers/4489516263_e49fe82637_n.jpg,sunflowers,871aa835fa040beb33076477bc6e3ef0634c63f2f0cd55316d066c90e9ee3d42
data/flower_photos/sunflowers/45045005_57354ee844.jpg,sunflowers,7c57b3c17c4734c6788ac65b79952ce0e1fc3e909178846f985c52b9c671861f
data/flower_photos/sunflowers/4623843480_23e3fb8dcc_n.jpg,sunflowers,d8a194ddd732e6ec09a71c77c6a87b740c3eb17afd864cba9d8843de405f9019
data/flower_photos/sunflowers/4664737020_b4c61aacd3_n.jpg,sunflowers,243b9174a9f49a7a9192fb595aa6525607238e4e93de4165844bedfa120f6179
data/flower_photos/sunflowers/4664767140_fe01231322_n.jpg,sunflowers,0a197de15ce61c91bd19fbce5744abc244c8666b13896754f47fdfbd9451e8dd
data/flower_photos/sunflowers/4673984698_6ec14d5b79.jpg,sunflowers,1e7e317ea4892b2c7a97b86149e0988d0e9905b91491efff24a7ddcf2336c5f6
data/flower_photos/sunflowers/4689061249_6498da5013.jpg,sunflowers,ad1bdf0c9cadabea52e7cd14b71fab9bb68731119fdb132c18b64bf133327b64
data/flower_photos/sunflowers/4745980581_a0b7585258_n.jpg,sunflowers,9fb936a6171be44c541e221e51babffa6492b84daa4a8b40e9a0c7ebfd8555af
data/flower_photos/sunflowers/4746643626_02b2d056a2_n.jpg,sunflowers,12e9afc13a4663e1f89072960f083e5f41451bd6b76737b1e0a59dfab2a7af48
data/flower_photos/sunflowers/4746648726_e37a2de16d_n.jpg,sunflowers,e677dc04326e5d28b41b6aa8e95b29cb033375bd2129403657b8f8c95715036b
data/flower_photos/sunflowers/4746668678_0e2693b1b9_n.jpg,sunflowers,97c18b1e7ed3f45f2bce98e0d634e5537d76c1e204c954fbd95695e96969619f
data/flower_photos/sunflowers/4755705724_976621a1e7.jpg,sunflowers,681fce3cc56ce19c07a690c22297e15db7178de904a35dea1da14507ca0c36f8
data/flower_photos/sunflowers/4805544785_a63241f6d0_n.jpg,sunflowers,592dae04cdf18858bffd4a68501a01927710dac0443842a315337a09b0d51ecf
data/flower_photos/sunflowers/4806174512_e04475b766_n.jpg,sunflowers,e9748435359191630c27e4bbfe1fe1c233baed9311842c07fb297d7e133725a3
data/flower_photos/sunflowers/4813483281_f3707a71e7_n.jpg,sunflowers,5e5223d9ad32041fdd1cc38a438e42409b7bac4f01f4d9cbb3b02fe72c5a9537
data/flower_photos/sunflowers/4816636411_0135bfe2c9_n.jpg,sunflowers,1f2db82965c95ac05ad04d39f9f02e776d9ab50307171c07769c7c13a13a668f
data/flower_photos/sunflowers/4818994715_9d90527d18_n.jpg,sunflowers,146d1c4878618f1f8c0387b9c2b2a7fca0c90379e9c5b3ff23afc947a47482cc
data/flower_photos/sunflowers/4831577091_f56157a5d5_n.jpg,sunflowers,93f6c3c8fa56694627d9c66d60f4e8e5f88aeb0906a890433c823a177473d9bb
data/flower_photos/sunflowers/4846786944_2832c5c8b8.jpg,sunflowers,77183d20013d1420c528cca32c2f7f89489561ac143928d9d0f07aa447598fcf
data/flower_photos/sunflowers/4847062576_bae870479c_n.jpg,sunflowers,bd64f9aacdcad047a7ed75f44cc5cbb9dceaeaf554b51c420afd3b3ef52ebdd1
data/flower_photos/sunflowers/4848279231_c4960e28b2_n.jpg,sunflowers,4ff792f92db083719d1e2211b4d368575355b34ad611a7556b7ceb224cc416c9
data/flower_photos/sunflowers/4869189730_f47c124cda_n.jpg,sunflowers,65ced2cac550583dbd379c67ce04d1090beae576b484eea0653733929ead9d03
data/flower_photos/sunflowers/4871455214_8b5fb87ab6_n.jpg,sunflowers,91b47bf2e4194284a78dfd5393599a7bbec636e681cbfdcbfcdafe592c9e4358
data/flower_photos/sunflowers/4872892690_52dc25b0b4.jpg,sunflowers,4d711ce0553b4f94f6831c2ee707aefb80a4253542cc88f94d46bf14fd238269
data/flower_photos/sunflowers/4877195645_791c3a83b9_m.jpg,sunflowers,ce8dcd9b229c47d2b7a5673548f34d681cae63c0ca1a5bb63a6d7dc1938f13f5
data/flower_photos/sunflowers/4878447831_e904c60cf8_n.jpg,sunflowers,d7a9ad04631640e51f3d648fb5e50535c7cb29d4a8e4951fa28bcb840992fe8a
data/flower_photos/sunflowers/4890268276_563f40a193.jpg,sunflowers,6c2d2fa5c118b868a9992c3eb6dfd912aa9a678a7ab8bc9fd165d142ca41e7ae
data/flower_photos/sunflowers/4893660821_eb7f02bef3_n.jpg,sunflowers,b402091b4b948663c77d94db32badd3c74970e25abe167e9d5e614b994a3ecc3
data/flower_photos/sunflowers/4895122831_83db2ba2d0_n.jpg,sunflowers,06c6f46a4409f08a91e1cc0cc9d75c901fd34d26bba29265ecbb1a8a6bfbed02
data/flower_photos/sunflowers/4895124535_11a2bb704c_m.jpg,sunflowers,5f23495841ad1ff9c5d23817659309e8073b46adbaa4541c02884181209abf03
data/flower_photos/sunflowers/4895718876_0246882882_n.jpg,sunflowers,1040de2c6531d3359ccd7b914db0db4c399f94a7db59f049d9251145161d9229
data/flower_photos/sunflowers/4895719476_bd3b6bd6fd_n.jpg,sunflowers,6836bbcb59ec5a801e4015a1b1aeb856ff399f78fb6752c8a121d5c7139e6c0f
data/flower_photos/sunflowers/4895721242_89014e723c_n.jpg,sunflowers,0b82a49d5ebba8916983e7fd96d6cc3df06b98c39346c03a30f7b8948ebe7314
data/flower_photos/sunflowers/4927658421_7eed83bc95_m.jpg,sunflowers,6e9733e9cfa359e1f17a70f71617911a7126f88387360151e2c7598bf281f057
data/flower_photos/sunflowers/4932143849_018486cbf7.jpg,sunflowers,4c9d7f83b63f3162d2621434465af7b92acd19d941deb2babcc5119f874230e9
data/flower_photos/sunflowers/4932144003_cbffc89bf0.jpg,sunflowers,26a5b62c67d7fa794dcab2140924a08558d41a0620ad6199ee3caff6233deba0
data/flower_photos/sunflowers/4932735362_6e1017140f.jpg,sunflowers,90cb7be4426f82750b0fc45ecf564bec3fd540b0b0b4af114c140fa17ef2d362
data/flower_photos/sunflowers/4932735566_2327bf319a.jpg,sunflowers,d9b57cb0a02d0d948075b64310b204da3a364378464465d9ab220ea3057cb939
data/flower_photos/sunflowers/4932736136_0115955987.jpg,sunflowers,3664980510401517e5e7fc1eb6f5f71b8e8fbbcc1adc290cc274c9f7cd4a7d99
data/flower_photos/sunflowers/4932736308_827012cff2.jpg,sunflowers,97af326ffe2a29c5307f950470f0b27bdd9633b8577cd7ab51a94076de95ebad
data/flower_photos/sunflowers/4933228903_9ae82d0b9d.jpg,sunflowers,c183b20f8a7a5e42a19e6ae33fa29a9765eb9f7af6c371d69293b0eebc77f2d4
data/flower_photos/sunflowers/4933229197_ff75a40d55.jpg,sunflowers,b23e15774d7dacf746445978cf41eed2e682a4905da71939970186b1f441d448
data/flower_photos/sunflowers/4933229479_c1708bd503.jpg,sunflowers,119c2c9f0a5ce8af8bf46bc5269a866d7967776af7c06af6fcc621b388aea168
data/flower_photos/sunflowers/4933229561_881d4673e7_m.jpg,sunflowers,0df0112d2cd9b4bde764b313a9d7d617f859d966557df536b48296f62d88581d
data/flower_photos/sunflowers/4933230247_a0432f01da.jpg,sunflowers,50db531ad6619b1ba914cb32c718e945cc3f27dbaff733003f88853c60e8ba2c
data/flower_photos/sunflowers/4933230991_d50c0f7c66.jpg,sunflowers,e666210f21532cc816824af43ab54076cec4e866c1700e0fd5a9feb65ee4e696
data/flower_photos/sunflowers/4933822052_2dfef02517.jpg,sunflowers,d1ca1285e1e68802dcda0bf8c288aa1b9e96079cbc73ee211736f8f91f2e8b22
data/flower_photos/sunflowers/4933822272_79af205b94.jpg,sunflowers,ebfcf4df913d5d6a60605e5960ecfec7ebfd9514ef660e280610b4c1fe69757a
data/flower_photos/sunflowers/4933822422_4f54fc7cc8.jpg,sunflowers,2283537a9e3732eb9fa56cf1d32811694f7305a96579f5db182ea34341069341
data/flower_photos/sunflowers/4933823194_33f6e32c5a.jpg,sunflowers,dc0bd6b901ffc81a392ee290eae23d873daea37e49f94f7a17c11e2dfec0e40a
data/flower_photos/sunflowers/4933823922_911ac40b0d.jpg,sunflowers,bee66b1ba3189388d8ffe7dff7803a23aea39988c3a74a0b3acda460bb30fe59
data/flower_photos/sunflowers/4933824012_8cbfe606f6.jpg,sunflowers,c9d21b6eed48c6071847c3f3b0727b2ef0b3acf2ed52e65004e6fce4cf3af6fa
data/flower_photos/sunflowers/4933824130_b99839a80d.jpg,sunflowers,4cd2501242db3c1115196a04f46bca54485855b50966659bba3616aa47f02626
data/flower_photos/sunflowers/4940287066_385afd9c18_m.jpg,sunflowers,6fb8caa9c0829d4ab7abd003e5fd82803267f4fcfb58d9e151160a9477e8fd67
data/flower_photos/sunflowers/4942258704_c4146b710a_n.jpg,sunflowers,3ee711513fd15cd1dc3abd017885806aabe2c75958991c123e2132fbc47ad650
data/flower_photos/sunflowers/4977385375_e271e282f9.jpg,sunflowers,7b6950bd520b2489546fc250fb2dacaa151254435bf88bba43752550bbc72039
data/flower_photos/sunflowers/4980406384_791774d953.jpg,sunflowers,9310b736852fc018ae6c2e694a8bdaf36df1de7de37ef106e10ae66932264811
data/flower_photos/sunflowers/4989952542_35f2cdd5e2_n.jpg,sunflowers,321cc690a6fc584089b9c052c8f4eb5c2a08b08ccad8cb539c426ed83d56d880
data/flower_photos/sunflowers/5004121118_e9393e60d0_n.jpg,sunflowers,04746db56e716a4b3ba1a2321287b0c49e1bf7c2664e47bad8697e580b2aaa29
data/flower_photos/sunflowers/5007598545_90e08e81c1_n.jpg,sunflowers,c7624af2aa0d1636641e43ed8d79f60054eb02663153efca4479d52050141878
data/flower_photos/sunflowers/5015462205_440898fe41_n.jpg,sunflowers,0d9d81a055b994b093cf1672494f45e654485d6a5b26cf04b3bde728b6b3fa4d
data/flower_photos/sunflowers/5018120483_cc0421b176_m.jpg,sunflowers,4e1212ae8c6810ceefb52e916a43d9f814f9f1dedb245be682eda7fe1fcd7999
data/flower_photos/sunflowers/5020805135_1219d7523d.jpg,sunflowers,ed8605cea23d6551bd33709198e14c4aa5dcb4466217f733f1c72e30719b5bd3
data/flower_photos/sunflowers/5020805619_6c710793f7.jpg,sunflowers,86a6f39e1cb3b1c7f0b02416c565ff226ed6c5e1cb87075114f524dd51b9a212
data/flower_photos/sunflowers/5037531593_e2daf4c7f1.jpg,sunflowers,3c1e561169e3343678c957268085329c9243ea3a6309dfb239e77d7d8c89d65d
data/flower_photos/sunflowers/5042785753_392cc4e74d_n.jpg,sunflowers,95ae4be5e6535674c2148191fb9cb610fa8bf5cf5ad9494c968a7d6fa67768c6
data/flower_photos/sunflowers/5043404000_9bc16cb7e5_m.jpg,sunflowers,080cafe6dffc00976b9d1c7831f2705aa0308d4097ffce65532ad5f5a383e1d9
data/flower_photos/sunflowers/5043409856_395300dbe5_m.jpg,sunflowers,6d30f0f9f295ca522bb4cb09b1192f036ffcbaebcf1a3f11b43d84fc7323e2a0
data/flower_photos/sunflowers/5067864967_19928ca94c_m.jpg,sunflowers,0ef8f41b9c6482cbfec8e34c29d204ce997fc97860b263e3335e2dea1b37afff
data/flower_photos/sunflowers/5069564563_ae03792c3c_m.jpg,sunflowers,c89c250280fcf45d1e995bce345d0c95cceb11c0a0ac863a892e0e400313476b
data/flower_photos/sunflowers/5139977283_530c508603_n.jpg,sunflowers,d74e0cb3c1f60d1b7244eef467c32306ec4305b1d0e8c7b4ac4f6700427f257e
data/flower_photos/sunflowers/5139977579_ea2dd6a322_m.jpg,sunflowers,56bffb1268eabe354348a2eb4e33afa45a65c0d0733221aa2b73fc0a10c770f3
data/flower_photos/sunflowers/5223643767_d8beb7e410.jpg,sunflowers,a5a50337f9ee01dbb7635e342ebdec5f9b09f378772f19021c0839ecf3199d3f
data/flower_photos/sunflowers/5231868667_f0baa71feb_n.jpg,sunflowers,d638e6bf140fdd8cdc5e9d5b8927e2bc0ffbc5c4255e792c354d0ff6a0f1dd39
data/flower_photos/sunflowers/5293283002_9b17f085f7_m.jpg,sunflowers,fc7b2b821011a1a057125c88ccd572ff8dd1831c820970166db8924f5ab658a3
data/flower_photos/sunflowers/5330608174_b49f7a4c48_m.jpg,sunflowers,f5969fe7fde22363e9fd9fba0814b6dd1ce8f2aef6ed54b4f4ffdf8f0e8fd000
data/flower_photos/sunflowers/5339004958_a0a6f385fd_m.jpg,sunflowers,f869f4e33ac35fa2eb22470b4061878f4c53979734e0fd4ee2d323f6e74c3d43
data/flower_photos/sunflowers/5357144886_b78f4782eb.jpg,sunflowers,213ee1d8179d2b332f778c4e7baf0c8de1f0b40eb23d7e1e6bb0df28fbe07307
data/flower_photos/sunflowers/5437996076_cf7e2ac32e_n.jpg,sunflowers,3548c4ed3c0f2c5a70903e91c0a6545ccb9f8cca657f65439f6c5700d862c6e4
data/flower_photos/sunflowers/5492906452_80943bfd04.jpg,sunflowers,831cdb9f3b8ecd6a5187432f20d00e704f0c63b3038142d6698806788702593f
data/flower_photos/sunflowers/5738580862_e128192f75.jpg,sunflowers,2e19bf2bc415ab0465cc9097f4d5f37773b60d740e74b91fb9c8c0582ecf4d5d
data/flower_photos/sunflowers/5830614551_e460a1215c.jpg,sunflowers,9a2fc6952dc423ccaa583008153684d32d9f8da8affd48fe3b3c734317c29453
data/flower_photos/sunflowers/58636535_bc53ef0a21_m.jpg,sunflowers,5b8661ffebd551c571c3bf5b494e60933628ea767d3ef673d85825d610552175
data/flower_photos/sunflowers/5896354497_6a19162741.jpg,sunflowers,5046199682f88eb486a6a131c8bd385f6f0361abd264b5eae038f7f99318c8f0
data/flower_photos/sunflowers/5923085671_f81dd1cf6f.jpg,sunflowers,814829f09e3ee3cbf34e811d474d9daf43910a260ced3c7eece298d844b987e7
data/flower_photos/sunflowers/5923085891_27617463fe.jpg,sunflowers,b0e8a5671a3709d1dc68c2f104a012b753b8af61fc9193374b056a75892874ae
data/flower_photos/sunflowers/5923649444_a823e534e9.jpg,sunflowers,be7b2f24e83b4606b1ab58b889013443f3951ebf6de0381d455536230c6331ed
data/flower_photos/sunflowers/5951665793_8ae4807cbd_n.jpg,sunflowers,4a153e646c9ef3ae166714dd54533bbb96c374fe1a0c2fda8f43a6678d1b8810
data/flower_photos/sunflowers/5952223760_85972671d6_n.jpg,sunflowers,50c0a3254387a2bc13dcc9b9e08172ec55a8f9b2cce2dacc2dda0aa4f618a33f
data/flower_photos/sunflowers/5955475577_3d923874d9_n.jpg,sunflowers,fc0d461bb58f7ac2c1202215ade9318eca3cf275b0e08fafc870d36f63407ca4
data/flower_photos/sunflowers/5955500463_6c08cb199e.jpg,sunflowers,387139ea59b2c12262c9189fdd2f1f2b473e3935d5f7fc7e493d03ac4d17b2f3
data/flower_photos/sunflowers/5955501969_e42f038a6f_n.jpg,sunflowers,d92b34994276b72c452a8a76d9c94d85c48ccb44b22a835435ffd54e1ccca596
data/flower_photos/sunflowers/5957007921_62333981d2_n.jpg,sunflowers,b295479c3122c9695bccfd0f01dbaeb99304b8b08edcc5411212939bc59a3799
data/flower_photos/sunflowers/5966729883_67f4fede93.jpg,sunflowers,55bee55255b92a10cfeae2edb0106400c989c151fc89f5f5a25cc1c5ae42ca5f
data/flower_photos/sunflowers/5967283168_90dd4daf28_n.jpg,sunflowers,965edec8e4ea1c85ba094cccc5d35e6fae4ebbd7a8b2061826d3eee03111f929
data/flower_photos/sunflowers/5970300143_36b42437de_n.jpg,sunflowers,11dfd3288adcbd6a889828f252a9144b77d21c3158872da6a4bfdc7ab0a887b6
data/flower_photos/sunflowers/5970301989_fe3a68aac8_m.jpg,sunflowers,25cb39c8af7b19341fe5263fc568ea8179289b11818e5680989c6d4aae23cb4e
data/flower_photos/sunflowers/5970869550_d7d9fabebd_n.jpg,sunflowers,c19df5562a8a54cea23c55f933060c66e94a3b5aa76d933b1676b7e6fa04fbd0
data/flower_photos/sunflowers/5973935729_2868f2db1f_n.jpg,sunflowers,403b34cb0cbb6ecfb3ab5fda13f00dc3586ca5ea5a99c65011e2b39b536437a9
data/flower_photos/sunflowers/5979111025_3bcae48ae6_n.jpg,sunflowers,4b80553a2c66f235c69e087482d0ad877d5b611d3a7470836d9467fd3bac57f4
data/flower_photos/sunflowers/5979111199_495884b578_n.jpg,sunflowers,3d07392fa68134dd36274a37986551cfb4864bc2d241b669af5133834029debb
data/flower_photos/sunflowers/5979668702_fdaec9e164_n.jpg,sunflowers,55ba0ce5f81e9df7eea8a7013532fdd64257f9ec42de10b4688f76e38df4fa12
data/flower_photos/sunflowers/5979669004_d9736206c9_n.jpg,sunflowers,84ef0ac5532717e962efbf6b59b73bbff73d1229f66216d69c0c9761d7c28f70
data/flower_photos/sunflowers/5994569021_749d5e2da3_n.jpg,sunflowers,f5c5241fa35b15aa0c49a4a6a85d51f955423180f5e40c0a2cb28019ef1e237e
data/flower_photos/sunflowers/5994572653_ea98afa3af_n.jpg,sunflowers,d05107f52bb1973541ed086c6b8b1debfd809d8c7f5b694c8d4c61cad9bf19fa
data/flower_photos/sunflowers/5995136822_8e1eed76f5_n.jpg,sunflowers,bb5413c661b54ee704b8d50a87c406fc6fdbe1fc07189549609a273b5b3e68f0
data/flower_photos/sunflowers/5998488415_a6bacd9f83.jpg,sunflowers,665ebd46d09056952b9192e68c12a587656a6541d4347cf416a998ff18535180
data/flower_photos/sunflowers/6042014768_b57f0bfc79_n.jpg,sunflowers,6147ea13bb11770d282af45f893e0da8550186dff20bc89ca8b0b2882bdcf9d3
data/flower_photos/sunflowers/6053739964_a1d9ab3ed1_n.jpg,sunflowers,9208b0bbd31f2365ee75709e9b24e444255f3828b7a986d2af7b7efc2777d121
data/flower_photos/sunflowers/6061175433_95fdb12f32_n.jpg,sunflowers,f2fd7cb2d1bc13bd8a1636a7ec9e73079be326e349064debe82ee3cbc2d26538
data/flower_photos/sunflowers/6061177447_d8ce96aee0.jpg,sunflowers,e5f973bf1ba088c587ef1a0a60e921ef7eda0af28e2572971160e1fdfbd0c169
data/flower_photos/sunflowers/6074427492_1b5bab7848_n.jpg,sunflowers,3fceae79d4b2adadc4750af05e104f7af769e2bc54413d8402dc5eb9f0a8a018
data/flower_photos/sunflowers/6080086410_17a02dcfb8.jpg,sunflowers,c2498b7c468aabdcdb8d2d30eccac0e5b60c80288fc3124d8fd3b13b686783e5
data/flower_photos/sunflowers/6104713425_8a3277e34a.jpg,sunflowers,a5b1c458a78e4b5c9e8dca37065b74d20293c5185aeef8456d63307fb464b3bd
data/flower_photos/sunflowers/6112510436_9fe06e695a_n.jpg,sunflowers,503b7ddd08d73495cdd2968a7d3fddb7c3aa869cdef1facf1ae197a9a1aa0917
data/flower_photos/sunflowers/6116210027_61923f4b64.jpg,sunflowers,fcf2b7559b22f09fa7c1b5573e6d62dbb0c8ecca3c6a57b9c855d4dcc1bf0a8b
data/flower_photos/sunflowers/6122711533_2c219f0392_n.jpg,sunflowers,f2c8aeef013b2e8fb952b1ea458b5ff640ceb40b3a44b3fd90035c7da5be63f4
data/flower_photos/sunflowers/6125761554_4e72819ce4_m.jpg,sunflowers,97fb5fdeb5f9a45e6d3b4060d3ad500f76c8b5c62f66b5627956708e83c5d36e
data/flower_photos/sunflowers/6140661443_bb48344226.jpg,sunflowers,b63f2d27e01b37de661cbc4058ab33737898da64e83948674ddc85ec41093813
data/flower_photos/sunflowers/6140693467_211a135b6d.jpg,sunflowers,62e5d3ac0e9bf124d3fba63cf4a9d66f56c2083aef658d287fd3815c21eaf28e
data/flower_photos/sunflowers/6140808687_88df0fd733.jpg,sunflowers,ba701fd9d47986115730d3b8b78bd82f211439ed3f1cc58af8c6ddd1772809e7
data/flower_photos/sunflowers/6140892289_92805cc590.jpg,sunflowers,f735e50d43b289b3f44a41f6a74b0a2031950afbe1d2864ce619c56d2ab5e656
data/flower_photos/sunflowers/6141150299_b46a64e4de.jpg,sunflowers,ea9dc1fb1c0bdbbd1032e118ea5bd82a32e3afeaf5af242ecd15ac09341b40f4
data/flower_photos/sunflowers/6141199476_9b6d383fd9.jpg,sunflowers,c0971357c04b6f35680b7e14be8f0c441d6d7a01636cabc4ba2b18391c2e80b0
data/flower_photos/sunflowers/6145005439_ef6e07f9c6_n.jpg,sunflowers,efe7386589ae92e7b6890fccc874f5f566f0ca266517b342acc300ac796872da
data/flower_photos/sunflowers/6166888942_7058198713_m.jpg,sunflowers,88b33828883effdafffc5652d2ee8a934706ba1fd97c6d745399c7c78bb9323f
data/flower_photos/sunflowers/6198569425_e953b9e6cc_m.jpg,sunflowers,c429a0448afb6b81201fefc000b810d09283d318053a06772c8b365f7b8d902f
data/flower_photos/sunflowers/6198569587_23c3693328_m.jpg,sunflowers,cf26113033d3555a91a14f7b44714b7d14c7f61c65a3c8b325d7f48518288ec8
data/flower_photos/sunflowers/6204049536_1ac4f09232_n.jpg,sunflowers,6ddf5cc6afc1f10deb01ee7d6edca3e86698924f0d7a19b53b34e257f918c310
data/flower_photos/sunflowers/6239758929_50e5e5a476_m.jpg,sunflowers,c8a530f1a769018c2a6d35612b5004d5310cefadd6f69bdf719d8c0a7eaf3881
data/flower_photos/sunflowers/6482016425_d8fab362f6.jpg,sunflowers,1579232efbb13274fd540db9d44ff546feedf2e06ad62b5150695a5eab3e9b9f
data/flower_photos/sunflowers/6482016439_b0d06dac04.jpg,sunflowers,7d58408f29d7ddc4baa751a404b5b7328a8eb1d64d8ea9461fba2bb3b37885f7
data/flower_photos/sunflowers/6495559397_61d01c0c57.jpg,sunflowers,68f5675db0f6401e0b4262de43f91f8f6e189c138ecf14a3d487b9bd6921c8a7
data/flower_photos/sunflowers/6606743797_c90c669757.jpg,sunflowers,e6b32e0fca58ab83c9828178b4293edca61bc060100044bea5fea29a710d291d
data/flower_photos/sunflowers/6606749757_b98a4ba403.jpg,sunflowers,0198409293c5db6f037c14c7b09a12e0e7fc77ec760ee9424c2e8b9c7b452fd8
data/flower_photos/sunflowers/6606753075_72ee32aa30_m.jpg,sunflowers,c61c214443e520a48bb7039efae024ca259621e0224df823baf12ba159a90793
data/flower_photos/sunflowers/6606806621_5267acdd38.jpg,sunflowers,004cdaa9e5441d0f78e21a3e5e7ce29e5d9f504706147b0a42a650bb171dc3eb
data/flower_photos/sunflowers/6606809995_edee55b770_m.jpg,sunflowers,245b9d47aa8f2335e42cc3cd42bc7f60278b01af2b49a2d40fb059fe56d15001
data/flower_photos/sunflowers/6606813305_c992231d29_m.jpg,sunflowers,28b1d3a25ef60e4683fba456b237244b7f08eddc3723b6e2b538d3394b6edf6b
data/flower_photos/sunflowers/6606815161_3c4372760f.jpg,sunflowers,7650ffa10b6c377b9f6d439c638a785f883f78cd753ee65adebc19ef53ab19c2
data/flower_photos/sunflowers/6606817351_10f6e43a09.jpg,sunflowers,9f7e907da799354598844a7f452180cea2f2b325a3a5311ed706672ef9adc97c
data/flower_photos/sunflowers/6606820461_952c450f90_n.jpg,sunflowers,26212820e0fb6036b11a27c2ae934c4007dae24267aef04076fbd103f71b0679
data/flower_photos/sunflowers/678714585_addc9aaaef.jpg,sunflowers,e119223f79c9e6ace107e742fb250ae0541f71c008f6f45870627e0c780caf15
data/flower_photos/sunflowers/6866250080_ae80df0cd5_m.jpg,sunflowers,d34c2fa2bac1326cbc40c536f7ec9505ff33c071373475fbd23918c1cc8171ff
data/flower_photos/sunflowers/6908789145_814d448bb1_n.jpg,sunflowers,d89d58e6a0897168ed06590e527d59d7a42b745ca85d6b3d78057eee6fd87811
data/flower_photos/sunflowers/6953297_8576bf4ea3.jpg,sunflowers,e754d1a8356c5b9cbc989067c8e73b6d832377249f685c502c6befc6f6d3464a
data/flower_photos/sunflowers/7012364067_5ffc7654c9_m.jpg,sunflowers,42917ca0ea9e39fd2afab8b77d3789a0155b6f8d319dd2bb1e6ecea624f82407
data/flower_photos/sunflowers/7012366081_019c8a17a4_m.jpg,sunflowers,90fc3b2504da925ee6b29cb081daae1d38ff596a1dcccb2b61d7b849601bce26
data/flower_photos/sunflowers/7176723954_e41618edc1_n.jpg,sunflowers,91ef5012c26ee7bf4009d3ff1414615652cef06a5c5147ebc0bb150739467e74
data/flower_photos/sunflowers/7176729016_d73ff2211e.jpg,sunflowers,ec9d9640fc66e785410cef27586e29c59e0468fc43ee188c8e0ec1dac9a6928a
data/flower_photos/sunflowers/7176729812_7c053921fb_m.jpg,sunflowers,e588b046e9c0cda45d6f333fea701f052b8ec33db3f443f81dc066ccd17e7ef2
data/flower_photos/sunflowers/7176736574_14446539cb_n.jpg,sunflowers,a610b284e408e3e61ebc40831bfe98d490941be6e2a0553392cbafb5b6fe1692
data/flower_photos/sunflowers/7369484298_332f69bd88_n.jpg,sunflowers,bab0a39537c43372c27660345b74a6f76f2977bcf8b40541a21e67c0f957920a
data/flower_photos/sunflowers/7510262868_cf7d6f6f25_n.jpg,sunflowers,4f88cdd537c4d4c003280c9aa061b99bfcf72310cc172ff3ad9a08a11419749b
data/flower_photos/sunflowers/7530313068_ddd2dc1f44_m.jpg,sunflowers,b6da1d26d6340e727c373cdb307684124e22a63398607592587a973a59db25d2
data/flower_photos/sunflowers/7581713708_8eae6794f2.jpg,sunflowers,89d4db918a9172a99448d830c30c2281f1189a50e208688d9e4accfcc4d0b6aa
data/flower_photos/sunflowers/7586498522_4dcab1c8d2_m.jpg,sunflowers,38cb5c5d1bc3af751986beb764377798b4c5da564c56b65b8ebaf4b3757ec175
data/flower_photos/sunflowers/7603036176_9e8967cd21.jpg,sunflowers,ac4e8eddea52e13abeecc83dd6ddb9d03f9a881ed1711916d1f8fa8a7733d9f3
data/flower_photos/sunflowers/7652532108_01ef94c476.jpg,sunflowers,3eee40000d2f4c04a8e77cea8f6379012f77898e0afdb424ca10770f298ed9ea
data/flower_photos/sunflowers/7654774598_6b715a8d3e.jpg,sunflowers,3b5c045f482f50f8e1481aa2b48e53429d4db152af4ab1065023633aa1897555
data/flower_photos/sunflowers/7721658400_0dec46d225.jpg,sunflowers,fec9d8ba0686fa916a7a0f49b419580f68f552fc889a5e96b0c5813c42e29bfa
data/flower_photos/sunflowers/7728953426_abd179ab63.jpg,sunflowers,07d6d39aa654b5a7740c2febf351b31fe4826565b43f6325adafc63fd630c313
data/flower_photos/sunflowers/7791014076_07a897cb85_n.jpg,sunflowers,4ec3f4f3cf40b6936356ecef97605a3156f2c98b6f70c6837186233b7744110f
data/flower_photos/sunflowers/7804213238_1d92ae5edb_m.jpg,sunflowers,f16dcb6e67c83e2a1f20f316ad3b6ae5726cd2a6b66112903be4478536dbb508
data/flower_photos/sunflowers/7820305664_82148f3bfb_n.jpg,sunflowers,48a3b92d09bb66f8ffce6fa87fa58847d8253d332be550a94e67c857390c6309
data/flower_photos/sunflowers/7820523050_76c8caa025.jpg,sunflowers,48c996dbf418c857e1b0040e9b1a788c252be4c05857205e803587525dfc777f
data/flower_photos/sunflowers/7820626738_3be6a52e4e_n.jpg,sunflowers,3686c8a892bc4a0ba3ca2eb0bf0d3f26d7d67abe11abfe8cd575d3c088586089
data/flower_photos/sunflowers/7935826214_9b57628203_m.jpg,sunflowers,414793ac8ef980b4bc035aa20701b73ad1bcd0d88940b3e32d32f941ae263603
data/flower_photos/sunflowers/8014734302_65c6e83bb4_m.jpg,sunflowers,0af5c6d51bfbc88897b276f8d06f6afd20841651f48c9a354ef38c3769eec2ff
data/flower_photos/sunflowers/8021568040_f891223c44_n.jpg,sunflowers,22ca415e2521d9a9523c2f2cb9f538b5b377d3aa0351973f630db8bf3b920359
data/flower_photos/sunflowers/8038712786_5bdeed3c7f_m.jpg,sunflowers,42fba9225fec3bb928bff384fd93c58b718dd201513b7f17f40573cb4436deb3
data/flower_photos/sunflowers/8071460469_a7c2c34b97_n.jpg,sunflowers,f295b94fc33e0cd3d119545ba5393f0492f6152f25a1e912c923b94146395f28
data/flower_photos/sunflowers/8081530919_c882d46bb0_n.jpg,sunflowers,d80be96c3348c605e46455de8127e79173ee013d0e4ce0b86195328ed75eb7db
data/flower_photos/sunflowers/8174935013_b16626b49b.jpg,sunflowers,fc0646fb320aa0041e0f14d77a2a20aceb28ecb5d9f00972e774be5ad1b8735c
data/flower_photos/sunflowers/8174935717_d19367d502.jpg,sunflowers,a6f5a1c8b44b1533e00e1b71d2e1ce7f997b4d7e02b89b28239cf0e5cdb7d801
data/flower_photos/sunflowers/8174941335_56389b53e9_n.jpg,sunflowers,82d61658db3aca3935d7891b34ac6137d95c5d198175fe5fc7216341c52db9b1
data/flower_photos/sunflowers/8192234807_fed4a46f1a_n.jpg,sunflowers,e45cbb9ff8eee3c6ebe95e02e2086507b960a31195b453bde331e9f4c7a55f38
data/flower_photos/sunflowers/821368661_4ab4343f5a.jpg,sunflowers,99a04b9b9c6b1cd9adc2b8cfa0c998574f264745f75cf9b4f07f2489ff5d71af
data/flower_photos/sunflowers/8234846550_fdaf326dbe.jpg,sunflowers,f1a97ca25c8c02740e72f0815f69837b35f3f5ed1964ec245671ee37e6cb3e52
data/flower_photos/sunflowers/8249000137_eddfffa380_n.jpg,sunflowers,a97394205654b2a9daa196439d662ee9ea176a59300377ff755d26351bfc2686
data/flower_photos/sunflowers/8266310743_02095e782d_m.jpg,sunflowers,97deafaf05fd269168050905697b1bc7a907fffe4a738d2acb7fac15322c946a
data/flower_photos/sunflowers/8292914969_4a76608250_m.jpg,sunflowers,2112d4f974160a02563353dbce744f8f726e18ff284a694d686aa3dbd1ebada1
data/flower_photos/sunflowers/8478248531_1a16e232b5.jpg,sunflowers,c5a1e4b8b3c59f935f73ab02dce15c0379254e72d6a54fd98b84c5c21016265d
data/flower_photos/sunflowers/8480886751_71d88bfdc0_n.jpg,sunflowers,e0b7bb8d0ed6467fd35f3dd00619e4352c577becdec374d32d49547187b1af9d
data/flower_photos/sunflowers/8481979626_98c9f88848_n.jpg,sunflowers,d73b55b00254620db47a88e14ca45f8805a53959fa8fe498f69befeb3712bc31
data/flower_photos/sunflowers/8543642705_b841b0e5f6.jpg,sunflowers,3cdabfc59020505067381804cbdadc70f262154d30b7bdf4841497e1841d6b04
data/flower_photos/sunflowers/8563099326_8be9177101.jpg,sunflowers,b9685cf1b21fc907fc73ee5c6b218120075cfa97f8f215f3cbec3050b031a7c0
data/flower_photos/sunflowers/864957037_c75373d1c5.jpg,sunflowers,2ed9f7f9e721ca9bc423b8e0befcc3d67c280210713a7e9e4be23fc6d0be426d
data/flower_photos/sunflowers/877083343_e3338c4125.jpg,sunflowers,8c73eee1305b655a4f19f2c587bb7474b9c89d35699b3175e809e01b852d9de4
data/flower_photos/sunflowers/8928614683_6c168edcfc.jpg,sunflowers,4e6580ac89c52ac0d3c38690785318e697877f485612baac916ea8e73e3053b1
data/flower_photos/sunflowers/8929213942_5544191250_n.jpg,sunflowers,04fe413a809d9d7f67c1822e33b8b840162559d5483f0c4965462b70841a4772
data/flower_photos/sunflowers/8929274876_17efc1774a_n.jpg,sunflowers,8504145ccfc6fc6649aea394a8a83747b8cf55a4b54ce566cde0752d21c46c7b
data/flower_photos/sunflowers/8929288228_6795bcb1fe.jpg,sunflowers,6530240758ab093d5bd538319531025d4afdc6877d63dfa4d3732af634ab5ae8
data/flower_photos/sunflowers/9213511121_836a458021_m.jpg,sunflowers,8fd02e863c53fe5c0d8791b228704bc3302c6e8346057e59c0520a21d10ea683
data/flower_photos/sunflowers/9216286162_6ceefdd1b4_m.jpg,sunflowers,5622fd53e1bcc3983f847adcb521943dbd5da8789107819b084e892496af6dd6
data/flower_photos/sunflowers/9231555352_d2dd8f8e68_m.jpg,sunflowers,c6365cc9a5efce0b9b39fff2bfeb8f522e46bcec5fe87185843b097cf40ded9b
data/flower_photos/sunflowers/9240129413_f240ce7866_n.jpg,sunflowers,a8125b582d70114210b1fb98aeaedc9972b118d6437f42a753c909fc1cc7a61c
data/flower_photos/sunflowers/9302733302_2cb92cf275.jpg,sunflowers,02da765eaf6074ead66431569126707119bf1112ce34d6acd3b54ab38fd8d725
data/flower_photos/sunflowers/9309473873_9d62b9082e.jpg,sunflowers,a522c7c0d952532a06f750e5dddfe95294991d8e6d66b5dc0b9345c5693e0852
data/flower_photos/sunflowers/9339697826_88c9c4dc50.jpg,sunflowers,84783b910b427f199ad5ad34449dbd5791b050cc5cd220fe6b53fc7b8747fa4c
data/flower_photos/sunflowers/9381481549_5a5d503e42_n.jpg,sunflowers,5c0425a003b294b04cb4109e223381adbdea6f2238148625c92be2f4cefe6435
data/flower_photos/sunflowers/9399711558_7cb9547cd3_n.jpg,sunflowers,86c8a04cd80f49a95da88c0715a098fd6984e9127da2d8eb8cd57afbaeb94383
data/flower_photos/sunflowers/9410186154_465642ed35.jpg,sunflowers,6d0aa11410d4493ea9faaf4191c3a57e331401f94d9f78b9dfb141898bb95dcc
data/flower_photos/sunflowers/9427945592_07a2676945_n.jpg,sunflowers,a16ef7244319c8d6b11f57f8a49072552454b289e7eba41c6db064bf2e3dca23
data/flower_photos/sunflowers/9431890901_cd11bda584_n.jpg,sunflowers,36200360fa717d6a956cbc27ef27d820c05003f996ed806fb071d20365e0ca22
data/flower_photos/sunflowers/9431896325_23bf6e8761.jpg,sunflowers,c44caef0d25b9d3d869ad93aa66e20f2c6436d39b2c91bf19fcdf7e6bdff4fae
data/flower_photos/sunflowers/9432335346_e298e47713_n.jpg,sunflowers,1db50d58e13d2e0565fab4b8fdd32de50969f30f1cec0ae8e66ac7529aa41ea9
data/flower_photos/sunflowers/9445830851_e9a126fd1d_n.jpg,sunflowers,8a608052f008666a3ab766e0814d4d7157dc672819d8bad97530ca784773a877
data/flower_photos/sunflowers/9460336948_6ae968be93.jpg,sunflowers,80bf9971bee2b968057555434ebf7f2f97e0f11c5256fe6b3f59191d6296f23b
data/flower_photos/sunflowers/9461693602_710f20904f.jpg,sunflowers,f66925996fe98ea0fe66d80d3692efdc70c77efcb8a6a1e2ca0044f2f299b8d1
data/flower_photos/sunflowers/9481563239_01b585b41d_n.jpg,sunflowers,f1596fd0d31021322a8d21b2a6f0b526044eea06a85f3cf10afcd0ea02db7297
data/flower_photos/sunflowers/9482209981_bf7bf6022b_m.jpg,sunflowers,4f0660d3b65aba572c16afcc19e562295bd3f95251243207629381ae0cc8f597
data/flower_photos/sunflowers/9485002920_59af6f4cac.jpg,sunflowers,686d78136948548222ad1c2436b65637f986a37882bb4d7ffdc6ce1f4b7b54ea
data/flower_photos/sunflowers/9491955955_d0b2c83834.jpg,sunflowers,0de66e8d59b3629b3be5e6c793d6d957ced6f35e11671c03e112f1ea3b5a2b49
data/flower_photos/sunflowers/9497774249_7f5ae70927_m.jpg,sunflowers,699328dae9150f25d18f9ff1bb369159cce70d3e0985934d9308537b702c1f30
data/flower_photos/sunflowers/9497774935_a7daec5433_n.jpg,sunflowers,a9d5abaa3d65dbcfe1d1e4cbc8709e965046b0a30b7fd4e8cba3d6a89131770d
data/flower_photos/sunflowers/9511172241_8aee411e2e.jpg,sunflowers,1094f2d10e6d1d578db6746ad2c2c61ed7d6eb1a5b5cd241da028147d793c08f
data/flower_photos/sunflowers/9535500195_543d0b729b.jpg,sunflowers,711c77806e0b66f54034bf57506258424002e347ba39cf52edfb25085c7bf2b4
data/flower_photos/sunflowers/9538283930_0faea083bb_n.jpg,sunflowers,50dae22badc4d3cc0595ffe9b03a9adac139f18e422d1cc3d29b8839ea8cf5c1
data/flower_photos/sunflowers/9555824387_32b151e9b0_m.jpg,sunflowers,8014a4136720cc858f8ddb2a9ceb86b5f9715990dff07bf7847512b2b7b26478
data/flower_photos/sunflowers/9555827829_74e6f60f1d_m.jpg,sunflowers,21c4cdc960dfa8897b758e46316c8d090d7bdd74680eeb94ae67e3fc62df7df3
data/flower_photos/sunflowers/9558628596_722c29ec60_m.jpg,sunflowers,5c2439f1f034bf94694a163377a9d70e4fa3c1a97d24b173f39e8e67d5790e18
data/flower_photos/sunflowers/9558630626_52a1b7d702_m.jpg,sunflowers,0b43433863d0c2c5c22f550c7310633a1888cc90ae155eb42a1be87d0851f883
data/flower_photos/sunflowers/9558632814_e78a780f4f.jpg,sunflowers,53e1a9fc2f9d3237261d4b58f14f79747d4c8d7094840fddbe1ac317860f81dc
data/flower_photos/sunflowers/9564240106_0577e919da_n.jpg,sunflowers,0bee2ae4105c8b4169974ef8bdb81d5ca01bcf86ad5919271a5833f9338941ab
data/flower_photos/sunflowers/9588522189_db6166f67f.jpg,sunflowers,f7a7d912f59eeed9da8004453de922cdf8fa0f1f043491fd75915660530b8744
data/flower_photos/sunflowers/9599534035_ae4df582b6.jpg,sunflowers,f525389196854d474f559207518c6a1fef802a3a85da20e03239fdced5392f0d
data/flower_photos/sunflowers/9610098411_f1613c8e14.jpg,sunflowers,f756d376621f79f878cbae3f5d094a69a88c5f177b141427edef5da85466dc93
data/flower_photos/sunflowers/9610371852_179e7781ce.jpg,sunflowers,f430a9dbbf7a4cf542399e0726f278a0947c2642a50e31ecd9b9f1ce24faa0f8
data/flower_photos/sunflowers/9610373158_5250bce6ac_n.jpg,sunflowers,9b992c5406bbafdacd7ef3a9e65eb436819943f73d54d98a5668ab279d507c58
data/flower_photos/sunflowers/9610373748_b9cb67bd55.jpg,sunflowers,c1f539bceca728fcb1a2da214b0c5abeaa3d22b5ee6fec93b325f3beba372e25
data/flower_photos/sunflowers/9610374042_bb16cded3d.jpg,sunflowers,a8b364b277c6ef4d5c1f9f960f326f4aa2c96bfd1545740f00ce0080e5ec7259
data/flower_photos/sunflowers/9651392844_77f90589ba_n.jpg,sunflowers,4ff51324a67654f8b32b751df115c2772171d8e49ceb0cb57791a3692538bf14
data/flower_photos/sunflowers/9655029591_7a77f87500.jpg,sunflowers,77eb77dbdaefa947a432fbc8c28305326149953537dbeb0fe106634c820e5337
data/flower_photos/sunflowers/9699724719_a8439cc0fd_n.jpg,sunflowers,f4b6a36037e123ccc99fa6f3bd1786bf7babe014aeee273ac6f5ae10b15ac337
data/flower_photos/sunflowers/9783416751_b2a03920f7_n.jpg,sunflowers,fb92a56e58b629a9994b27ce6a7466f89bb8ce4eabdb83066142631bf53ae617
data/flower_photos/sunflowers/9825716455_f12bcc8d4e_n.jpg,sunflowers,4e0e37d99c311dcb96712651e43131e62dcb08dcef52864910d5f7c6fe3f4019
data/flower_photos/sunflowers/9904127656_f76a5a4811_m.jpg,sunflowers,c81c817375778b448e663aede5435917a746062392f23f29cbbf5f5bcf597e1b
data/flower_photos/tulips/10094729603_eeca3f2cb6.jpg,tulips,3e337754ec09d00e50f30e6809df1f9288f5710e62f994d7ffb002fcb09e2fcf
data/flower_photos/tulips/10094731133_94a942463c.jpg,tulips,78ea50f581c3a70d5c45f8a3ae85ccec6998e3916e32f9d5d549ee2c47223868
data/flower_photos/tulips/10128546863_8de70c610d.jpg,tulips,dddef5112866b6f02b1ad57d3546e573e69db8461f9fe8bdfa738ab97a816f5b
data/flower_photos/tulips/10163955604_ae0b830975_n.jpg,tulips,3bf1d0b1f6bb3987fbdbf9e079508091a12f2845041871c6af946e7b10943d87
data/flower_photos/tulips/10686568196_b1915544a8.jpg,tulips,7f0816c32c3206deac679a2eb7a7304befafc9532f511d38fe1ded34a87b05fc
data/flower_photos/tulips/107693873_86021ac4ea_n.jpg,tulips,cd8981a7030d2becff96d8c5aeafb45e4985c2a6bd8fdca508535ff5e5ec8a59
data/flower_photos/tulips/10995953955_089572caf0.jpg,tulips,ab6fc9dfef4910fe2e69fa4fd1b69b0c932cc05619407274014e410a81f17b05
data/flower_photos/tulips/112334842_3ecf7585dd.jpg,tulips,635a2a446e51d4d7c31c2c78955e8024ba881751be005b3126155c7003c42a7c
data/flower_photos/tulips/112428665_d8f3632f36_n.jpg,tulips,0edda124f1552d11797598164ea839d65bd476ae3fb33807dc7e52bf96f81ff4
data/flower_photos/tulips/112428919_f0c5ad7d9d_n.jpg,tulips,3c1a7b67849c95a5db932429d63d687bc8e172895c172e35c6bddeef1087019e
data/flower_photos/tulips/112650879_82adc2cc04_n.jpg,tulips,87e6519ea2ecc3ba8bef819fbfa1edfaec0fda8782219190deccba0462cd9fc3
data/flower_photos/tulips/112651128_7b5d39a346_m.jpg,tulips,e33925ecb428957af7e6e8845db8135c0e951c8f4fda300b458ddc369745dfc9
data/flower_photos/tulips/112951022_4892b1348b_n.jpg,tulips,d332b1cee6cb35a4a84ba3c8adaaaa39135e26f717ff7fed9501ccf1b3ae6bcb
data/flower_photos/tulips/112951086_150a59d499_n.jpg,tulips,7759dda63a614321822a270ace48e16f1b7112ebca3722d057e04bb7b5d6a4ed
data/flower_photos/tulips/113291410_1bdc718ed8_n.jpg,tulips,96578b0725cc1e5a5a66615b0cbe162f13ceb70af2145a412a1c0062f576624c
data/flower_photos/tulips/113960470_38fab8f2fb_m.jpg,tulips,6cf1a9d3cf93bd01d9f4104c345a62ae5ab4a6707bb72e877d055591fe16a063
data/flower_photos/tulips/11746080_963537acdc.jpg,tulips,f5921912645a62638fe780a9a39f4a4a61ebccfd46480648a26b0a9b00bb66fb
data/flower_photos/tulips/11746367_d23a35b085_n.jpg,tulips,d6bb04dd23bd7e9f40878d623fd2b89bba814fb7dd8669d6334d9f151835c828
data/flower_photos/tulips/11746548_26b3256922_n.jpg,tulips,6d05f9635f029e09b660f52cb99995c181e2b30ed327ed5f0fa53db7fa98e107
data/flower_photos/tulips/12024561754_ce9667e4dc_n.jpg,tulips,df6322fc4a30a49fbd96e66f9130a4d75fe0b667b4bd0a2e94571be7311124ed
data/flower_photos/tulips/12025038686_7f10811d4b_n.jpg,tulips,fe007723616dafd48b7017e7db10b83a6556436ade2ec74ac542899f9b8ffd87
data/flower_photos/tulips/12025042086_78bafc0eb6_n.jpg,tulips,4280666b13c096fdbcc5bda1903ed32512c16f350412824910224ed6e86e9188
data/flower_photos/tulips/12163418275_bd6a1edd61.jpg,tulips,ec18bb3f5d718f16ddf9139c32cd62906a33f3f4ee9c5049430f215b67e1ab66
data/flower_photos/tulips/122450705_9885fff3c4_n.jpg,tulips,7e6bbe0f233629e2c5ebc74c52c5141b3277ace006502edf3d249d6432c7e341
data/flower_photos/tulips/12517756805_56b74be742.jpg,tulips,89be36ebfeda713147640c0e2e796b0c46c45b3cc57f4a27d207a725c264ab85
data/flower_photos/tulips/12548574923_5e90f4ceea.jpg,tulips,2b7a79a607c1f28a4522c075d7d86acd41b0c83c1671269080b391d09dfe8bc6
data/flower_photos/tulips/12557176134_ecbf15885b.jpg,tulips,8a3fc4038c9c1fc1aee7c034a4e0e97ac4c7c149902d398a59f3428a47b72ad5
data/flower_photos/tulips/12584810723_c97d00fcfd.jpg,tulips,4a2d6a6261b0ab9a3cbe534c5016af5baa06b048a4702b6622534dd88bde8ec1
data/flower_photos/tulips/12616825773_9aa4245b57_n.jpg,tulips,4993dd2d6e76d5bdef945967bbcd7e43ce0c7232d293d4d6742b7d0984454b8d
data/flower_photos/tulips/12873145295_438b8197a7_n.jpg,tulips,0ab2b90524b864f53c468d023a78b1cc7e01de13fbab116797698353f281f92f
data/flower_photos/tulips/12883412424_cb5086b43f_n.jpg,tulips,8ff1d8b74ec12774ab5b1348be6c2adbbec6571bc01999fd2e4dfa88f56b41e8
data/flower_photos/tulips/12916017805_1cde91a891_n.jpg,tulips,7d8a050dba3903a0f4dce82f49fe7225332b832c142b37f6131abd8cf3d7aae5
data/flower_photos/tulips/12916135413_dafcf3089e_n.jpg,tulips,7444ddcacf4d6cdbe9175b5aa23e1fc7c96c304418ea50d192ebe92a6b465948
data/flower_photos/tulips/12934201824_1c8b5171fb_m.jpg,tulips,cb04ec4f45612389ca6d6e2456f0ac05fb3e756d9692798da64619a27bedcab1
data/flower_photos/tulips/130685245_dcdd23836f_m.jpg,tulips,ebf7533f63805f99efc92844ecfbd36afdf8c011559e04b7ae23374add0a1f1c
data/flower_photos/tulips/130685347_afbffe3afa_n.jpg,tulips,7ab404b21f2f3634e23ffdbd6687ba904e8014d2c6328fa92b6c927aeb9edc6b
data/flower_photos/tulips/13197345653_0f685b3c97_n.jpg,tulips,0d4e61be3aa704c68b4ffce2ca61e8ef195b6167254dbb485b8b9bafc38066ee
data/flower_photos/tulips/132538273_335240fe5b_n.jpg,tulips,525b21722768c27b8439c197677796481da2df21db9ab08cf624f0e2f1d0915f
data/flower_photos/tulips/13289268363_b9337d751e.jpg,tulips,f29a23319b5761d5b9be71bbbd546e16627ec8f3d67e4f12f21799001cd0145b
data/flower_photos/tulips/133692329_c1150ed811_n.jpg,tulips,fa8f9ab93e7222e2af1c0b53b7a6e5b64a9f59d21fba45232dbcfbfe782fe012
data/flower_photos/tulips/133960364_d87f883c15_n.jpg,tulips,1d991c62fcf46f0a5139c031f461f85176f56afbcd0f7a6e320e2a5596df2acf
data/flower_photos/tulips/134143359_71fa8dd9a4.jpg,tulips,cc051177961301e828f734483b6c50eadfcb0a9ea975feb349d88e1f600165c6
data/flower_photos/tulips/13472387874_d844478dbb.jpg,tulips,b79549dfd0f5efcc10a7a3489e501c1d871d1e15f86101d37ecdfef6b4a20043
data/flower_photos/tulips/13509967925_eaaeefa396_m.jpg,tulips,7736f7b708632dc3c9109189a8baac5056a66baa6bf2bdc713938529126760a9
data/flower_photos/tulips/13510057763_01b832d919.jpg,tulips,da8a2931e6252c5f386821ed81934ab22113a7438c3e2365c008f47519b0291b
data/flower_photos/tulips/13513644515_a51470b899.jpg,tulips,e5d9ff669328435298afbb1aa2d015d47b8addb1a4e5dd7ca30b0291e249d805
data/flower_photos/tulips/13513851673_9d813dc7b0.jpg,tulips,55a5381f02f3c44e926f508aa88480625d23d6a721d44e056a9f7e3cc2b32382
data/flower_photos/tulips/13514131694_d91da4f4fc.jpg,tulips,f114b1aa41c71d2096b360fdf1ded5c0c02c7fb5cfcd02dd6fbfe932eb871313
data/flower_photos/tulips/13514136074_ab1b827e4f.jpg,tulips,4e08883eb57af480a9cf00af8d46a0d0d8d5b1f23831d04442120ad7a4e60174
data/flower_photos/tulips/13530687085_9b515735ef_m.jpg,tulips,ba848a9064faf6d7f509857bd4cd386e141fac0487e6eb47a270e22fbe5dbd5a
data/flower_photos/tulips/13530786873_0d34880300_n.jpg,tulips,9ad2633fda735ae1b0536739ee19aa2959565278adf059cbbdcf6602628f9478
data/flower_photos/tulips/13530796853_e5993f57d6_n.jpg,tulips,64f50f3de4251254528c069dcfd77f23f3a5c26e0e08dc9f2d0e8c809bfc3f0c
data/flower_photos/tulips/13531001134_72052100e1_m.jpg,tulips,74afb26d02a3162544d5174113bfeb248ad87be03ef224682afecd12cd997c58
data/flower_photos/tulips/13539404903_cd113e3e9b.jpg,tulips,b44b2a0ed4fc184a08130d43e468a82abbd3c3abd6d922df05f56c6d8fc784bb
data/flower_photos/tulips/13539827514_79b60b6c22_n.jpg,tulips,746e01c2d82885b92cbba6a5d4bd479b796469793be5df3908852ed0f3089b82
data/flower_photos/tulips/13555215723_cf2c11626b_b.jpg,tulips,58472f368397b92766409b639bae9d07405802230be8cd1e8b88f490e54eee5d
data/flower_photos/tulips/13561908485_7e4f8d508b.jpg,tulips,06863e5d3dc37114b7b89e75203f3855d5dda70144e1ed2b7214ed8628d7f713
data/flower_photos/tulips/13561966423_e5c641fe11.jpg,tulips,228d197c379f3c545c7a6daa6bbf86709ce714d20f4fb61f9ebddf9ca8921884
data/flower_photos/tulips/13561986193_cf645b2b9a.jpg,tulips,af27516ad6d772b3a66dc2f289a26d751a5cb2267583edf72125379b204502a7
data/flower_photos/tulips/13562266594_69b807f90c.jpg,tulips,1e043712a3c962ede943bbf50a7e5f4263689ed6f88107f2632cdcd06729a538
data/flower_photos/tulips/13562271714_d534531374.jpg,tulips,772c0a0e40d32376c1b5db6c32ad26160ad3c048f9d04b44e9870f87aa9592ea
data/flower_photos/tulips/135994133_4f306fe4bf_n.jpg,tulips,1cc647c2092a4dc178129bd86de1c5127be6c769a3bba495fb9524795c74b86d
data/flower_photos/tulips/13857267684_d2a4b2630f_n.jpg,tulips,a2d062ed4b981722bb8db0bc267adf3982bc2090fee700df60c92d884ad75d2f
data/flower_photos/tulips/13900235284_32ce563633_n.jpg,tulips,7783a346488d7217baf59f3b9dbc9438ab642250700844d73b01c60916b2da0c
data/flower_photos/tulips/13903937027_44b9f2f5b8.jpg,tulips,5bbdcf6cc7069f834ee627de603bf597647c5135e469f4fc43fd5954ed4d5025
data/flower_photos/tulips/13903946578_187f904c9a_n.jpg,tulips,158065dbd6b81f2a09375ef93119642a5fcdbb401280bdb75f938f54f741282d
data/flower_photos/tulips/13903988248_22da33f341.jpg,tulips,ad18c878b0235faf2f1b3d7f0d23939cf80912f064818c97eace72e798df4a2b
data/flower_photos/tulips/13910126337_53faf1d214_n.jpg,tulips,ac50da0a25892d4360f1fdf9230928343ded057559f86b85ca7f5840f9e0aa73
data/flower_photos/tulips/13910131718_731353d84c_n.jpg,tulips,a052b2b7bd5ed91f45b3fca57ce1c6c4a1019c0ef3b122827b3906df7400f102
data/flower_photos/tulips/13910471347_30c8bf4de1_n.jpg,tulips,89ff49c0b33d3b37d1dcd03419df0dddf8564edff9c24b9844522096ab8e4e4a
data/flower_photos/tulips/13910479407_936fd3122d.jpg,tulips,55212b3c512504ad3308cd816baea038029b0d576ba3a0511af17a0a81b9458f
data/flower_photos/tulips/13910544560_9140dd547e.jpg,tulips,1221a3e4c3139615d7f7b5902368e933d5d62d3008e5ab7add07b12cc70b30fe
data/flower_photos/tulips/13910604778_e5f4588420.jpg,tulips,681634ff408da09d40982858d56a73bbc3d576ff3789c2742f27445293caf9c4
data/flower_photos/tulips/13910737760_c71c8b6ff2.jpg,tulips,0f49beff2846b4e813c775ce6f5bc9a3f3d8aa4a338980949f426191739dbc43
data/flower_photos/tulips/13923036338_1ce32c6d4f.jpg,tulips,fbb00833db63954282ae397e4cf42aa99ed20b829f77c19f2facacbc696734fc
data/flower_photos/tulips/13923539227_bdab038dc8.jpg,tulips,1e0dd8a19f8200aeef716659e76b68373dfb1efb3ef1bfa8ed59130a7160a6f3
data/flower_photos/tulips/13953090784_0c7d7a904e.jpg,tulips,14a79bb8d86525f10f926d1a794cc3f74694121a0ac3f19a92eccbfeccf903b1
data/flower_photos/tulips/13974542496_e4b5d1c913_n.jpg,tulips,96f14301df5b7d87b9926afd8128e911390cb132320e1824e341d252d5266acd
data/flower_photos/tulips/13976206001_fd1c2cbd60.jpg,tulips,4518dce81832c0f5c9548e9ffc27636dc0adaf58adbd6782a4bb58deaf1f26e3
data/flower_photos/tulips/13979840624_28466cb3ec_n.jpg,tulips,4f4566faa56b612192d1399ac420f9e92a712d0e0305bcfca531956dfe6a00be
data/flower_photos/tulips/13999392173_b1411f8b23_n.jpg,tulips,d244821406d77d9cd426ca4aef9a99e75b7b7d226bcd9954de4f45654a12207c
data/flower_photos/tulips/13999402743_f563f6b685_n.jpg,tulips,f00a81c2d5ffda81a9ff09645917df3c75691dff411b79e148a893357c858d4d
data/flower_photos/tulips/14009216519_b608321cf2_n.jpg,tulips,6e8bfff6e779cb76b5027c7ea641a6a047bd621f24172241b61d27917cca3d62
data/flower_photos/tulips/14014595475_5892fcda51_n.jpg,tulips,5d823544416722cb0816a5bc2541c94827079391956b13e0689accff5f1bae0f
data/flower_photos/tulips/14015957646_8317a0f1d9_n.jpg,tulips,68312f53e8f281048ff3a385b4e40b268f7be36a280867da26206886ced2a638
data/flower_photos/tulips/14017640283_c417141832_n.jpg,tulips,d69720e55d12c6c66991d3015fbf99dd39af5fc68f7d63947ee6b1a73da61f6e
data/flower_photos/tulips/14022473102_3b24ca08cb_m.jpg,tulips,b60e63d8e92dc7728a5f34671a5d414111db7b4d23aec28b4e4cdc3cf753892d
data/flower_photos/tulips/14024864234_713158c27f_n.jpg,tulips,7b205f651a0b50d06987083370abc554c7f576beb6e0fc3f922c368f028d8a20
data/flower_photos/tulips/14025589299_eac64c51af_m.jpg,tulips,df7ce0aac2c258c5fbdb318f14562df6aa1b9722a972d1529a91cb21cf6a655b
data/flower_photos/tulips/14026857634_500d7b41d6_m.jpg,tulips,b8c7539fa59f4f6640ee84c0e81a8559963aadca36cfac7db36e828b38d9de8c
data/flower_photos/tulips/14027372499_30f934d24f_m.jpg,tulips,0f970f9bf87fc27663c6f3d4335ca6e0fb474341b6f7846a58b9d07faecf5281
data/flower_photos/tulips/14044685976_0064faed21.jpg,tulips,ba4724ff55bd4a0f5cf8e3dcb638ca6eb41d6bbf9345fcba06c43fe945306323
data/flower_photos/tulips/14046760909_0c73e84a1f_n.jpg,tulips,096794819fdda03f0d0da05624128f81e15eb985935eb25638b4f9131ff13d9c
data/flower_photos/tulips/14053292975_fdc1093571_n.jpg,tulips,87a6a977c58162d5f962a055c2d68b7287bd5a86fba7e341457cd595f6fdd5ba
data/flower_photos/tulips/14054827092_f359f5fcbd_m.jpg,tulips,dd77ba9aa7ae4924f9e19a44c6e1ea9376c89ee03cf4fc986b6108b40bbca19e
data/flower_photos/tulips/14054827391_139fb54432.jpg,tulips,ae3e8f6d7a69ff0ae05686c6b566b79f737dd5e10bae080c5023aa3d1050fcc8
data/flower_photos/tulips/14057246122_8598b665bd.jpg,tulips,463ad25dbc37bc3ea967c9c44247a6bff556cd03d3e21e251934bd3b73c3b38f
data/flower_photos/tulips/14061132852_89122de5f9_n.jpg,tulips,45933bd70b2a8fbd4961efdd700446dd631a934878010a04b5acfba98e2ba01b
data/flower_photos/tulips/14064735842_a946fba1ef_n.jpg,tulips,7ba9528892d514613743a1dc368fcaef43c844648a7247c2d3e3334456695df1
data/flower_photos/tulips/14067456066_87e15792d0.jpg,tulips,5f7976409a22d45791c86b00fd8e8377d888dcb2b94b6c3af48e0d21ea837e69
data/flower_photos/tulips/14067761295_7cfe6a42e9.jpg,tulips,004e20c219d7353da295f5562d4d4e2bece9fafa83945ae6f2485e83c973c144
data/flower_photos/tulips/14067778605_0285b7cc3a.jpg,tulips,ffe12a4f66815f82eeb07b238ae609cbeeaad2fddaef130a771bfd9ce5bedd12
data/flower_photos/tulips/14068295074_cd8b85bffa.jpg,tulips,ff0c87cf76ed2703854a24ff78ce1fd43f530eb0c7dad67f2ce0a226ba1808d0
data/flower_photos/tulips/14068348874_7b36c99f6a.jpg,tulips,9c9129e102f972345e8b609b092630b47aef413d9354e020a61d31c389510584
data/flower_photos/tulips/14074147406_7ab87aec79_n.jpg,tulips,c255e09de5b9c10a07a81bb956c7efad36d35748002484755273ca2a7a3c8c3d
data/flower_photos/tulips/14078067843_3573fcfc85_n.jpg,tulips,13ab6cda64afafc62bb6e685a1564afbf365438930532b95a8324482ef63d5ca
data/flower_photos/tulips/14078067903_92f5eb27ff.jpg,tulips,475ba1193ce439ed2d5fcae06763f6f768ecf00e916b965ab2311e6e1d8feec1
data/flower_photos/tulips/14084211971_0f921f11fe_n.jpg,tulips,51b5efa71267d3fdda3eeb89be06ea55143e6c821ec49ad2e9c6f364e18cf856
data/flower_photos/tulips/14084749296_6143c74c72_m.jpg,tulips,37d6dc7231638fb551fed44d1d776ebc6d4199bc2b0dfae08c4363d93bb09194
data/flower_photos/tulips/14087326141_1906d5a373_n.jpg,tulips,5b699961bb09fb32ed2cba2766402c905aaf27671e81bce8a154a6ad68b73f23
data/flower_photos/tulips/14087361621_9fefb8dbef.jpg,tulips,a252439edd531305634673342adf3143d11c0caf255b689b92a04e86f7b1ed9b
data/flower_photos/tulips/14087425312_2b5846b570_n.jpg,tulips,9c74b279fb8e55696d7dded20030476c41914b57a1cfe45853985c035fd2c5ad
data/flower_photos/tulips/14087792403_f34f37ba3b_m.jpg,tulips,12ebdaae175750cb082382c367db6eaaa25c83593db5425e62a302aa27b5a914
data/flower_photos/tulips/14087860553_bf4f8ec56d.jpg,tulips,3653c3e169b6b5553cbc63fc1ef67bb8a33e8d3f1aae7b2ec35d977f1d06a64f
data/flower_photos/tulips/14087892193_653a3ac7ca_n.jpg,tulips,f2cf720771f2db69c053a6c87e7c88a0b0affe5b12beffdbc3b70aed12b20c36
data/flower_photos/tulips/14088017343_dd158d2eb5.jpg,tulips,1cb1ce6566c161ec567b4452e2cd7a770da12ae46e16426ddfd49b3c0595d5fe
data/flower_photos/tulips/14090534565_5857ce4b7c_n.jpg,tulips,db652f0a88fd89639dcf0ccd3d9f4ca5d212c3805d6b06916ec05e9de3aa9086
data/flower_photos/tulips/14090546015_504c8becd1.jpg,tulips,315b09dea87e12f77f2038546dd28ca3b832d261a01bf2ad385b0135074063fa
data/flower_photos/tulips/14093565032_a8f1e349d1.jpg,tulips,d25a2462adb67c4da18601110acae000affb795af22d374a25c68c46dc53c0b9
data/flower_photos/tulips/14093884601_c87b5cd663_n.jpg,tulips,bd7687ff70a8e643f839e77f352e2c3ceb69007fb0916e932214b33fa52df761
data/flower_photos/tulips/14093907931_dd8f642574.jpg,tulips,983401dfd7ee12e44aeb430de5bf9c596c6dc419bfa6883f863a56d56bd3b7af
data/flower_photos/tulips/14094114202_4c1d7f1116.jpg,tulips,4e557c2eacdec06150abc05defccc3e7c04363ffb05b6304907d15c84fede64f
data/flower_photos/tulips/14094146241_0b9fa7b3e0.jpg,tulips,f7719117a408ea0f36cd1aab297fcf0e96a59a52f5da4e63e03d0d204b914a78
data/flower_photos/tulips/14097111174_87a2e7e0c7_n.jpg,tulips,07e643fa4fab3132ead17cf0b626f97782aa67b7687fea8fbaec03f50f4e2a2a
data/flower_photos/tulips/14097328354_4f1469a170.jpg,tulips,31481115bbbde07498b0f22d8597f728cf6f5c4f0cf113b096184d844044654c
data/flower_photos/tulips/14097366955_84ef6369f2.jpg,tulips,4021bb75db190d5a5fe36b095000dff519c373de134901c95caec2a278d247ed
data/flower_photos/tulips/14097676864_4ca8e8b20d_n.jpg,tulips,6a07be67ff2d8a821433e0f487acf1ee61552941bbabfe7b3dab7825bcc274bb
data/flower_photos/tulips/14097745904_436c4ba1b4_n.jpg,tulips,277db5d1ae75b7f82556adac33435561ff49061cf39683f49b32c90c3c11da65
data/flower_photos/tulips/14099204939_60e6ffa4c3_n.jpg,tulips,db2392e5294b308fcee3c58b1329cc97f80fd6ab1a022ef5a9014bc22fe76e8c
data/flower_photos/tulips/14103897845_7986002615.jpg,tulips,1e826b5df67a53c92e5a407304f760efde1056d1628b1fa09c0406a6bfff0ba4
data/flower_photos/tulips/14110615113_bd7b3fcb84.jpg,tulips,a5b725c749e5f22d85b294f5bbde8017abfba77ac7af4880b9a499df1da95c00
data/flower_photos/tulips/14110616533_e04775e7b1.jpg,tulips,6ef493189dd0c8613bf949588c820c51801cb2431917682a1a72e84a9c7229b5
data/flower_photos/tulips/14116780333_7836f4448c.jpg,tulips,a1c13f756f99058c4b05504388bec8db00210a0db9af538a3620510a1da2a48f
data/flower_photos/tulips/14116826873_d4bab623bf_n.jpg,tulips,17c98bed2e5551299cfb866e2407629beeae2937e8d132bdd063c0c93ce8ce32
data/flower_photos/tulips/14122029097_3e3285ca5c_n.jpg,tulips,8b1e2779d7b15ca439bf08c1f76c34e120c5b5248ae6427e59a846d6f6db9d6d
data/flower_photos/tulips/14124669683_7fb74f20c3.jpg,tulips,dbd62ee356b43eb6ec1b586d8268dc7dab7cff8db42d3b32f3dca4ddb986661d
data/flower_photos/tulips/14127532150_112823a8f6.jpg,tulips,dd087ba806ba768fd6ff169ca1acdaf9ec31bf75e57c9a2effb401a4fc84d1b0
data/flower_photos/tulips/141479422_5a6fa1fd1b_m.jpg,tulips,848cb232abbbef9df2bbfcbe8cc96fa4c537fc20ee6845a9429fba9a9b93c45d
data/flower_photos/tulips/14149603605_eedfe9678c_n.jpg,tulips,e620d77200792ea0b89e6c643b6efe20c7e21ece66ddbb4aac1234e7c4d737b3
data/flower_photos/tulips/142218310_d06005030a_n.jpg,tulips,7e05bd0ad3b4ae83c851cd1ce36132a944d6ed719ffa55617e8300690425badf
data/flower_photos/tulips/142235017_07816937c6.jpg,tulips,e930a223090fea95c6e9ac70ff8077f2270bc2db75c20179e955af4890b059f5
data/flower_photos/tulips/142235237_da662d925c.jpg,tulips,c45fe563bc97fb26e73df729883847a14e68a1bd709d9351f1654a66402959a8
data/flower_photos/tulips/142235914_5419ff8a4a.jpg,tulips,69db553e6acf86b33963a83405ac6b7b59e91afeb8c0660c699fe4342481a8a6
data/flower_photos/tulips/14235021006_dd001ea8ed_n.jpg,tulips,99939876ce20d08962defb21193ff868492ad9ce47c17933cecd485ace9fc8ee
data/flower_photos/tulips/14254839301_ffb19c6445_n.jpg,tulips,f9059fa188efcbb8323a6f227e8b9568c9e56230c60be4c62977bdf8a038aeae
data/flower_photos/tulips/14262354955_cc2ab3b112_m.jpg,tulips,7923f958c2105a42fd9c38113c3ef57d247d5d00ed63dd6ba2fc449d3c187b18
data/flower_photos/tulips/14266093711_66d18a1e44_n.jpg,tulips,c184efadd5245075c6aa17446b1fddf69c4721b90e1bab9c1326ca08eb212db3
data/flower_photos/tulips/14270573963_f122c40438.jpg,tulips,43b504740ed257f13ae9d944924eb6cac60eb6146342971acb6a7f4753f27bad
data/flower_photos/tulips/14275234071_6e6f473356.jpg,tulips,a42f239bcbe9219e78a1502c9a26985f2831dae29586dcdcafc11c122254053d
data/flower_photos/tulips/14278331403_4c475f9a9b.jpg,tulips,acefcf8617a13f7692faf286377175a5a946c0020bb486e7cbb17176574b272a
data/flower_photos/tulips/14487712670_aebe715525_m.jpg,tulips,391cb0743bee9cef4a89cdc51df542b187216b9baa3aa240be7e3ff5912255af
data/flower_photos/tulips/14487762578_baba13d16a_m.jpg,tulips,075b31ae8f22500f7ac47bf1a2f6ed603049eb4bb83e56e4bb42bbd34d86e703
data/flower_photos/tulips/14491997336_36ba524713.jpg,tulips,7f285b35ba4645e61803b783ff29f633aa8ae60878d35c0e037428660fa06dfb
data/flower_photos/tulips/14651383746_419dc73634_m.jpg,tulips,fc1f747d54bd887aced21983e1fbf1e4566667044424c5466a0ae85504a6a4a8
data/flower_photos/tulips/14651385476_7ccb20e594_m.jpg,tulips,86c341067111e704d250cf32cbd996fa363c6180780a8a9908a7b7605469c31b
data/flower_photos/tulips/14671196461_b725727229_m.jpg,tulips,4229bfa5cd1f4f581b93bbddc458e04ebb50cb9118d72e668bdbbaf553150f75
data/flower_photos/tulips/14674071872_2df55466d5_m.jpg,tulips,946f4eafa01f2d71a94a33051a2f056c5172ff2049e9841a8457e62e9b94731b
data/flower_photos/tulips/14674388855_2da18e375a_m.jpg,tulips,1017ee3b242be7ae3dcff1b70916592292a96f2adc176ee35ae317acccaa616e
data/flower_photos/tulips/14674389605_df3c0bcfa1_m.jpg,tulips,48014d0981f6589e7290b94c312d400527de9a8e2279db9c3d04a224638b8239
data/flower_photos/tulips/146884869_b1a8fa9c4e_n.jpg,tulips,1f9d856728d560633a185cbdce5612d5d63ef41f49420b7de445759dd575b8fb
data/flower_photos/tulips/14746916178_40403cc57e.jpg,tulips,0a1cb52fb49869707d11da363eecf715748b1dddf5c46dcda5f163c5a1b7e0e6
data/flower_photos/tulips/14836105101_1d07520932_m.jpg,tulips,6126757d5c3a5c20a49d89aa32d62f8baaf2d70213f1eb4cc2d13489071ef792
data/flower_photos/tulips/14866400927_3a59899df3_m.jpg,tulips,a0a52d75246cae7a010643ecee2acf586011eccaddaf00e46bf84c62d5ae4bf9
data/flower_photos/tulips/15029962436_3e50c1f30f_n.jpg,tulips,aa3ac1ef59389052f0bc21d100c964576afe236909cceef1087e56566cdb86b8
data/flower_photos/tulips/15049902081_dd85361f8c_m.jpg,tulips,44615f400774d013b0256ca063e57bbac447dd73acaefe98ac6b14890aa80fce
data/flower_photos/tulips/15052586652_56a82de133_m.jpg,tulips,4d70c0cfe003d94f9ff486c15a9e22a0bef4125434fc2849dda8ac74a4d08dc2
data/flower_photos/tulips/15082212714_ff87e8fcb1_m.jpg,tulips,d8b6895645b1dbcf22b43104004f38ea39072d93e17edaed71ba0bb5bcb5326d
data/flower_photos/tulips/15090146325_b7e1249e60.jpg,tulips,05205ca8ca374a8d2a7d0d3f3a8a648222cf0478724cd4fa12faa38897fc2e56
data/flower_photos/tulips/15147464747_594599c855_m.jpg,tulips,63b9a5e38509f8ac8da8b9d213cec180ba76f2e76339d8c05a4c70e52f5d2119
data/flower_photos/tulips/15149373026_93aacc65c5.jpg,tulips,0eefdc8ff7329a21c473228ae8731c8903d5bad4849df9f41e3d13e9cac60d04
data/flower_photos/tulips/15275144259_f9a18ec9cb.jpg,tulips,58d1e9d9b36bae2f86ecf8ae1b9ca8909245ee947f184996ca288783b2f16923
data/flower_photos/tulips/15275478257_fbd5850708_n.jpg,tulips,20d4f142be7fb84b147bae770e553c20d72ceef5a4b918dc25f289f2ed83a604
data/flower_photos/tulips/15458787091_3edc6cd1eb.jpg,tulips,dbf501f171de1f48219307ed9d9aaf2a2575a2a1e0e011ac4e7f72f58c94c95b
data/flower_photos/tulips/15516736553_b169b67195_n.jpg,tulips,16b22b092740938f57d4e6e55f32540e4685c66c1979814324c38f40a574c54b
data/flower_photos/tulips/15632065904_0d9caf174b.jpg,tulips,5d223f362d5a8fc79c84149e0753fa5218364be32e1e502ddf9697582b3970d2
data/flower_photos/tulips/15647243236_2778501cf5_n.jpg,tulips,5f6ad8117e6dc54ecc4fd848dc94e995f17acccac48cf1f525996af9eb538f57
data/flower_photos/tulips/15756524087_823cf86bd8_m.jpg,tulips,dfdc3880f440be98617daa1e4a2d84f3c4523d7f9f63636b21daab1ce0230f16
data/flower_photos/tulips/15881325303_f00807a051_n.jpg,tulips,610953e67fe65ab5e2c8bb124954c718ac0208ad6ea8fe4b718d9b0a97c5609b
data/flower_photos/tulips/15922772266_1167a06620.jpg,tulips,6784c09ff4eeec0e0ac148cdc74682f99c424ac89d85321d95161e20da9204e9
data/flower_photos/tulips/16055807744_000bc07afc_m.jpg,tulips,c809321b85181dc80217c42889fb188448e2217849b5d72b9b1cf513d10f734d
data/flower_photos/tulips/16062072523_1be3c0b61f.jpg,tulips,287584dd709678f10c78ca8fc8bff12465f7b26616bb88a1832392e026f0966a
data/flower_photos/tulips/16139439153_fbdee29a10_n.jpg,tulips,727416b86f06d1e7200f58bdc5585b4056e7eb2e2fbcb17885d492655fc38a43
data/flower_photos/tulips/16169741783_deeab1a679_m.jpg,tulips,86f87869f6d23fd300c18665675f10dcd5cd6378a4307d46405bf44497b367a8
data/flower_photos/tulips/16265876844_0a149c4f76.jpg,tulips,3c81df7a01824724774dbefd2e699abe5dcee44c9ed57fab3977dc8271a5cd40
data/flower_photos/tulips/16283125269_4cfae953f1.jpg,tulips,e6fb06eb8998f84a27cc8f7eb4409bf879262460b845fc1eae93a2d6e38e966d
data/flower_photos/tulips/16303377824_6e9128b4bd.jpg,tulips,95a135e07dc98e44ceb45ac9537b9757fa7d2554daf1132b6201d8a000b81007
data/flower_photos/tulips/16309287412_5cc4d58bd1_n.jpg,tulips,de26195733f6af1e31ced4b6d299d9624c266cff0a4d08b7c99869f481538c0c
data/flower_photos/tulips/164578909_51f245d3fa_n.jpg,tulips,795026f00546bf5d2b9cda518e42e508db88d793beca8d44cdaa29737da47d4e
data/flower_photos/tulips/16485607329_e66d5960bc_m.jpg,tulips,e71e4de1ce4f69e7eb70c21fcfee91713439c13cfbd743cb5cd4ba27706c6122
data/flower_photos/tulips/16506668270_b823935dc3.jpg,tulips,baafceb766eed3e420abe5ba9f09e947caf6156cc1cd7135dd4d3152dfe5a6a9
data/flower_photos/tulips/16582481123_06e8e6b966_n.jpg,tulips,be90ef6843b23d86e5510c6ed67c8b8bb15659fc86d60502dec309d85b6ba3a1
data/flower_photos/tulips/16594995743_ce72c61201_n.jpg,tulips,1b3247feb428dc40d886247a33fdfb1bd242be7c3362704bf5c4cbc5b977b971
data/flower_photos/tulips/16644790896_7b296ecd67_n.jpg,tulips,885ee556ab4a4b140637fb1ca50c71a90afc5b09c083b1946f2f0cbb48b6c1f7
data/flower_photos/tulips/16645809126_613b1e3ebe_m.jpg,tulips,64618d906f9c0c2596070be10253f7fe63469bd0e9e1e4bfb0e0244f1838bb83
data/flower_photos/tulips/16677542612_a78a8ca8b3_m.jpg,tulips,7f4745a85f6fe081b903505f939622b43f3e136b753c0de0d2079f1267a4db9a
data/flower_photos/tulips/16680998737_6f6225fe36.jpg,tulips,2158b64b6c4f5049fec0e3acf5ecb80acca2f5c2208f0ecbace24efd9268061d
data/flower_photos/tulips/16702117379_c25bff70e9.jpg,tulips,101dc7a1da88a77e77b8ca112e5eddeff0bcc1807ff6e170fb0ca7aec2000953
data/flower_photos/tulips/16702188449_3dacce90b2_m.jpg,tulips,95924421e091f2c8c96d048a62da6adc88efdcd9f7bea6a368c6b3199f844a1b
data/flower_photos/tulips/16711791713_e54bc9c1af_n.jpg,tulips,9b42688f1b966f4210a971bcc1bb5450d8890d07bf3d64ccd128768ad58be9ba
data/flower_photos/tulips/16717320956_d4b00807f2.jpg,tulips,3e12c1f8e7e1739c37e793ae5d8b0b71a0fbe81fae197d80425eb0ac74054d9d
data/flower_photos/tulips/16732302779_8aa56f255d_n.jpg,tulips,f4144c91bcc5811624858ad542c137b91dce7d2dbaae67b34c4165c7a1d466c8
data/flower_photos/tulips/16751015081_af2ef77c9a_n.jpg,tulips,1a464ac9dc8b17b5687478aac6afa20d0bdf22e4326481db6538b32e66b909d6
data/flower_photos/tulips/16765283686_0315ae00a8.jpg,tulips,e5a61b205538e624f621fe9af0f8316c91df50d1660bfc09d003ecdf6d1036a7
data/flower_photos/tulips/16862374316_4135908d4c_m.jpg,tulips,ea7f4e471a66bfe2b6babb63381b394b2c04e0c0a3e7fd7e735253f5711f5fec
data/flower_photos/tulips/16862422576_5226e8d1d0.jpg,tulips,8f7310c45b63d7104b2f2433dfc3dd0a821aa069ac3f4b75189ca6c10ce2b857
data/flower_photos/tulips/16904202259_8f45d045c3_m.jpg,tulips,08c3026eec4aa99d674ac44ad23a842baeb87c61cd9ead79e249aa5d0c29a58c
data/flower_photos/tulips/16937554595_3e1de22f9c.jpg,tulips,142b22b5fb0b8ead57f1a092b458c963c225dc4e308ea102c18d9436fd8deba6
data/flower_photos/tulips/16938892686_3613ea68e8_n.jpg,tulips,9b8ce09992a61eca65eb4010d6086959ad6e3ddfd5393ed6c69a7928c0c09682
data/flower_photos/tulips/16951623209_00fb7ec1b1_n.jpg,tulips,cb5a18778f93090512f368ceea85855dce1f454a6d41b9b475d8e415584dfac9
data/flower_photos/tulips/16986144192_55e0e6c152.jpg,tulips,9132e6b7e08fd1aa11a66d36ae9cf9a9347a462cc184c1c938d27c4b1d244785
data/flower_photos/tulips/17078576150_6f272ce73f_n.jpg,tulips,5d9986460dcebc84a6d208b186ed966c6f6a65feb44d36f62b207c2cca3ff4e1
data/flower_photos/tulips/17094167287_865840060d_n.jpg,tulips,992632a8eab9b942d40bde3ff0ba235db0173a2d961e63f94475ac318a4db484
data/flower_photos/tulips/17146928665_600fa3a1f1_n.jpg,tulips,79309976162b1f1034eab36afe73da19b2d0d2895726e26dd85e594e78195edd
data/flower_photos/tulips/17159349572_c0c51599f7_n.jpg,tulips,be6d4d1091e45dfa5bf71a61b5bf39303ab41b099179a85ded1f3e103fa410da
data/flower_photos/tulips/17159816388_deafbebdb0.jpg,tulips,6726a30c25ee305ce40087ded4e5df594d0c90f4205247053b3c374fab4024c3
data/flower_photos/tulips/17167151059_a53bfe0b02.jpg,tulips,a2bdcde2ed0985112847152673f02dead1672c40395a79e7137d770a1bc2bebd
data/flower_photos/tulips/17189526216_fa24dd541a_n.jpg,tulips,c7bbfb68804f1db808149302c99b3c180f941aeef17f5891a3ff47991c5ccc7d
data/flower_photos/tulips/17199499591_67b64b21ed_m.jpg,tulips,fb1c60cdd7ac56589610a8ba1f5b8949878b3b1afe502d156f3ae5c0da54d9c5
data/flower_photos/tulips/17202535346_ab828e779b.jpg,tulips,b328682423ccb6b227c225a2240df4c3426a81e2e366227d9d190ef16aa8fb0b
data/flower_photos/tulips/17224410762_402455ed8f.jpg,tulips,7848953bd06fc14843fbf549b43d1c50e20e8657db6b2a6589e3d70a27565fac
data/flower_photos/tulips/17282288501_e8738c9cfb_n.jpg,tulips,b2be0f09bfac3842e22b35a31f0582e6053388fca13f58327e4f00531da18893
data/flower_photos/tulips/17309951996_552d632cbb_n.jpg,tulips,b8b6f02c797b7b931fd05e453af5af56aa22d16d65c9265a5516ad9886f9e784
data/flower_photos/tulips/17318339476_54479b6660_n.jpg,tulips,52024c196ae0f55d50bc3b3552e11af978bf5fe5497b9d184261c4cf7defbb27
data/flower_photos/tulips/17324469461_2b318aff8d_m.jpg,tulips,ce68294c559930c866ba9caddb5cfe82bc4062cc21f64b8a15d8f8a681c7a8a1
data/flower_photos/tulips/17469578564_35a8360f58.jpg,tulips,3bbc4474d484e9ec5e0ea38336d5bdf3bbb8de3c4fc12c581e500dc92c724c14
data/flower_photos/tulips/17781940352_a45e4289a5.jpg,tulips,a62ee95065eaf54654f9deab51db0ecac1c683f4a964ad26709f0102b74eaa08
data/flower_photos/tulips/17844723633_da85357fe3.jpg,tulips,04822f32ed762a4af1b2884a9a42bf4b7ddf54bd5e633cf9c54ec9958d35c8d8
data/flower_photos/tulips/17862445825_f7031d6f26.jpg,tulips,6b529557eade2dc8bd2fd2953ae6c086689c13c01ae64724dfe8ec202315355c
data/flower_photos/tulips/17994129033_bbd0acba62_n.jpg,tulips,83cabf39f8c90c72e5d75aaa5b7c47aa73304722aa5a3f1c608c113a79e3da59
data/flower_photos/tulips/18270448366_d5676dec64_z.jpg,tulips,6723af9d76434aa901bb5885527384c20239fad18d9a9b0e32413601f68a9986
data/flower_photos/tulips/18378582936_ee7085c850.jpg,tulips,2c4fdb9015d8e6ea5501677e3af6ab071f98cc90022b4e77d78476c41475b978
data/flower_photos/tulips/19413898445_69344f9956_n.jpg,tulips,e0cf6122c88b9246bf450a44ea79c823111e1645b873bd5bc5491c29e5d797ff
data/flower_photos/tulips/19425920580_cdc8f49aed_n.jpg,tulips,172f29f56a0512419af469c6337dba60e7120eb653e960ae91a040829a581888
data/flower_photos/tulips/2087981909_fd468de5c4_n.jpg,tulips,7f2d1430769ec3e503b2a1f9281b7cca3771ac4ec0fb0096620e4c7b25921c0d
data/flower_photos/tulips/212720516_df4965ebda_n.jpg,tulips,6c9e8155e7b53a0844482f7d3224822bfbd76acc56b1e9372983534533fa1583
data/flower_photos/tulips/2232289392_9a79a0c5cb_n.jpg,tulips,314206e1c6008b770d64b3cc5cd23464001ed4d34a3ba5c7c6a6e71a7dffd2dc
data/flower_photos/tulips/2243427551_809b603992_z.jpg,tulips,01245860027255b26ccc68fcf120ca93e27d5732f11e05aab81df8d21d4ee104
data/flower_photos/tulips/2249756775_02e693beda_n.jpg,tulips,8ae0146c635a13f708e13e23a9dbe899a757502f939731530f05f88f62991103
data/flower_photos/tulips/2254152047_d3bf8903cd_n.jpg,tulips,c8334b800cc11ac63d2afbc61f7484211ac13aeccdf7052f84c35d579147e4cc
data/flower_photos/tulips/2256230386_08b54ca760.jpg,tulips,9e7eb078380f54df29ebf1e859e68e943e0d15e47175ec99d1a0d23a09fb1676
data/flower_photos/tulips/2271507463_15c48d41c4_n.jpg,tulips,38f4c8aa06add83a5801498b7753e2bea086a1e220f5735845e0aad5439b2196
data/flower_photos/tulips/2280950463_86510c2789_n.jpg,tulips,c58d1b789e8d96db4fbafdc614bc1a32e8be643eec0f652e1fae40cdfd88329c
data/flower_photos/tulips/2294116183_a30d2aa2c1_m.jpg,tulips,909a11395f7badb8aea3beab845804ed174ed18de7575ade3e3798fa395658db
data/flower_photos/tulips/2336919121_851ebc4754.jpg,tulips,2aa6d7a7e9b844e31a55f80bfbd6086d5b884fc739ce8a97de97d52b97a2a172
data/flower_photos/tulips/2344751399_71620039f2_n.jpg,tulips,493a0e5b5cf357959121eb25649544c0d67f153a9a520eb76869c37b20a67bd9
data/flower_photos/tulips/2361075034_cf730b8682.jpg,tulips,6b027a0c8b9f49dd2801fbb191d7dc8c2237c6110cff921f9deeddb4af1a2b4d
data/flower_photos/tulips/2412250315_a04171da51_n.jpg,tulips,9adb0fbdaeb3e9a486bc74621f2bc76260f4c8cfe6ad12a0b6945a90d2fbfc08
data/flower_photos/tulips/2418823693_72eec80f42_n.jpg,tulips,9b8ec8ebc854461faaf28e181da9b63e7c6452f507f1004a87a08d9a60053fcc
data/flower_photos/tulips/2425067141_b27043a800_m.jpg,tulips,c5ab9eab6499a1f02e0d0320b3a33762bc6b742eb4f33ee97165b58405b6d283
data/flower_photos/tulips/2426847695_4b8409402e_n.jpg,tulips,eb78702a1ca057ae7119483778f198058c78cf909a5489a129179c7ec7cdd9bc
data/flower_photos/tulips/2426849837_baefd9a518_n.jpg,tulips,107769add16ca86dd4d6132fb03d53bfbb041c809881271aa0d7fe7640ac6580
data/flower_photos/tulips/2430566689_8543552f9b.jpg,tulips,5af84de514963e4cb36b91676770712af254c769f1b36f90f6c7da7191f1f8a1
data/flower_photos/tulips/2431737309_1468526f8b.jpg,tulips,31e3404776c9d8a2df6f800b870ba4666454ee0527d8c9bb5d2c4c54d64de307
data/flower_photos/tulips/2434178332_7fcf85aa95_n.jpg,tulips,22eadfc214ccb9b4ed60d976da4297e6d0a400ec0fde18052c1ea60f53fa0d02
data/flower_photos/tulips/2436998042_4906ea07af.jpg,tulips,358165d9404bb4267ab4c77155100d4cc9d019c7228c31c63b90d21ade82a555
data/flower_photos/tulips/2440874162_27a7030402_n.jpg,tulips,4012625f22a65adbee1a5209730ab4d8ff2adbc0ed73fb180094f7140b93b1a8
data/flower_photos/tulips/2447151631_7551e6377b_n.jpg,tulips,65f5c3e37b174d3c91f666017a8865c04fb4dcfea76e5b5017a883760d5c3c91
data/flower_photos/tulips/2470177960_7bd67db186_n.jpg,tulips,5c36355457617b520b7029f975143d66f4c8ae9ebd1a83eceb4ef38d7d2cfeda
data/flower_photos/tulips/2481827798_6087d71134.jpg,tulips,b2d32713ff00a210cd1922925bb8143e0fb26b6feecd5dfc22889610a42e0b5b
data/flower_photos/tulips/2489638840_72ff3ee527_n.jpg,tulips,c82bd3df2d5e6568187b26fcf94618b49180a6f116a63baf19053ee4c269c105
data/flower_photos/tulips/2503489175_f0848d3e8e.jpg,tulips,1344f42f11e9cc3fb5646538261c8b8aa284c4b7cdfec03ea3ab561e3b611e0b
data/flower_photos/tulips/251811158_75fa3034ff.jpg,tulips,cd1fb5255b2814e0d466e3f7a839aa43b726c7a1493ce2433347aca8392e6f86
data/flower_photos/tulips/2535936698_78cc03df3f_n.jpg,tulips,9bb8e836e1fd2b8ba9cf058ad92b59a57daafcd13dd04bc2b22d18ddc414892f
data/flower_photos/tulips/2785458179_9130812eef_m.jpg,tulips,751a2591d33da6aeffdf515eb560c3df8e928ec2958fe458947d90e4cb2ef013
data/flower_photos/tulips/2813658587_337eeef124_n.jpg,tulips,89ad381e4d8b5340f825907012193b41105bacde17f16f9f036a4814d4248c4e
data/flower_photos/tulips/2834890466_1cf220fba1.jpg,tulips,0b028679a55cbad7344738f1acf98402b8740003a678d63dfe7ab31faa5f6b2c
data/flower_photos/tulips/3002863623_cd83d6e634.jpg,tulips,e373788ce90355dbc0678e440bb552c3d00720e98811545c38476279e791b71e
data/flower_photos/tulips/3105702091_f02ce75226.jpg,tulips,b715965e30b4e2c6916534af3b796952b7de0e2ebaddec592f7bb40feed046b6
data/flower_photos/tulips/3143110904_66b4851a58_n.jpg,tulips,b89c644bc6e41f199df4d7dcf8a23271ede22bc604e72276d5ea9b94e50e4b0b
data/flower_photos/tulips/3150964108_24dbec4b23_m.jpg,tulips,85c1b4441bd0df2d8dcd56452d346ba0870f2075e20633b7887afe7379337f47
data/flower_photos/tulips/3186520634_30e1c67aa5_n.jpg,tulips,05d32fce4c26b9b2ade63e458f62ab876caebc0b3063bda410f62269d2be24ce
data/flower_photos/tulips/3210019014_1bbd8bff20_n.jpg,tulips,7c9557af7158aa9b045294a93c76a6757c8356a8d341d747d210c383f4e77709
data/flower_photos/tulips/3213012716_b4c0f7db88.jpg,tulips,1d6cdaec88a56c9d91813977175bb784955db64e135a345dc6ff1194449b7ffe
data/flower_photos/tulips/3238068295_b2a7b17f48_n.jpg,tulips,3931bb14b970eba58209edde1bbfb4c058943304f701979c17914391d139913b
data/flower_photos/tulips/3253320570_b617f7fd4b.jpg,tulips,6bd6c90ba5b06ba1214d0d9affb6a894e46ce654ff9641e93aa070c934efbc2e
data/flower_photos/tulips/3254533919_cb0b8af26c.jpg,tulips,f3181df82a1084fe017bbe893a12725530d62fecbbe1c17ead632036b7fb7c7a
data/flower_photos/tulips/3282751630_45c2665034_m.jpg,tulips,264fb5f431be0c93f7268d9681259ee17f997cd5e2a8d23b6a81385037d23ec9
data/flower_photos/tulips/3396033831_bb88d93630.jpg,tulips,8eb475c7aee96f931492fd67411588d94fd0a06c031faec93b509b02cdd615a9
data/flower_photos/tulips/3404038663_f62cf8eba3_n.jpg,tulips,6ecfaffe5e599008c5719c7482ca8af86c13aa310377b26c756aa3acedb75733
data/flower_photos/tulips/3422915985_9bf7264d36.jpg,tulips,a3d02062b24bd6aedc742e7875ca298ef4d6140a7273b7e3577c48422ff6f415
data/flower_photos/tulips/3433265727_0b8022e091.jpg,tulips,f91d31a2475593a64b93dd71f4c2c9f62794a15dc5c4efec09f2fcb4973be55b
data/flower_photos/tulips/3446285408_4be9c0fded_m.jpg,tulips,d6dd2f64031b065cd2236204035c3c6768decd5cd02a938c05baac5820a4bff9
data/flower_photos/tulips/3455026124_d66cafb9fc.jpg,tulips,94e07063cbda5c4bbbffa6b07a8c694bd9201b9acf93f7da0c23c4b30dabc020
data/flower_photos/tulips/3457017604_90e4de7480_m.jpg,tulips,b8263ac0915c3819c3a6d9f3303f7dbb31001af450cb164503d8896d9b8d33ae
data/flower_photos/tulips/3459922572_bc8516b5fe_m.jpg,tulips,08e1ede18e56a8cc8639fc906781a61476e331a186a940781b70930f6d7708ac
data/flower_photos/tulips/3474066174_8d3b3e8f97_n.jpg,tulips,c8dd3601ce865864ee4a00738750fef79ef6aa8a760bda470376495696ebcc1f
data/flower_photos/tulips/3476945045_97ff41e8ec_n.jpg,tulips,0f787e5dd50b5129b7bd6b524dc7d6f62303f6bd2be3cff8d053d1c0f9b31685
data/flower_photos/tulips/3498663243_42b39b4185_m.jpg,tulips,7425becca4bd5ed6636e33d0a61dab88c7e95e42cf967cadf0e8fb1f90513292
data/flower_photos/tulips/3501996215_1c6d1a3386_n.jpg,tulips,4f07a043cca635a6f4df9d7eaced89399f000f3cf56baf562fc39f5e47caffcb
data/flower_photos/tulips/3502251824_3be758edc6_m.jpg,tulips,0c2db259aac0c8ce3673701fcd73908ba0fe462396e7186501f4d7ee86396e98
data/flower_photos/tulips/3502615974_ef4bd13202_n.jpg,tulips,eb6567fd4c60c8a960478d8817d016b34f09bfcba35900f44c5037bb11a51c10
data/flower_photos/tulips/3502632842_791dd4be18_n.jpg,tulips,e85603d25e8bad1653f5f1ff5afd42d313d3a0c7e194089923087c120a8bdf4f
data/flower_photos/tulips/3502685880_f026400dce_n.jpg,tulips,55e3bbc6d80d6abe11242ad3fdeac22665811a3c1ee28fa100d3cc06098b430b
data/flower_photos/tulips/3506615859_9850830cf0.jpg,tulips,7da54907d0e7e2ba3cf9b0862fd592fec56baea6ed97fddd0d100f180d2253ca
data/flower_photos/tulips/3510799169_0ed6ae9669_n.jpg,tulips,bd57e7dfa3a9163ac91754393c6fa46e0f012deaeacc85c8891d95643622ef96
data/flower_photos/tulips/3511776685_3635087b12_n.jpg,tulips,71b560c6bdeff34ebc354d54bd531fc67a3e2aae7d34c8b94c10f6a1b9199377
data/flower_photos/tulips/3516269489_cef36e87a6.jpg,tulips,e68bd949d4f2542d0a18f10a1c0e9168197052641cc75b7a94009f9ff160d933
data/flower_photos/tulips/3516271083_fba63b5861.jpg,tulips,56074321246cc99466ca18acd4a9cbf3b62400c63b8d2e1572cd2d0e61c7c431
data/flower_photos/tulips/3523398585_376960a611_m.jpg,tulips,3016b11149101fd993023ec991dd56596d8b5fa0435a840b55c34c88d34cc56b
data/flower_photos/tulips/3529889389_ab4cb6c43b.jpg,tulips,b957a59c4a0cfb3f4205508155426ffe4957a9e9aa522e27f680cc56bb21e535
data/flower_photos/tulips/3540595981_73f14d1227_n.jpg,tulips,17f1015cb8117943fe4539762c01453b8caa632a8f2148db669a633c460fd0f2
data/flower_photos/tulips/3558517884_0c7ca8b862_m.jpg,tulips,ed5413978f58d2cbd6944f8dc0f2c270d1c109e7e5c24d77671101589ba56bff
data/flower_photos/tulips/3601085193_de1195d3d7_n.jpg,tulips,3a7f32da44f437f2a8e8e0aa73ae9bd20fdc5fed931531db5745f546f51ccb06
data/flower_photos/tulips/3626132563_d955973447_n.jpg,tulips,446a25af4cc0b8c84fbf39333d93b5dcd3dc4e7af9bfcf9b9b9677150608f5bc
data/flower_photos/tulips/3909355648_42cb3a5e09_n.jpg,tulips,a9b04fc1b18e4948785e9ddff82115690a830abc381972aee3f267ec288388b1
data/flower_photos/tulips/391477275_7c2f50a1a7_m.jpg,tulips,c9d738de97fed20bb34869da216078ce3c6954339a4b5851cdac0aa9149a2710
data/flower_photos/tulips/3990746027_338ee436d2_n.jpg,tulips,15befbfc375a56a3dd70eda897580478f77d775d5703f5c0809d8d24074e7f2a
data/flower_photos/tulips/3990989735_59e2751151_n.jpg,tulips,344b1d6f0e5e093a2525fc5f780afcbb53b20908b30b47010daff6a81738e5b9
data/flower_photos/tulips/3991423020_9aaf2b5974_n.jpg,tulips,ece921d3eb983b41ec3812e6bbb77d040041cfd4173ebc0182ffccd1d22b6ee4
data/flower_photos/tulips/3991742794_edebc6c8a0_n.jpg,tulips,8298aaf570c9c3f5f8d37d205279367345d10c75db3de123b1308e85b31c38ae
data/flower_photos/tulips/402525114_eaa60c8341_m.jpg,tulips,e3deccb8f42bc48e47a33dfc0ea8c14d297eaebb7c629b7ba38063a275f5a16f
data/flower_photos/tulips/4042180234_64cd2859c9_m.jpg,tulips,a3ab80627a5719c8d2a98c4bbc7cee291ff8d249103171a575875095078a26f2
data/flower_photos/tulips/405035580_94b793e71d.jpg,tulips,ef69f7f8399ce7a26dd46accc00dd332ae7331bf35b67baa8fb95e1f63a7a724
data/flower_photos/tulips/4117620896_070e5887ae_m.jpg,tulips,00a3d09b7404faf45d05a72c47dd4376d73fbc3b052db575fb1353f42a5100a2
data/flower_photos/tulips/4290566894_c7f061583d_m.jpg,tulips,bc50e8e718000aed5440d24c9ef962096a5bb6c03361c4679ccdbddb2785ed15
data/flower_photos/tulips/430785322_7ddef64c68_m.jpg,tulips,1cf3952a81fc39ee570d4ea53b82494e1c5d8b0eb5ca7b36b2fd7167f7eb2ec5
data/flower_photos/tulips/4312181724_16dab26afb_n.jpg,tulips,08e937843dcd7f5ac5dac494b0be0a1f6f854ebbe23742118a3c16014f11579b
data/flower_photos/tulips/434146736_310a42d9cb_m.jpg,tulips,dc13e05865b10a17fd5b2135b966e4d8b33a06cf0caae15063c509507d9396cc
data/flower_photos/tulips/4353419275_79d3904074_n.jpg,tulips,f650a17d799e4db2f661304d1d617088c7080c29a93063a70becf2b10dfb7bbe
data/flower_photos/tulips/440714501_9f8268e1b0.jpg,tulips,0e5163e49e66d550489d23efcfa11e0b2691cc7fe6f162765dc54d317ba86a8d
data/flower_photos/tulips/443600168_cb08d56511.jpg,tulips,af7e6618f5bd28c92f79911d9360e5c2f44987a2ae2d7810c2c231368bbcab64
data/flower_photos/tulips/444963906_e41492b692.jpg,tulips,d0f0d834719a2a636d3e383e11c045d6eec932a0e51e72f0332e9c320e3f8545
data/flower_photos/tulips/4497976955_3f8c2a21c1_m.jpg,tulips,c955713e9cb634d95c103708604d9c06e41ee02a2957ff29bcad4d6d81d8c115
data/flower_photos/tulips/450607536_4fd9f5d17c_m.jpg,tulips,bea74ca61cbe936ed2bc2c7cad750b036972d7950688560a28e183ff69070ab6
data/flower_photos/tulips/4508346090_a27b988f79_n.jpg,tulips,cdd63b7e8c976965ddb79cf4671f1ba62b6d4d20d706890f3925f1f3af69c1f4
data/flower_photos/tulips/4516198427_0e5099cd8e.jpg,tulips,bebc53c27c087d70e9569728a93639124b1887000c228fcee8b6f7b6232b0279
data/flower_photos/tulips/4520577328_a94c11e806_n.jpg,tulips,a3a03e910f97ad8569bdaf4480b9971c3451d4a276a90a9b4ab51902e17e0bea
data/flower_photos/tulips/4521496161_2b41d4182e.jpg,tulips,289bca9736763abb2ee94adc5c128fafd45e91d950fe46e8d2a6e29b8c7ee1d6
data/flower_photos/tulips/4522130258_9ee44cf73f_m.jpg,tulips,dd6f7173d08f6acda0b18d550499d64b426f93c114311a7448569fb4db8d138b
data/flower_photos/tulips/4522153453_06437ca3af_m.jpg,tulips,2502bb00dd03118faf61b78ced1e300f6b907305b7d05da62653181b26af719e
data/flower_photos/tulips/4546299243_23cd58eb43.jpg,tulips,fc5d3b34190774f599ed09b810188098cc2bdfde1f6f5ccb119357a34ce3b9f7
data/flower_photos/tulips/4550091966_7f3e0f8802_n.jpg,tulips,577d1870e3606f7a75df3f20830731c1e325047e443640fabc2907c0dce43e5f
data/flower_photos/tulips/4550117239_5907aaba4c.jpg,tulips,492c0b119ec029d7a354694e28a696e3350e7607398a79e3371d6da2c121bf33
data/flower_photos/tulips/4550278535_dfdf7b74ef.jpg,tulips,ca84541474fc4a11d8e218c839ef405d5dfff04532f7abf9091746385bb30b4b
data/flower_photos/tulips/4550805310_5f81c9ba08_n.jpg,tulips,1818ff1b7b05860aeb685773c796372e3464246a2c43d3c6f9d714cef0f2361c
data/flower_photos/tulips/4553203984_9cb9312240_n.jpg,tulips,a16dc5f05e295fbdaf6215591b5edbc06e2127f4b747a37dfe7805c2652ac674
data/flower_photos/tulips/4561670472_0451888e32_n.jpg,tulips,163a8e6de8116988021705144cdd8207b3b12e6b8bef1c42d6bbe805776cd1c9
data/flower_photos/tulips/4565139594_b28d260cb9.jpg,tulips,27a9d2e30ed5a9f86a7acf1d9b6fa88238fc78d9bad6043c43d09a39252571a9
data/flower_photos/tulips/4571353297_5634177744_n.jpg,tulips,e711ef156d21be943e9742f3ec9e550c975195b9873ce1bced26873d1d7a94af
data/flower_photos/tulips/4572955407_87f4805c7b.jpg,tulips,cbb23e24e15ab9789617ecb2fcfe92e36b421d16c836bfd420ff6b051b9e1635
data/flower_photos/tulips/4573822295_5c5c6a5f6a.jpg,tulips,42fa6f866a203f5a8689049b2168313a3c48a6303a86aa7e95116e3022cad97e
data/flower_photos/tulips/4575963749_2418ff8768.jpg,tulips,5c93a519b42f9a863f522baf09365f6418d95c0ff5a196d8fd24f6b580742888
data/flower_photos/tulips/4578030672_e6aefd45af.jpg,tulips,ee3d9278f81861f828909e41d86655b0c7985533e0f5b569a7018a0b0165151e
data/flower_photos/tulips/4579079143_f65b39dd9f.jpg,tulips,ffc41bbad40d8a49f1256e4a482e4ab4b7a074ea3b37c09f30b7aa92c5e7c678
data/flower_photos/tulips/4579128789_1561575458_n.jpg,tulips,dfe08fb2417fdb886134acd6062ffc13d7efd4e17a24451f491a1f66f0462bf9
data/flower_photos/tulips/4580206494_9386c81ed8_n.jpg,tulips,b2d5e5ccfe0120c0e38cec7a12e57a40cccb575b3afdb8acad44b5f08c3ff3e4
data/flower_photos/tulips/4582198748_20fa7caaa1.jpg,tulips,36ca19591e18e4aafd0cf531aa1af3c295fc845953dfc6498a417405d0175d16
data/flower_photos/tulips/4587872443_a86c692cb8.jpg,tulips,64403183dcee1a39444646d9d04f03758dda7a13294bc2fb8fb4d395f3372725
data/flower_photos/tulips/4590702749_e1df8e0c1b.jpg,tulips,76e18826cd11c9b746ff61cfeb8a44f4447eaa0d5c2393102e10e7147ddd41f3
data/flower_photos/tulips/4591323356_030d8b6967_m.jpg,tulips,8698fa403a7bb15ccd4310f42f8fd058f54db2270d2fd270dc68937f503bb934
data/flower_photos/tulips/4599815420_8ee42c2382.jpg,tulips,fc31ce14d24c35c1304c0919c88379a6e83dd17f6c641e9335046f69a5bf3bb9
data/flower_photos/tulips/4602809199_d3030cef01_m.jpg,tulips,26d3a97e8c31240d3c2f2c74716b3ddb9e701206a7098a21d3fd2343052f3190
data/flower_photos/tulips/4604238410_bcec9da4a0_n.jpg,tulips,842bcd8ce17289324979c5a4f484e2e59c2767664bf6fd9424ef19d6c9564ab3
data/flower_photos/tulips/4604272150_0c92385530_n.jpg,tulips,824d78db77fb3ebfabfe5b889d313bb00f8b1e202c196387d72f5003e287e7a7
data/flower_photos/tulips/4612075317_91eefff68c_n.jpg,tulips,300055a6e3761ab655d36d2ef0fb4adf25dea819b040764909d4912a2cc20ff0
data/flower_photos/tulips/4644110077_ff252cd7c4.jpg,tulips,c13ce04321bc1d19542e4404e6d22aa8a26bf3b95b4c8c2d7db16a51a1e2f863
data/flower_photos/tulips/466409031_4c10294db5_m.jpg,tulips,1021ed010c5b26a397cc3b6e7b1042af6f38e564518e22c3acc14d6a40d3850a
data/flower_photos/tulips/467702445_b8676f60fb_n.jpg,tulips,5ef4e9aa4738f132a28aead9e1b864f71e9259bd3b90dfa9aa042a4e50afe2cc
data/flower_photos/tulips/467770225_e3b41d4dd3_n.jpg,tulips,e8455ec546fdeac3d98f4980e704513543147e613406505cf6dcc8a9e142cb8c
data/flower_photos/tulips/4679869990_7c5f28f2fe_n.jpg,tulips,d6a893a92cd3940c9e70b3e90eabbd4b76536853b1accebba179997727a7b313
data/flower_photos/tulips/4681062529_36186617d9.jpg,tulips,5e33f1fa7e4ffed0dd2f2994032c8a06ab1dc4caf5373bf61e843d4b3ebcfe88
data/flower_photos/tulips/478765271_6a8ca1cfa1_m.jpg,tulips,25dca0f2d362298a372583f0835f87ee079d12eef0eaf15e4f38a40622e4ed3a
data/flower_photos/tulips/4838669164_ffb6f67139.jpg,tulips,f6fd00ca94a2922da19f115bd364d9f453014de74d59ab4bde164f72552255d7
data/flower_photos/tulips/483880052_19fdb26a9f.jpg,tulips,97d7275b59ef0235a0288483cec06cefd1e9aca8775ee97c52834372d937dd1d
data/flower_photos/tulips/485266837_671def8627.jpg,tulips,b13c13459cb9ed9676d4b927b7397a24e4934b960c58503364c9e519e19a6a10
data/flower_photos/tulips/485415743_eeb5d7c1a5.jpg,tulips,b1ce2cc559093ae8ed9a368bf3d22774a103b1de9a2b05d4b4745f22b0dc740e
data/flower_photos/tulips/4890786831_91bb82a9e4_n.jpg,tulips,b630cd01e2419e1e3b15d59ede3ccd3fb2647cc6c148a58c3463fcdd49b2aa1a
data/flower_photos/tulips/489506904_9b68ba211c.jpg,tulips,e0dfee1df4636e03541e11e7a86f85fb74466747e7ea4c0896228b3a0fb6f22f
data/flower_photos/tulips/4945315538_97bdd873c4.jpg,tulips,bbae3b4f08222d3863282d4a72605cf97e8ba88309023d2e91c4ff6c8cadac98
data/flower_photos/tulips/495094547_fd2d999c44.jpg,tulips,c45443f1ef4ee0c3b8bbcd3a9e88cb05e354e2e0568afad1efb202eabdd835fd
data/flower_photos/tulips/4955884820_7e4ce4d7e5_m.jpg,tulips,9b233a3e8cdf939030de50c0ff2ff47b19644fc2dd0f1a00febcbaaaa279eaa2
data/flower_photos/tulips/497305666_b5d4348826_n.jpg,tulips,d5be3fc8d2cc3d9482f33755b0e5b701fe076efffbf0751db9ea6990da4cf853
data/flower_photos/tulips/5012813078_99fb977616_n.jpg,tulips,7f6a88c7d1e368cd52bd31e88c8fb58845601b55706373ae3ccbe3552ccabf4f
data/flower_photos/tulips/503770507_f397245a6a.jpg,tulips,fe772d353c26a388c94504656744c3440375943bbafc4da7573d9213c64845a4
data/flower_photos/tulips/5043225469_0aa23f3c8f_n.jpg,tulips,20e02cf9d91609a4b7561973c2a79260faa51876d9d1a8cb7b2385cdc7eca6ba
data/flower_photos/tulips/506350421_2ba59e568e_m.jpg,tulips,d0427075dc28223d5d93126ba058c9ec95f981cbb63aff8e2ba549567c0a2ba2
data/flower_photos/tulips/510698601_9f61d6f8d8.jpg,tulips,05cd0d15afad49d8caf5969869bf5bcc1b779270ef4a7ba76a037ce8fea89ff2
data/flower_photos/tulips/518256494_368a72db37.jpg,tulips,41a891100735df99634e1de16a8d700b8be586fa7cb3d9ac7dd7fa5577d00788
data/flower_photos/tulips/5388013398_09a8a0f166_m.jpg,tulips,3ac31c73036a58939ef067893a1f68ea0e33377c3328b8f3c859ad873fcad459
data/flower_photos/tulips/5430796647_f21b7b0fea.jpg,tulips,7930cc2a054347f4cc06d52e9d0d736e2863807388c9632f1edb2cdfea07d5bb
data/flower_photos/tulips/5470898169_52a5ab876c_n.jpg,tulips,8dad21154d2e96c0b4eccb6c6dc18c60a5f1e8609dfdcca68eee247caafc337b
data/flower_photos/tulips/5529939805_1679b014e1_n.jpg,tulips,5a3f585085e3f7cb3ac4e4e6cadba1f3899709e018a7380a9d52bda981f55805
data/flower_photos/tulips/5543457754_89c44c88de_n.jpg,tulips,4dcc702388a0aa65af755bc60c757126e03848c3fbb36035cbdc6942c778d7d9
data/flower_photos/tulips/5546723510_39a5a10d3a_n.jpg,tulips,8b3d9ea270a1133e6fc2053113041ed22f6308a52db239564f4f0e54552d1177
data/flower_photos/tulips/5552198702_35856ed8ec.jpg,tulips,83d8a4c5af9fb8d8253d6dae76609b51471adc947029059e540d39c4b3509ce9
data/flower_photos/tulips/5565089564_a30c318f44.jpg,tulips,5fb4e926fb4cd93433bc56c852fc0a7e2568b454a77e3f7ee7c289402d1e5119
data/flower_photos/tulips/5603625247_e4ff1828af_m.jpg,tulips,7dc2b0f36d1db567c44940d38f834231b6fc23902d64b0babbd9988b576e3a85
data/flower_photos/tulips/5628970369_54eb9ed31c_n.jpg,tulips,203418b315ba2d367788c7f33264c49f28dd26c3996d75bbc6b63541461e97ab
data/flower_photos/tulips/5633266048_4f4bfb2cf1_n.jpg,tulips,af2fb992833ec15a6bfaa3838b8b2f70af64fd5602976bd86f492b6d45cf6441
data/flower_photos/tulips/5634767665_0ae724774d.jpg,tulips,700a4b75da3cc519dfc15fbf9c4f0e93fae87419a43e38c102381e50f3697042
data/flower_photos/tulips/5635348214_a4e2b19ffe.jpg,tulips,902ec54b752a8e659eaf59635c3e210faad60df240feb57134e1981f6f3d5137
data/flower_photos/tulips/5637140035_e6c5514f54.jpg,tulips,7952843587ecf79818f8bb8ee7ed2203e059937cdf814eb2721ad291aa8a036d
data/flower_photos/tulips/5644061265_e02135f028_n.jpg,tulips,58c220edda99c2c8dfe6f2200930ccd12b9e79eaf66e8fb78fbce948a18b2253
data/flower_photos/tulips/5661431592_cea1108261_n.jpg,tulips,4296963a0e182cf626bb50a41704514dbef27424795231fc2aeb9c3429448bdd
data/flower_photos/tulips/5665080897_0796f726c9_m.jpg,tulips,e669e0878c28c07f11bb1d1fd69f18e48c1818180abdce9724d2a7e4bdf40496
data/flower_photos/tulips/5665708521_799585d229_n.jpg,tulips,b250bc8529740efae6a1c95e6c1eb7818296a766626f5152e62d3104406958a1
data/flower_photos/tulips/5666286130_1dc6f66f09_n.jpg,tulips,196cda6011b620d1eb1df6a7364e354c951958a230996054f5ce6f89ed8ce96d
data/flower_photos/tulips/5670916806_df4316006f_n.jpg,tulips,12d5fa02aafb63eb6935f104126029188e24aec45df0c315c5383017eef7db22
data/flower_photos/tulips/5674125303_953b0ecf38.jpg,tulips,9049e7de08223559c55a12e8041e343b42b3a02944f6b80ea5a008aa1c0c9f88
data/flower_photos/tulips/5674127693_1ddbd81097.jpg,tulips,284799f94f072149c3ab283b9def2418ababdd24c30ebe088903cea462605804
data/flower_photos/tulips/5674132053_b40a7d32ca.jpg,tulips,b65cdaab3bb430109f0f4dc995c182fb92b76fd0ee811941cc94620aba98185c
data/flower_photos/tulips/5674134129_2db5136cba.jpg,tulips,edadfe773abe79d04d80395ca2a1b734828ea8eda340620c53b601a9b56e6677
data/flower_photos/tulips/5674167473_ac696c8989_n.jpg,tulips,18bab1a5e6471e36f0e32679561092b608a1e9fd86e4a2635105f4fc38984d97
data/flower_photos/tulips/5674170543_73e3f403fb.jpg,tulips,0a6914fba263700623f679ff9e291495f11fe459e6640d9d987747a44d3a1148
data/flower_photos/tulips/5674704952_9bd225ed9e_n.jpg,tulips,85f3e5d2da6dfc1c7c480e47cfb46e044c4a0998cb64689f36d5fb4c68d3db33
data/flower_photos/tulips/5674707464_dc18de05b1.jpg,tulips,ed8e935d6df07b9042f2a46bd69e62153be5b1b47df39b266c4ac3a3e369a7f2
data/flower_photos/tulips/5680695867_baff72fc7c.jpg,tulips,bf74d2e60a5da79c04795a4f4b6e6b9fff7fb0007cb00e5295ea8bbc5cc8a8fd
data/flower_photos/tulips/5682463466_d3e641cb8b.jpg,tulips,b02ba50418c4a299d07405f1650cd23dace5ca07c88207511f71559764d7b76d
data/flower_photos/tulips/5687705933_55a8c2dbac.jpg,tulips,c5912661b7aa7131f7f5c4eb4fcddd15660434c6f4bd11bb3da5d7c6c5c208e9
data/flower_photos/tulips/5691090657_2f1e9bf49e_n.jpg,tulips,8add79eece44f5c5460bd9d4fe4cf9d69d44ef90a2dcecd0c8c64e917fc81912
data/flower_photos/tulips/5691100579_4a2767360a.jpg,tulips,114e20bd93705d7ef4f22ade784eee040d2c9baf5441c79b69e1f10af0576a00
data/flower_photos/tulips/5697471591_200ff951fa_n.jpg,tulips,934ee0aede88778de8bef9552b244833669f55f1f21425f4a2ea961ef6b497ee
data/flower_photos/tulips/5700394524_dc6f8fa9cd_n.jpg,tulips,3ef0ad1692653ea64a02a5670eb732da8706286ac68254eb93b3cef3ca57f32d
data/flower_photos/tulips/5700466891_2bcb17fa68_n.jpg,tulips,d4de8724a96ce4b32672776e5cdc5dfac461e3ef0c7cedc2265c6b262387e5de
data/flower_photos/tulips/5704726114_a92f753514.jpg,tulips,e6fbff17b3d3b94afecfd6898fef5a9a5c66784e870eb5f71fffcdca6a7e7376
data/flower_photos/tulips/5718781677_d5e9267115_n.jpg,tulips,0feb19b7d0a6759aff5f3052b870dda9c279b7604b5b848762b9289d692db513
data/flower_photos/tulips/5719416820_3060e3c1f0.jpg,tulips,2b7eafe3a4527f8b0439f693d5e581f130afd781303fa8a1f1d5f9ff94c8f485
data/flower_photos/tulips/5730908127_da871df0f8.jpg,tulips,395cda533c340d067956b9eff7e81f4a56f6d442bb26162010d4593d6e7d55bd
data/flower_photos/tulips/5738195260_b3fc107aa7_n.jpg,tulips,e6265769921fa79207b8280260bb8cd6509c981f98082bc632aec7ef5b8f3922
data/flower_photos/tulips/5755467567_903c31e3d0.jpg,tulips,644b37eba0b259c9fffb4a9a5f0af04490417646affabcc2e2b122d6f4103eb3
data/flower_photos/tulips/5757091018_cdfd79dfa6_m.jpg,tulips,9bf5aaf4f673b5d1d76e64a2a11aa38bb034990a6c6ec285e6a39085e69d1c1c
data/flower_photos/tulips/5810456385_b44358a0ae.jpg,tulips,99106e9c39b742eba3a432cdb52c4f97b194ccec5bdeabedbe3676211f21425b
data/flower_photos/tulips/5811004432_266f0f0c6f.jpg,tulips,abb1df2174820f370fe844e8c70bf93d83867bc5cbc64bbc298f5d651ce79e36
data/flower_photos/tulips/5811022098_2523ca4e82.jpg,tulips,8b3417e67abe49b870bc9f5fc835e4475f122353110692304a98ea12b799f56a
data/flower_photos/tulips/5891485349_cce7b99549.jpg,tulips,c7a4a211d10722f66cd204c8a39d5aa26579beae4a57bc4c1a33eeee273238cc
data/flower_photos/tulips/6038098425_b3b4fb62cc_m.jpg,tulips,5a1c80a84cb3a0f6bcc9799ef2122784f55fd3f6fc6a635f692f71aa615931d3
data/flower_photos/tulips/6227136437_6117068599_m.jpg,tulips,9ca4df5b8c5432bd50bcfbd19f28a1533c5b76c7134f4d748e16924916bed544
data/flower_photos/tulips/6267021825_a8316e0dcc_m.jpg,tulips,7dbbdfb38176db55d0139d78e40cdac4ce42f7d11d81afb73d1da71bd6007951
data/flower_photos/tulips/65347450_53658c63bd_n.jpg,tulips,133ef3061b7dd82cc64cdf40c56116300bdc4dcef88f80ab93ebefd1725799d6
data/flower_photos/tulips/6539831765_c21b68910e_n.jpg,tulips,c4c3f44c54748fc8d78ef0f7b0c000867ee36d825f84be006dde0e158e74a955
data/flower_photos/tulips/6770436217_281da51e49_n.jpg,tulips,8adad6d346da22ec084e87246ccfa2801146d50baf193e579b5193dd0822c9e9
data/flower_photos/tulips/6799076717_575944af91_m.jpg,tulips,bdc974092b7efcf20b9be0c8f3e0d7d970103211e7947d834293f6da0e18a768
data/flower_photos/tulips/6808860548_53796b90ca_n.jpg,tulips,1f94e87507d70f1bcb4d4df844d68ddc5be15e6e7218fd11ae89f57e02b83578
data/flower_photos/tulips/6876631336_54bf150990.jpg,tulips,22884f35f1cbf891ee34973215625fc1296034e7e345107d6e38163219c46334
data/flower_photos/tulips/6903831250_a2757fff82_m.jpg,tulips,c2fe7b01a0889d2ef38cb1372419c0a46017bae1134d8179718e82bc9bd89a03
data/flower_photos/tulips/6905876618_12732b74de_b.jpg,tulips,c3032a9158f60cd627e5a212f8508505aac50fb727d1df2525b9f26d6abf50f3
data/flower_photos/tulips/6931489544_2f35025f7b_m.jpg,tulips,91d31022963a81b53a5759a5f034f20560df16c378509c89b30685fab9fac623
data/flower_photos/tulips/6931674908_8e93bd4554.jpg,tulips,ededc11832cfbf0b01d42fec9e5b97b753386a04eef2111a07c2b08ea0d1ed77
data/flower_photos/tulips/6931708704_fccb06fea8.jpg,tulips,03acb95db4897e1567342477414039a6504fea0c62102f928398fb7a4a0cad8d
data/flower_photos/tulips/6931748252_68f06086b3.jpg,tulips,58c778d7da48354abf2f20c4debd2cfdf34540f5323bd0985de4e251798214ca
data/flower_photos/tulips/6934951920_d43ff8b78d.jpg,tulips,001795f6cec6ce46425d989346868ffaa0017ca9a4ecfb2761894c82ecb685da
data/flower_photos/tulips/6936380780_19c26c918a.jpg,tulips,9ebb18ab244f9c7d5c0ee9be52f8402d01615c5eaaefd8e6720979ede90bd088
data/flower_photos/tulips/6948239566_0ac0a124ee_n.jpg,tulips,b078388df6f8690cd3937e24b0d5b807a42ad83d2625d2e7e0e47bd468d73696
data/flower_photos/tulips/6948277038_89d7ff42e2_m.jpg,tulips,52ddaac9f782ad16f5915ba9ded9d3d30b1634f94c0e8eafd7deddb28fa93fed
data/flower_photos/tulips/6958243974_8851425ddb_n.jpg,tulips,e9ad08a22d67b3c6939a93095b25d3b58e161d49c6bd0c42e4764e872f827c70
data/flower_photos/tulips/6958342976_a4a9483488_n.jpg,tulips,95101d52eb2c4996ba5b08286e32c060b35833c1581a5cbd98a36fe9009fd800
data/flower_photos/tulips/6958343928_7e596da4ed_m.jpg,tulips,41e5c89c519561c74a5a5a95a66ea894258b70154027a1463ca703c292849a38
data/flower_photos/tulips/6982913043_3b873c6a25.jpg,tulips,3c769cba8ba0f6b7f7a5e099d8572c3404dfe57823d43fdb9b70b2218d424279
data/flower_photos/tulips/6994351792_343e18cbf6_n.jpg,tulips,ac3c534425f3a7754684023d64847e13243071a9921a21964abd7377c0d18357
data/flower_photos/tulips/7003964080_4566470798_n.jpg,tulips,9257f9058ad2587c33d7d8aacfd7ff540bdffdf3f5fb50fd60a770ba90670ce1
data/flower_photos/tulips/7046815693_f159e96acd_n.jpg,tulips,7a76b77a4041e8194621c557bff1452d1f3a43e9e287307ffe6b56323d91deb9
data/flower_photos/tulips/7047408023_6e98fd1e3f.jpg,tulips,a1267e623873fb8738f30c2ddcd73627bdf238e81583038a532f15fc68d3389a
data/flower_photos/tulips/7055500907_dcf2bb50e0.jpg,tulips,3e0aace2aadcfe7552429baeeed29b42f454aac5f72f05da6eba412f6f70354d
data/flower_photos/tulips/7064813645_f7f48fb527.jpg,tulips,b9d8a06fdaf45730cb948f4601d63b6f39fbb8b3afae43e9933170db7382baac
data/flower_photos/tulips/7069622551_348d41c327_n.jpg,tulips,c585062f97671fd0143a7bdfb4f4f19ff616eb65c0d628697281ee60de3abcb9
data/flower_photos/tulips/7070694881_e9a331fa4e_n.jpg,tulips,cccfa9658aa175ca14e51f4e67093da6f775d36e47cf43686cb1474d32c6b3db
data/flower_photos/tulips/7082608511_f4cf233f59_n.jpg,tulips,bbf7e72d653e6e434152df1d5e423a7b902b6c5758a5887335fa60cb77b0183c
data/flower_photos/tulips/7094271655_79a6f972c1_n.jpg,tulips,de6319a1aba64870b9a0855d051fcbcf6c1a2750639828661af8ef60d0fce08c
data/flower_photos/tulips/7094415739_6b29e5215c_m.jpg,tulips,e529399d733e9079f82295caf5a7064086ad2349a2f50076c44ccaf228b7626c
data/flower_photos/tulips/7136973281_b2a935ce20.jpg,tulips,d8cc91113f374398ceae01faee91e1b0dcd10f429871b6a75854b8537fe4c024
data/flower_photos/tulips/7144016605_e159b6c06b_m.jpg,tulips,18a866fc8e915eb0b228dd8d43c1fab7989c82d1d4aeb8ff9661a0bb57c0b95c
data/flower_photos/tulips/7145978709_2d1596f462.jpg,tulips,3379822cc4d2d8b8de4c304cbc20fe5775b020c2fc486ae2b67f0f023ee34c16
data/flower_photos/tulips/7166539842_43b7e02883.jpg,tulips,29d344bfc9e3a7518efb6d30eee6de18536cab808827c25cb0c3bf114a521164
data/flower_photos/tulips/7166552648_28b6dce578.jpg,tulips,0268c4d66c6840e8e1210a5e30a9b6249820931da5cacd74641a3cc79c080176
data/flower_photos/tulips/7166554924_432aaae4b2_n.jpg,tulips,7331335bb0b82afacdb90596e8ccc3572f7c82e5a96ab68cbd39c77e0d800122
data/flower_photos/tulips/7166567320_0a2beb6d42.jpg,tulips,d4a87ad4af6a7e5ee286f625428bc5bbb418a437146c113bfee49d5737258cb3
data/flower_photos/tulips/7166570828_7c26ca5766_n.jpg,tulips,27e767cb789af08b8026178576aa5ed97dfde185500e081cbbed9578a615cfdc
data/flower_photos/tulips/7166606598_5d2cd307c3.jpg,tulips,2f54c3cb11c90ef1db9fdcf9f79dec47556f450378378a3fe4dd0ef1a41d98b6
data/flower_photos/tulips/7166618384_850905fc63_n.jpg,tulips,175589f1f5df649386947fac2709203d17ff13b82264dfa57187587e68cbdae7
data/flower_photos/tulips/7166635566_ee240b5408_n.jpg,tulips,7d8365e8f4192f429e1f2c60c1fc8d8b4ab8db6d1e196321a5503c1e781924b2
data/flower_photos/tulips/7166640338_46b15d9ec8_n.jpg,tulips,cb38d05edcc654ba8974eae6a342c04ebc56f3e9149b3e506aa303b8d24b202c
data/flower_photos/tulips/7166644048_b00a14f01b.jpg,tulips,3eb59b1d40b997e424fdd5bcfad4294aaed8bada2e1ff3c4c037efccb2121460
data/flower_photos/tulips/7166646966_41d83cd703.jpg,tulips,c63244d2c4d8121fa812d3deacc869d8b924c2da6a0d53ddeb0e6a4a0951abdf
data/flower_photos/tulips/7179796338_05e8b1c87b.jpg,tulips,9bd1e480c51d79c450488654558c11d26c15fef39dc0efd895c6cdfe379810c6
data/flower_photos/tulips/7205145492_baec4dbb94.jpg,tulips,d76a3e2bf131a29505ca63dc5bd924e7961ad145d083a4e1a678b1f5a3465d25
data/flower_photos/tulips/7205698252_b972087cc2.jpg,tulips,c8c64f65f6e8857a84340315e0df9be52bd3dbbab9832e3aedfdb26ba4919315
data/flower_photos/tulips/7247182064_f8d6759446_n.jpg,tulips,c0cbd8eb201ddcfb3a42d061d3be0311eefc8ba96ed478f9f1eb05294136b241
data/flower_photos/tulips/7266196114_c2a736a15a_m.jpg,tulips,3be78c076832d44d3752b8331ca3a8178ac9d387834bc72336e112051f9fee6f
data/flower_photos/tulips/7342871880_c17fe0eb4f_m.jpg,tulips,495a413dcfc9c1f7712621ad09b214c72397f240be0cd00a95a193e2ca67baa0
data/flower_photos/tulips/738207467_fc59cfcd9b_z.jpg,tulips,d74d396f0667d6178621d0247e81136e78c8fbb6f003db926c77d247e7b7bfca
data/flower_photos/tulips/7447655334_e8f805ab95_m.jpg,tulips,7170cc2a8e07af5f5aef853c6cb50c49e63fac574550d0f0e0e15aa840b80155
data/flower_photos/tulips/7448453762_aea8739f1b.jpg,tulips,75b33fc23f6726e8ea2d34d2bb2e628d54ebfbd370e19b7c4ba451cf5bd99f80
data/flower_photos/tulips/7481204112_e3c57dd40a_n.jpg,tulips,4cb66a355492fa996ed0dcd15f5008e2a53ac07a94c792cee9cb22238ec82f2d
data/flower_photos/tulips/7481215720_73e40f178f_n.jpg,tulips,efd5eb18fda9906f73e2a28e2fbf0ebdf00812c124db421182c141e27349694a
data/flower_photos/tulips/7775145448_c42e638a6a_n.jpg,tulips,d9f8aa6924b40c393bed77dee888e420ff93988b4e5f1da935e0c4106182a816
data/flower_photos/tulips/7806320016_fcddfc1f8f_n.jpg,tulips,3134f9e9d953f0e4605131cb1313bfe31411d09a3366ae558b652c8680abd865
data/flower_photos/tulips/8394186551_28eed83a94_m.jpg,tulips,7aa48e8775ef1ffe101e6cac76ba7c88f5d872157861e2a40aea13f3f9dadf6d
data/flower_photos/tulips/8454719295_4276c0e9c5_n.jpg,tulips,e9339b52d6c0d827b5c7820bada994d3d11806887751e521408a7f5e5d5f524a
data/flower_photos/tulips/8484905084_6a18c62b13_m.jpg,tulips,3a746abcce92367a1e3d1b42fab7b0de4b4de8778433300901ba247091c14035
data/flower_photos/tulips/8520482921_21dd204ebd_n.jpg,tulips,45556c0c2ca31a7850929ea8c7f6d2265db34bc912c7ad5f897dc98a0cd99bcf
data/flower_photos/tulips/8520488975_a50d377f91.jpg,tulips,de594541a61c768a30de1f3d0846bce27341e548ceed1058cd76a690de095b8c
data/flower_photos/tulips/8521597402_4b6169ba05.jpg,tulips,99fcc7a8ba85463ede9c88956286af729933fae3a511e4601daf702eaecf0285
data/flower_photos/tulips/8554190977_37ac747799_m.jpg,tulips,efcce047d6c39e7e38fcc60347c59114870e908e6005ff5254a4ef06ef33e658
data/flower_photos/tulips/8555123165_2fe57eff4f.jpg,tulips,4b9eadd2e93fc62ca27cfcd230083febcb1b236c4866aa98b8bb9f9cc76ea40d
data/flower_photos/tulips/8601596054_33e40c2a7a.jpg,tulips,397df68b8d60be79e831b5fb56a17e987bb77ca4ee6c59d80b1624426183e522
data/flower_photos/tulips/8603340662_0779bd87fd.jpg,tulips,7c21bd6a15a669e1dd08fb33a021af7618081222b0f468cacce5289786b6903f
data/flower_photos/tulips/8605564823_7a59d3d92a.jpg,tulips,23d02ed69eb7ebbc9d441fd19be618cba5953496ccec9fa739124c0efbadf34a
data/flower_photos/tulips/8622237974_b362574785_n.jpg,tulips,d799b7547416575b8e5a2ad9fc58b8d0614fdd448f3d1f20784f6b8434ca124a
data/flower_photos/tulips/8623170936_83f4152431.jpg,tulips,21f2bedf41dee7ea5b4d19e764e59a00428f85f61288094b0f6f36cb110c8fa7
data/flower_photos/tulips/8623173256_3f0eb4c506.jpg,tulips,659a76a18584d8d3546e2b847fd51411fb743f9451ae727cf7b8119684c5bb75
data/flower_photos/tulips/8668973377_c69527db42_m.jpg,tulips,53c1f6ae40ded4f07872deeab40fa365f8f425acd6404f4bbd1485e8bbdde7e0
data/flower_photos/tulips/8668974855_8389ecbdca_m.jpg,tulips,a996a9cff481868ddc275079c1f9f333675a2471d55421c1ed3645d349a34bd3
data/flower_photos/tulips/8669794378_97dda6036f_n.jpg,tulips,7c72f39934288cd09e3ad7289ad5121c3aa979a03b561196025660fad8f3e5ac
data/flower_photos/tulips/8681825637_837a63513a_n.jpg,tulips,8a218aa3635133b239875ca8d8c7844358e6b5528b698d95f9022de8e9fb3a6b
data/flower_photos/tulips/8686332852_c6dcb2e86b.jpg,tulips,0c536d0433622f3a1d969a27083256e5bd668be15c752242e326ad51367b205d
data/flower_photos/tulips/8687675254_c93f50d8b0_m.jpg,tulips,d693121e7b8cbb1a2f24b282beb1a644ffc4289d02c177e380da040e8f549fa3
data/flower_photos/tulips/8688502760_1c8d6de921_m.jpg,tulips,ce0ac3edbd8bc4829106e829dd05a8277c7f1675070b52e568b4b6b526529543
data/flower_photos/tulips/8690789564_394eb04982_n.jpg,tulips,febc0b958d2408ba1eef4bf4d235e266d0806a3678de0f65e034d9ce152b37a4
data/flower_photos/tulips/8695367666_0809529eaf_n.jpg,tulips,9a458422fcfbdac276befc4e83d9c705a57ba8cd005c3586fe2039842ff1617b
data/flower_photos/tulips/8695372372_302135aeb2.jpg,tulips,98c6c7d0e01043f9fefc9ebf1af11dca89182cbf2fe0e4ac7b5593af8affc28c
data/flower_photos/tulips/8697784345_e75913d220.jpg,tulips,371c68afeb09de2e2cd993fead25f183cd437cdb68f5a661e5a74ec04637f8f3
data/flower_photos/tulips/8702982836_75222725d7.jpg,tulips,2da9ce4fd0621201e53f9c0b2f44a7e8968c40534dd6aadf6653649eaa6bdbd7
data/flower_photos/tulips/8706523526_a0f161b72b.jpg,tulips,21cc9e60b6a1797890939b07d660cfc8565475be29fe49deb06e8e20cd0c7166
data/flower_photos/tulips/8708209606_d3aede4801.jpg,tulips,ba94a350318a168c1c4cf15477ada295adac8d4f35a786c74070041052b83e4e
data/flower_photos/tulips/8708856019_f3be2353a4_n.jpg,tulips,c0851262e957c3eba73554a1782c3114b311057c26efb4cb1e808a2a51c59f89
data/flower_photos/tulips/8710148289_6fc196a0f8_n.jpg,tulips,bee3de176196278b1c8b3de39b457e073b8a7988d81ba6365e0fdbb0c795754a
data/flower_photos/tulips/8711277462_b43df5454b_m.jpg,tulips,63680382acd6e5c329f57c2964d3bc90d65e6c80a56fbf9160e900d6872bfaa6
data/flower_photos/tulips/8712230357_1298b8513b.jpg,tulips,f9f359dd67ddcb87afbc696963bd9d81b50bb750cbd580ff0f29dc1eb0586625
data/flower_photos/tulips/8712243901_54d686319e_m.jpg,tulips,9abea293108ab73b92170ea34ef6a92de842d705dca79138f67a75a6747aec4c
data/flower_photos/tulips/8712244311_da8e90bf8e_n.jpg,tulips,2785cce6d25edc3924b7cbf114ae09ba2f9991d3068c421e3cdfc6eae54cd891
data/flower_photos/tulips/8712260079_c0ff42e0e2_n.jpg,tulips,187309b3586c683ef0e249c4699f00beddeaf9331b5a510100e9460e95d32f25
data/flower_photos/tulips/8712263493_3db76c5f82.jpg,tulips,bbbee2faf1e46afe1b15803b5866de9124daa75e37ef88f9c1ae9dcc135d9c85
data/flower_photos/tulips/8712267391_c756f18ee7_n.jpg,tulips,b9ade6b8d7eaa0fca9a93b5f60982336c267122f6b94b4ee90114d1c0edf4ce6
data/flower_photos/tulips/8712267813_f7a9be2ec5.jpg,tulips,3521ef725a4f8de2c2f114f5ff56e0893106fac8d17b7a04f7d340d1908f778f
data/flower_photos/tulips/8712268519_f4c2c39a06_n.jpg,tulips,08226568fb75b3eea6cec0365fca9a78dd9cff0ce9048a686726a27df2c58b3d
data/flower_photos/tulips/8712269349_2b933da2b8_n.jpg,tulips,a2e2ff5cb4169b1597ba21e2b9a9b7a80ca99482ed04a36723957d6cab66dd81
data/flower_photos/tulips/8712270665_57b5bda0a2_n.jpg,tulips,dcb9cdea375176cf0c4f952133f3ce88116c3b7901adad96d40d4a5cebe9c3d1
data/flower_photos/tulips/8712282563_3819afb7bc.jpg,tulips,0e8892c01a8b782f9b655833ce50cfcbe4ee8bbf1db0ccbe1322a7bf8cea58de
data/flower_photos/tulips/8713387500_6a9138b41b_n.jpg,tulips,e7752d8797fcf04379e6dcd7a1b497c513999be93e08883987a6bb63abffa852
data/flower_photos/tulips/8713389178_66bceb71a8_n.jpg,tulips,535e561539d1e15a88b4cfb9e5d35aa4eaa7054792a813a44c62ea758483f0d7
data/flower_photos/tulips/8713390684_041148dd3e_n.jpg,tulips,912d3ec1d2f58161abc5beffe019db028ddb90d2234a68d878b68b10306420b9
data/flower_photos/tulips/8713392604_90631fb809_n.jpg,tulips,b2f7cb923bea0c9fb3223dbf05804a86530f202eb33f28dc249a24cc95096170
data/flower_photos/tulips/8713394070_b24561b0a9.jpg,tulips,6d4203c67934c7a4d2bc673bded8c438b74de12fc34654f92b206a4872fc33a1
data/flower_photos/tulips/8713397358_0505cc0176_n.jpg,tulips,39c6e9e2c9c0b1e55da399e5e7b682c199a8b4e579161ee7525a5b3fe0d9ef39
data/flower_photos/tulips/8713397694_bcbcbba2c2_n.jpg,tulips,ec52ed13bcd9f2d474e923edaafae63420940a8ebd9a4b619cffc88cd5c5e036
data/flower_photos/tulips/8713398906_28e59a225a_n.jpg,tulips,8005dc953ef1e028c669b99308d8be42f9fa5feacbb9e92128391ef5f17b956d
data/flower_photos/tulips/8717900362_2aa508e9e5.jpg,tulips,906e83eb873e48144c09579b04b2ce91fd1707db75821d168cbc66ae313467e4
data/flower_photos/tulips/8722514702_7ecc68691c.jpg,tulips,0045e39aff495e9ef9603135dad40b7a8986d748d2b062fe31425732abeaacdb
data/flower_photos/tulips/8723767533_9145dec4bd_n.jpg,tulips,cdad3606f8d42b1c9f7915aa67faefb11f277964e1a14d2e9dc267dde8c7362c
data/flower_photos/tulips/8729501081_b993185542_m.jpg,tulips,a1b0a2506f675ffaa20075de4b7acceab0ccc170a5246da2a6f6afd089983ae9
data/flower_photos/tulips/8748266132_5298a91dcf_n.jpg,tulips,68712434494863652c9f1b3544ec011fbcb19fee54a30562e3ede08e094f7241
data/flower_photos/tulips/8762189906_8223cef62f.jpg,tulips,6855aa8e43890cb8fc0c43af79475fb42391f4432f822fd9ae4f5823a7121a33
data/flower_photos/tulips/8762193202_0fbf2f6a81.jpg,tulips,5b78d0da713a14ec69893ab31fcc245dbdb5d3e2b2c4736dca099571fa5fb8fc
data/flower_photos/tulips/8768645961_8f1e097170_n.jpg,tulips,726e88dad52023110b99d2ae06554cd7aa33cdac428c6ccf73d21fa642ea5f46
data/flower_photos/tulips/8817622133_a42bb90e38_n.jpg,tulips,33616124226c3baa79c5ec9cdb92e56f66aae5e6cdf70e576bde2492afe269e4
data/flower_photos/tulips/8838347159_746d14e6c1_m.jpg,tulips,1aca16ba9915a1a931bdb34f8a84e95b785673c8dac7a951a17f3cdb48790c12
data/flower_photos/tulips/8838354855_c474fc66a3_m.jpg,tulips,5352982c52f0b94d9cceded29c06f5bdc670740bf0a7c45e9ae4479baa6a08fb
data/flower_photos/tulips/8838975946_f54194894e_m.jpg,tulips,3f902cd04784dc0174552f27e8c441acc8de82270bcc20bbe8db91d9648b5bdb
data/flower_photos/tulips/8838983024_5c1a767878_n.jpg,tulips,1fa281f8445b0987bd26e219687824e67829a5cadb384f8a2d728ce01beda4e6
data/flower_photos/tulips/8904780994_8867d64155_n.jpg,tulips,fe9f64bc821915da0ed00781b2bf3a6c92c3c10c2709c98d40faec5c83e72d9b
data/flower_photos/tulips/8908097235_c3e746d36e_n.jpg,tulips,c36852c9ebf68db785475bbfb57db49d78269e995564b91dfab3cef9260c65ea
data/flower_photos/tulips/9019694597_2d3bbedb17.jpg,tulips,c7abc7d4e3b6f466903b5fe62be51d79f997453797c85b0d936c5acd595ca421
data/flower_photos/tulips/9048307967_40a164a459_m.jpg,tulips,697f3722dc1e4b11c99bd15a44f55602b5738a34446c9aac75a3f8587487523b
data/flower_photos/tulips/924782410_94ed7913ca_m.jpg,tulips,b89640fc88a809da9118c6ac16dba0da496aefa819b802f3c961626cdea91bb1
data/flower_photos/tulips/9444202147_405290415b_n.jpg,tulips,045d127c7f98d6eef14bfbb47a872e1cad00085fcf883ff2f634d47b57274fd0
data/flower_photos/tulips/9446982168_06c4d71da3_n.jpg,tulips,87a2b48a1312739635503bbf4d10ab92c0368df3ecb332f27a4d7512880c5d8f
data/flower_photos/tulips/9831362123_5aac525a99_n.jpg,tulips,6ef2de2a1c9beb2a2258f5aefa9ccae05b34ed374d876a4ecbf9258d143c702c
data/flower_photos/tulips/9947385346_3a8cacea02_n.jpg,tulips,6d9f3f977366de899a4f455f1aada4fbad4897c4b3b332e9df27dbb35e51d491
data/flower_photos/tulips/9976515506_d496c5e72c.jpg,tulips,97d213378d46b1ce8b686fb18b5348c5414efa81be2548b588240732eb15f61a
